# num_vectors 198
# vector_size 101
-13.8208 -21.6832 -19.046 1.731 -20.579 -21.5426 15.1901 -12.4043 -19.5671 24.3572 -1.77191 -12.1398 28.2481 6.48028 0.79615 26.1694 7.00213 16.382 18.4473 -2.18666 26.4105 8.44652 -14.3337 25.5176 -0.991572 -22.9941 16.171 -9.60914 -25.2327 3.01491 -18.0503 -19.8596 -9.27305 -26.0388 -7.57825 -15.0448 -30.3475 6.3497 -9.46314 -27.25 14.4272 3.67165 -18.0084 14.9386 16.5246 -4.92359 10.7584 24.5022 10.1169 5.78894 25.3462 23.9187 4.17571 17.9137 30.6114 9.32832 4.80036 25.1897 17.5226 -7.44489 11.7404 22.9695 -13.7377 -4.11219 22.777 -14.6485 -18.3314 15.9274 -12.9449 -27.0761 2.77943 -11.8985 -25.8709 -12.6923 -14.4712 0 0 0 0 0 0 0 0 0 0 0 0 0 0 0 0 0 0 0 0 0 0 0 0 0 0
-13.6755 -21.9185 -18.6258 1.87821 -20.6314 -21.03 15.1125 -11.9655 -19.5556 24.3822 -1.43991 -12.1021 28.0548 7.09322 0.720298 26.5066 7.38365 16.3847 17.5339 -0.886927 26.2915 9.41029 -14.5715 25.2895 -0.52669 -23.1297 16.3519 -10.0349 -25.1359 3.73969 -17.4182 -19.4465 -9.13668 -25.6267 -7.31224 -14.9168 -30.8943 6.21152 -9.06682 -28.3072 14.2737 4.19776 -17.8505 16.2105 16.1202 -4.93255 11.4099 24.0466 9.45865 4.46937 24.8565 24.2065 4.83235 18.7518 31.2087 10.4703 5.98719 25.4285 16.8833 -7.29131 12.0121 23.2895 -12.8244 -3.76885 22.2887 -14.8102 -17.8993 15.596 -11.7346 -26.8709 2.54476 -11.3698 -25.7644 -12.8859 -14.2355 0 0 0 0 0 0 0 0 0 0 0 0 0 0 0 0 0 0 0 0 0 0 0 0 0 0
-12.8234 -21.6047 -19.5836 2.47411 -18.6953 -22.7767 15.2779 -9.60907 -19.9086 23.8094 0.551102 -11.0209 25.6642 9.15796 2.27306 25.1444 7.60358 18.0733 17.2913 -2.2773 27.6497 9.52981 -16.0946 25.5252 0.507008 -24.5614 15.4836 -8.75202 -25.9721 2.58881 -15.3179 -19.8437 -10.5624 -22.4123 -7.13081 -16.7097 -29.7918 5.28942 -10.2102 -28.5784 13.0448 3.50876 -19.1982 14.9479 16.3809 -6.23669 10.869 24.6734 8.3045 4.29721 25.9774 23.1076 4.69398 20.0084 30.4798 11.6448 8.02651 24.9501 16.2233 -6.24702 11.9802 22.8733 -12.5802 -3.86818 22.7163 -14.456 -18.121 15.778 -12.4775 -26.628 2.41239 -11.9313 -25.3212 -12.8135 -15.8225 0 0 0 0 0 0 0 0 0 0 0 0 0 0 0 0 0 0 0 0 0 0 0 0 0 0
-12.687 -21.602 -19.6721 2.50475 -18.3424 -23.0527 15.283 -9.29737 -19.9402 23.6879 0.817538 -10.8793 25.3634 9.34005 2.49431 24.9177 7.61904 18.2806 17.2189 -2.45516 27.7841 9.55254 -16.3064 25.5326 0.57393 -24.7361 15.4201 -8.46299 -26.14 2.36507 -15.0372 -19.9153 -10.737 -21.9657 -7.08794 -16.8392 -29.6357 5.14507 -10.3118 -28.5451 12.9513 3.38925 -19.345 14.8029 16.4002 -6.4475 10.7584 24.8097 8.14917 4.33022 26.2189 22.9028 4.63002 20.1208 30.2993 11.8352 8.30145 24.921 16.2441 -6.08511 12.0004 22.7783 -12.6409 -3.86557 22.7689 -14.3804 -18.125 15.7845 -12.6107 -26.5773 2.38364 -12.0753 -25.2288 -12.8226 -16.0295 0 0 0 0 0 0 0 0 0 0 0 0 0 0 0 0 0 0 0 0 0 0 0 0 0 0
-12.8852 -21.611 -19.4267 2.4115 -18.6323 -22.6065 15.15 -9.45486 -19.7153 23.2917 1.3069 -11.1324 25.3355 9.51694 2.39416 25.1718 7.45849 18.1516 17.3544 -2.58171 27.5951 9.63845 -16.3956 25.2826 0.992126 -24.9202 14.9542 -8.34904 -26.249 2.10168 -15.1925 -19.9608 -10.8351 -21.7375 -6.90559 -16.8939 -29.7281 5.13577 -10.3842 -28.4195 13.3971 3.04022 -19.7854 14.5457 16.5515 -6.39513 11.1856 24.5344 8.07649 4.42313 25.714 23.0494 5.25815 20.1726 30.4154 12.0429 8.07785 24.8369 16.4771 -6.22614 11.885 23.1614 -12.5707 -3.90981 22.6253 -14.9558 -18.1461 15.7618 -12.5226 -26.7581 2.45862 -12.0633 -25.3928 -12.8471 -15.6289 0 0 0 0 0 0 0 0 0 0 0 0 0 0 0 0 0 0 0 0 0 0 0 0 0 0
-12.5016 -21.1439 -20.6897 3.50724 -19.3328 -21.5375 16.0382 -10.0801 -17.9707 22.7075 2.44668 -10.2042 24.7565 10.5711 3.37363 26.0589 8.09322 19.0915 20.4268 -3.34372 28.8591 9.98778 -15.5207 25.8544 3.40772 -23.6425 13.4638 -8.69942 -23.6541 2.48538 -13.6782 -17.6002 -11.5517 -23.2316 -5.93709 -17.3602 -31.1399 5.78466 -10.1583 -28.5451 14.5851 2.80902 -18.2828 16.6171 15.2047 -6.026 9.47831 23.4983 8.33486 2.27054 23.4839 23.7826 5.07545 19.5225 31.1662 10.9624 6.93485 25.0119 16.7103 -6.73733 11.599 23.5205 -12.008 -4.09058 22.0333 -14.8765 -18.2097 15.2201 -11.6158 -27.2086 2.12827 -12.2912 -24.7932 -13.739 -13.0446 0 0 0 0 0 0 0 0 0 0 0 0 0 0 0 0 0 0 0 0 0 0 0 0 0 0
-11.6723 -20.7486 -21.8547 4.09898 -17.2853 -23.6595 16.1659 -8.05417 -18.4069 21.9593 4.06229 -9.2263 22.3954 11.5263 4.99007 24.392 8.05335 20.4936 19.4123 -4.14569 29.7449 10.2238 -17.2137 26.0063 4.23975 -25.0581 13.1173 -7.00575 -24.5325 1.18811 -11.047 -17.5076 -12.7628 -20.475 -5.65765 -18.4022 -30.1633 4.60675 -10.7827 -28.2134 14.2853 1.71764 -19.9925 15.4189 15.9507 -7.47782 8.70886 24.2323 7.17033 2.07349 24.2122 22.6459 5.77392 20.9933 30.3252 11.6488 8.57351 24.5567 15.9677 -5.87305 11.6474 23.0801 -12.0351 -4.15398 22.3807 -14.7006 -18.3209 15.3291 -12.1448 -26.9428 1.98484 -12.9501 -24.07 -13.8017 -13.9366 0 0 0 0 0 0 0 0 0 0 0 0 0 0 0 0 0 0 0 0 0 0 0 0 0 0
-11.1855 -21.5381 -21.1 4.12505 -16.6583 -24.212 16.432 -8.24594 -18.0718 22.1673 4.25787 -9.36574 23.3139 11.717 4.83137 25.046 8.10267 20.3373 16.2994 -1.98137 30.3498 8.85515 -16.0422 25.7948 4.59675 -24.3487 12.3859 -5.96532 -24.9207 -0.235906 -10.737 -17.0052 -13.5267 -21.0649 -5.31812 -18.0041 -31.3106 3.65292 -9.35124 -29.4137 13.3566 3.13797 -20.8415 14.7686 17.1459 -7.27115 9.1136 24.6871 7.2264 2.14898 23.6041 22.8094 6.06496 21.1493 30.6561 14.3007 9.94972 26.0446 15.7395 -5.8199 13.4863 21.3408 -14.4614 -2.81549 21.7527 -14.4518 -16.7743 14.6674 -10.8358 -25.888 1.69203 -12.4895 -23.5946 -14.1955 -13.5469 0 0 0 0 0 0 0 0 0 0 0 0 0 0 0 0 0 0 0 0 0 0 0 0 0 0
-10.8015 -22.4401 -19.5826 4.26807 -17.4519 -23.7107 16.0344 -6.85838 -19.4753 20.8672 5.97252 -10.6444 22.3886 12.7931 3.85788 23.6871 8.44696 19.2416 14.4439 -1.83411 28.622 11.138 -18.2019 24.4252 5.38765 -26.0026 11.1768 -5.23846 -24.8863 -1.46797 -9.50786 -15.6179 -14.1334 -20.8455 -4.61483 -18.067 -31.5419 3.37884 -8.93438 -30.0319 13.0277 3.65621 -21.5621 14.6036 17.7103 -6.11995 11.7269 23.9666 7.14802 2.33144 22.0563 23.2495 3.63632 18.7276 31.358 13.7764 9.11188 27.8295 16.7954 -6.83025 13.988 19.351 -15.581 -2.27801 21.1082 -12.476 -16.1709 13.8154 -9.01204 -25.4036 1.0198 -11.4206 -23.3273 -14.9036 -12.4097 0 0 0 0 0 0 0 0 0 0 0 0 0 0 0 0 0 0 0 0 0 0 0 0 0 0
-9.64226 -22.0159 -20.3656 4.51946 -14.8722 -25.203 15.8985 -4.20479 -20.0762 20.4228 7.71787 -9.75692 20.2923 13.5625 5.37773 21.8972 8.12494 20.4273 13.0415 -3.08538 29.171 11.2346 -19.631 24.4867 5.8844 -27.5302 11.1226 -3.3715 -25.9148 -2.62954 -6.89504 -15.6564 -14.8219 -17.981 -4.32113 -18.5518 -29.8923 2.20539 -9.55802 -29.8649 12.1105 3.01396 -22.3414 14.4954 17.5477 -7.84321 10.2741 25.5155 5.94362 1.69296 23.204 21.9982 4.03914 20.0566 29.5672 14.7517 10.5896 27.1862 16.2071 -5.90257 14.1318 19.9883 -15.5404 -2.42301 21.2348 -13.6596 -16.0339 13.6503 -9.67877 -25.1805 0.759262 -11.9101 -22.8404 -15.0776 -13.7381 0 0 0 0 0 0 0 0 0 0 0 0 0 0 0 0 0 0 0 0 0 0 0 0 0 0
-8.64592 -21.5864 -20.93 4.70226 -12.9613 -25.9615 15.5934 -1.91063 -20.5494 20.0917 8.94344 -8.98404 18.7409 13.9079 6.48 20.572 7.81706 21.2694 12.0591 -4.02995 29.5441 11.2141 -20.5672 24.4595 6.19234 -28.4547 10.9569 -2.0056 -26.5502 -3.47331 -5.12447 -15.7525 -15.3289 -15.9391 -4.07222 -18.8165 -28.6318 1.4771 -10.1484 -29.7545 11.2497 2.53051 -22.7039 14.1893 17.2179 -9.00418 9.26016 26.2638 5.22041 1.2625 24.397 21.1436 4.26231 21.0665 28.1865 15.4848 11.756 26.6671 16.2202 -4.92414 14.2405 20.0757 -15.3833 -2.46181 21.0674 -14.6317 -16.0799 13.5824 -10.4859 -25.0575 0.474111 -12.1546 -22.4066 -15.2197 -14.8245 0 0 0 0 0 0 0 0 0 0 0 0 0 0 0 0 0 0 0 0 0 0 0 0 0 0
-8.63129 -21.5802 -20.9361 4.7049 -12.9367 -25.9678 15.5849 -1.87593 -20.5537 20.0869 8.95899 -8.97185 18.7235 13.9114 6.49494 20.5552 7.81273 21.281 12.0456 -4.04183 29.5482 11.2129 -20.5781 24.4583 6.19705 -28.4651 10.9532 -1.98712 -26.5579 -3.48446 -5.10191 -15.7553 -15.3366 -15.9122 -4.06982 -18.8205 -28.6139 1.46886 -10.1587 -29.7507 11.2376 2.52191 -22.7099 14.1796 17.2136 -9.01997 9.24658 26.2721 5.21063 1.25726 24.4154 21.1312 4.26465 21.0792 28.1658 15.495 11.7718 26.6601 16.2234 -4.90992 14.242 20.0741 -15.3809 -2.46105 21.0641 -14.644 -16.0813 13.5825 -10.4991 -25.0547 0.469811 -12.1563 -22.4001 -15.2208 -14.8413 0 0 0 0 0 0 0 0 0 0 0 0 0 0 0 0 0 0 0 0 0 0 0 0 0 0
-7.40624 -21.4929 -22.1207 5.19113 -11.714 -27.1603 16.04 -0.851214 -21.2793 19.5902 10.8559 -10.1434 19.542 14.9687 5.70817 23.003 8.17506 20.0058 14.3048 -2.82685 29.3015 12.3977 -19.5849 25.1076 5.83378 -27.9584 12.4617 -1.23732 -25.816 -2.57586 -3.94299 -14.6233 -14.18 -15.316 -3.61727 -18.1968 -28.8282 1.08252 -10.1872 -31.1205 9.29516 3.5886 -23.1926 12.6551 17.7715 -9.263 7.55414 26.3763 4.72689 -0.763374 24.0869 20.6818 1.91376 20.6168 27.8936 13.2938 11.6239 27.017 14.0638 -5.11272 15.6483 20.1527 -16.005 -1.21726 19.7498 -17.0795 -14.4134 12.6687 -10.8181 -23.7102 -0.466398 -10.5467 -21.7485 -15.6703 -16.7612 0 0 0 0 0 0 0 0 0 0 0 0 0 0 0 0 0 0 0 0 0 0 0 0 0 0
-5.92259 -24.5221 -19.211 4.38428 -12.2038 -25.0487 14.6987 -0.625475 -19.5035 17.5538 11.8292 -8.93191 19.3206 15.8661 6.94483 22.4159 8.33587 20.981 13.548 -3.25815 29.4171 13.0348 -20.1026 24.935 4.71876 -28.8519 13.4474 -1.59589 -27.3286 -2.03412 -4.75256 -16.3153 -13.7061 -16.5623 -5.78212 -17.7818 -29.5172 -0.565406 -9.13517 -30.8614 10.24 3.25271 -24.3722 11.3934 18.7625 -9.63458 7.10075 26.5386 4.87658 -0.0851626 23.3234 20.8556 4.04408 21.0847 27.6087 15.1803 11.4154 27.1699 14.5916 -5.40673 15.3792 18.4305 -17.1165 -1.59818 18.908 -16.7649 -14.532 11.3025 -10.5436 -22.3815 -2.83188 -9.06125 -21.3313 -16.666 -18.9146 0 0 0 0 0 0 0 0 0 0 0 0 0 0 0 0 0 0 0 0 0 0 0 0 0 0
-4.38804 -24.3534 -19.6195 5.47326 -11.5103 -25.1364 14.7222 0.85531 -19.2529 16.7204 12.758 -7.79967 15.9388 16.1829 8.51631 20.1185 8.57262 22.2703 12.4234 -3.86027 30.7864 13.113 -20.6738 26.0501 5.17885 -29.8929 14.6439 -3.86551 -27.8106 0.33079 -6.14047 -16.854 -11.6331 -18.3558 -7.48285 -17.5368 -30.6876 -0.128123 -9.2467 -30.5235 10.5587 3.40823 -25.0526 9.64423 19.4979 -10.2077 5.77155 27.3023 4.99846 0.112157 23.8122 20.7526 5.76031 22.7697 27.2673 16.6418 12.6405 27.5946 14.8891 -4.16085 15.798 16.4603 -16.6081 -1.13752 18.2262 -15.9823 -14.5971 10.7232 -10.7289 -21.3337 -3.86593 -7.68877 -20.5501 -18.0602 -17.0649 0 0 0 0 0 0 0 0 0 0 0 0 0 0 0 0 0 0 0 0 0 0 0 0 0 0
-3.27132 -23.6625 -20.3019 5.58263 -9.97923 -25.6634 14.0574 2.89218 -19.6262 16.0472 13.8086 -7.14645 14.4202 16.0518 9.37706 19.0796 7.99504 22.7383 11.6392 -4.65792 31.1632 12.7292 -21.431 26.3418 5.84894 -30.5254 14.1017 -2.52949 -28.2428 -0.603044 -4.57114 -16.9332 -12.2881 -16.5599 -7.07606 -17.8892 -29.5176 -0.846081 -9.53224 -30.2536 10.0669 2.94343 -25.3777 9.63923 19.263 -11.2041 4.64209 27.7864 4.42601 -0.148826 24.735 19.8344 6.48036 23.7834 25.8352 17.417 13.383 26.9434 14.8915 -3.32255 16.0147 17.104 -16.5113 -1.07335 17.8029 -17.0027 -14.2285 10.4792 -10.7132 -21.4524 -4.07428 -8.58176 -19.7901 -18.1677 -18.0372 0 0 0 0 0 0 0 0 0 0 0 0 0 0 0 0 0 0 0 0 0 0 0 0 0 0
-2.03916 -23.2481 -20.977 6.72458 -9.28103 -25.7632 14.9316 3.51168 -19.1823 15.7244 14.9022 -6.92648 13.7997 17.3241 9.54348 18.49 9.57613 23.0801 11.3565 -3.27604 31.4769 12.4037 -19.9527 26.3103 4.21299 -29.1485 14.8821 -1.00944 -26.9472 -1.63352 -3.98476 -14.0292 -11.5987 -18.4636 -8.47044 -19.4346 -30.4297 0.160283 -11.3299 -29.3028 10.2412 1.98341 -25.4389 7.35562 18.541 -10.4084 4.44927 26.8652 5.09788 -0.51442 23.4508 20.5661 5.93328 22.2031 25.9556 18.2256 12.8755 28.2903 16.94 -3.93607 16.8779 16.0567 -17.2434 -0.21162 17.089 -17.2106 -13.3178 9.86636 -10.701 -22.4381 -4.21457 -11.7702 -18.9846 -17.8464 -21.5986 0 0 0 0 0 0 0 0 0 0 0 0 0 0 0 0 0 0 0 0 0 0 0 0 0 0
-0.300225 -22.2575 -21.8901 6.90015 -7.22793 -26.4384 13.8014 6.29148 -19.6418 14.5394 16.2652 -6.06561 11.7361 16.9699 10.5542 16.8277 8.53408 23.5581 9.80678 -4.57445 31.6581 11.9465 -21.2513 26.7135 5.77065 -30.5998 13.9641 0.766539 -27.4691 -2.49664 -1.77765 -13.9949 -11.8695 -15.9096 -8.01955 -20.0509 -28.7298 -0.74766 -11.7602 -28.4784 9.77729 1.29109 -25.9912 7.39788 18.2582 -11.9039 2.48853 27.5861 4.22006 -0.840993 24.6013 19.0744 7.19997 23.9769 23.8346 19.2461 13.9613 27.3858 16.7769 -2.59082 16.9569 16.9928 -16.8146 -0.180141 17.2719 -17.871 -13.363 9.78876 -11.8049 -22.1004 -4.52274 -13.1029 -17.7181 -18.3217 -22.3731 0 0 0 0 0 0 0 0 0 0 0 0 0 0 0 0 0 0 0 0 0 0 0 0 0 0
1.08938 -22.8153 -20.1961 5.67242 -6.83815 -25.7566 10.2912 8.30553 -19.8732 12.944 16.564 -5.14107 8.45894 16.466 11.2291 14.2851 9.06421 24.6162 9.63994 -5.88961 31.7891 13.1291 -21.6835 24.4505 4.84935 -30.6954 12.4734 0.00441296 -27.6918 -4.05994 -2.5387 -14.2876 -13.5338 -16.9657 -7.76402 -20.805 -29.1651 -0.392419 -11.6418 -27.9496 9.99842 1.49907 -25.8015 7.23049 18.4614 -11.6205 3.09672 28.0561 4.23943 -1.46645 25.021 19.6038 5.57368 23.6413 23.9013 18.8269 14.8576 27.376 18.2198 -1.98873 16.282 16.5792 -15.753 -0.901191 16.9278 -16.0437 -13.7649 8.0081 -11.056 -22.9857 -5.69448 -15.8137 -16.3617 -19.4459 -24.095 0 0 0 0 0 0 0 0 0 0 0 0 0 0 0 0 0 0 0 0 0 0 0 0 0 0
1.39834 -23.2296 -18.7373 5.12527 -7.20959 -24.8801 11.3831 7.67209 -19.6091 13.1049 16.7875 -5.18962 8.47765 16.9266 11.143 13.9479 9.40808 24.6204 9.26406 -5.71577 31.4139 13.8272 -21.3777 24.3019 6.05282 -31.2141 12.5958 -0.472138 -28.335 -3.46779 -3.03921 -15.0208 -13.0626 -17.536 -8.39601 -20.1046 -29.341 -0.554886 -10.7941 -27.5628 10.22 1.991 -25.7375 7.91033 19.069 -11.8421 3.51583 28.9734 3.97634 -1.42187 26.2844 19.4021 5.37613 24.3533 23.4736 18.9163 15.8919 27.2863 18.7181 -0.899407 16.4985 17.0456 -14.9067 -0.676883 17.4503 -15.5884 -13.6823 8.48303 -11.0513 -22.4943 -5.43899 -15.9693 -15.464 -18.8867 -24.43 0 0 0 0 0 0 0 0 0 0 0 0 0 0 0 0 0 0 0 0 0 0 0 0 0 0
1.41787 -23.2168 -18.7477 5.13533 -7.19312 -24.8868 11.367 7.69675 -19.6079 13.0888 16.7997 -5.18057 8.46241 16.9242 11.1524 13.9358 9.39642 24.6234 9.24671 -5.72766 31.4128 13.8219 -21.3894 24.3082 6.06775 -31.2251 12.5881 -0.453301 -28.339 -3.47587 -3.01574 -15.0209 -13.0665 -17.5095 -8.39158 -20.1104 -29.3224 -0.563596 -10.7987 -27.5548 10.215 1.98483 -25.7411 7.91013 19.0647 -11.8575 3.49736 28.9775 3.96726 -1.42533 26.2982 19.387 5.38766 24.3711 23.449 18.9253 15.9012 27.2752 18.7171 -0.887021 16.497 17.0514 -14.9024 -0.678065 17.4534 -15.5953 -13.685 8.48485 -11.0651 -22.4877 -5.44315 -15.9828 -15.4479 -18.8877 -24.4406 0 0 0 0 0 0 0 0 0 0 0 0 0 0 0 0 0 0 0 0 0 0 0 0 0 0
2.62164 -22.1646 -19.8246 5.81606 -5.81734 -25.4358 12.1406 8.91164 -19.8127 11.6628 18.7639 -5.5956 7.36675 17.9148 10.8384 13.2677 9.773 23.7925 7.78593 -4.99783 30.8213 12.1274 -21.0181 24.3564 4.50067 -30.9545 12.6366 -1.16241 -28.378 -3.83129 -2.3221 -15.347 -14.1953 -16.3254 -6.76877 -20.4141 -28.6449 -1.25264 -9.80162 -27.5815 11.2064 1.66238 -25.3267 11.1013 18.9922 -12.4778 2.57959 28.5252 3.13851 -2.79506 25.4452 18.8168 3.53354 23.8748 23.1687 18.2301 17.3962 25.8926 20.581 0.325034 14.521 17.9898 -13.1241 -2.71106 17.3946 -12.982 -14.9513 7.15999 -8.75687 -22.9275 -7.00041 -14.4957 -15.1532 -19.3952 -24.0107 0 0 0 0 0 0 0 0 0 0 0 0 0 0 0 0 0 0 0 0 0 0 0 0 0 0
2.33446 -21.0663 -20.3073 5.7545 -4.57928 -25.3829 12.187 9.90738 -19.2466 10.7134 19.9099 -5.16713 8.50164 18.2449 11.7696 15.635 8.9496 23.4373 9.37524 -5.23367 31.0941 12.1996 -21.7415 24.8186 3.83262 -30.9314 12.9475 0.553099 -28.352 -4.33956 -2.82004 -14.5366 -13.4697 -18.3323 -8.65699 -20.0132 -29.8681 -1.75442 -9.21152 -27.4283 11.0309 1.77019 -25.1433 11.349 19.0987 -12.9878 2.08627 28.9038 2.99552 -2.70133 26.6601 18.3048 4.39975 24.5183 21.8089 18.7163 16.6083 25.3785 19.3258 -0.567756 13.5633 18.7391 -14.028 -3.65162 17.7755 -13.3498 -15.5392 7.12218 -9.11739 -23.763 -6.67242 -15.4149 -15.7702 -19.6521 -23.9895 0 0 0 0 0 0 0 0 0 0 0 0 0 0 0 0 0 0 0 0 0 0 0 0 0 0
2.39998 -21.0226 -20.3221 5.77884 -4.52721 -25.3984 12.1476 9.98421 -19.2537 10.6742 19.9412 -5.14189 8.44202 18.2221 11.7868 15.5853 8.915 23.4391 9.32942 -5.27265 31.091 12.1883 -21.78 24.8298 3.87593 -30.9757 12.9247 0.607156 -28.3664 -4.35993 -2.74786 -14.5335 -13.4704 -18.2473 -8.64085 -20.0325 -29.81 -1.77269 -9.2376 -27.4119 11.013 1.75294 -25.1559 11.3288 19.0853 -13.0258 2.05436 28.9109 2.97244 -2.70567 26.7151 18.2678 4.42186 24.5614 21.7427 18.7374 16.6365 25.3459 19.3317 -0.533031 13.5566 18.741 -14.0158 -3.65995 17.7834 -13.3704 -15.5592 7.13529 -9.15749 -23.7355 -6.69348 -15.4421 -15.7021 -19.6401 -24.029 0 0 0 0 0 0 0 0 0 0 0 0 0 0 0 0 0 0 0 0 0 0 0 0 0 0
2.90655 -19.5791 -21.2183 5.197 -2.58771 -25.4073 10.6683 11.9952 -18.5012 9.65241 20.3813 -3.23319 6.39397 16.8312 13.3743 14.2997 7.83317 24.806 9.29799 -7.17275 31.9661 12.7491 -23.1406 24.553 5.63542 -31.2655 10.9839 3.47034 -26.7506 -6.22183 -1.93913 -12.2587 -13.575 -18.0219 -8.77239 -20.9203 -29.9209 -0.845455 -11.1593 -27.0291 10.9728 0.848864 -26.1812 9.93121 18.3892 -14.0024 0.85935 28.3459 2.2394 -3.24936 26.5124 17.2644 4.4999 24.4968 20.1189 19.4444 17.436 24.0499 21.1856 0.374914 12.7254 18.6275 -13.4281 -4.4792 17.1482 -13.2394 -16.1645 6.20913 -9.15779 -24.3398 -7.46485 -15.7843 -15.9321 -21.4041 -22.5244 0 0 0 0 0 0 0 0 0 0 0 0 0 0 0 0 0 0 0 0 0 0 0 0 0 0
4.65545 -18.2758 -21.5492 5.99448 -1.17101 -25.7983 9.42509 14.0084 -18.5351 8.65362 21.099 -2.53927 5.01468 16.2496 13.7158 13.025 6.92481 24.818 7.95841 -8.14726 31.794 12.3836 -24.0964 24.794 6.81049 -32.3413 10.4891 4.8503 -27.1695 -6.57005 -0.145734 -12.2806 -13.4449 -15.8362 -8.37766 -21.4516 -28.3753 -1.31893 -11.7659 -26.4012 10.536 0.427326 -26.4348 9.46309 18.0085 -15.0116 0.0215417 28.5525 1.60368 -3.26943 28.1953 16.1985 5.18478 25.683 18.1801 20.0114 18.0199 23.2121 21.1908 1.15512 12.6161 18.7709 -13.2713 -4.58613 17.1486 -13.9895 -16.4081 6.3245 -9.99068 -23.513 -8.26907 -16.0402 -14.0122 -20.7755 -24.3799 0 0 0 0 0 0 0 0 0 0 0 0 0 0 0 0 0 0 0 0 0 0 0 0 0 0
4.61173 -16.8113 -22.7514 6.20565 0.415415 -26.4294 11.0712 15.1456 -18.9051 11.2115 21.9576 -2.74177 5.98006 17.4217 13.2503 12.2763 7.21748 24.8506 6.01113 -8.2739 30.0502 12.9536 -23.8301 23.7464 9.44483 -33.121 9.24008 4.7262 -27.5663 -7.38598 0.241676 -11.9898 -13.1436 -14.8648 -7.27756 -21.9001 -27.9355 -0.729955 -12.53 -26.6836 10.7988 0.0972229 -26.9892 9.13366 17.6417 -15.5358 -0.411689 28.0601 1.05042 -3.83109 27.5353 15.6534 4.40735 24.3443 17.2889 20.016 18.1048 22.3093 22.9324 1.35805 12.6573 17.8537 -13.3156 -4.59948 17.226 -14.9748 -17.2969 7.25303 -11.2605 -23.8145 -8.03335 -16.3285 -14.0396 -20.1371 -24.9599 0 0 0 0 0 0 0 0 0 0 0 0 0 0 0 0 0 0 0 0 0 0 0 0 0 0
5.5083 -16.5069 -21.4131 5.00039 0.780076 -25.72 9.07551 16.2149 -19.0639 10.7069 23.2161 -2.99334 6.83488 18.9227 13.5122 13.368 7.8009 24.1768 6.20565 -7.26662 29.5582 12.5255 -23.3042 23.7564 9.47478 -32.3127 8.95849 6.32998 -26.3893 -7.99106 0.536083 -11.0723 -13.4308 -15.0907 -7.39701 -21.8477 -27.9471 -0.603772 -12.3503 -26.2826 10.3924 0.722229 -27.3069 8.13668 18.1981 -15.0003 -0.0188335 28.9519 1.66853 -2.9557 27.893 15.9452 5.75541 24.4291 16.9571 21.5083 18.387 22.0772 24.8406 1.74254 12.7861 19.6228 -13.1204 -4.42609 17.8414 -14.8067 -16.5593 7.45558 -10.272 -23.0003 -7.96593 -15.0309 -13.109 -20.279 -23.2369 0 0 0 0 0 0 0 0 0 0 0 0 0 0 0 0 0 0 0 0 0 0 0 0 0 0
4.76646 -16.7648 -21.8378 5.75176 0.416627 -26.7442 7.6963 16.0006 -19.1296 10.2865 21.707 -2.59223 5.02077 17.2326 13.5393 11.6134 7.03287 25.1291 5.34685 -8.52703 30.3241 12.4191 -24.1084 24.0808 11.4075 -31.8811 8.11019 10.3288 -24.5365 -8.72601 1.63375 -10.0345 -13.3706 -14.3198 -9.00499 -22.3362 -28.1498 -2.96716 -13.6165 -28.0161 9.23169 -1.36071 -29.063 8.19599 16.2713 -15.9526 2.35417 27.86 0.380817 -2.03573 25.5512 15.3687 5.89576 23.0579 17.6628 22.0718 18.3337 22.0009 26.3185 1.63177 12.8156 20.5567 -13.1064 -4.32693 17.9304 -14.6111 -16.0171 7.38997 -9.24516 -23.2905 -7.60157 -14.2708 -13.9952 -20.4073 -22.456 0 0 0 0 0 0 0 0 0 0 0 0 0 0 0 0 0 0 0 0 0 0 0 0 0 0
6.33682 -15.626 -22.2183 6.59353 1.71702 -26.7053 7.32972 17.2426 -18.6627 8.63801 22.7444 -1.85397 3.58936 16.9313 13.9771 10.5784 6.12709 24.8094 4.2032 -9.46347 29.7815 11.8592 -25.014 24.1226 12.3769 -32.6865 8.00629 11.4821 -25.2372 -8.79606 3.38277 -10.3396 -13.3204 -12.2712 -8.57236 -22.7343 -26.437 -3.43699 -13.9222 -27.0405 8.89247 -1.78835 -28.8872 8.02728 15.8062 -16.9795 0.487731 27.8996 -0.101903 -2.52509 26.8219 14.2592 6.63951 24.4837 15.2584 22.7101 18.7699 21.1969 26.1441 2.27699 12.5455 20.867 -12.9834 -4.51972 18.1088 -15.1388 -16.3457 7.52708 -10.1497 -22.3043 -8.29622 -14.597 -12.2691 -19.9049 -23.8147 0 0 0 0 0 0 0 0 0 0 0 0 0 0 0 0 0 0 0 0 0 0 0 0 0 0
6.3851 -15.5798 -22.1781 6.7298 1.75394 -26.6959 7.40415 17.2937 -18.675 8.57232 22.8251 -1.86499 3.50718 16.9741 13.9469 10.5506 6.24423 24.8183 4.25897 -9.36506 29.8388 11.9556 -24.8927 24.1719 12.3038 -32.6657 8.09803 11.4389 -25.302 -8.74387 3.4328 -10.3755 -13.34 -12.2251 -8.55635 -22.7377 -26.3927 -3.49322 -13.8865 -27.0319 8.8555 -1.77404 -28.9386 8.01867 15.8156 -17.0585 0.524461 27.9645 -0.184094 -2.5196 26.9252 14.1915 6.60729 24.5278 15.2146 22.6469 18.7308 21.2609 25.994 2.25867 12.5321 20.933 -13.0325 -4.53627 18.1442 -15.1238 -16.3224 7.53498 -10.0988 -22.2621 -8.29926 -14.5325 -12.2133 -19.9036 -23.7408 0 0 0 0 0 0 0 0 0 0 0 0 0 0 0 0 0 0 0 0 0 0 0 0 0 0
7.58589 -14.1297 -21.7173 9.24852 3.28489 -25.8241 9.90644 18.6165 -17.3984 7.46092 23.744 -0.20442 1.28127 16.2391 14.6384 8.48694 5.82936 25.7207 3.14399 -10.4148 29.9562 11.9551 -25.1866 23.732 12.5689 -32.5308 7.45649 12.0066 -24.716 -9.20368 3.0802 -10.2696 -13.7561 -13.0267 -9.39671 -22.5889 -27.094 -4.81877 -13.2997 -28.0178 8.32533 -2.01308 -29.5365 8.60176 15.6716 -17.4924 1.67782 28.0119 -0.758027 -2.02669 26.6337 14.0178 6.67623 25.0225 15.8558 22.5469 18.9021 21.3573 25.2016 2.08928 11.5075 20.578 -12.7068 -5.81276 18.5949 -13.817 -17.4501 7.44146 -9.59208 -21.5404 -9.1971 -13.6309 -10.774 -19.1866 -24.0912 0 0 0 0 0 0 0 0 0 0 0 0 0 0 0 0 0 0 0 0 0 0 0 0 0 0
7.40451 -13.8992 -21.5955 8.31377 3.61207 -25.5975 10.5625 18.7418 -16.9287 6.97734 24.0925 0.0366424 1.43302 16.2281 14.9623 9.12954 5.59059 25.5113 3.5295 -10.4471 30.2145 11.6735 -25.5482 23.8276 12.4804 -32.3648 7.32127 12.369 -23.9901 -9.09151 3.18902 -9.65929 -13.5133 -12.8702 -8.98646 -22.4527 -26.9673 -4.08336 -13.3689 -27.5677 8.68889 -1.62281 -29.2323 8.38499 16.0584 -17.156 1.30291 28.2786 -0.381039 -2.20566 26.8661 14.2914 6.67089 25.2442 15.9636 22.4837 18.9238 21.3468 24.9829 2.04767 11.1687 20.6956 -12.635 -6.15127 18.486 -13.344 -17.5205 7.07955 -9.04832 -21.869 -9.31615 -13.8261 -10.8567 -19.2667 -24.0705 0 0 0 0 0 0 0 0 0 0 0 0 0 0 0 0 0 0 0 0 0 0 0 0 0 0
7.44783 -13.8862 -21.6115 8.33736 3.63158 -25.5896 10.5964 18.7498 -16.9034 6.98115 24.0946 0.0574474 1.43122 16.221 14.9761 9.12022 5.56886 25.516 3.51828 -10.4765 30.1906 11.6962 -25.5667 23.8211 12.5241 -32.3969 7.32147 12.3356 -24.0417 -9.1007 3.1842 -9.67864 -13.4776 -12.8556 -8.94411 -22.4472 -26.9654 -4.06536 -13.3699 -27.5937 8.70712 -1.62549 -29.2252 8.40063 16.0588 -17.1657 1.24051 28.2503 -0.384274 -2.24002 26.845 14.2774 6.66229 25.2672 15.9436 22.47 18.9326 21.3623 24.957 2.06601 11.1891 20.7191 -12.6344 -6.13049 18.5103 -13.3562 -17.5032 7.10333 -9.07121 -21.8221 -9.30681 -13.8265 -10.8176 -19.2308 -24.1051 0 0 0 0 0 0 0 0 0 0 0 0 0 0 0 0 0 0 0 0 0 0 0 0 0 0
7.4768 -13.8533 -21.7402 8.4714 3.67738 -25.6379 10.7293 18.7494 -16.8711 7.0977 24.0087 0.113191 1.44344 16.077 14.9623 9.10488 5.48895 25.5871 3.54321 -10.5698 30.2642 11.7109 -25.6412 23.837 12.505 -32.4273 7.31744 12.38 -24.0217 -9.07985 3.22692 -9.65918 -13.455 -12.8004 -8.92423 -22.4468 -26.9483 -4.1833 -13.3546 -27.7308 8.69725 -1.73597 -29.227 8.54059 15.9634 -17.2353 1.17824 28.1031 -0.439097 -2.24977 26.7436 14.2146 6.70349 25.3786 15.9317 22.477 18.9719 21.4349 24.8715 2.11884 11.3115 20.6083 -12.6088 -6.01373 18.466 -13.3994 -17.4504 7.11718 -9.12941 -21.7573 -9.32309 -13.7915 -10.7888 -19.263 -24.0933 0 0 0 0 0 0 0 0 0 0 0 0 0 0 0 0 0 0 0 0 0 0 0 0 0 0
7.48292 -13.8559 -21.7771 8.51255 3.67581 -25.6611 10.7224 18.743 -16.8735 7.04436 23.9772 0.108618 1.38548 16.0163 14.9405 9.06809 5.46587 25.5874 3.51827 -10.5783 30.3286 11.6534 -25.6699 23.9075 12.4454 -32.4565 7.38796 12.3645 -24.0485 -9.00846 3.24708 -9.66742 -13.3971 -12.7768 -8.901 -22.3925 -26.9303 -4.20338 -13.2863 -27.7481 8.69341 -1.68809 -29.1863 8.55977 16.0164 -17.2073 1.11919 28.1212 -0.402336 -2.26879 26.7688 14.2287 6.71907 25.3877 15.9014 22.497 18.9801 21.4275 24.9067 2.13664 11.3104 20.6889 -12.6085 -6.00717 18.4854 -13.3998 -17.4085 7.11669 -9.08779 -21.7326 -9.31432 -13.7666 -10.7923 -19.2415 -24.1108 0 0 0 0 0 0 0 0 0 0 0 0 0 0 0 0 0 0 0 0 0 0 0 0 0 0
7.19751 -13.2109 -20.4767 8.567 4.25935 -24.5483 10.2603 19.4447 -15.8335 7.47406 24.2784 1.46523 1.38179 16.2044 16.071 8.82436 5.7453 26.9816 4.4014 -11.2337 29.8784 14.9171 -24.9936 23.3433 14.9408 -32.6862 7.1592 12.0297 -25.2959 -9.7451 3.74612 -9.99395 -12.8485 -12.1288 -7.48486 -21.9609 -26.4159 -4.45621 -12.2016 -28.0585 7.94375 -0.109057 -30.5272 7.04951 17.506 -18.2554 0.847806 30.0826 -1.67328 -3.4961 28.3563 13.3889 4.64945 26.0617 15.4193 20.7157 20.4573 20.6226 23.8468 3.61118 9.42548 22.1455 -11.1127 -7.82901 19.0498 -10.8007 -18.2445 6.52645 -6.92629 -22.4611 -9.33494 -13.7049 -10.9727 -18.2438 -24.4465 0 0 0 0 0 0 0 0 0 0 0 0 0 0 0 0 0 0 0 0 0 0 0 0 0 0
7.52243 -12.8738 -20.5904 8.8694 4.61364 -24.5955 9.9081 19.8239 -15.7969 7.21842 24.3678 1.59838 1.11786 16.0769 16.0808 8.58504 5.53913 26.8992 4.12492 -11.441 29.7323 14.7564 -25.1979 23.3771 15.102 -32.8482 7.17333 12.2751 -25.4618 -9.74714 4.17443 -10.0675 -12.8835 -11.6593 -7.38596 -22.0201 -25.9905 -4.54195 -12.268 -27.8239 7.88227 -0.226267 -30.4722 7.02298 17.3654 -18.4498 0.540467 30.0469 -1.77153 -3.54698 28.5995 13.1786 4.81917 26.3525 14.9982 20.8538 20.5811 20.3931 23.8734 3.77342 9.33141 22.1884 -11.0553 -7.91461 19.029 -10.9068 -18.317 6.43942 -7.21119 -22.2436 -9.49201 -14.0063 -10.5363 -18.2424 -24.6452 0 0 0 0 0 0 0 0 0 0 0 0 0 0 0 0 0 0 0 0 0 0 0 0 0 0
9.63262 -13.4931 -18.654 11.757 3.77897 -23.3381 10.9423 19.4733 -15.1575 7.45931 24.4409 2.0044 1.80026 16.1502 16.6729 9.517 5.39043 27.1029 4.51181 -11.3725 30.38 14.1 -25.6441 23.3939 13.5454 -32.8896 6.97978 11.6903 -24.6841 -9.74549 3.28477 -9.4 -12.6352 -13.0723 -6.97229 -20.9394 -26.9307 -4.32698 -10.4346 -28.3168 8.09464 1.67791 -30.8752 7.23066 19.2829 -19.1872 -0.203695 31.7948 -2.43647 -4.05451 30.5133 12.0733 4.26788 25.1731 12.6856 20.6999 20.1253 19.2598 24.8872 3.90593 9.49783 23.2889 -11.9022 -7.8588 20.6619 -13.2716 -19.0117 8.62577 -9.80325 -20.4585 -8.97209 -14.1243 -8.52012 -16.3051 -25.6749 0 0 0 0 0 0 0 0 0 0 0 0 0 0 0 0 0 0 0 0 0 0 0 0 0 0
9.28233 -13.6753 -18.7545 13.1373 3.53196 -22.8927 12.2428 19.1536 -14.5806 8.64617 23.9654 2.60335 2.00424 15.731 16.9245 8.73887 4.32772 27.4173 2.8494 -12.3178 29.9445 13.0089 -26.8113 24.1959 15.112 -33.4234 7.41244 12.047 -24.8967 -9.02105 3.50995 -9.51186 -10.9956 -12.3382 -6.62805 -20.1689 -26.834 -4.52122 -10.3695 -28.8859 7.17183 2.41404 -31.9089 5.23445 19.8988 -19.4665 -0.814982 32.5289 -2.78807 -4.78816 30.6706 11.827 3.94643 26.2589 12.209 20.2636 20.809 19.3962 24.2099 4.77593 10.0459 22.9056 -11.3162 -7.18889 19.7321 -13.1818 -18.2049 7.76603 -9.03012 -20.9126 -9.40579 -14.6641 -8.7693 -17.0233 -25.8221 0 0 0 0 0 0 0 0 0 0 0 0 0 0 0 0 0 0 0 0 0 0 0 0 0 0
9.30511 -13.7041 -18.7354 13.0874 3.5099 -22.9133 12.2642 19.1282 -14.5873 8.66625 23.9425 2.59569 2.00283 15.7163 16.9116 8.7263 4.32897 27.4288 2.84502 -12.3186 29.9617 12.9974 -26.8082 24.1904 15.0774 -33.4103 7.40011 12.0441 -24.8553 -9.02462 3.51311 -9.46586 -10.9889 -12.3437 -6.57317 -20.1444 -26.8352 -4.50538 -10.33 -28.9136 7.19781 2.44002 -31.9014 5.27343 19.9323 -19.4539 -0.83059 32.5313 -2.77398 -4.78734 30.6508 11.8375 3.97655 26.2851 12.2017 20.2871 20.8144 19.3835 24.2206 4.77573 10.0289 22.9005 -11.3125 -7.21062 19.7476 -13.1697 -18.2281 7.7667 -9.0649 -20.8956 -9.40516 -14.7181 -8.72982 -16.9847 -25.8776 0 0 0 0 0 0 0 0 0 0 0 0 0 0 0 0 0 0 0 0 0 0 0 0 0 0
11.486 -13.7013 -18.2029 12.0642 3.93934 -23.5236 9.48217 19.8028 -15.8313 9.56202 24.6167 2.12187 2.90063 17.3076 16.9656 8.81157 4.82413 26.8155 1.41832 -11.3774 28.7692 10.8607 -26.6258 23.6541 13.8914 -33.1063 6.9338 10.9044 -24.7306 -9.59287 3.15698 -8.92021 -11.6625 -12.6216 -5.30675 -20.7258 -27.0606 -3.18115 -10.8461 -29.4143 9.2364 1.22436 -31.4797 8.28039 18.9807 -19.3755 -0.243889 30.7462 -2.7079 -4.0814 28.5057 11.9631 5.07774 25.1328 12.2834 21.4843 19.9453 19.4903 25.7206 3.99215 11.0141 22.0208 -12.4116 -6.16009 18.7878 -14.7387 -17.3271 6.99765 -10.4784 -18.9651 -10.8733 -14.4939 -6.37155 -18.7701 -24.9716 0 0 0 0 0 0 0 0 0 0 0 0 0 0 0 0 0 0 0 0 0 0 0 0 0 0
11.8327 -13.4988 -18.2124 12.0543 4.11392 -23.6644 9.27457 19.9876 -16.0597 9.0509 24.8555 1.88041 2.74165 17.2315 16.7272 9.01657 4.71553 26.3174 1.5965 -11.4306 28.6285 10.9338 -26.7938 23.6615 14.0661 -33.3637 6.99427 10.9588 -25.1657 -9.60073 3.40234 -9.27471 -11.7691 -12.5253 -5.58062 -20.5408 -26.8437 -3.76137 -10.419 -29.4077 8.83861 1.42282 -31.2448 8.19003 19.2223 -19.3288 -0.710231 30.909 -2.5984 -4.38247 28.8526 11.9681 4.88662 25.3239 12.1156 21.3458 20.2923 19.2161 25.8013 4.34925 10.8429 21.9078 -12.0641 -6.35658 18.8825 -14.4933 -17.6095 7.03018 -10.6303 -18.6037 -11.0184 -14.118 -6.05249 -18.6287 -24.8625 0 0 0 0 0 0 0 0 0 0 0 0 0 0 0 0 0 0 0 0 0 0 0 0 0 0
11.9355 -12.7067 -18.8221 9.56832 4.91412 -24.3531 9.10197 20.6972 -15.7137 9.79926 24.4695 2.53518 2.21498 17.0094 16.9243 7.82075 4.80989 27.3654 0.487132 -11.4285 29.3095 10.0691 -26.6503 24.365 14.1961 -32.6366 7.65462 9.72074 -24.8537 -8.88929 3.45037 -8.3101 -10.7573 -11.4046 -2.97419 -20.7853 -26.5436 -0.806974 -11.8869 -28.8299 10.523 1.36632 -30.8919 7.89942 19.0706 -18.4673 -1.28141 30.0251 -1.55466 -3.92751 27.6192 12.5244 6.37557 24.7944 11.7549 22.8973 19.9403 18.5337 27.9101 4.00976 11.0166 22.3948 -12.4556 -6.28143 20.5971 -15.7162 -18.2682 8.85556 -13.6511 -18.7314 -9.24197 -17.0367 -5.62101 -16.6527 -27.2694 0 0 0 0 0 0 0 0 0 0 0 0 0 0 0 0 0 0 0 0 0 0 0 0 0 0
12.2317 -12.1596 -18.9563 9.92157 5.50631 -24.3683 8.75578 21.1604 -15.5309 9.14394 24.7266 2.77237 1.68296 16.818 16.9939 7.5237 4.53114 27.2068 0.252019 -11.7344 29.1577 9.93817 -26.9291 24.3316 14.33 -32.8781 7.67325 10.1424 -25.0422 -8.9236 4.12298 -8.41228 -10.869 -10.6957 -2.90805 -20.8612 -25.8994 -1.02329 -12.004 -28.464 10.3415 1.17149 -30.8316 7.76813 18.8476 -18.7678 -1.69297 29.9764 -1.69871 -3.95254 28.2447 12.1395 6.62145 25.2074 10.9843 23.0114 19.9661 18.2276 27.919 4.20007 10.9895 22.568 -12.4477 -6.23291 20.3492 -15.8767 -18.0241 8.44087 -13.6246 -18.5618 -9.51582 -17.7529 -5.06747 -16.6879 -27.6665 0 0 0 0 0 0 0 0 0 0 0 0 0 0 0 0 0 0 0 0 0 0 0 0 0 0
12.0157 -11.9135 -18.823 9.13046 5.69354 -24.1815 8.173 21.3626 -15.3431 9.21322 24.9811 2.93613 1.89475 17.3779 17.4023 7.65148 4.99446 27.547 0.431779 -11.3305 29.1961 10.3105 -26.4263 24.4451 14.6056 -32.5094 7.80913 9.79165 -25.137 -8.84847 4.58764 -8.24857 -11.1076 -10.1551 -2.24529 -20.9375 -25.4197 -0.775831 -12.0964 -28.35 10.6158 0.984805 -30.8492 8.09987 18.6517 -19.1905 -1.882 29.7769 -2.04445 -3.98983 28.6057 11.7524 6.655 25.6266 10.5461 22.8934 19.9226 18.0684 27.4496 4.17538 10.5993 22.4704 -12.4914 -6.67163 20.3396 -15.7342 -18.4588 8.42138 -13.513 -18.7941 -9.63406 -17.2381 -5.3485 -16.8233 -27.2056 0 0 0 0 0 0 0 0 0 0 0 0 0 0 0 0 0 0 0 0 0 0 0 0 0 0
12.4378 -12.1101 -18.9753 9.76439 5.49906 -24.4412 8.35856 21.1521 -15.6229 9.39449 24.8343 2.64397 1.8347 17.4665 17.1118 7.32537 5.09872 27.4265 0.054919 -11.2195 28.9209 10.025 -26.3252 24.3914 14.5672 -32.4902 7.84921 10.5807 -24.8071 -8.91003 4.91973 -8.03964 -11.0205 -9.70679 -2.31607 -21.1954 -25.0769 -0.599537 -12.5777 -28.1502 11.1291 0.177988 -30.6118 9.08711 17.9177 -19.7206 -1.84298 28.9964 -2.42645 -3.4592 29.1095 11.208 7.43154 26.2567 9.81859 23.2881 19.5045 18.2176 27.1626 3.97881 10.9252 22.6445 -12.905 -6.31859 20.7032 -16.4164 -18.3099 8.9828 -14.217 -18.2864 -9.41306 -16.3244 -5.29241 -17.0208 -26.5993 0 0 0 0 0 0 0 0 0 0 0 0 0 0 0 0 0 0 0 0 0 0 0 0 0 0
12.6608 -12.7716 -18.6664 10.1255 4.82017 -24.2558 7.06643 20.3156 -15.4213 9.21763 24.2949 2.72239 1.72467 17.8278 17.6838 6.61182 5.10626 27.8957 -0.471147 -11.4158 28.0757 10.1648 -26.1342 23.72 14.6103 -32.5289 7.23687 10.5282 -25.0771 -9.60566 5.48059 -8.13455 -11.9703 -9.60973 -2.14374 -21.3283 -24.6203 -0.793892 -11.9961 -27.775 11.7065 0.0303291 -29.3622 10.8354 18.0261 -19.5518 -1.4578 28.8226 -2.2768 -3.18069 30.3404 11.6038 6.83315 25.3168 10.058 23.1223 19.6124 17.9551 27.9406 4.05076 10.7542 23.25 -12.8264 -6.4084 20.2958 -16.1768 -17.9418 8.31354 -12.8769 -18.0676 -9.94341 -16.1985 -5.02855 -16.9952 -26.828 0 0 0 0 0 0 0 0 0 0 0 0 0 0 0 0 0 0 0 0 0 0 0 0 0 0
12.7132 -12.767 -18.6741 10.0747 4.80247 -24.2868 7.2061 20.3375 -15.4559 9.31489 24.267 2.70378 1.768 17.7768 17.6282 6.65096 5.07887 27.8715 -0.432363 -11.4427 28.0869 10.1926 -26.1665 23.7231 14.6857 -32.5173 7.23573 10.697 -24.9931 -9.59738 5.51579 -8.08168 -11.8999 -9.55295 -2.17002 -21.3433 -24.5932 -0.774879 -12.0655 -27.7467 11.7244 -0.0375705 -29.3251 10.8527 17.959 -19.5237 -1.4539 28.7484 -2.24993 -3.16874 30.2898 11.6301 6.89792 25.3697 10.0581 23.1572 19.5871 17.9815 27.924 4.0229 10.7573 23.26 -12.8517 -6.40966 20.3089 -16.1826 -17.9368 8.3197 -12.8858 -18.0098 -9.95316 -16.122 -4.99677 -17.0048 -26.7836 0 0 0 0 0 0 0 0 0 0 0 0 0 0 0 0 0 0 0 0 0 0 0 0 0 0
12.9101 -13.4329 -18.4847 11.8776 4.50082 -23.7121 8.27028 19.7535 -14.6244 8.8626 23.1029 3.83691 0.201347 16.01 17.9357 5.51826 4.36181 29.2734 0.541245 -13.0648 29.333 12.6963 -26.2609 23.5401 12.367 -34.511 6.47015 10.7422 -24.4642 -9.79556 4.88564 -7.49923 -10.1851 -9.37179 -1.019 -20.5672 -24.9065 1.07146 -12.1954 -27.5691 12.7416 0.822791 -30.1219 10.3552 18.6605 -19.3836 -1.47208 29.1454 -1.9721 -4.54702 27.63 11.6158 7.64311 26.2307 8.91401 23.2212 18.8399 18.7748 27.7061 4.17559 13.311 23.2836 -13.5194 -3.41012 19.6178 -18.5148 -15.4879 8.54513 -13.81 -17.8904 -9.53949 -18.0566 -4.4268 -17.9971 -27.2383 0 0 0 0 0 0 0 0 0 0 0 0 0 0 0 0 0 0 0 0 0 0 0 0 0 0
13.1641 -12.9607 -18.5156 11.8065 4.96277 -23.714 8.18044 20.1653 -14.5497 8.43991 23.3286 3.95608 -0.196355 15.8299 17.8661 5.27924 4.14166 29.0882 0.321025 -13.2904 29.1422 12.5678 -26.4929 23.5564 12.5556 -34.7065 6.46269 11.0358 -24.6395 -9.80098 5.35717 -7.61297 -10.187 -8.81568 -0.975812 -20.5873 -24.4336 0.932596 -12.3245 -27.3239 12.5704 0.676088 -30.1016 10.145 18.4764 -19.5644 -1.78625 29.0501 -2.05121 -4.5583 28.0886 11.3235 7.86064 26.6118 8.41029 23.2511 18.9028 18.481 27.7264 4.37673 13.2283 23.3667 -13.3991 -3.40318 19.5302 -18.5693 -15.4032 8.30777 -14.0175 -17.7249 -9.71315 -18.5811 -3.96235 -18.1087 -27.3816 0 0 0 0 0 0 0 0 0 0 0 0 0 0 0 0 0 0 0 0 0 0 0 0 0 0
13.1779 -12.9655 -18.476 11.8234 4.95097 -23.6994 8.15264 20.1609 -14.5649 8.39659 23.3595 3.93505 -0.236754 15.8743 17.8542 5.23611 4.18571 29.0773 0.267633 -13.2434 29.1376 12.5025 -26.454 23.5448 12.4517 -34.6947 6.46409 11.0223 -24.6427 -9.81736 5.34751 -7.61605 -10.2505 -8.85709 -1.01475 -20.6304 -24.456 0.898913 -12.333 -27.3137 12.5385 0.673267 -30.1408 10.1096 18.4654 -19.5929 -1.77726 29.0785 -2.08658 -4.58149 28.085 11.3107 7.81489 26.6232 8.42663 23.2184 18.9295 18.4983 27.6842 4.40109 13.2744 23.2633 -13.3683 -3.36346 19.4958 -18.5691 -15.3988 8.28729 -14.0761 -17.7126 -9.7341 -18.6418 -3.91909 -18.1414 -27.3826 0 0 0 0 0 0 0 0 0 0 0 0 0 0 0 0 0 0 0 0 0 0 0 0 0 0
13.3697 -12.7565 -16.6635 11.3809 4.94879 -22.4465 7.43084 20.3477 -13.739 6.96376 23.8887 4.7111 -1.22797 15.7906 18.5745 4.52644 3.44399 28.975 -0.382303 -14.0054 28.0922 11.9283 -26.8798 21.871 11.2702 -35.0712 4.76831 9.57108 -24.9485 -11.4457 5.66327 -7.32317 -11.4982 -8.89918 0.667975 -20.5044 -24.3645 0.898921 -11.5678 -28.4715 13.5462 0.262182 -30.4108 12.6487 18.4044 -21.2339 -0.552171 28.9084 -3.68106 -3.61976 29.4776 9.93406 8.50091 27.6741 7.63023 23.2871 18.5268 18.2565 26.2461 3.91977 11.7022 23.5477 -13.887 -4.96729 18.0991 -17.7689 -15.4752 5.60378 -12.3944 -17.7567 -11.8935 -19.0451 -2.78258 -20.0789 -26.1363 0 0 0 0 0 0 0 0 0 0 0 0 0 0 0 0 0 0 0 0 0 0 0 0 0 0
15.2372 -12.5669 -14.4358 8.76303 4.34362 -21.1097 6.01241 20.0221 -12.3526 6.67328 23.7716 6.08603 -1.50554 16.4384 20.4039 3.44767 3.127 30.1023 -1.77318 -14.1496 27.5408 11.1633 -27.0105 22.5299 12.3168 -35.0491 5.28437 9.35052 -24.9608 -10.8184 5.42886 -7.33774 -10.6032 -9.52079 0.695857 -18.9458 -25.1589 -1.15715 -10.2543 -31.7113 11.6709 0.533398 -29.1796 12.8168 19.2547 -20.1163 -1.39589 28.5863 -2.50757 -4.06813 29.5617 10.8805 8.23809 27.291 7.84147 23.3288 18.821 17.6605 27.028 3.77669 10.0448 25.4715 -13.8125 -6.19592 18.2018 -16.9794 -15.3683 4.99432 -10.6494 -15.9815 -13.1618 -16.1392 -0.678057 -19.64 -24.5055 0 0 0 0 0 0 0 0 0 0 0 0 0 0 0 0 0 0 0 0 0 0 0 0 0 0
15.6114 -11.7063 -14.7898 9.32204 5.30498 -21.3878 5.49105 20.6025 -12.2879 5.93898 24.0044 6.22909 -2.1325 16.17 20.3516 3.11854 2.80215 29.8204 -2.05943 -14.4825 27.2253 10.9795 -27.3795 22.5718 12.6218 -35.3797 5.3411 9.95558 -25.2916 -10.8171 6.30611 -7.60697 -10.6874 -8.57825 0.602841 -18.9773 -24.2579 -1.30699 -10.3727 -30.9893 11.5588 0.261495 -29.5214 12.274 19.153 -20.3674 -1.82564 28.5687 -2.71213 -3.96573 30.1617 10.398 8.61719 27.7518 7.06217 23.4677 18.9604 17.1322 27.2529 4.10105 10 25.1797 -13.6517 -6.26433 18.0524 -17.0245 -15.4191 4.60472 -11.1703 -15.5606 -13.4839 -16.9359 0.10264 -19.5843 -24.9366 0 0 0 0 0 0 0 0 0 0 0 0 0 0 0 0 0 0 0 0 0 0 0 0 0 0
15.6039 -11.6992 -14.7813 9.31267 5.30812 -21.3876 5.48434 20.6111 -12.2957 5.92396 24.02 6.22016 -2.13597 16.1764 20.3442 3.12837 2.80973 29.8073 -2.04612 -14.4765 27.2158 10.9941 -27.3703 22.5569 12.6235 -35.3791 5.32895 9.97239 -25.2925 -10.8327 6.3155 -7.60931 -10.7078 -8.58212 0.589851 -18.9845 -24.2493 -1.31481 -10.3559 -30.9713 11.5625 0.270269 -29.5398 12.2661 19.1651 -20.3774 -1.82389 28.587 -2.72069 -3.96317 30.1653 10.3854 8.62646 27.7686 7.05248 23.4726 18.9687 17.1272 27.2501 4.11056 9.98915 25.2015 -13.6427 -6.26634 18.0569 -17.0214 -15.4062 4.5956 -11.1751 -15.564 -13.4792 -16.9837 0.114203 -19.5917 -24.9459 0 0 0 0 0 0 0 0 0 0 0 0 0 0 0 0 0 0 0 0 0 0 0 0 0 0
15.6113 -11.6901 -14.7936 9.32551 5.31777 -21.4037 5.47679 20.6158 -12.3122 5.91034 24.0253 6.20373 -2.14266 16.1728 20.3268 3.13527 2.81196 29.7906 -2.03031 -14.4781 27.2069 11.0155 -27.366 22.5474 12.6427 -35.3799 5.32155 9.99149 -25.2976 -10.8427 6.34002 -7.61326 -10.7228 -8.56265 0.586535 -18.9897 -24.2279 -1.33451 -10.3613 -30.9681 11.5395 0.257384 -29.5478 12.25 19.1528 -20.3801 -1.83021 28.5843 -2.72247 -3.96789 30.1547 10.3808 8.62554 27.7624 7.04635 23.4711 18.9622 17.1225 27.2507 4.10553 9.99253 25.1859 -13.6491 -6.2613 18.0378 -17.0287 -15.4014 4.57863 -11.178 -15.5563 -13.499 -16.9779 0.122955 -19.6129 -24.9369 0 0 0 0 0 0 0 0 0 0 0 0 0 0 0 0 0 0 0 0 0 0 0 0 0 0
14.3759 -10.7731 -15.4233 10.1249 7.23206 -21.4024 6.80327 22.2325 -11.5868 6.09086 24.374 7.18942 -3.45554 16.0512 20.1994 1.28971 2.99203 30.3862 -3.2167 -14.4718 27.6474 10.1896 -26.6605 22.0631 9.81425 -36.0111 5.26996 6.75674 -26.8335 -11.392 6.84917 -8.36918 -12.3013 -8.02857 2.13276 -18.3297 -23.5318 -1.30675 -9.74525 -31.8645 11.173 0.340645 -30.5966 12.8021 19.2129 -21.0048 -0.526482 29.3543 -3.26074 -3.77011 28.4477 10.0443 9.07954 28.5098 8.07463 23.8489 19.0638 18.673 26.185 4.19412 11.2186 25.1576 -13.5509 -4.50379 16.8989 -17.1373 -13.0982 3.24732 -10.8765 -16.5715 -13.825 -19.7212 -0.0945514 -23.1087 -23.674 0 0 0 0 0 0 0 0 0 0 0 0 0 0 0 0 0 0 0 0 0 0 0 0 0 0
14.8557 -9.80576 -15.6835 10.6372 8.27198 -21.4669 6.24697 22.9185 -11.4721 5.12286 24.7298 7.32612 -4.21925 15.7263 20.0505 0.942281 2.61292 29.9739 -3.52201 -14.86 27.2242 10.0283 -27.1235 22.1489 10.2862 -36.4009 5.30081 7.6035 -27.1875 -11.4102 7.92965 -8.7243 -12.3186 -6.82489 1.96761 -18.3201 -22.4205 -1.47769 -9.90475 -30.9322 11.0374 -0.0106068 -30.877 12.0516 18.9962 -21.3657 -1.24903 29.2504 -3.44062 -3.76614 29.2872 9.29426 9.67516 29.0907 6.83405 23.9977 19.0485 17.934 26.4649 4.55686 11.2702 24.5816 -13.4708 -4.57412 16.6474 -17.2697 -13.3608 2.94963 -11.3737 -15.9198 -14.3334 -20.1707 1.08587 -22.4023 -24.7727 0 0 0 0 0 0 0 0 0 0 0 0 0 0 0 0 0 0 0 0 0 0 0 0 0 0
14.7742 -9.93818 -15.6381 10.5269 8.12502 -21.446 6.21873 22.8049 -11.4641 5.24399 24.6776 7.33716 -4.19673 15.8832 20.1371 0.763552 2.67881 30.0449 -3.63059 -14.771 27.0342 10.0362 -26.9775 22.1322 10.5052 -36.3154 5.32071 7.45614 -27.254 -11.4153 8.0023 -8.80534 -12.5407 -6.76971 2.01386 -18.2725 -22.3281 -1.5698 -9.84469 -30.9558 10.8774 0.0354912 -31.2479 11.6726 19.055 -21.473 -1.43742 29.3119 -3.50339 -3.63818 29.3038 8.99377 10.0311 29.2927 6.56877 24.1685 18.9779 17.7854 26.4215 4.53918 11.1562 24.7298 -13.5212 -4.61876 16.7169 -17.4453 -13.416 3.01659 -11.5709 -15.9935 -14.2485 -20.3979 1.00352 -22.329 -25.0111 0 0 0 0 0 0 0 0 0 0 0 0 0 0 0 0 0 0 0 0 0 0 0 0 0 0
15.2535 -11.2798 -16.2562 9.84064 6.54984 -21.9383 6.10351 21.2676 -11.7656 7.29622 23.5141 7.11079 -3.3015 17.269 20.8089 -0.769125 3.09919 30.6456 -5.59335 -13.9002 25.652 8.41342 -26.71 23.2002 11.8027 -35.6143 6.22939 8.0988 -26.8035 -10.523 8.5809 -8.37087 -11.9419 -5.65363 2.18443 -19.557 -21.9485 -0.848591 -12.2548 -30.092 11.4661 -1.7848 -32.9066 9.57309 17.3084 -21.577 -2.8482 26.964 -3.33064 -2.78878 27.0047 7.44857 12.4533 29.6793 5.81926 25.9575 18.3094 17.2631 26.5854 3.79365 10.235 25.9898 -14.223 -4.7987 16.6628 -18.4435 -12.8661 2.60936 -12.2997 -15.6124 -14.5123 -21.3578 1.26297 -21.8671 -27.6906 0 0 0 0 0 0 0 0 0 0 0 0 0 0 0 0 0 0 0 0 0 0 0 0 0 0
15.52 -9.45947 -17.2478 8.76728 8.1898 -22.2193 4.41974 22.364 -11.4845 5.00985 23.7738 7.5296 -5.55782 16.2412 20.664 -1.55221 2.66715 30.9796 -5.29979 -14.9015 26.8838 9.65878 -26.4383 23.2183 11.481 -36.097 6.33032 8.78933 -27.0058 -10.4984 7.74283 -8.47682 -11.1846 -6.24256 0.986675 -20.7788 -22.5978 -0.245367 -12.8633 -28.7643 12.7666 -1.67574 -30.925 10.6863 17.4953 -20.4085 -3.10214 26.3463 -2.16363 -3.36158 27.5269 8.71522 11.7293 30.6611 7.43379 25.4406 19.4873 16.7715 24.2567 3.23275 6.67579 28.416 -13.7445 -6.31767 16.1829 -18.8101 -12.54 1.14029 -12.5061 -15.0538 -15.6654 -22.2319 2.33446 -24.2263 -25.797 0 0 0 0 0 0 0 0 0 0 0 0 0 0 0 0 0 0 0 0 0 0 0 0 0 0
15.6283 -9.0381 -16.5415 11.501 9.47123 -22.0259 2.27917 22.076 -11.1929 4.47297 24.2878 7.71192 -5.08685 17.4382 22.0489 -1.01745 3.23112 31.5067 -6.14922 -13.9585 27.0516 7.99206 -26.9998 24.7862 10.223 -37.1513 8.22414 9.69062 -28.1291 -8.98724 8.99213 -9.58951 -9.91806 -3.99998 0.0121156 -20.8239 -20.8123 0.203497 -13.6312 -26.4065 13.8278 -2.84031 -32.8218 10.9913 15.7691 -22.5627 -1.61405 26.7689 -4.26707 -2.62235 27.0012 7.31849 11.8422 30.6985 7.46865 25.5918 19.4077 16.4763 23.1849 3.05269 6.39948 27.404 -13.9211 -8.08909 16.3005 -17.8795 -13.0193 0.272869 -12.6507 -14.4533 -15.9435 -23.6739 3.4886 -23.0848 -27.9477 0 0 0 0 0 0 0 0 0 0 0 0 0 0 0 0 0 0 0 0 0 0 0 0 0 0
16.5824 -6.60069 -16.6612 10.8031 11.4367 -22.4951 1.91323 23.9379 -11.259 3.27229 24.6619 7.91674 -6.65874 16.3394 21.3025 -1.81579 2.2513 30.6063 -6.51116 -15.1022 26.2807 7.93369 -27.9088 24.5588 11.1104 -37.856 7.99904 11.226 -28.6706 -9.14676 11.0396 -10.1044 -9.93339 -1.8276 -0.0558088 -20.5945 -18.7889 -0.41828 -13.7353 -25.0259 12.9922 -3.00773 -32.5996 9.78102 15.1453 -22.9847 -2.99379 26.5517 -4.64823 -2.67951 29.3089 5.45007 13.2515 31.9293 4.56994 25.9408 19.3335 15.3339 23.277 3.9835 6.69914 26.1292 -14.1862 -8.44889 15.7068 -17.6417 -13.2842 -0.61201 -13.216 -12.5577 -16.7728 -24.602 6.35566 -20.995 -29.6753 0 0 0 0 0 0 0 0 0 0 0 0 0 0 0 0 0 0 0 0 0 0 0 0 0 0
16.7748 -6.61117 -18.1019 14.8944 13.0188 -22.8743 3.03327 24.3759 -12.7161 2.69758 25.8552 6.55126 -7.4772 16.9022 19.3642 -1.98432 3.53504 29.4212 -7.73723 -14.0764 27.2784 6.00745 -27.7578 26.1896 9.47005 -37.7025 9.68303 11.3606 -28.2734 -7.32029 12.1432 -9.68668 -7.85144 0.0515005 1.16936 -18.6875 -17.624 -0.602736 -13.6688 -26.3949 12.6599 -4.22965 -34.1481 9.67128 13.8878 -24.4644 -2.72091 25.6647 -6.01116 -2.78534 27.6886 4.41555 12.8877 30.6119 3.66207 25.9066 18.3392 14.5533 23.6268 3.01189 6.06168 26.9064 -15.1587 -8.23781 15.5536 -19.5278 -13.0616 -0.470815 -14.0039 -12.6178 -17.338 -24.4054 6.10879 -21.4957 -30.2286 0 0 0 0 0 0 0 0 0 0 0 0 0 0 0 0 0 0 0 0 0 0 0 0 0 0
16.8959 -6.51699 -17.8814 15.0477 13.1353 -22.5746 2.98129 24.4041 -12.5574 2.55741 26.0486 6.6957 -7.44859 16.9778 19.5603 -1.8363 3.49026 29.3922 -7.74169 -14.0671 27.2142 5.88219 -27.8735 26.1717 9.35942 -37.7984 9.65634 11.2161 -28.3532 -7.34177 12.0004 -9.76606 -7.85652 -0.0304832 1.09614 -18.7542 -17.7094 -0.502233 -13.6863 -26.2393 12.7222 -3.96951 -34.2143 9.44173 14.0049 -24.4996 -2.89349 25.8163 -6.04619 -2.90662 27.8399 4.35661 12.8156 30.5849 3.44745 25.7678 18.2511 14.5841 23.6856 3.06881 6.30923 26.9337 -15.2088 -7.97205 15.6076 -19.7067 -13.0026 -0.312067 -14.0594 -12.4595 -17.3234 -24.2229 6.28645 -21.4351 -30.0165 0 0 0 0 0 0 0 0 0 0 0 0 0 0 0 0 0 0 0 0 0 0 0 0 0 0
16.3882 -7.56722 -18.1726 12.6086 11.5372 -24.3994 2.27811 23.2573 -12.7988 3.3245 23.6462 6.59397 -8.10882 16.0403 19.3813 -3.86968 3.10125 30.7494 -8.32809 -14.8369 27.718 6.41437 -27.5286 26.5302 10.3558 -37.3436 10.0465 12.3328 -27.8165 -6.893 11.7762 -9.17341 -7.42986 -0.0613806 0.734763 -19.4919 -17.7578 0.0682183 -14.1911 -25.6103 13.9722 -4.80448 -32.9879 11.7643 13.6307 -24.3117 -1.9685 24.8367 -6.11619 -1.58164 29.2148 3.64248 14.4096 32.8598 4.2476 26.9095 19.9393 14.3844 22.3232 4.36698 5.98185 26.6111 -13.668 -8.96587 16.1822 -18.3091 -13.4512 -0.641823 -14.7254 -13.1584 -16.1618 -27.3985 5.64416 -20.0809 -33.146 0 0 0 0 0 0 0 0 0 0 0 0 0 0 0 0 0 0 0 0 0 0 0 0 0 0
16.6046 -7.68596 -17.9587 12.7623 11.3458 -24.3703 2.28342 23.1039 -12.9402 3.23963 23.7068 6.45315 -8.02541 15.8907 19.266 -3.56182 2.93948 30.5365 -8.0429 -15.0012 27.5534 6.68157 -27.7204 26.4359 10.8329 -37.3623 9.89932 12.7724 -27.6841 -6.95961 11.671 -9.05463 -7.40275 -0.0513559 0.568915 -19.8117 -17.7775 0.157049 -14.5783 -25.4007 14.0729 -5.01743 -33.1915 11.6529 13.227 -24.4838 -1.90852 24.6186 -6.2576 -1.50192 28.8675 3.40351 14.4634 32.8873 4.33983 27.0626 20.0784 14.2723 22.307 4.42287 5.8971 26.9529 -13.5398 -8.79275 16.338 -18.5935 -13.3971 -0.393961 -14.7269 -13.0058 -16.1724 -27.0813 5.74096 -19.6073 -33.3414 0 0 0 0 0 0 0 0 0 0 0 0 0 0 0 0 0 0 0 0 0 0 0 0 0 0
16.9551 -6.1888 -19.8117 13.122 13.2387 -25.0542 1.5547 23.8847 -13.478 1.61067 23.5173 5.98991 -10.2888 15.1176 17.8889 -5.36081 4.07136 31.1647 -8.06418 -14.667 30.3087 8.165 -25.3913 26.3128 8.70934 -36.4825 9.71571 13.2007 -27.5497 -7.27752 13.549 -8.85308 -8.50218 0.58751 1.08785 -19.4944 -16.8781 -1.08666 -13.5172 -26.0813 13.0798 -5.5808 -31.1426 12.4774 14.0703 -23.2015 -2.73212 24.0859 -5.11891 -3.33046 29.0468 5.50815 12.2203 32.3916 3.84768 25.9 20.4557 14.3069 24.0786 4.24308 4.54989 28.204 -13.2099 -9.92792 16.8212 -17.2669 -12.9171 -0.456275 -13.8374 -12.9669 -15.4679 -27.1849 5.49313 -18.2577 -34.6574 0 0 0 0 0 0 0 0 0 0 0 0 0 0 0 0 0 0 0 0 0 0 0 0 0 0
17.4244 -4.7592 -19.7883 12.5897 14.4045 -25.276 1.23638 24.8856 -13.3343 1.11962 23.6724 6.11809 -10.7424 14.5471 17.5422 -5.7037 3.44233 30.7282 -8.2142 -15.3168 29.7175 8.20562 -25.8713 26.04 9.19646 -36.9471 9.44734 14.0078 -27.972 -7.4391 14.5463 -9.27258 -8.5666 1.62636 0.863468 -19.4313 -15.851 -1.33491 -13.497 -25.0792 12.8076 -5.54693 -31.357 11.5723 13.7715 -23.2911 -3.43394 23.9968 -5.5454 -3.11806 30.2961 4.43361 13.0078 33.026 2.42179 26.0317 20.3874 13.7708 24.1716 4.75319 4.7107 27.3538 -13.3123 -10.0905 16.2319 -16.9474 -12.9541 -1.18253 -14.0984 -11.7674 -15.9062 -27.7745 6.96828 -17.1627 -35.1386 0 0 0 0 0 0 0 0 0 0 0 0 0 0 0 0 0 0 0 0 0 0 0 0 0 0
17.4932 -4.80469 -19.7337 12.424 14.2496 -25.3969 1.17274 24.7977 -13.417 1.11045 23.5813 6.0355 -10.7688 14.523 17.4954 -5.75241 3.41726 30.689 -8.26259 -15.3417 29.6732 8.16038 -25.8962 26.0099 9.17539 -36.9523 9.40556 14.2213 -27.9965 -7.42432 14.6376 -9.29673 -8.60416 1.67518 0.721966 -19.5278 -15.7861 -1.46471 -13.5417 -25.0033 12.7022 -5.62245 -31.315 11.4989 13.6869 -23.287 -3.50618 23.9438 -5.55563 -3.20171 30.2839 4.42469 12.9182 33.0446 2.43215 25.9571 20.4185 13.9166 24.2016 4.87013 4.94109 27.2056 -13.2692 -9.975 16.1933 -16.7721 -12.8846 -1.23172 -14.0343 -11.7065 -15.875 -27.7976 7.03028 -17.104 -35.1635 0 0 0 0 0 0 0 0 0 0 0 0 0 0 0 0 0 0 0 0 0 0 0 0 0 0
17.4133 -4.91307 -19.7656 12.4006 14.1681 -25.3888 1.0892 24.685 -13.4378 0.999435 23.4874 6.01581 -10.9087 14.4582 17.4687 -5.92554 3.385 30.7024 -8.28558 -15.3924 29.657 8.23969 -25.8176 26.0799 9.37935 -36.9645 9.54355 14.2367 -28.038 -7.35844 14.7047 -9.34046 -8.55609 1.80775 0.699761 -19.5377 -15.6722 -1.37081 -13.5638 -24.7825 12.8426 -5.60309 -31.2767 11.5521 13.6412 -23.3047 -3.46693 23.9216 -5.62214 -3.15222 30.3976 4.39885 12.9634 33.0364 2.22491 26.0196 20.4568 13.8536 24.5731 4.98005 4.91027 27.3349 -13.2153 -10.0276 16.3076 -16.5785 -12.8213 -1.16104 -13.9953 -11.8831 -15.6301 -27.9646 6.90848 -17.2678 -35.1229 0 0 0 0 0 0 0 0 0 0 0 0 0 0 0 0 0 0 0 0 0 0 0 0 0 0
18.2516 -4.91091 -20.0164 11.8349 13.5642 -26.4447 2.10718 24.7669 -13.5984 2.90457 22.9946 5.82392 -9.57232 15.1809 17.6438 -5.28367 4.41827 31.3988 -7.86001 -14.3565 30.7951 8.23297 -24.9136 25.6051 7.49908 -36.4163 9.17958 15.667 -28.8032 -7.46463 16.3795 -10.1988 -10.0206 3.06107 -0.728794 -21.0286 -14.3065 -3.33364 -14.911 -24.0279 10.8037 -7.51388 -32.2387 9.22504 11.1318 -23.3199 -4.45974 22.6272 -5.3785 -2.86727 28.3344 2.71303 14.1274 32.9318 0.771369 27.5414 20.6834 12.5829 26.4509 5.31074 3.59232 28.3029 -12.9995 -10.4322 16.0459 -16.387 -12.3482 -1.34684 -12.3407 -11.431 -16.8414 -25.2492 6.41497 -16.0414 -35.4476 0 0 0 0 0 0 0 0 0 0 0 0 0 0 0 0 0 0 0 0 0 0 0 0 0 0
18.442 -3.8854 -20.1379 11.705 14.5367 -26.3988 1.79363 25.4594 -13.4473 2.36338 23.305 5.94948 -10.0008 14.7753 17.415 -5.51229 3.95227 31.0605 -7.96414 -14.8364 30.3573 8.2779 -25.2793 25.3973 7.86697 -36.7717 8.95004 16.1925 -29.0695 -7.57612 17.0148 -10.4488 -9.98275 3.75846 -0.813397 -20.9236 -13.639 -3.46679 -14.9115 -23.3794 10.6006 -7.40557 -32.133 8.62885 10.9678 -23.2076 -4.92301 22.6163 -5.63818 -2.65986 29.3059 1.85699 14.755 33.3999 -0.253147 27.637 20.5954 12.1469 26.5146 5.67729 3.7585 27.6047 -13.0057 -10.4751 15.5211 -16.1551 -12.282 -1.99679 -12.5955 -10.6139 -17.1723 -25.8336 7.32478 -15.4629 -35.7985 0 0 0 0 0 0 0 0 0 0 0 0 0 0 0 0 0 0 0 0 0 0 0 0 0 0
18.4637 -3.8871 -20.135 11.7351 14.5393 -26.3922 1.83948 25.4692 -13.4348 2.42506 23.3191 5.96207 -9.94838 14.8246 17.4437 -5.47372 3.96484 31.0646 -7.98809 -14.8147 30.335 8.23137 -25.308 25.4071 7.83154 -36.7657 8.93542 16.2098 -29.0477 -7.55675 17.0343 -10.4247 -9.94562 3.79306 -0.780424 -20.8968 -13.6123 -3.43507 -14.9081 -23.3521 10.6236 -7.38517 -32.1189 8.62456 10.979 -23.1954 -4.93691 22.6177 -5.63562 -2.66869 29.3309 1.86404 14.7513 33.3944 -0.266606 27.6191 20.579 12.1638 26.5301 5.68359 3.80523 27.5839 -13.0149 -10.4505 15.5225 -16.1498 -12.2824 -1.99182 -12.5853 -10.5951 -17.176 -25.811 7.32373 -15.4295 -35.8053 0 0 0 0 0 0 0 0 0 0 0 0 0 0 0 0 0 0 0 0 0 0 0 0 0 0
20.7901 -5.71652 -20.1076 14.5671 12.8427 -26.5174 2.9972 23.193 -14.3497 3.47447 22.1701 5.17536 -9.45092 15.202 17.1915 -5.6974 4.52867 31.1979 -9.21214 -14.1388 31.0308 6.17535 -25.5658 25.3528 4.84167 -35.8731 8.10352 15.1219 -28.301 -7.49073 16.6711 -9.68925 -9.71649 3.67137 0.596263 -20.3952 -13.9561 -3.25591 -15.5828 -24.6664 9.78039 -7.40575 -32.0829 6.8228 11.4987 -22.3378 -7.38653 21.7526 -5.40844 -4.13354 29.7821 1.61425 13.864 32.2503 -2.63004 26.0587 19.1106 11.5894 28.1321 5.47693 4.97514 28.1906 -14.0574 -9.12561 16.1068 -17.8105 -11.6683 -1.07316 -12.9682 -9.20313 -17.3795 -24.8064 7.67467 -14.4304 -36.457 0 0 0 0 0 0 0 0 0 0 0 0 0 0 0 0 0 0 0 0 0 0 0 0 0 0
20.9122 -4.14292 -20.2117 14.0477 14.2236 -26.5568 2.54068 24.3473 -14.1365 2.76291 22.5763 5.35558 -10.0618 14.6106 16.9015 -6.04415 3.85793 30.7766 -9.29322 -14.8582 30.4602 6.36813 -26.0448 25.0406 5.47145 -36.4001 7.78621 15.911 -28.711 -7.64618 17.5568 -10.0829 -9.668 4.63221 0.381449 -20.2658 -13.0253 -3.43847 -15.5377 -23.6862 9.55393 -7.22602 -32.1016 5.91154 11.1794 -22.1182 -7.81708 21.873 -5.93405 -3.58507 31.077 0.403318 14.7622 32.9447 -3.79095 26.1992 19.0856 10.9274 28.2729 5.9723 5.13799 27.3116 -13.8444 -9.14706 15.3954 -17.4448 -11.39 -2.04011 -13.3518 -8.1656 -17.8177 -25.7602 8.91289 -13.9325 -36.8832 0 0 0 0 0 0 0 0 0 0 0 0 0 0 0 0 0 0 0 0 0 0 0 0 0 0
20.2254 -4.01629 -20.9523 14.6512 15.1212 -26.4615 3.19664 25.1315 -13.9002 3.32248 22.9976 5.55996 -9.88626 15.4293 16.9535 -6.41333 3.78269 30.2937 -10.2704 -14.8097 28.9036 5.41645 -26.2839 24.1513 4.87127 -37.0114 7.10201 15.0402 -29.2674 -8.48603 17.8121 -10.6504 -9.69366 4.83095 1.22891 -18.8253 -12.8115 -3.50338 -14.7782 -24.4023 8.87404 -6.69784 -33.0872 4.70861 11.4809 -22.5462 -8.40935 22.4379 -5.70349 -3.73631 30.2811 -0.802902 14.9746 33.4515 -4.21022 26.5788 19.4922 10.4981 27.1988 6.13778 4.1424 27.8125 -13.5899 -9.74048 15.6133 -17.8492 -12.029 -1.74603 -13.4566 -8.99437 -17.7375 -25.6422 7.80478 -13.9582 -37.231 0 0 0 0 0 0 0 0 0 0 0 0 0 0 0 0 0 0 0 0 0 0 0 0 0 0
20.2233 -4.01818 -20.9703 14.6787 15.1353 -26.4541 3.20955 25.133 -13.8962 3.3313 22.9984 5.56401 -9.87824 15.4263 16.9541 -6.40555 3.77981 30.2945 -10.2588 -14.8133 28.9029 5.4338 -26.2857 24.165 4.90276 -37.0185 7.11862 15.0595 -29.264 -8.47223 17.8192 -10.645 -9.67632 4.83994 1.22495 -18.823 -12.8036 -3.51124 -14.7851 -24.4044 8.867 -6.72035 -33.0831 4.71902 11.4653 -22.5532 -8.4103 22.4193 -5.71496 -3.74761 30.2784 -0.798238 14.9612 33.4366 -4.22281 26.5645 19.4807 10.4919 27.2229 6.13513 4.14657 27.8207 -13.5963 -9.73643 15.6204 -17.8523 -12.0172 -1.74197 -13.4679 -9.00175 -17.725 -25.6695 7.8035 -13.9554 -37.2526 0 0 0 0 0 0 0 0 0 0 0 0 0 0 0 0 0 0 0 0 0 0 0 0 0 0
20.1115 -4.0912 -21.0823 14.8102 15.185 -26.3834 3.1271 25.0556 -13.9196 3.26477 23.0768 5.55752 -9.83743 15.39 16.9958 -6.22678 3.69282 30.256 -10.1055 -14.8931 28.8382 5.57715 -26.3836 24.1116 5.05727 -37.0946 7.05119 15.1765 -29.2913 -8.53979 17.792 -10.653 -9.77655 4.71672 1.10145 -18.9367 -12.8869 -3.7005 -14.8015 -24.5315 8.68014 -6.80355 -33.1978 4.59831 11.4031 -22.6752 -8.51324 22.3856 -5.83431 -3.84304 30.2345 -0.961413 14.8638 33.4722 -4.37508 26.511 19.5502 10.4258 27.3419 6.30805 4.21379 27.7386 -13.4724 -9.67762 15.5327 -17.6847 -11.9326 -1.83347 -13.3016 -9.14532 -17.7981 -25.5837 7.63329 -14.1508 -37.2453 0 0 0 0 0 0 0 0 0 0 0 0 0 0 0 0 0 0 0 0 0 0 0 0 0 0
20.0336 -4.11679 -21.0629 14.6472 15.1199 -26.4226 3.07858 25.046 -13.8955 3.27641 23.0284 5.57729 -9.83215 15.4031 17.0496 -6.24728 3.65286 30.27 -10.1181 -14.9283 28.7681 5.57805 -26.3955 24.0295 5.06927 -37.092 6.95957 15.2356 -29.2976 -8.60533 17.8775 -10.6623 -9.8313 4.8032 1.12002 -18.9571 -12.7995 -3.63011 -14.7577 -24.3511 8.75646 -6.63356 -33.2117 4.46362 11.4333 -22.6369 -8.52469 22.5129 -5.76625 -3.76142 30.2425 -0.96177 14.9739 33.419 -4.39458 26.5586 19.4494 10.4346 27.4119 6.24036 4.27057 27.6515 -13.5583 -9.67842 15.4815 -17.6847 -11.8936 -1.91082 -13.3848 -9.19943 -17.8031 -25.782 7.70149 -14.2455 -37.2957 0 0 0 0 0 0 0 0 0 0 0 0 0 0 0 0 0 0 0 0 0 0 0 0 0 0
20.026 -4.11972 -21.0581 14.6299 15.1102 -26.4323 3.08406 25.0522 -13.8967 3.27633 23.0165 5.57428 -9.84008 15.3899 17.0368 -6.2696 3.60446 30.2298 -10.1814 -14.9652 28.6924 5.50341 -26.4664 23.9985 5.03267 -37.1384 6.9121 15.2631 -29.3395 -8.60869 17.8843 -10.7012 -9.83388 4.79737 1.06682 -18.9601 -12.7998 -3.68623 -14.741 -24.3528 8.70723 -6.62922 -33.2156 4.43009 11.4403 -22.6363 -8.53949 22.5375 -5.7259 -3.78829 30.1878 -0.915709 14.9407 33.3929 -4.3591 26.5504 19.4466 10.4566 27.4212 6.22357 4.27534 27.6075 -13.5704 -9.72965 15.4807 -17.6349 -11.9343 -1.92996 -13.4039 -9.20956 -17.7727 -25.858 7.69013 -14.1458 -37.352 0 0 0 0 0 0 0 0 0 0 0 0 0 0 0 0 0 0 0 0 0 0 0 0 0 0
20.0244 -4.11773 -21.0653 14.6514 15.1237 -26.4213 3.09802 25.0591 -13.8874 3.28555 23.0204 5.58328 -9.83759 15.4002 17.0423 -6.27607 3.61452 30.2375 -10.1937 -14.954 28.7 5.48542 -26.4587 23.9957 5.00296 -37.1267 6.90712 15.2637 -29.3491 -8.60442 17.8997 -10.7138 -9.84256 4.80761 1.06205 -18.9513 -12.7871 -3.69298 -14.7242 -24.3413 8.70277 -6.61766 -33.202 4.43324 11.4547 -22.6272 -8.54055 22.5512 -5.72276 -3.79022 30.2153 -0.909398 14.9392 33.4132 -4.35921 26.5457 19.4659 10.4461 27.4058 6.23046 4.24787 27.6094 -13.558 -9.741 15.4657 -17.6275 -11.9292 -1.94588 -13.3916 -9.20594 -17.7886 -25.846 7.68628 -14.1569 -37.3495 0 0 0 0 0 0 0 0 0 0 0 0 0 0 0 0 0 0 0 0 0 0 0 0 0 0
19.9348 -3.80725 -21.279 14.1652 15.3118 -26.6771 3.28933 25.4237 -13.6587 3.47668 22.5669 5.7263 -9.92254 15.0339 16.9272 -6.64623 3.55161 30.4704 -10.0602 -15.1348 29.0743 5.82317 -26.1843 23.9374 5.13776 -36.9424 6.91077 15.2377 -29.2609 -8.75532 17.953 -10.6425 -10.08 4.86902 1.15764 -19.1688 -12.7281 -3.56379 -14.9139 -24.1848 8.79104 -6.60583 -33.0918 4.29059 11.3892 -22.4077 -8.61188 22.465 -5.4224 -3.81611 29.9224 -0.774842 14.9056 33.4152 -3.98079 26.636 19.5106 10.9576 27.4385 6.42039 4.97495 27.1254 -13.4409 -9.56259 15.494 -17.1535 -12.1462 -1.91225 -13.1002 -9.26471 -17.7149 -25.5711 7.28725 -13.6633 -37.4417 0 0 0 0 0 0 0 0 0 0 0 0 0 0 0 0 0 0 0 0 0 0 0 0 0 0
20.5724 -3.35839 -20.9061 13.7979 15.3206 -26.7888 2.75493 25.3515 -13.8471 3.12475 22.7684 5.57655 -10.0566 15.1353 16.9708 -6.48585 3.78573 30.5553 -9.79853 -14.9348 29.3674 5.99532 -25.8817 23.7332 4.88739 -36.5595 6.6729 14.9568 -29.0229 -9.08387 17.9558 -10.4464 -10.4159 4.6813 1.65079 -18.8448 -12.8403 -3.61535 -14.8822 -24.9607 8.53699 -7.18824 -32.7865 4.87975 11.5529 -22.26 -8.81701 21.8554 -5.85866 -4.20896 30.7637 -0.766153 14.569 33.3626 -4.55834 25.8651 19.2267 10.3121 27.1073 6.08588 4.22062 27.5685 -13.7549 -9.72456 15.3715 -18.0146 -11.9164 -2.05378 -13.793 -8.19143 -17.9478 -25.9532 8.60246 -13.5774 -37.3777 0 0 0 0 0 0 0 0 0 0 0 0 0 0 0 0 0 0 0 0 0 0 0 0 0 0
20.5488 -3.31675 -20.9209 13.7936 15.3806 -26.7674 2.71547 25.3748 -13.8272 3.10771 22.8088 5.59827 -10.0544 15.1726 17.0126 -6.4651 3.7828 30.5586 -9.8113 -14.9293 29.3324 5.98318 -25.9012 23.7484 4.90594 -36.5919 6.69412 14.9553 -29.0362 -9.06639 17.946 -10.4573 -10.3836 4.68348 1.63536 -18.838 -12.8436 -3.61796 -14.8825 -24.9603 8.54524 -7.19979 -32.7796 4.91271 11.5489 -22.2587 -8.78203 21.8598 -5.85881 -4.17376 30.7706 -0.77616 14.6045 33.387 -4.55357 25.9074 19.2528 10.307 27.1092 6.09696 4.19504 27.623 -13.7363 -9.70389 15.3852 -18.0307 -11.8722 -2.03728 -13.7855 -8.20097 -17.9398 -25.951 8.6172 -13.6289 -37.3626 0 0 0 0 0 0 0 0 0 0 0 0 0 0 0 0 0 0 0 0 0 0 0 0 0 0
20.5121 -3.29176 -20.9223 13.7682 15.4161 -26.7482 2.68798 25.3986 -13.8008 3.08656 22.8243 5.62342 -10.0497 15.1347 17.032 -6.42206 3.74433 30.5673 -9.78785 -14.9653 29.3559 5.98682 -25.9547 23.7503 4.89005 -36.6101 6.67519 14.9482 -29.039 -9.07228 17.911 -10.4554 -10.3862 4.65457 1.61162 -18.8868 -12.8749 -3.60399 -14.8919 -24.9512 8.58831 -7.19156 -32.7903 4.94955 11.5477 -22.286 -8.75589 21.8613 -5.87549 -4.16797 30.7631 -0.778188 14.6041 33.3952 -4.55749 25.9241 19.275 10.2881 27.1155 6.1013 4.15337 27.6143 -13.7253 -9.74852 15.3712 -17.9952 -11.8923 -2.05768 -13.764 -8.22288 -17.9443 -25.9508 8.59025 -13.6162 -37.3633 0 0 0 0 0 0 0 0 0 0 0 0 0 0 0 0 0 0 0 0 0 0 0 0 0 0
20.4576 -3.28039 -20.8638 13.6973 15.3967 -26.7696 2.72374 25.4831 -13.8109 3.0471 22.8364 5.60524 -10.0803 14.9896 16.918 -6.41201 3.66752 30.4999 -9.75485 -15.0523 29.3826 6.01953 -26.0448 23.7823 4.93521 -36.6812 6.69449 15.0173 -29.1004 -9.03301 17.9308 -10.5099 -10.3609 4.63566 1.51733 -18.8577 -12.8764 -3.71787 -14.8119 -24.9768 8.49297 -7.17868 -32.8721 4.90089 11.5461 -22.3878 -8.76497 21.9326 -5.82549 -4.21849 30.576 -0.757567 14.5424 33.345 -4.52219 25.9525 19.2932 10.2834 27.1229 6.07247 4.08761 27.6091 -13.7356 -9.79027 15.3255 -17.9674 -11.8666 -2.11242 -13.739 -8.24121 -17.9789 -25.9654 8.62909 -13.7004 -37.3125 0 0 0 0 0 0 0 0 0 0 0 0 0 0 0 0 0 0 0 0 0 0 0 0 0 0
20.5017 -3.16748 -20.8535 13.5032 15.3969 -26.843 2.61371 25.509 -13.8331 2.99336 22.8349 5.57839 -10.135 15.0436 16.9284 -6.47454 3.72133 30.5123 -9.83811 -14.9952 29.4013 5.91687 -26.0042 23.7787 4.84358 -36.54 6.62763 15.0546 -28.9424 -9.00913 17.9086 -10.3424 -10.3345 4.61517 1.6315 -18.9094 -12.8983 -3.60732 -14.8743 -24.9732 8.56999 -7.14702 -32.8107 4.89251 11.5857 -22.2754 -8.79664 21.8902 -5.86146 -4.17561 30.7786 -0.759383 14.6103 33.3157 -4.6234 25.8783 19.1751 10.2682 27.2592 6.06933 4.21882 27.6668 -13.7865 -9.66708 15.4062 -18.0587 -11.8609 -1.98739 -13.705 -8.17732 -17.972 -25.7608 8.6464 -13.7318 -37.1915 0 0 0 0 0 0 0 0 0 0 0 0 0 0 0 0 0 0 0 0 0 0 0 0 0 0
20.35 -3.08587 -21.0705 13.8539 15.8285 -26.5624 2.31602 25.4095 -13.6825 2.9016 23.0416 5.76717 -9.99851 15.198 17.3454 -6.05745 3.88441 30.8609 -9.64533 -14.8014 29.9117 5.91084 -26.0216 24.1456 4.58302 -36.4515 6.94541 14.8465 -28.9424 -8.7001 17.7926 -10.3597 -10.0686 4.68739 1.62253 -18.9237 -12.9105 -3.37519 -14.9421 -24.7541 8.88402 -6.98249 -32.9159 4.83375 11.5414 -22.2232 -8.63312 21.9802 -5.7751 -3.77503 30.6823 -1.05662 15.0879 33.4203 -4.43641 26.2769 19.0844 10.4954 26.7519 5.92892 4.40871 27.4589 -13.9093 -9.55235 15.3312 -18.3185 -11.9033 -2.06996 -14.0742 -8.22862 -18.0171 -26.1824 8.71755 -13.8313 -37.4531 0 0 0 0 0 0 0 0 0 0 0 0 0 0 0 0 0 0 0 0 0 0 0 0 0 0
20.3271 -2.69253 -21.14 13.7534 16.2473 -26.4524 1.93814 25.5406 -13.607 2.51974 23.182 5.84395 -10.3899 15.3588 17.4253 -6.5267 3.4818 30.4919 -10.3068 -15.1308 28.829 5.38799 -26.3836 23.4999 4.77776 -36.2801 5.92088 15.6475 -28.2544 -9.07901 18.2341 -9.57932 -9.96784 5.00993 2.34429 -18.7262 -12.5403 -2.97558 -14.9383 -24.4481 8.80687 -6.33989 -33.5604 3.16999 11.4183 -22.2456 -9.60808 22.1085 -5.64324 -4.00513 30.1033 -2.01766 15.0621 33.3172 -5.05984 26.2258 18.882 10.2423 26.7889 6.14997 4.71412 27.0995 -13.8738 -9.3548 15.1217 -18.354 -11.9335 -2.24369 -14.0895 -7.95673 -18.2766 -25.993 8.87937 -13.8926 -37.3556 0 0 0 0 0 0 0 0 0 0 0 0 0 0 0 0 0 0 0 0 0 0 0 0 0 0
20.4129 -2.66064 -21.1092 13.9295 16.3316 -26.3462 1.92079 25.5106 -13.596 2.41372 23.2085 5.86441 -10.4995 15.3172 17.3958 -6.61771 3.49995 30.5112 -10.287 -15.1388 28.8884 5.46137 -26.302 23.5284 4.83856 -36.2679 5.98885 15.7251 -28.3206 -9.04074 18.3811 -9.65744 -9.97854 5.12579 2.30932 -18.6311 -12.4109 -3.04289 -14.8257 -24.3896 8.78532 -6.38831 -33.4081 3.36714 11.4874 -22.1662 -9.51092 22.1353 -5.59099 -3.99744 30.2491 -1.78959 15.0677 33.2773 -5.0189 26.1584 18.8251 10.281 26.9727 6.10154 4.75859 27.2016 -13.9251 -9.30146 15.1974 -18.3627 -11.8579 -2.15996 -14.052 -7.89203 -18.2178 -25.9256 8.93918 -13.8613 -37.306 0 0 0 0 0 0 0 0 0 0 0 0 0 0 0 0 0 0 0 0 0 0 0 0 0 0
20.6933 -2.40447 -21.7193 16.0548 17.8199 -24.772 2.09526 25.2734 -12.6169 2.26164 23.3965 6.90205 -11.1358 16.3453 18.4661 -8.20939 2.83906 30.3425 -12.1258 -15.5327 26.2126 4.33011 -26.6568 22.8499 5.52391 -37.4738 5.7294 15.1179 -28.2821 -9.57847 18.1489 -9.5909 -8.89572 5.86004 3.22237 -17.8581 -12.105 -1.64334 -15.3425 -24.0498 10.1466 -6.80326 -32.855 4.72333 11.1785 -22.1675 -9.33095 20.9892 -5.87983 -4.7843 30.3473 -1.21448 14.0561 33.7053 -4.5091 25.6263 19.6355 10.4701 26.3291 6.51926 4.40078 27.5697 -13.345 -9.15283 15.1215 -18.1858 -10.6741 -2.65781 -14.96 -7.44343 -17.6556 -28.5128 10.1008 -13.2183 -38.8079 0 0 0 0 0 0 0 0 0 0 0 0 0 0 0 0 0 0 0 0 0 0 0 0 0 0
20.7571 -2.53981 -21.6305 16.0692 17.6666 -24.7275 2.00181 25.0796 -12.6716 2.14436 23.3815 6.86481 -11.1807 16.2395 18.4575 -8.14583 2.73099 30.3045 -11.9473 -15.6592 26.1473 4.5793 -26.6806 22.7909 5.79721 -37.5802 5.72427 15.1147 -28.3276 -9.72031 18.2322 -9.65251 -8.97951 5.89688 3.25672 -17.741 -12.0503 -1.71736 -15.3074 -24.1269 10.0383 -6.90522 -32.8265 4.74989 11.169 -22.1092 -9.26973 20.9969 -5.8192 -4.68119 30.3306 -1.31999 14.1629 33.8992 -4.44544 25.8125 19.8553 10.5214 26.285 6.71252 4.43531 27.5056 -13.1478 -9.24025 15.164 -17.9216 -10.7601 -2.65403 -14.9089 -7.49241 -17.4904 -28.6315 9.99706 -12.8515 -38.9329 0 0 0 0 0 0 0 0 0 0 0 0 0 0 0 0 0 0 0 0 0 0 0 0 0 0
20.77 -2.49894 -21.6183 16.0925 17.7131 -24.6942 1.9975 25.1089 -12.6598 2.12216 23.4275 6.87816 -11.1948 16.2548 18.4611 -8.14406 2.73555 30.2918 -11.9774 -15.6477 26.1334 4.53099 -26.7025 22.7967 5.75607 -37.5885 5.72195 15.112 -28.3373 -9.70033 18.2272 -9.66211 -8.95373 5.91722 3.24556 -17.7532 -12.0391 -1.69517 -15.319 -24.0915 10.0793 -6.90829 -32.8052 4.79382 11.16 -22.1028 -9.234 20.9923 -5.81577 -4.657 30.3369 -1.3219 14.1822 33.9378 -4.42022 25.8499 19.9028 10.5227 26.2546 6.73031 4.40314 27.5325 -13.1163 -9.24158 15.1671 -17.917 -10.7373 -2.65321 -14.9057 -7.45829 -17.4837 -28.632 10.0363 -12.8371 -38.9213 0 0 0 0 0 0 0 0 0 0 0 0 0 0 0 0 0 0 0 0 0 0 0 0 0 0
20.7896 -2.48008 -21.6197 16.1254 17.7335 -24.7058 2.02839 25.1421 -12.6817 2.12977 23.4481 6.85531 -11.2082 16.2835 18.4191 -8.18252 2.76275 30.2545 -12.0153 -15.619 26.0889 4.49571 -26.6842 22.7998 5.75372 -37.588 5.73876 15.0989 -28.3355 -9.6892 18.2155 -9.66052 -8.94268 5.89799 3.24892 -17.729 -12.055 -1.71244 -15.3117 -24.1304 10.0509 -6.91843 -32.8198 4.783 11.1667 -22.1014 -9.23156 21.0006 -5.78985 -4.64517 30.2979 -1.33021 14.1931 33.9464 -4.38847 25.8803 19.9188 10.5264 26.1922 6.71164 4.36945 27.535 -13.1192 -9.24501 15.1477 -17.9492 -10.7275 -2.67146 -14.9244 -7.41444 -17.5107 -28.6331 10.0752 -12.8417 -38.9207 0 0 0 0 0 0 0 0 0 0 0 0 0 0 0 0 0 0 0 0 0 0 0 0 0 0
20.7766 -2.41543 -21.6821 16.0555 17.78 -24.8005 1.9867 25.1866 -12.7421 2.09658 23.4266 6.78921 -11.1885 16.1189 18.3253 -8.03053 2.66233 30.2003 -11.8713 -15.7467 26.1621 4.62434 -26.7816 22.6941 5.73697 -37.6476 5.59811 15.0222 -28.3916 -9.86407 18.2272 -9.7327 -9.0832 5.94503 3.25385 -17.8058 -12.023 -1.64773 -15.378 -24.0463 10.1418 -6.94631 -32.7928 4.83427 11.0998 -22.1467 -9.25884 20.9005 -5.8248 -4.77395 30.2297 -1.26886 14.035 33.9119 -4.42133 25.7887 19.9602 10.4325 26.2093 6.68677 4.17923 27.5595 -13.1137 -9.37919 15.0982 -17.9119 -10.7639 -2.72663 -14.8727 -7.39725 -17.5579 -28.5771 10.004 -12.7607 -38.9568 0 0 0 0 0 0 0 0 0 0 0 0 0 0 0 0 0 0 0 0 0 0 0 0 0 0
20.0755 -2.29119 -23.4925 17.3895 19.0117 -22.5201 1.4132 24.39 -11.4413 1.09523 23.7754 8.19557 -12.3705 16.9907 19.855 -9.61064 3.47079 31.7641 -12.9135 -14.9651 27.337 3.80394 -25.0278 21.8304 3.63649 -35.4741 4.38438 16.4459 -27.8696 -9.95015 19.4858 -9.12983 -10.4255 6.59546 3.21324 -19.2498 -11.1581 -2.26042 -16.3896 -23.3859 9.20247 -7.793 -31.8318 3.60668 10.314 -20.4513 -9.85856 20.2198 -6.45625 -3.72995 32.8297 -3.5233 15.6498 35.6045 -6.02654 26.1756 20.4717 9.57163 25.6382 8.00084 4.48063 27.6039 -12.1247 -8.48965 15.0032 -18.2227 -9.98291 -2.83573 -15.3152 -8.24454 -17.5397 -29.5574 9.48666 -14.0944 -40.0087 0 0 0 0 0 0 0 0 0 0 0 0 0 0 0 0 0 0 0 0 0 0 0 0 0 0
20.1665 -2.27487 -22.6542 17.0971 18.9987 -22.0982 1.28204 24.3219 -10.7601 1.25673 23.6282 8.87903 -11.8557 16.4252 20.7031 -8.62462 2.75436 32.3316 -12.2574 -15.6104 27.8544 4.11143 -25.6846 21.3105 2.99424 -35.7839 3.66585 16.0524 -28.7174 -10.7318 20.0096 -10.1241 -11.1137 6.98332 3.04686 -18.5814 -10.724 -2.72706 -16.0088 -23.4143 8.7195 -8.04824 -32.3605 3.36506 9.90005 -21.2809 -10.0101 20.274 -7.12324 -3.75529 32.6422 -5.00581 15.6453 36.1334 -6.46417 26.4524 21.0234 9.43054 25.0645 8.96006 4.95357 27.1049 -11.3135 -8.54688 15.1471 -17.6123 -10.4604 -2.78167 -15.4718 -8.14127 -16.9648 -30.1808 9.71467 -12.7889 -40.1796 0 0 0 0 0 0 0 0 0 0 0 0 0 0 0 0 0 0 0 0 0 0 0 0 0 0
20.1534 -2.27191 -22.6528 17.0812 19.0013 -22.0987 1.26896 24.3238 -10.7564 1.24906 23.6306 8.88277 -11.8521 16.4123 20.7101 -8.6014 2.74749 32.3401 -12.2419 -15.6196 27.8786 4.11989 -25.7024 21.3303 2.99917 -35.7837 3.67551 16.06 -28.7075 -10.715 19.9961 -10.1098 -11.1007 6.96555 3.04215 -18.5945 -10.74 -2.73132 -16.0084 -23.4237 8.71525 -8.03728 -32.3782 3.34621 9.9025 -21.295 -10.0242 20.2788 -7.13109 -3.76385 32.6369 -5.01426 15.638 36.1212 -6.48469 26.4407 21.0092 9.41347 25.0714 8.94821 4.93574 27.0966 -11.3268 -8.56429 15.1333 -17.6162 -10.4702 -2.79592 -15.4728 -8.14472 -16.9805 -30.1794 9.71226 -12.8018 -40.1751 0 0 0 0 0 0 0 0 0 0 0 0 0 0 0 0 0 0 0 0 0 0 0 0 0 0
21.4802 -1.54342 -20.7297 16.746 19.5097 -20.9388 0.97565 24.0539 -9.17298 1.57951 23.5352 10.473 -11.3859 16.884 22.7966 -8.69224 2.0803 33.2443 -13.475 -15.7124 27.3505 2.63809 -26.7888 21.7106 2.50368 -35.1668 3.02062 17.0628 -27.3369 -9.63932 18.5176 -8.22768 -10.688 4.81525 2.6402 -21.0222 -12.6056 -3.29575 -16.8496 -24.6011 7.92132 -7.45398 -33.6653 0.992001 9.96407 -21.3229 -11.1853 20.5327 -7.76616 -3.4124 32.8205 -7.63378 16.223 36.2101 -8.21681 26.6397 20.7358 7.70593 23.7943 8.87487 3.79018 27.0924 -11.3971 -8.90627 14.9188 -19.0112 -11.4509 -2.83088 -15.9337 -5.62797 -18.1782 -28.9659 11.4766 -11.1038 -39.0953 0 0 0 0 0 0 0 0 0 0 0 0 0 0 0 0 0 0 0 0 0 0 0 0 0 0
21.4722 -1.38074 -20.7327 16.6576 19.6537 -21.0005 0.918709 24.182 -9.18626 1.53826 23.5141 10.4553 -11.4367 16.81 22.7404 -8.71314 2.01834 33.1974 -13.455 -15.7883 27.3124 2.68492 -26.8352 21.6911 2.58011 -35.2273 3.00723 17.1451 -27.3914 -9.64233 18.6094 -8.28183 -10.6712 4.91954 2.60239 -21.0048 -12.5077 -3.32048 -16.8404 -24.4896 7.89498 -7.42546 -33.6373 0.911052 9.92744 -21.2961 -11.1888 20.5868 -7.85169 -3.3298 32.9441 -7.78433 16.3223 36.2393 -8.32682 26.6627 20.7122 7.64978 23.7932 8.92928 3.81306 27.0006 -11.3727 -8.90241 14.8337 -18.9658 -11.3811 -2.93838 -15.9631 -5.49074 -18.2097 -29.0545 11.6092 -11.0386 -39.1241 0 0 0 0 0 0 0 0 0 0 0 0 0 0 0 0 0 0 0 0 0 0 0 0 0 0
21.4779 -1.36716 -20.7293 16.6693 19.6686 -21 0.933106 24.2035 -9.18471 1.55262 23.5316 10.4567 -11.418 16.8158 22.74 -8.68903 2.01653 33.1849 -13.4469 -15.7843 27.2952 2.68382 -26.8472 21.6793 2.58693 -35.2202 2.98679 17.1674 -27.3823 -9.6437 18.631 -8.27254 -10.6699 4.93391 2.61373 -20.9918 -12.4895 -3.32338 -16.8315 -24.4847 7.88435 -7.42425 -33.6442 0.89206 9.91903 -21.3036 -11.1975 20.5907 -7.84594 -3.326 32.9257 -7.80918 16.3226 36.2424 -8.33126 26.6793 20.7254 7.64656 23.8003 8.9465 3.81489 27.0027 -11.3572 -8.90257 14.8372 -18.9492 -11.3792 -2.93584 -15.9506 -5.48273 -18.2038 -29.0432 11.6085 -11.0211 -39.1193 0 0 0 0 0 0 0 0 0 0 0 0 0 0 0 0 0 0 0 0 0 0 0 0 0 0
23.2278 -0.793684 -19.9258 16.3182 19.7313 -22.5621 1.64444 24.3937 -9.38065 3.40551 21.8965 10.1623 -10.0263 16.5325 22.6977 -8.33312 1.90854 33.6615 -12.1285 -16.0377 27.4338 4.49606 -25.7565 20.5884 4.11129 -33.3072 1.52904 19.063 -25.5277 -10.7091 20.0248 -6.41463 -12.3898 4.44794 4.00825 -20.7059 -12.0754 -3.85059 -15.5189 -25.7361 7.1285 -7.96289 -32.813 2.12872 11.2837 -19.7223 -9.96166 21.087 -6.084 -2.11649 33.2417 -6.49105 17.4244 37.2012 -7.33433 28.2766 22.0257 7.5246 24.4398 8.96318 2.1014 27.2864 -11.0963 -10.0013 13.9661 -17.8677 -10.8975 -3.95648 -14.45 -3.24737 -19.0298 -26.9798 12.3718 -9.82637 -38.1125 0 0 0 0 0 0 0 0 0 0 0 0 0 0 0 0 0 0 0 0 0 0 0 0 0 0
23.0945 0.273086 -20.0162 15.715 20.6135 -22.8582 1.27023 25.2261 -9.40427 3.03838 21.8244 10.0225 -10.4386 16.0727 22.3436 -8.48755 1.51206 33.3521 -12.0574 -16.5103 27.2063 4.70799 -26.0905 20.5062 4.5151 -33.7345 1.47994 19.5549 -25.9728 -10.6618 20.6149 -6.85695 -12.2547 5.12544 3.67599 -20.5965 -11.4638 -4.03187 -15.3905 -25.0044 7.06691 -7.79138 -32.7449 1.55688 11.0786 -19.5469 -10.0145 21.3788 -6.62729 -1.62261 33.9869 -7.5013 18.03 37.3476 -8.1198 28.4105 21.8223 7.159 24.4353 9.27796 2.2647 26.6952 -11.0078 -9.91069 13.3575 -17.6151 -10.3453 -4.67707 -14.6637 -2.36236 -19.2303 -27.6161 13.1241 -9.3975 -38.4147 0 0 0 0 0 0 0 0 0 0 0 0 0 0 0 0 0 0 0 0 0 0 0 0 0 0
22.6655 0.465524 -19.9213 15.0139 20.6826 -22.9398 1.08357 25.5006 -9.00399 3.17184 21.445 10.2791 -10.3561 16.3099 22.8324 -8.93113 1.58642 33.7187 -12.4626 -16.3209 27.213 4.36466 -25.8164 20.5467 4.29488 -33.3484 1.47419 19.9106 -26.1117 -10.2899 21.2199 -7.05604 -12.4384 5.47026 3.52987 -20.2303 -10.9472 -4.42825 -14.8475 -24.9269 6.63462 -7.97818 -32.6726 1.88447 11.1115 -19.6838 -9.69183 21.6742 -6.71903 -1.26267 34.2113 -7.36125 18.4543 37.2556 -8.10867 28.5806 21.5655 7.26119 24.6493 9.1182 2.49348 26.9095 -11.198 -9.75762 13.6599 -17.8436 -10.6093 -4.30358 -14.5194 -2.73614 -19.2944 -27.0476 12.8992 -9.92319 -38.053 0 0 0 0 0 0 0 0 0 0 0 0 0 0 0 0 0 0 0 0 0 0 0 0 0 0
22.6474 0.515656 -20.0648 15.0456 20.7692 -22.9653 1.08421 25.5186 -9.03688 3.21042 21.5296 10.2561 -10.2861 16.3979 22.8446 -8.86499 1.63767 33.6817 -12.4757 -16.2394 27.136 4.3338 -25.8507 20.5897 4.3407 -33.4007 1.52397 19.9669 -26.1266 -10.2032 21.2423 -7.06724 -12.3395 5.50002 3.48636 -20.1902 -10.9216 -4.48787 -14.8439 -24.9316 6.56263 -8.01636 -32.5419 1.97054 11.1676 -19.5664 -9.68861 21.6559 -6.77948 -1.3757 34.455 -7.12212 18.3866 37.2691 -8.08955 28.3275 21.4699 7.37714 24.6111 9.07426 2.64948 26.8163 -11.2575 -9.65793 13.6017 -17.8691 -10.5253 -4.36691 -14.5765 -2.68967 -19.344 -27.1447 12.9293 -9.96715 -38.1685 0 0 0 0 0 0 0 0 0 0 0 0 0 0 0 0 0 0 0 0 0 0 0 0 0 0
22.6402 0.551174 -20.1127 15.0864 20.8301 -22.9621 1.11516 25.567 -9.03926 3.23814 21.5818 10.2549 -10.2577 16.4361 22.8384 -8.82054 1.68311 33.6834 -12.4585 -16.1966 27.1598 4.33093 -25.8282 20.5919 4.29949 -33.3895 1.53065 19.9159 -26.1405 -10.225 21.2636 -7.07912 -12.3004 5.55272 3.56221 -20.0962 -10.8914 -4.43469 -14.8529 -24.9285 6.58634 -8.03327 -32.5453 1.9736 11.1432 -19.5661 -9.68337 21.6294 -6.80055 -1.37129 34.4504 -7.17599 18.3858 37.2965 -8.12248 28.3517 21.5117 7.31951 24.5969 9.09673 2.57388 26.8207 -11.2288 -9.66371 13.5537 -17.8656 -10.491 -4.4101 -14.5363 -2.65537 -19.3972 -27.0927 12.9218 -10.0128 -38.1693 0 0 0 0 0 0 0 0 0 0 0 0 0 0 0 0 0 0 0 0 0 0 0 0 0 0
22.6469 0.556529 -20.1047 15.0842 20.8311 -22.9613 1.12403 25.5733 -9.02911 3.25037 21.5709 10.2611 -10.2463 16.4315 22.8463 -8.8163 1.67596 33.6887 -12.45 -16.2022 27.1584 4.34078 -25.8249 20.5808 4.29972 -33.3927 1.52214 19.9062 -26.1423 -10.246 21.2665 -7.07954 -12.3004 5.56196 3.58111 -20.0826 -10.8868 -4.41542 -14.8533 -24.9211 6.60304 -8.02367 -32.5472 1.96763 11.1437 -19.5625 -9.68175 21.6314 -6.80492 -1.36243 34.4557 -7.19336 18.3943 37.3029 -8.12079 28.361 21.5174 7.31983 24.584 9.10751 2.59071 26.8389 -11.2185 -9.62682 13.5708 -17.8902 -10.4767 -4.38888 -14.5444 -2.64637 -19.3965 -27.0796 12.9487 -10.039 -38.1537 0 0 0 0 0 0 0 0 0 0 0 0 0 0 0 0 0 0 0 0 0 0 0 0 0 0
22.5162 0.630067 -20.3883 15.0387 20.9619 -23.0639 1.21563 25.6959 -8.99163 3.42378 21.4629 10.2417 -10.0797 16.5275 22.9029 -8.82771 1.72989 33.7116 -12.389 -16.1193 27.0619 4.48097 -25.7284 20.6665 4.55774 -33.524 1.69807 20.0079 -26.1141 -10.1791 21.2611 -7.02962 -12.1028 5.73482 3.5154 -20.4031 -10.8407 -4.17783 -15.1087 -24.5837 7.07821 -8.06392 -32.4236 2.18849 10.9568 -19.5601 -9.60788 21.4313 -6.73532 -1.43853 34.286 -7.19147 18.27 37.4581 -7.72933 28.5041 21.8186 7.37927 24.0486 9.20207 2.54058 26.7362 -11.0504 -9.64487 13.5584 -17.9603 -10.5712 -4.42953 -14.7852 -2.73989 -19.3478 -27.4268 12.8155 -9.89568 -38.4768 0 0 0 0 0 0 0 0 0 0 0 0 0 0 0 0 0 0 0 0 0 0 0 0 0 0
22.0205 0.475988 -21.1629 14.7332 21.0649 -22.416 0.192057 24.5808 -8.63926 2.4722 20.7596 10.6765 -10.915 15.6159 23.3805 -8.97541 1.35078 34.8385 -11.4542 -16.982 28.9069 5.75554 -25.1727 21.2767 4.96667 -33.2822 2.43385 19.3987 -25.4722 -10.5181 20.6018 -6.31491 -11.752 6.06973 4.19151 -21.9609 -11.1849 -2.24594 -16.9679 -23.1666 9.6504 -7.51021 -32.5727 1.24565 9.96139 -19.359 -10.1979 20.4032 -6.95912 -1.7073 33.4777 -9.89762 17.594 38.8234 -8.84122 29.5599 24.2623 4.93594 23.301 10.6882 -0.471792 27.7303 -9.19719 -10.0777 13.0736 -17.8357 -8.94554 -5.11513 -15.1981 -3.08343 -18.9354 -30.3552 13.4243 -9.55899 -40.1294 0 0 0 0 0 0 0 0 0 0 0 0 0 0 0 0 0 0 0 0 0 0 0 0 0 0
21.8046 2.2029 -21.2244 13.7893 22.5085 -22.9002 -0.329446 26.0182 -8.67609 1.94732 20.6457 10.3331 -11.5132 14.8844 22.7097 -9.19545 0.709317 34.2158 -11.3858 -17.6978 28.3936 6.03114 -25.767 21.1003 5.62098 -34.0514 2.31676 20.161 -26.1912 -10.4845 21.508 -7.02783 -11.4846 7.14982 3.69659 -21.7167 -10.2024 -2.61261 -16.8955 -22.0561 9.25777 -7.243 -32.1894 0.401278 9.61975 -19.0434 -10.2358 21.031 -7.91008 -0.950161 34.7904 -11.5668 18.5748 38.9335 -10.1175 29.7631 23.7619 4.38904 23.0459 11.1394 -0.0178049 26.6767 -9.1961 -10.0049 12.0303 -17.4282 -8.11505 -6.21254 -15.4886 -1.50776 -19.1893 -31.1267 14.6733 -8.70707 -40.3918 0 0 0 0 0 0 0 0 0 0 0 0 0 0 0 0 0 0 0 0 0 0 0 0 0 0
23.3139 2.58754 -20.4826 14.5354 22.6215 -21.7994 -0.927823 24.7826 -8.57692 1.01374 20.6787 10.831 -12.5714 15.1251 23.1688 -10.3938 1.10221 34.8906 -13.3557 -17.3484 29.4959 3.68493 -26.2657 22.2422 3.24567 -33.329 2.92084 19.9094 -26.9887 -8.40151 21.1695 -7.94119 -11.7386 6.70729 1.47873 -23.192 -10.576 -4.59802 -17.8185 -22.8211 8.23226 -9.82708 -31.94 1.65951 8.8447 -18.7161 -10.0536 19.1632 -8.72266 -2.32861 34.8982 -11.2275 17.3529 39.3205 -10.7548 28.4363 23.9783 2.98792 21.6723 10.5029 -1.42543 27.5802 -9.4246 -9.94405 13.1068 -19.746 -8.63726 -5.17176 -17.5743 0.222295 -18.1947 -32.2224 16.3238 -6.78537 -40.5776 0 0 0 0 0 0 0 0 0 0 0 0 0 0 0 0 0 0 0 0 0 0 0 0 0 0
24.2266 4.19699 -20.9559 17.1845 25.1328 -20.1267 0.321468 26.4091 -8.39678 0.800557 23.0122 11.3069 -13.1904 15.2714 22.2134 -10.1173 1.3797 33.9258 -12.4801 -17.2108 28.6811 4.64683 -25.3651 20.6921 3.49532 -32.9832 1.58974 19.6147 -26.763 -10.601 21.8838 -7.50229 -12.3403 7.74488 3.70352 -22.7331 -9.69048 -3.20501 -18.7894 -22.0961 8.34789 -8.99325 -32.2995 -1.58767 7.96514 -18.2953 -12.0411 18.7136 -8.78758 -3.06125 34.1409 -13.5023 16.3437 38.5422 -13.1185 27.5834 23.31 3.07117 22.9963 11.2374 -0.514785 27.7841 -9.20539 -9.24812 12.9591 -18.8567 -6.97418 -5.26646 -16.821 1.84211 -17.8065 -31.9246 17.1728 -5.68408 -40.7916 0 0 0 0 0 0 0 0 0 0 0 0 0 0 0 0 0 0 0 0 0 0 0 0 0 0
24.0761 4.61785 -20.9684 16.8656 25.5037 -20.3076 0.112462 26.7724 -8.41888 0.69245 22.9276 11.2052 -13.2891 15.0518 22.0279 -10.152 1.18988 33.7588 -12.4386 -17.4182 28.5417 4.74649 -25.5395 20.644 3.69938 -33.2024 1.55311 19.8477 -26.9533 -10.5847 22.1369 -7.68843 -12.2519 8.03874 3.56327 -22.6507 -9.41942 -3.29977 -18.7281 -21.7764 8.25274 -8.86979 -32.176 -1.78913 7.90826 -18.2329 -11.9986 18.9736 -9.09762 -2.79437 34.4999 -13.9745 16.65 38.5539 -13.4137 27.6753 23.168 2.92259 22.9257 11.3537 -0.40032 27.4749 -9.1911 -9.21328 12.6214 -18.7264 -6.68555 -5.59336 -16.8773 2.25707 -17.8644 -32.1305 17.4656 -5.48183 -40.8528 0 0 0 0 0 0 0 0 0 0 0 0 0 0 0 0 0 0 0 0 0 0 0 0 0 0
24.0175 4.65342 -21.0109 16.9258 25.5744 -20.1632 0.152942 26.8238 -8.30005 0.704754 22.9675 11.3226 -13.2938 15.0891 22.1214 -10.1895 1.17521 33.7997 -12.4834 -17.4089 28.5006 4.70334 -25.5072 20.5827 3.65175 -33.1442 1.48171 19.8201 -26.9133 -10.6388 22.1531 -7.65112 -12.2766 8.02462 3.66298 -22.5669 -9.41607 -3.27632 -18.6999 -21.8231 8.18749 -8.80046 -32.1788 -1.95911 7.94214 -18.1751 -12.0538 19.0369 -9.07202 -2.74064 34.5176 -14.0408 16.6966 38.4951 -13.505 27.6698 23.071 2.86828 22.948 11.2968 -0.428484 27.4507 -9.26261 -9.27638 12.5957 -18.7634 -6.72619 -5.61816 -16.9362 2.242 -17.8579 -32.1997 17.4298 -5.43897 -40.9066 0 0 0 0 0 0 0 0 0 0 0 0 0 0 0 0 0 0 0 0 0 0 0 0 0 0
24.0317 4.65728 -20.9955 16.9317 25.5755 -20.149 0.154976 26.818 -8.29068 0.700825 22.9524 11.3303 -13.3033 15.0746 22.1223 -10.2067 1.15586 33.7969 -12.4934 -17.4262 28.4874 4.69865 -25.5157 20.572 3.65472 -33.1499 1.46951 19.8257 -26.9138 -10.6448 22.1439 -7.65085 -12.2941 8.01356 3.64454 -22.6023 -9.42672 -3.28511 -18.7162 -21.8169 8.18593 -8.80396 -32.1705 -1.95796 7.94159 -18.1648 -12.0474 19.0387 -9.09108 -2.7411 34.5408 -14.0561 16.6992 38.508 -13.5221 27.6633 23.0774 2.85458 22.9403 11.3083 -0.435604 27.4426 -9.25216 -9.27872 12.5867 -18.7559 -6.71647 -5.62651 -16.9386 2.26468 -17.8512 -32.2065 17.4468 -5.41682 -40.9015 0 0 0 0 0 0 0 0 0 0 0 0 0 0 0 0 0 0 0 0 0 0 0 0 0 0
24.1317 4.66266 -20.964 16.9475 25.5555 -20.1957 0.159604 26.773 -8.35051 0.697859 22.9183 11.2728 -13.3019 15.0251 22.0594 -10.1789 1.16252 33.7938 -12.3985 -17.4479 28.5545 4.78655 -25.467 20.5519 3.68776 -33.0667 1.43863 19.8585 -26.8612 -10.6918 22.2152 -7.60262 -12.3384 8.05624 3.73592 -22.5601 -9.3677 -3.25741 -18.7142 -21.8319 8.17862 -8.85404 -32.1434 -1.96449 7.91799 -18.1056 -12.0273 18.9988 -9.11209 -2.73984 34.5591 -14.1041 16.6928 38.5298 -13.6032 27.6566 23.0977 2.77947 22.9714 11.3219 -0.509938 27.5154 -9.22962 -9.25628 12.6372 -18.7884 -6.66666 -5.56982 -16.9478 2.33137 -17.8008 -32.2007 17.524 -5.37057 -40.8831 0 0 0 0 0 0 0 0 0 0 0 0 0 0 0 0 0 0 0 0 0 0 0 0 0 0
24.3846 5.77711 -20.7822 16.007 26.2057 -18.5494 -1.51032 25.4408 -7.53437 -1.41608 21.9929 12.181 -15.4734 13.8615 22.7186 -12.1712 0.581088 35.0931 -11.8616 -18.376 30.014 5.95805 -23.6696 20.643 4.47536 -31.6889 1.71853 20.9804 -26.6336 -10.5547 23.6722 -7.53365 -13.5775 8.4531 3.65531 -22.4966 -8.39099 -4.79143 -18.6666 -22.108 5.92284 -9.55286 -30.8376 -4.08184 8.27543 -15.4725 -12.3026 19.3475 -8.69636 -2.2966 35.7606 -14.1097 17.3812 38.0021 -15.3015 26.6646 21.3214 2.13021 23.5669 10.3734 -1.01605 26.6517 -10.5237 -10.9971 11.6474 -18.7566 -8.15184 -6.5345 -17.028 3.59364 -18.0643 -31.2224 16.2024 -3.08088 -40.7709 0 0 0 0 0 0 0 0 0 0 0 0 0 0 0 0 0 0 0 0 0 0 0 0 0 0
24.147 4.98415 -19.9314 15.8382 25.4549 -17.8265 -2.08633 24.7231 -7.45659 -2.45513 25.3527 12.9742 -14.9629 15.3693 24.1497 -9.65447 0.904765 34.718 -12.3047 -17.7121 28.1884 5.83091 -25.7348 20.9599 5.41316 -33.2784 1.7505 21.6053 -26.2057 -10.1124 23.1089 -6.69435 -11.5938 8.17222 3.76579 -21.9092 -8.74969 -4.647 -18.3465 -22.0507 5.63367 -8.09702 -30.9916 -5.81849 8.81553 -15.575 -13.0465 20.5533 -7.5486 -0.722487 35.0369 -17.2256 17.7368 37.6783 -17.2643 27.9439 21.4293 0.78943 25.1853 11.3757 -1.65348 26.9586 -9.82085 -11.1264 11.313 -17.5011 -7.04287 -6.68705 -15.8973 2.95363 -17.8728 -31.8184 16.4759 -3.09066 -40.4764 0 0 0 0 0 0 0 0 0 0 0 0 0 0 0 0 0 0 0 0 0 0 0 0 0 0
23.8776 4.18793 -21.0838 17.2555 25.2668 -18.235 -0.538793 25.6783 -7.55943 -0.335725 23.2401 12.9762 -14.4864 13.9089 22.8956 -10.7788 -0.10004 34.8916 -12.507 -18.9999 28.7947 5.72494 -25.7885 20.4381 4.84657 -32.5809 0.943685 21.6228 -26.2621 -10.5716 23.5922 -6.83394 -12.6761 8.56201 3.72287 -22.758 -8.40383 -4.37267 -18.6549 -21.0433 6.01226 -7.65146 -30.5543 -6.02849 8.56113 -15.5466 -13.2701 20.8275 -7.65193 -0.76991 35.2343 -17.6893 17.4904 37.9461 -16.6341 28.3811 22.1238 0.756502 23.3758 11.4958 -1.87339 26.8772 -9.53465 -10.2268 11.2318 -18.5961 -6.17411 -6.74816 -16.6888 2.55702 -18.5512 -32.9707 17.2086 -4.80903 -41.6406 0 0 0 0 0 0 0 0 0 0 0 0 0 0 0 0 0 0 0 0 0 0 0 0 0 0
23.8695 4.2111 -21.0829 17.2369 25.2886 -18.248 -0.551838 25.6986 -7.563 -0.340103 23.2355 12.9696 -14.4897 13.8978 22.8843 -10.7797 -0.109285 34.8817 -12.5051 -19.0101 28.7868 5.72933 -25.7984 20.4354 4.85612 -32.5933 0.941675 21.6339 -26.2735 -10.5707 23.6054 -6.84512 -12.6707 8.5778 3.71515 -22.753 -8.38981 -4.37749 -18.6514 -21.0271 6.00816 -7.64617 -30.546 -6.03521 8.5599 -15.5454 -13.2642 20.8425 -7.67105 -0.754606 35.2523 -17.7161 17.5047 37.9427 -16.6479 28.3859 22.1147 0.749434 23.3715 11.502 -1.86541 26.8596 -9.53253 -10.2217 11.2124 -18.5882 -6.15655 -6.76595 -16.6918 2.58211 -18.5532 -32.981 17.2242 -4.796 -41.6429 0 0 0 0 0 0 0 0 0 0 0 0 0 0 0 0 0 0 0 0 0 0 0 0 0 0
24.027 5.09137 -21.3009 17.6623 26.084 -17.2087 -0.586704 26.0404 -7.27257 -1.17658 23.5821 13.2689 -15.3709 13.6479 22.558 -11.5079 0.5117 35.5249 -11.7301 -18.8218 30.3464 6.65561 -24.1459 21.135 4.99089 -33.0159 2.40003 21.0005 -27.4183 -10.6283 24.3974 -8.02834 -11.7458 10.1741 4.13564 -21.347 -7.25542 -3.79045 -18.8276 -20.3677 6.25889 -8.05032 -29.7265 -5.99394 8.09407 -14.6444 -12.9166 20.4574 -6.09023 0.222984 33.9488 -16.5818 18.1852 36.9881 -15.3087 29.6261 21.5588 2.12832 24.8546 10.8964 -1.20323 26.6265 -10.3336 -10.3818 10.4571 -17.7282 -5.44277 -7.33542 -15.9437 3.43442 -18.7106 -32.4569 17.0481 -4.1841 -41.6355 0 0 0 0 0 0 0 0 0 0 0 0 0 0 0 0 0 0 0 0 0 0 0 0 0 0
24.7684 6.28667 -19.8596 15.4735 26.83 -18.0197 -2.94254 25.3145 -8.3968 -3.66999 23.0711 12.1664 -18.1656 13.6115 21.5027 -14.7043 0.524346 34.6389 -13.1269 -18.7407 29.1276 5.68512 -22.1502 19.6607 4.67648 -31.3366 1.01719 21.9477 -27.1341 -11.0603 25.6781 -7.88789 -13.6586 9.75364 4.32453 -20.6783 -6.92376 -4.98076 -17.2949 -21.5126 5.73041 -8.93132 -30.4042 -4.52204 9.00212 -14.7549 -11.8067 20.4707 -6.20603 0.699328 34.5825 -16.1356 18.985 37.65 -14.1963 30.5664 22.3798 3.00747 24.9862 11.6979 -0.424932 26.3748 -9.54826 -9.94642 10.2189 -16.5467 -4.92941 -7.57752 -15.0165 5.22878 -18.296 -31.2933 17.7419 -2.65002 -40.3325 0 0 0 0 0 0 0 0 0 0 0 0 0 0 0 0 0 0 0 0 0 0 0 0 0 0
24.7651 6.29941 -19.8504 15.4653 26.8419 -18.026 -2.94611 25.3307 -8.3937 -3.6633 23.0758 12.1686 -18.1563 13.6143 21.5072 -14.6912 0.525095 34.6403 -13.119 -18.7395 29.126 5.69329 -22.1533 19.6612 4.68428 -31.3345 1.01512 21.957 -27.1317 -11.06 25.6866 -7.88548 -13.6593 9.76142 4.32594 -20.6792 -6.91613 -4.97544 -17.2857 -21.5005 5.74157 -8.92183 -30.4101 -4.51692 8.99926 -14.7726 -11.8164 20.4746 -6.21433 0.683435 34.5862 -16.1352 18.9728 37.6599 -14.2032 30.5525 22.3874 3.01279 24.991 11.7153 -0.40053 26.4016 -9.53251 -9.91735 10.2538 -16.5559 -4.91575 -7.54638 -15.0187 5.22855 -18.2815 -31.2933 17.7732 -2.65723 -40.3264 0 0 0 0 0 0 0 0 0 0 0 0 0 0 0 0 0 0 0 0 0 0 0 0 0 0
24.6528 6.39549 -20.0109 15.4733 26.9663 -17.8924 -2.8923 25.4401 -8.17478 -3.5079 23.0078 12.3716 -18.0637 13.6487 21.7164 -14.685 0.49505 34.8082 -13.0751 -18.7423 29.2095 5.70181 -22.0549 19.6377 4.65336 -31.5067 1.12703 21.7911 -27.2857 -11.135 25.5729 -8.03563 -13.6306 9.72059 4.23094 -20.7198 -6.99812 -5.05437 -17.4846 -21.5351 5.58489 -8.93838 -30.3537 -4.84739 8.92845 -14.6468 -11.9325 20.4456 -6.21449 0.725978 34.4931 -16.3563 18.9034 37.5198 -14.1779 30.6458 22.4019 3.06177 25.0255 11.7987 -0.290787 26.3599 -9.46391 -9.84606 10.2165 -16.4453 -4.75738 -7.57383 -15.078 5.1806 -18.1861 -31.5622 17.743 -2.53589 -40.526 0 0 0 0 0 0 0 0 0 0 0 0 0 0 0 0 0 0 0 0 0 0 0 0 0 0
23.8686 6.60388 -18.9915 14.533 27.0264 -16.1098 -4.11397 24.9278 -7.01384 -5.36456 23.2121 13.5983 -19.7211 13.3347 22.7344 -16.0637 -0.7709 34.7978 -15.2459 -19.6839 27.8567 4.77957 -23.852 21.0303 5.9374 -32.4036 1.93497 23.947 -26.5831 -8.55793 26.0715 -6.97819 -10.8278 10.4008 3.23079 -21.8832 -6.33505 -5.54271 -17.2674 -20.018 5.69102 -8.00855 -29.8716 -5.36051 8.98585 -14.829 -12.6756 21.2675 -6.11201 0.253773 34.9 -16.2612 18.4364 37.871 -16.243 29.1141 21.6149 2.90937 26.6341 12.4571 0.980503 27.0092 -9.09026 -8.36685 10.683 -15.9338 -3.51905 -7.10226 -13.6044 5.3429 -19.0358 -29.8867 19.3711 -4.78947 -39.2472 0 0 0 0 0 0 0 0 0 0 0 0 0 0 0 0 0 0 0 0 0 0 0 0 0 0
23.8188 6.70468 -19.0068 14.4541 27.1225 -16.186 -4.17095 25.0276 -7.04436 -5.3623 23.1898 13.5612 -19.7081 13.2818 22.681 -16.0344 -0.815779 34.7489 -15.221 -19.7329 27.8183 4.80866 -23.9163 21.0135 5.9806 -32.4676 1.91898 23.9942 -26.641 -8.5635 26.1267 -7.03402 -10.8084 10.4679 3.19297 -21.8642 -6.27744 -5.56446 -17.2525 -19.9429 5.67619 -7.9762 -29.8375 -5.39794 8.97969 -14.8272 -12.6465 21.3404 -6.21152 0.331757 34.9913 -16.4052 18.5075 37.8525 -16.323 29.1325 21.5618 2.85877 26.6079 12.4776 1.00406 26.9153 -9.07753 -8.34159 10.5793 -15.8999 -3.43778 -7.19856 -13.6305 5.47381 -19.0454 -29.9493 19.4308 -4.70707 -39.2765 0 0 0 0 0 0 0 0 0 0 0 0 0 0 0 0 0 0 0 0 0 0 0 0 0 0
24.8276 7.52873 -19.1815 14.9074 27.892 -17.8099 -3.10768 26.0341 -7.37114 -2.748 22.2405 13.1497 -17.9859 13.8654 22.5316 -15.5755 -0.110458 35.1262 -13.8224 -19.0743 28.4336 6.31743 -22.2178 21.3137 7.49644 -33.066 3.24825 24.4137 -26.6839 -8.80944 25.7656 -7.00927 -11.2048 10.7824 2.18139 -24.1761 -6.39334 -5.37379 -18.844 -17.6373 6.00484 -6.16764 -27.8615 -7.08569 9.27897 -13.1891 -13.172 22.7316 -3.98441 1.45496 34.4434 -15.6986 18.6999 37.8002 -15.3552 30.3602 22.1861 2.90114 25.987 11.6614 -0.308915 28.2311 -9.74953 -8.05522 11.427 -17.642 -2.21414 -6.08152 -15.288 6.73996 -17.7202 -31.7348 21.9022 -3.75875 -39.8378 0 0 0 0 0 0 0 0 0 0 0 0 0 0 0 0 0 0 0 0 0 0 0 0 0 0
24.4514 8.18764 -19.2687 14.3418 28.4839 -18.2712 -3.50035 26.7073 -7.51964 -2.80474 22.0754 12.8403 -17.9656 13.4945 22.1637 -15.4147 -0.447062 34.7695 -13.717 -19.4269 28.1076 6.4777 -22.7097 21.2046 7.77525 -33.5498 3.14206 24.7019 -27.0797 -8.85597 26.1135 -7.38126 -11.0221 11.2185 1.99219 -23.9658 -6.01621 -5.49772 -18.7314 -17.2367 5.87092 -6.02518 -27.6399 -7.25856 9.26995 -13.2225 -12.9386 23.1846 -4.72027 1.95595 35.1142 -16.765 19.1354 37.6535 -15.9248 30.4867 21.8195 2.56087 25.7495 11.8438 -0.103164 27.5413 -9.69641 -7.93572 10.6775 -17.377 -1.72769 -6.75979 -15.4032 7.5837 -17.8116 -32.0707 22.2443 -3.19114 -39.9768 0 0 0 0 0 0 0 0 0 0 0 0 0 0 0 0 0 0 0 0 0 0 0 0 0 0
24.4613 8.18559 -19.2695 14.3742 28.492 -18.2511 -3.48748 26.7169 -7.53162 -2.82866 22.0908 12.8309 -17.9889 13.4708 22.1193 -15.4283 -0.435093 34.7625 -13.7208 -19.432 28.1518 6.47073 -22.7174 21.2407 7.75825 -33.526 3.15843 24.716 -27.0791 -8.80834 26.1066 -7.38729 -11.048 11.1772 1.92721 -23.9948 -6.03637 -5.58432 -18.7218 -17.2799 5.80884 -6.05794 -27.6531 -7.28444 9.28867 -13.2096 -12.9271 23.1915 -4.8002 1.97693 35.1753 -16.8745 19.1488 37.6262 -15.999 30.4543 21.7613 2.51644 25.6998 11.849 -0.060947 27.5333 -9.69838 -7.89994 10.699 -17.4373 -1.74047 -6.75553 -15.4633 7.61065 -17.8059 -32.1096 22.2812 -3.18018 -39.9876 0 0 0 0 0 0 0 0 0 0 0 0 0 0 0 0 0 0 0 0 0 0 0 0 0 0
24.4764 8.07979 -19.5544 14.6193 28.4972 -18.4705 -3.17781 26.9244 -7.60991 -2.42566 21.8737 12.6532 -17.7279 13.4984 21.9368 -15.3856 -0.341904 34.6964 -13.3708 -19.3507 28.1993 6.81444 -22.2848 21.1028 8.15875 -33.8807 3.49521 24.7288 -27.4514 -9.03034 26.1022 -7.75743 -11.2624 11.158 1.55056 -24.1967 -6.07572 -5.79455 -18.7521 -17.0659 5.68998 -5.9455 -27.3229 -7.31564 9.5545 -12.8238 -12.6883 23.5092 -4.64881 2.39082 35.4398 -16.9346 19.4387 37.7172 -16.2089 30.5881 21.7328 2.32678 25.909 11.8221 -0.310416 27.5412 -9.73529 -7.8431 10.5051 -17.3454 -1.2587 -6.80172 -15.3913 7.55775 -17.9169 -32.2949 22.6385 -3.66396 -40.1012 0 0 0 0 0 0 0 0 0 0 0 0 0 0 0 0 0 0 0 0 0 0 0 0 0 0
24.4888 8.0904 -19.5329 14.612 28.4991 -18.4653 -3.17802 26.92 -7.5939 -2.41411 21.8331 12.6597 -17.7373 13.5092 21.9552 -15.4313 -0.335996 34.7161 -13.4089 -19.3437 28.2181 6.77741 -22.2692 21.1211 8.12661 -33.8692 3.51652 24.704 -27.4468 -9.00287 26.0779 -7.75422 -11.2464 11.1497 1.54312 -24.2069 -6.09432 -5.77271 -18.7557 -17.0476 5.71772 -5.92273 -27.3015 -7.28547 9.58132 -12.8009 -12.6512 23.5371 -4.62852 2.43301 35.4631 -16.9065 19.49 37.7145 -16.2278 30.5806 21.6869 2.3164 25.924 11.7817 -0.319943 27.5404 -9.77704 -7.85659 10.5003 -17.3743 -1.26671 -6.80454 -15.4211 7.59227 -17.9 -32.3155 22.6549 -3.61661 -40.1011 0 0 0 0 0 0 0 0 0 0 0 0 0 0 0 0 0 0 0 0 0 0 0 0 0 0
24.8943 7.86857 -19.4131 14.3212 27.9868 -19.2334 -3.38555 26.2854 -8.24362 -2.43133 21.5272 12.0854 -17.631 13.2595 21.6348 -15.1426 -0.385001 34.5806 -12.9798 -19.4663 28.3415 7.16116 -22.2719 21.066 8.40436 -33.6473 3.3054 25.203 -27.3811 -9.00109 26.7902 -7.70149 -11.2283 11.5335 1.86218 -23.6194 -5.511 -5.98988 -18.2564 -17.1645 5.44615 -5.97238 -27.1789 -7.50248 9.73589 -12.531 -12.5629 23.6561 -4.348 2.75758 35.276 -16.8705 19.6194 37.6728 -16.0361 31.0623 21.8957 2.40449 26.3087 11.842 -0.467278 27.6778 -9.70646 -8.15414 10.5758 -17.0159 -1.34679 -6.67472 -15.3155 7.31581 -17.5496 -32.4577 22.1914 -3.1099 -40.3184 0 0 0 0 0 0 0 0 0 0 0 0 0 0 0 0 0 0 0 0 0 0 0 0 0 0
24.4597 7.82582 -19.7985 14.5353 28.2796 -19.0172 -3.27485 26.7958 -8.16031 -2.535 21.9568 12.1598 -17.6488 13.1672 21.3941 -14.9599 -0.387634 34.3958 -12.9036 -19.5134 28.256 7.11644 -22.3741 20.6672 8.06136 -33.8499 2.94995 24.7498 -27.7619 -9.59772 26.8557 -8.07239 -11.3674 11.8682 2.17738 -23.5604 -5.38163 -5.40577 -18.4563 -16.7563 5.94881 -5.83191 -27.0438 -7.2156 9.52432 -12.6745 -12.3337 23.7166 -4.6101 2.96209 35.4525 -17.0774 19.9014 37.5922 -16.486 30.9141 21.4901 2.07887 26.3014 11.5978 -0.691895 27.3656 -9.98346 -8.27871 10.1351 -17.0973 -1.31292 -7.04257 -15.292 7.21673 -18.0396 -32.424 22.0712 -3.67826 -40.4685 0 0 0 0 0 0 0 0 0 0 0 0 0 0 0 0 0 0 0 0 0 0 0 0 0 0
24.4686 7.82862 -19.8016 14.5216 28.2718 -19.03 -3.28583 26.7738 -8.17049 -2.53854 21.9464 12.1521 -17.647 13.1574 21.3957 -14.9506 -0.396559 34.3968 -12.9063 -19.5238 28.2576 7.11215 -22.3974 20.6695 8.05068 -33.8777 2.95481 24.7294 -27.787 -9.60448 26.8421 -8.09699 -11.3606 11.861 2.16565 -23.5507 -5.39217 -5.418 -18.4588 -16.7706 5.93056 -5.83246 -27.033 -7.23727 9.5377 -12.6467 -12.3373 23.7193 -4.60847 2.96551 35.464 -17.0914 19.8955 37.587 -16.5019 30.8984 21.4781 2.0794 26.3079 11.6064 -0.668779 27.3689 -9.97796 -8.26372 10.1432 -17.0949 -1.30836 -7.03866 -15.2888 7.22198 -18.0384 -32.4187 22.0698 -3.67449 -40.471 0 0 0 0 0 0 0 0 0 0 0 0 0 0 0 0 0 0 0 0 0 0 0 0 0 0
25.5609 6.43858 -18.9172 15.2006 26.6963 -18.5602 -3.41473 24.7045 -9.09376 -3.92541 23.2292 12.0714 -18.3689 13.0661 21.0954 -14.6683 -1.03813 33.3145 -12.5575 -19.8353 26.169 7.94945 -22.643 19.8445 10.3246 -36.8131 3.94916 24.4592 -28.6204 -10.9693 25.5793 -8.64383 -10.7072 12.3623 1.57801 -25.0997 -5.92217 -3.8891 -20.3499 -14.8997 7.544 -5.63596 -25.7651 -5.98982 9.018 -12.0917 -10.8979 23.9918 -5.53235 4.38753 36.7713 -18.3201 21.2774 37.4214 -15.6489 32.4282 21.4898 1.64545 23.8083 11.0692 -1.40153 25.8896 -10.4269 -9.12804 9.01289 -18.2482 -2.85528 -8.42454 -16.2449 8.07799 -18.7436 -32.6152 20.6761 -2.18492 -40.9006 0 0 0 0 0 0 0 0 0 0 0 0 0 0 0 0 0 0 0 0 0 0 0 0 0 0
25.4279 6.67943 -18.9368 14.9996 26.9047 -18.7106 -3.5652 24.9324 -9.14067 -3.93942 23.1768 12.0082 -18.3643 12.9534 20.994 -14.6374 -1.1461 33.2106 -12.532 -19.9444 26.0665 7.99762 -22.7901 19.8323 10.4155 -36.9578 3.94115 24.5379 -28.7337 -10.9717 25.6824 -8.75933 -10.6465 12.4941 1.52354 -25.0219 -5.80312 -3.92841 -20.3036 -14.7789 7.48247 -5.57122 -25.6935 -6.06954 9.02943 -12.1284 -10.8354 24.1487 -5.80336 4.5342 36.9479 -18.6604 21.3817 37.3374 -15.8219 32.4534 21.3785 1.5391 23.7399 11.1459 -1.34012 25.6873 -10.387 -9.04996 8.77856 -18.1555 -2.63399 -8.62155 -16.2758 8.36372 -18.7431 -32.7276 20.7857 -2.01664 -40.9457 0 0 0 0 0 0 0 0 0 0 0 0 0 0 0 0 0 0 0 0 0 0 0 0 0 0
25.4212 6.67448 -18.9308 14.9821 26.8944 -18.7304 -3.58053 24.9249 -9.15562 -3.95053 23.1846 11.9946 -18.3635 12.9524 20.9895 -14.6201 -1.14734 33.2009 -12.5162 -19.9443 26.0528 8.01555 -22.7934 19.8271 10.4384 -36.9665 3.94155 24.5513 -28.7398 -10.9788 25.7015 -8.76592 -10.6458 12.5115 1.52643 -25.0129 -5.78541 -3.92609 -20.294 -14.769 7.49798 -5.57666 -25.7108 -6.03937 9.01729 -12.1593 -10.829 24.1413 -5.81419 4.52883 36.9446 -18.6504 21.392 37.3405 -15.8184 32.4512 21.3717 1.5387 23.7299 11.1392 -1.33272 25.6921 -10.3934 -9.0417 8.7894 -18.176 -2.64047 -8.61526 -16.2881 8.36308 -18.7479 -32.7291 20.8035 -2.03202 -40.9407 0 0 0 0 0 0 0 0 0 0 0 0 0 0 0 0 0 0 0 0 0 0 0 0 0 0
25.3875 6.92791 -18.902 14.8951 27.1218 -18.8513 -3.59148 25.2095 -9.11728 -3.75123 22.939 11.993 -18.42 12.9996 20.9113 -15.028 -1.16193 33.1589 -12.7757 -19.9318 25.9831 7.80881 -22.6516 19.8724 10.4313 -36.9656 4.143 24.48 -28.7329 -10.8348 25.5256 -8.75143 -10.5948 12.4576 1.39752 -25.1768 -5.89713 -3.81361 -20.4034 -14.5906 7.56739 -5.47555 -25.6084 -5.98294 9.04944 -12.1685 -10.6973 24.2973 -5.74256 4.7707 36.9285 -18.6245 21.5989 37.3304 -15.9151 32.6025 21.3014 1.43214 23.9131 11.0249 -1.54152 25.7844 -10.5023 -9.32748 8.86398 -18.1702 -2.91506 -8.53796 -16.2952 8.35296 -18.5449 -32.6367 20.4736 -1.62203 -40.9116 0 0 0 0 0 0 0 0 0 0 0 0 0 0 0 0 0 0 0 0 0 0 0 0 0 0
25.5041 6.70305 -18.7855 15.1218 26.9546 -18.8901 -3.42781 25.1908 -9.24668 -3.69705 22.6611 11.8349 -18.4824 12.7267 20.5669 -15.2461 -1.22035 33.1057 -12.5347 -20.0582 26.252 8.06486 -22.307 19.9823 10.9852 -37.1927 4.8227 24.2566 -28.9436 -10.8752 25.4496 -8.97098 -10.5459 12.6186 1.33304 -25.2321 -5.84438 -3.56182 -20.5295 -14.178 7.57947 -5.20928 -25.4394 -6.14239 8.97086 -12.2823 -10.9657 24.4344 -5.82218 4.47731 37.0788 -18.6718 21.3298 37.5023 -15.6752 32.548 21.6691 1.31626 23.461 11.1284 -1.78537 25.7081 -10.3485 -9.32544 8.81012 -18.3155 -2.91421 -8.58497 -16.3727 8.38953 -18.6411 -32.6595 20.6686 -1.78418 -40.8371 0 0 0 0 0 0 0 0 0 0 0 0 0 0 0 0 0 0 0 0 0 0 0 0 0 0
26.2748 6.98714 -18.3046 16.1504 27.3824 -16.1828 -3.26519 24.3533 -8.43652 -5.55405 22.9011 12.7486 -19.8547 11.2314 20.3269 -15.9519 -2.9382 32.4462 -13.8115 -21.6895 25.1285 7.32931 -25.1451 21.07 10.829 -39.3296 5.33351 24.1349 -30.1097 -9.82502 25.3779 -10.1611 -8.21684 14.4126 1.03288 -23.9087 -4.73061 -2.9751 -20.9536 -13.2718 7.21347 -5.05346 -23.5861 -7.55838 8.86276 -10.2276 -11.441 24.4484 -4.65333 4.53828 36.8904 -18.2417 20.8415 36.754 -12.5718 34.0214 22.8166 2.24347 22.6569 10.7313 -2.38265 25.5498 -10.4579 -8.82477 8.29197 -18.7007 -2.23392 -8.92029 -15.7137 9.95731 -19.5105 -31.0548 21.7001 -2.62563 -39.9801 0 0 0 0 0 0 0 0 0 0 0 0 0 0 0 0 0 0 0 0 0 0 0 0 0 0
26.1146 7.23745 -18.335 15.9186 27.6151 -16.386 -3.44407 24.5931 -8.50428 -5.54664 22.8516 12.6811 -19.8249 11.1318 20.2247 -15.9002 -3.03455 32.3407 -13.7594 -21.7855 25.0223 7.39176 -25.27 21.0421 10.9304 -39.4556 5.31537 24.2165 -30.2118 -9.84613 25.4883 -10.2692 -8.18678 14.5285 0.981016 -23.8424 -4.6172 -3.02092 -20.8955 -13.1564 7.15386 -4.98543 -23.5201 -7.62394 8.88783 -10.2937 -11.3625 24.6224 -4.98906 4.6879 37.0939 -18.6238 20.9499 36.6438 -12.7946 34.0436 22.6898 2.12205 22.5885 10.8139 -2.31561 25.3369 -10.4361 -8.75943 8.04174 -18.5995 -1.98799 -9.12436 -15.745 10.2605 -19.4936 -31.1932 21.8117 -2.43485 -40.0415 0 0 0 0 0 0 0 0 0 0 0 0 0 0 0 0 0 0 0 0 0 0 0 0 0 0
26.1146 7.23895 -18.3327 15.8988 27.6099 -16.4174 -3.45899 24.5827 -8.52573 -5.54904 22.8311 12.6601 -19.8377 11.1258 20.2066 -15.9285 -3.0241 32.3468 -13.7715 -21.7839 25.0557 7.37708 -25.2397 21.0372 10.9066 -39.4384 5.32024 24.2127 -30.2198 -9.83899 25.5015 -10.2768 -8.19567 14.5588 0.970028 -23.8657 -4.5933 -2.99568 -20.9111 -13.0945 7.15842 -4.96748 -23.4796 -7.6307 8.87781 -10.2882 -11.3611 24.6438 -5.03661 4.68882 37.1384 -18.6772 20.9447 36.6421 -12.8301 34.0206 22.6789 2.10958 22.5538 10.8433 -2.26114 25.3157 -10.419 -8.7479 8.04352 -18.5972 -2.03363 -9.14466 -15.7398 10.2656 -19.5168 -31.1457 21.7736 -2.44556 -40.0262 0 0 0 0 0 0 0 0 0 0 0 0 0 0 0 0 0 0 0 0 0 0 0 0 0 0
25.2999 7.06718 -18.9727 14.5672 27.222 -17.516 -4.48606 23.9408 -8.97473 -5.87574 22.4244 12.2996 -19.6239 10.4473 20.4477 -14.9198 -3.71211 32.3209 -12.6215 -22.3639 24.7939 8.45052 -25.3121 19.9356 11.6966 -39.4165 4.06977 24.9544 -30.2041 -11.1357 26.5067 -10.2942 -9.29858 14.8732 1.25509 -24.2691 -4.09082 -3.43292 -21.0646 -13.0434 7.23154 -5.6866 -24.1079 -7.0778 8.1615 -11.0949 -11.398 23.9372 -5.61837 4.28482 36.8088 -19.1193 20.6734 36.8215 -13.7146 33.6497 22.5798 1.66556 22.4596 11.0322 -2.03822 25.5523 -10.3242 -9.20029 8.65156 -18.7513 -3.06083 -8.82169 -16.258 8.86718 -19.2903 -31.8953 20.6416 -2.36667 -40.7146 0 0 0 0 0 0 0 0 0 0 0 0 0 0 0 0 0 0 0 0 0 0 0 0 0 0
26.0831 7.16716 -18.9648 14.7437 27.038 -18.0482 -4.31378 23.375 -9.66314 -5.95586 22.5809 11.6462 -19.7303 10.7988 20.0366 -15.0246 -3.37603 31.8908 -13.1697 -22.1026 24.4137 7.90621 -25.7241 19.9807 10.9746 -39.2398 3.55519 24.7828 -29.7848 -11.0235 26.2502 -9.90143 -8.8269 14.8002 1.86721 -23.7708 -4.20335 -2.86519 -20.8653 -13.3355 7.56118 -5.42678 -23.5915 -7.08442 8.71995 -10.0232 -11.0053 24.147 -5.54147 4.61594 37.517 -19.2181 20.8603 36.8147 -13.1378 33.9438 22.927 1.97457 22.4273 11.3389 -1.7634 25.5396 -10.0087 -8.93956 8.64685 -18.4397 -2.72794 -8.81657 -16.0553 9.35147 -19.093 -31.7058 20.6797 -1.94349 -40.6873 0 0 0 0 0 0 0 0 0 0 0 0 0 0 0 0 0 0 0 0 0 0 0 0 0 0
25.8943 7.28704 -18.9548 14.9859 27.3806 -17.5348 -4.26828 23.865 -9.53239 -6.30402 22.8619 11.7388 -19.7544 10.4491 19.7757 -14.7114 -3.43774 31.8403 -12.9327 -22.3221 24.7396 8.06334 -25.9448 19.928 10.8356 -39.203 3.2353 24.9893 -29.8339 -11.0718 26.6108 -9.97193 -8.7845 15.0815 1.95194 -23.5454 -3.88853 -2.96752 -20.7256 -13.2535 7.52518 -5.46964 -23.6578 -7.06471 8.62724 -10.1952 -11.0399 24.1335 -5.1628 4.77986 37.0868 -18.9782 20.9273 36.8444 -13.5492 33.9717 22.6348 1.93926 22.8342 11.1606 -1.89341 25.6225 -10.2177 -9.09441 8.59773 -18.3632 -2.61708 -8.77974 -16.0415 9.28677 -18.9567 -31.8928 20.6815 -1.78196 -40.7422 0 0 0 0 0 0 0 0 0 0 0 0 0 0 0 0 0 0 0 0 0 0 0 0 0 0
25.3322 7.86319 -20.0852 14.4937 27.9165 -17.5586 -4.79101 24.0204 -9.79681 -6.85128 21.672 11.4086 -21.1127 9.59589 18.608 -17.1251 -4.64744 30.7035 -13.4672 -23.1014 22.9286 7.9091 -24.5056 18.1061 12.0922 -39.3619 2.91698 26.4484 -30.7907 -11.7122 27.7542 -10.7497 -10.7563 14.649 -0.00911803 -25.2423 -3.83509 -6.18489 -21.3447 -13.757 5.51941 -7.26386 -23.4423 -8.03986 8.43031 -9.22991 -10.7969 23.5978 -4.97759 5.58397 36.169 -20.112 20.6081 36.2724 -15.6022 34.5281 22.5154 1.4595 25.2841 11.3268 -3.17126 26.4212 -10.1238 -8.86849 8.19363 -17.0845 -0.798751 -8.4387 -13.6283 8.96902 -19.8967 -30.2612 20.4414 -3.70113 -40.9109 0 0 0 0 0 0 0 0 0 0 0 0 0 0 0 0 0 0 0 0 0 0 0 0 0 0
25.3085 8.05675 -20.1378 14.4644 28.1266 -17.7668 -4.76532 24.2969 -9.83498 -6.57159 21.4975 11.3452 -21.0147 9.59042 18.4682 -17.2642 -4.684 30.6052 -13.3375 -23.0917 22.8471 8.04225 -24.1564 17.941 12.4474 -39.2222 3.01779 26.3461 -30.5496 -12.001 27.6093 -10.5073 -11.0135 14.3918 0.230246 -25.4001 -4.05254 -6.00822 -21.4136 -13.8508 5.50263 -7.08489 -23.4175 -8.27325 8.49535 -9.23904 -10.901 23.7182 -4.96363 5.60759 36.1151 -20.097 20.6336 36.0922 -15.5637 34.4601 22.2482 1.598 25.1928 11.2314 -2.93643 26.0962 -10.2523 -8.78746 7.83444 -16.9978 -0.634652 -8.77958 -13.6474 9.39824 -19.9726 -30.3073 20.4082 -3.46706 -40.9838 0 0 0 0 0 0 0 0 0 0 0 0 0 0 0 0 0 0 0 0 0 0 0 0 0 0
25.9165 7.33939 -19.1103 14.9706 27.5178 -18.1233 -3.7602 24.2527 -8.70926 -3.68216 19.2782 12.3441 -19.8277 9.58714 19.7197 -17.9299 -5.85322 31.0579 -14.0156 -23.7905 22.1774 7.56004 -24.9219 18.1395 12.275 -38.7241 2.03221 28.7116 -29.664 -10.4142 28.0365 -9.46002 -10.2273 13.3122 -0.567374 -24.6064 -4.37559 -8.59153 -19.9138 -15.136 2.63041 -6.01098 -23.7375 -11.3764 9.95774 -9.40277 -12.521 25.291 -6.42052 4.6417 37.2629 -21.7916 19.4253 35.2727 -15.3397 33.6679 22.4725 1.456 23.466 11.6718 -2.26743 25.6005 -9.93139 -8.66305 7.91609 -17.7675 -1.23384 -9.18776 -15.0853 9.54919 -19.4805 -31.8982 21.3162 -2.45151 -40.9848 0 0 0 0 0 0 0 0 0 0 0 0 0 0 0 0 0 0 0 0 0 0 0 0 0 0
25.6943 7.685 -19.1295 14.661 27.8267 -18.3618 -3.98349 24.6145 -8.75783 -3.68412 19.2474 12.202 -19.7864 9.48863 19.5832 -17.8193 -5.91935 30.9539 -13.9419 -23.8789 22.1021 7.64502 -25.0995 18.1495 12.365 -38.9066 2.04789 28.7717 -29.8284 -10.4248 28.1523 -9.62351 -10.1331 13.4843 -0.614388 -24.4978 -4.24639 -8.56886 -19.8478 -14.9521 2.64326 -5.89465 -23.6383 -11.3955 10.0005 -9.50012 -12.3591 25.531 -6.87412 4.85262 37.5213 -22.2497 19.5743 35.106 -15.6104 33.7005 22.2708 1.30095 23.3787 11.7631 -2.17193 25.3052 -9.90377 -8.55822 7.56765 -17.6275 -0.898508 -9.46512 -15.1305 9.97272 -19.4552 -32.0722 21.4642 -2.17762 -41.0497 0 0 0 0 0 0 0 0 0 0 0 0 0 0 0 0 0 0 0 0 0 0 0 0 0 0
26.4064 8.77759 -19.2049 14.8805 28.644 -18.2958 -4.01342 24.7549 -9.40238 -4.34499 20.072 11.7416 -19.7131 8.58431 18.4386 -16.575 -6.62761 29.8725 -12.6594 -24.5683 20.999 8.96098 -25.8283 17.2414 13.6971 -38.6639 0.31141 30.3272 -28.9691 -11.4186 29.8823 -8.77662 -9.90136 14.1745 1.18026 -22.61 -2.88151 -8.58938 -18.4925 -16.7553 3.46623 -7.64789 -25.2055 -9.10831 9.6693 -9.683 -10.6884 23.9014 -7.0371 5.56319 37.2656 -22.6862 20.2584 36.4294 -17.7501 33.8991 22.1789 -0.667431 24.0008 11.5309 -4.34917 25.8719 -10.1074 -7.98014 7.32389 -18.2482 0.667943 -8.98505 -13.8457 12.0102 -20.2939 -29.7075 23.1363 -3.55909 -40.1972 0 0 0 0 0 0 0 0 0 0 0 0 0 0 0 0 0 0 0 0 0 0 0 0 0 0
26.1362 9.12341 -19.2512 14.5362 28.9565 -18.5514 -4.26839 25.126 -9.44259 -4.33222 20.0405 11.6164 -19.6625 8.49703 18.3044 -16.4801 -6.67575 29.7782 -12.6049 -24.6481 20.9509 9.02255 -25.9976 17.2639 13.7616 -38.8623 0.356881 30.3637 -29.1662 -11.4117 29.9854 -8.97889 -9.80597 14.351 1.08984 -22.5177 -2.76529 -8.59276 -18.4432 -16.5373 3.47822 -7.4855 -25.0903 -9.18595 9.71651 -9.76594 -10.5477 24.189 -7.51057 5.77145 37.5484 -23.1813 20.4169 36.2451 -17.9954 33.9217 21.951 -0.810111 23.8658 11.6142 -4.20619 25.5513 -10.0888 -7.89994 6.95328 -18.0877 1.01321 -9.26998 -13.8885 12.4583 -20.2459 -29.9141 23.2702 -3.2337 -40.2945 0 0 0 0 0 0 0 0 0 0 0 0 0 0 0 0 0 0 0 0 0 0 0 0 0 0
25.8861 9.15846 -19.6389 14.3557 29.0244 -18.7177 -4.44887 25.1651 -9.62097 -4.52312 20.1336 11.4511 -19.8158 8.54417 18.146 -16.5828 -6.61865 29.6189 -12.5105 -24.5483 20.7913 9.13616 -25.6747 17.135 14.0384 -38.5818 0.305886 30.6216 -28.8206 -11.4357 30.1124 -8.63042 -9.89638 14.3447 1.2877 -22.5634 -2.66466 -8.56652 -18.4477 -16.6162 3.43816 -7.64263 -25.0747 -9.17453 9.64423 -9.66642 -10.5038 24.0309 -7.61526 5.65468 37.621 -23.2732 20.309 36.2637 -17.9339 33.9271 22.1322 -0.796479 23.8454 11.7409 -4.18592 25.6624 -9.9529 -7.63122 7.08154 -18.1065 1.27434 -9.11778 -13.7987 12.3454 -20.4364 -29.8567 23.4336 -3.7192 -40.4329 0 0 0 0 0 0 0 0 0 0 0 0 0 0 0 0 0 0 0 0 0 0 0 0 0 0
26.4133 6.96747 -17.2574 15.0824 27.0044 -17.5276 -4.04513 23.7443 -8.84426 -4.96446 21.1805 12.814 -19.2447 8.41731 19.7898 -14.5115 -7.28493 30.1271 -10.7641 -24.6157 19.9332 10.9232 -26.0494 16.6124 16.0138 -40.3847 0.933558 29.7223 -29.5115 -13.9437 29.6847 -9.47447 -10.2399 13.4668 2.09259 -21.0554 -3.50076 -7.94885 -17.2151 -17.4356 3.63981 -5.92617 -26.0505 -9.71828 10.7403 -11.1426 -10.7613 25.6893 -9.52273 5.69734 38.9877 -25.0123 20.4408 36.6493 -19.2984 33.3155 21.9431 -2.11506 22.5365 12.3041 -4.15597 25.0432 -9.5426 -8.14722 6.84039 -18.3268 0.776342 -9.63227 -15.084 11.2078 -20.2854 -32.0521 25.3469 -3.67535 -39.5989 0 0 0 0 0 0 0 0 0 0 0 0 0 0 0 0 0 0 0 0 0 0 0 0 0 0
27.303 7.25738 -17.5571 14.742 26.5543 -21.1261 -3.56129 23.9229 -10.391 -2.0255 19.5721 11.16 -17.8899 9.0155 18.93 -15.0569 -7.02381 29.6254 -10.7472 -24.3585 19.6449 11.1501 -25.9238 17.7523 17.1228 -39.4755 1.6434 31.7293 -27.8808 -11.8792 30.3148 -7.85224 -8.14358 14.5356 2.90492 -20.4832 -2.48171 -7.25482 -17.1722 -17.2138 4.5552 -7.09464 -26.702 -8.35689 9.47788 -12.3029 -9.56826 24.9224 -11.0565 6.79351 38.3862 -26.3997 21.6236 35.6242 -21.0262 33.4143 19.8366 -3.35257 22.4235 11.3085 -4.10441 24.7211 -10.6827 -8.40573 6.57082 -19.435 -0.0586628 -10.1432 -15.832 12.2055 -20.2317 -32.0279 23.7962 -1.87364 -40.5022 0 0 0 0 0 0 0 0 0 0 0 0 0 0 0 0 0 0 0 0 0 0 0 0 0 0
28.7288 9.02429 -16.6166 15.43 27.6263 -21.3463 -3.63845 24.0646 -12.1439 -3.69554 20.1751 9.61368 -19.0599 7.82238 15.9644 -15.3378 -7.40362 27.6439 -11.5966 -25.441 18.6384 10.2901 -28.3298 17.7179 16.156 -39.9462 -0.0586419 33.2129 -27.7878 -10.4509 30.9938 -7.90055 -6.26222 15.0698 2.57822 -18.6593 -1.60167 -8.40392 -16.0941 -17.894 3.16932 -8.01988 -27.1098 -8.83844 9.41317 -12.2097 -9.73778 24.4151 -11.243 6.43102 38.1392 -27.2922 20.6673 36.1116 -22.4015 33.5958 21.0095 -4.22926 23.8659 11.8898 -6.28871 25.4934 -10.1267 -9.57458 6.75408 -18.1564 0.348526 -9.17525 -14.5644 13.1911 -18.3144 -30.9136 23.1037 0.973826 -39.668 0 0 0 0 0 0 0 0 0 0 0 0 0 0 0 0 0 0 0 0 0 0 0 0 0 0
27.2284 9.17028 -18.1552 14.3795 28.5222 -21.2002 -4.32549 25.2074 -11.1492 -3.33153 19.9966 10.3749 -18.7732 7.78368 16.8106 -15.215 -7.09246 28.9985 -11.2533 -25.3787 20.5831 10.699 -27.4073 18.5223 16.0591 -39.1352 0.651733 34.3856 -28.1676 -9.05003 32.6869 -7.99428 -5.94389 17.2859 2.30716 -19.1626 0.399223 -8.39579 -16.8011 -15.7415 3.40599 -8.74864 -26.1023 -9.14148 7.70739 -12.3697 -10.0641 23.8676 -13.6763 5.18512 38.8352 -29.2973 19.6456 34.9924 -21.4202 33.9729 22.0549 -4.47178 22.4605 12.3981 -6.93602 24.4476 -9.55388 -7.94462 5.52153 -18.0796 3.64575 -9.39035 -14.5814 13.9918 -19.5425 -32.3255 25.424 -1.15526 -41.3443 0 0 0 0 0 0 0 0 0 0 0 0 0 0 0 0 0 0 0 0 0 0 0 0 0 0
25.8316 9.94087 -18.3464 12.826 29.25 -21.002 -5.63175 25.8039 -10.5341 -4.07 19.4797 10.6943 -18.2893 5.37915 16.4806 -13.6059 -8.34349 29.7478 -9.38441 -27.1932 22.6791 12.6207 -29.267 21.2251 18.4682 -40.4496 3.14285 36.0108 -28.2535 -6.65082 32.4953 -8.10951 -4.34775 17.5207 0.597355 -19.306 0.493071 -9.67721 -16.0109 -15.421 2.97841 -8.75545 -26.3876 -8.48383 8.14662 -12.774 -9.33898 24.4118 -13.5028 6.57191 38.7557 -29.1188 20.9957 34.7543 -21.424 34.8487 21.1805 -5.33666 22.6209 10.8654 -8.92604 24.1932 -10.9978 -9.41115 5.10353 -19.2223 2.25373 -9.59865 -15.0771 13.8594 -19.4948 -32.2331 24.1387 -0.507292 -41.4896 0 0 0 0 0 0 0 0 0 0 0 0 0 0 0 0 0 0 0 0 0 0 0 0 0 0
24.8325 11.0503 -19.4723 12.5933 30.9155 -21.8381 -5.24022 28.7751 -9.83969 -2.316 19.4291 10.3882 -17.4154 5.98564 15.6132 -13.9752 -7.78266 29.272 -9.22716 -26.6429 22.5459 12.8261 -28.0143 20.8196 18.7862 -39.3884 2.89221 36.2243 -27.1657 -7.05557 31.8213 -7.00382 -6.2637 15.5852 -0.31672 -21.1347 -1.00556 -10.5331 -15.4004 -16.7292 2.72265 -8.7742 -27.8317 -7.71085 8.73742 -13.4942 -9.60561 24.3421 -11.9134 6.66554 38.4037 -28.866 20.4082 37.1634 -24.953 33.2519 20.4158 -7.21871 22.2916 11.1667 -8.84477 24.4564 -10.9762 -8.2136 5.60613 -19.8224 4.39055 -8.51157 -16.2473 14.6053 -18.7135 -34.1679 26.8999 -0.347775 -42.4618 0 0 0 0 0 0 0 0 0 0 0 0 0 0 0 0 0 0 0 0 0 0 0 0 0 0
24.689 11.5626 -19.7913 12.7186 31.6444 -21.7288 -5.0253 29.5827 -9.5831 -1.99039 20.1369 10.5827 -16.5828 5.9799 15.437 -12.9069 -7.46594 29.3615 -8.70769 -26.5937 22.9981 13.2985 -28.5972 21.1731 18.8559 -39.8677 3.04596 36.0673 -27.5849 -7.22552 31.6915 -7.42654 -6.19409 15.5387 -0.521767 -21.0582 -1.12721 -10.6934 -15.4616 -16.8396 2.60055 -8.88512 -27.8948 -7.72021 8.72364 -13.4208 -9.82349 24.1775 -11.7093 6.26459 38.4363 -28.5012 20.2142 37.2923 -24.1837 33.4722 20.9568 -6.50085 22.5036 11.619 -8.45646 24.3283 -10.533 -8.06574 5.33505 -19.0916 4.84369 -8.60176 -15.8785 14.8333 -18.5274 -34.0847 26.2135 0.231787 -42.8629 0 0 0 0 0 0 0 0 0 0 0 0 0 0 0 0 0 0 0 0 0 0 0 0 0 0
24.6719 11.5783 -19.7948 12.6953 31.6558 -21.7397 -5.03886 29.6 -9.5788 -1.99266 20.1377 10.5776 -16.5832 5.97797 15.4292 -12.9073 -7.46721 29.3544 -8.71094 -26.596 22.992 13.2951 -28.6033 21.1685 18.8515 -39.879 3.04431 36.0652 -27.6014 -7.22928 31.698 -7.44139 -6.19303 15.5482 -0.526208 -21.0556 -1.12173 -10.693 -15.4624 -16.8251 2.60453 -8.87157 -27.8841 -7.7256 8.72928 -13.4203 -9.81338 24.1948 -11.7351 6.27813 38.4529 -28.5278 20.2243 37.2786 -24.1905 33.4741 20.9418 -6.50464 22.4941 11.6232 -8.44269 24.3079 -10.5313 -8.05488 5.30997 -19.0796 4.8664 -8.61839 -15.8774 14.8607 -18.5247 -34.0916 26.2139 0.251983 -42.8674 0 0 0 0 0 0 0 0 0 0 0 0 0 0 0 0 0 0 0 0 0 0 0 0 0 0
24.6603 11.5781 -19.7895 12.6982 31.6661 -21.7141 -5.04214 29.6072 -9.56265 -2.00661 20.137 10.5917 -16.5819 5.95233 15.4164 -12.913 -7.47918 29.3567 -8.71082 -26.6136 23.015 13.2952 -28.6129 21.1834 18.8489 -39.8893 3.05882 36.0628 -27.6134 -7.21659 31.689 -7.45401 -6.19557 15.5477 -0.552454 -21.0737 -1.13144 -10.6961 -15.4657 -16.8128 2.6236 -8.86715 -27.8877 -7.69757 8.72901 -13.4308 -9.8015 24.1989 -11.733 6.28742 38.4584 -28.5135 20.2483 37.2835 -24.1719 33.4839 20.9363 -6.50135 22.4812 11.6154 -8.4393 24.2987 -10.5388 -8.05131 5.3021 -19.0902 4.86088 -8.63238 -15.878 14.8745 -18.5342 -34.084 26.2106 0.251908 -42.8617 0 0 0 0 0 0 0 0 0 0 0 0 0 0 0 0 0 0 0 0 0 0 0 0 0 0
23.893 12.956 -19.2503 10.2497 32.0703 -20.8889 -7.19734 28.4442 -8.57492 -3.20307 18.907 11.4035 -17.4633 4.59642 16.8099 -12.8735 -9.21638 30.1404 -9.14324 -28.1896 22.9999 12.8805 -31.0502 22.321 18.9873 -41.4207 3.8023 35.8086 -28.0992 -5.88164 30.7319 -8.1361 -3.99519 15.7484 -0.787082 -19.9218 -1.32933 -11.2135 -16.0108 -16.8255 1.67125 -8.09415 -26.7608 -9.37673 9.79291 -11.9105 -10.0079 25.0954 -11.9796 6.06496 39.5834 -28.5546 20.0924 36.2642 -20.9374 34.8009 21.9794 -5.98598 20.8805 10.9475 -9.88918 22.829 -11.024 -8.22243 4.00046 -19.8907 5.15602 -9.4105 -16.2817 17.2192 -17.8873 -34.1355 25.8067 2.61822 -42.7832 0 0 0 0 0 0 0 0 0 0 0 0 0 0 0 0 0 0 0 0 0 0 0 0 0 0
24.2863 13.5908 -19.0006 11.8048 33.6713 -19.0407 -6.23101 29.7602 -7.64477 -3.28499 18.9371 11.9293 -16.8046 2.93876 14.8221 -13.061 -10.088 29.2585 -8.33296 -29.3545 23.4184 13.8632 -30.6518 21.7468 19.6994 -42.1014 3.74324 34.8841 -28.2573 -8.06454 29.4235 -8.45209 -5.5406 14.0899 -0.95127 -21.0678 -2.79711 -11.667 -17.0956 -18.2475 0.822987 -8.44695 -26.6906 -10.2497 10.2537 -11.4784 -8.48059 25.304 -14.4021 7.155 40.2635 -31.2455 20.4184 35.0562 -22.8255 35.2251 21.3007 -6.74348 21.5637 11.4743 -10.7442 21.3613 -10.6706 -7.90389 1.86536 -17.8993 8.12333 -9.18858 -15.3506 18.6679 -17.2103 -34.4464 27.6548 3.38902 -42.475 0 0 0 0 0 0 0 0 0 0 0 0 0 0 0 0 0 0 0 0 0 0 0 0 0 0
23.6879 14.7459 -16.8836 10.1189 34.1464 -18.9626 -7.96551 30.2528 -7.63756 -5.09071 19.5615 12.0201 -18.0142 2.99469 14.555 -13.5574 -10.4583 28.4218 -9.44523 -29.6357 21.7891 12.7519 -31.783 20.7893 18.7101 -41.9997 2.04113 34.2487 -27.4924 -8.5342 28.3558 -7.86367 -5.561 13.4893 -0.106683 -21.4257 -4.10158 -9.50563 -16.8935 -17.4798 3.70634 -5.5855 -27.0165 -9.4598 11.3819 -12.6673 -9.41085 27.5066 -13.4692 8.38926 40.6185 -31.6704 20.3079 36.3781 -25.4484 35.195 21.3636 -7.69263 22.9384 12.3236 -10.4708 22.5471 -10.0405 -8.09131 2.80601 -16.789 8.0402 -8.21675 -14.761 18.6805 -15.2107 -34.2358 28.425 5.68449 -40.6572 0 0 0 0 0 0 0 0 0 0 0 0 0 0 0 0 0 0 0 0 0 0 0 0 0 0
22.6043 15.7455 -17.9119 8.48984 34.8673 -19.0316 -8.81785 30.5083 -6.62628 -4.60999 18.8772 12.3254 -17.7634 2.54106 15.1948 -12.6637 -11.5018 28.2827 -9.74093 -30.612 20.7184 12.3298 -34.2848 20.1891 18.1381 -42.7983 0.465131 34.0408 -27.6 -8.62704 28.0416 -8.16584 -4.58041 14.162 0.801725 -20.778 -3.81871 -8.61515 -17.7958 -17.1893 3.73639 -5.4735 -26.0401 -10.5054 11.0447 -11.6356 -10.3667 27.12 -12.8196 7.20659 40.5165 -30.6222 19.4859 35.5787 -23.1359 35.269 21.9765 -5.67661 22.8535 12.5695 -8.23248 23.5608 -9.84142 -7.20626 3.91822 -17.3554 7.73889 -8.717 -14.6548 19.4035 -15.4375 -33.6681 24.9676 6.7622 -42.1883 0 0 0 0 0 0 0 0 0 0 0 0 0 0 0 0 0 0 0 0 0 0 0 0 0 0
21.9922 15.6654 -18.65 8.00685 34.8634 -20.0969 -8.815 31.2649 -6.74654 -4.15764 18.9911 11.7109 -17.2302 2.54546 14.328 -12.3984 -11.3109 27.7203 -9.25398 -30.5145 20.4776 12.8685 -33.8547 19.7972 18.5961 -42.7519 0.215097 34.0939 -27.4761 -9.45579 28.1341 -8.07055 -5.21295 13.6308 0.808346 -20.9252 -4.11836 -8.90086 -17.4699 -17.3899 3.26215 -4.85119 -25.7758 -11.1345 11.7825 -11.3614 -10.4192 27.8439 -12.4131 7.72816 40.4989 -30.5727 19.4962 35.5765 -23.7013 35.025 21.3409 -5.83596 22.8713 12.342 -8.04373 23.2996 -10.1174 -7.07314 3.5472 -17.3519 8.11614 -8.87425 -15.0021 19.2791 -15.6129 -34.3168 24.8944 6.57501 -42.8344 0 0 0 0 0 0 0 0 0 0 0 0 0 0 0 0 0 0 0 0 0 0 0 0 0 0
22.1328 16.1163 -19.0871 8.50464 35.6372 -19.7024 -7.95569 32.1334 -5.87099 -3.17604 18.5468 11.6826 -18.1157 3.67488 14.8623 -13.8202 -11.33 27.2598 -10.6392 -29.9671 18.5311 11.4191 -34.2146 20.2189 18.8461 -43.5777 1.34556 32.9171 -27.0724 -8.66977 24.8134 -8.11725 -5.37874 12.2635 -0.282167 -23.484 -6.53164 -8.09785 -20.0811 -17.584 4.44305 -5.49253 -25.5552 -10.207 11.131 -11.1638 -9.0842 27.1949 -14.5934 7.71894 41.5799 -32.4856 19.3613 35.3705 -24.8363 34.5413 21.1299 -6.67456 22.0468 13.1796 -8.2767 21.4206 -9.35949 -6.3604 1.39202 -15.7129 9.99383 -9.72806 -14.0141 20.7253 -15.7365 -33.8329 23.076 6.85806 -43.4434 0 0 0 0 0 0 0 0 0 0 0 0 0 0 0 0 0 0 0 0 0 0 0 0 0 0
22.7182 16.8967 -18.0565 8.3679 35.8865 -19.528 -8.45445 32.016 -6.22031 -3.73234 19.0928 11.8624 -17.8149 3.23622 14.4638 -13.0634 -11.4082 27.1396 -10.5067 -30.3636 18.8627 11.4681 -35.1393 20.3126 18.5546 -44.2899 1.19984 32.8277 -27.8524 -8.64327 25.2843 -8.78552 -4.61614 12.8172 0.047802 -22.3468 -5.92661 -8.17866 -19.6036 -17.9592 4.41371 -5.80204 -26.1887 -10.0405 10.8702 -11.7836 -9.10899 26.9353 -14.8967 7.83717 41.2287 -32.1915 20.1703 34.5933 -23.5154 35.4849 21.0478 -5.80763 22.3852 13.0118 -7.90967 21.2438 -9.47743 -6.03846 1.08138 -15.4227 10.3424 -9.98803 -13.6483 22.0099 -14.737 -33.3421 22.3159 8.18873 -42.674 0 0 0 0 0 0 0 0 0 0 0 0 0 0 0 0 0 0 0 0 0 0 0 0 0 0
22.4067 16.1367 -18.1169 7.43843 34.627 -20.0072 -8.09679 31.5165 -4.85141 -2.01297 18.2324 12.6177 -17.0886 3.5777 17.1697 -11.687 -11.6413 28.938 -9.7532 -30.2609 19.6998 12.0526 -35.8658 20.9803 18.5783 -45.5644 1.922 32.8023 -29.5295 -8.66474 26.2133 -10.2361 -3.92192 14.665 0.121438 -21.5392 -4.56854 -7.29331 -19.7083 -16.7173 5.80451 -6.46914 -26.4088 -8.32008 9.76721 -12.4741 -8.48146 26.3174 -15.428 8.06336 41.1214 -32.9002 20.4868 35.1162 -24.7399 35.3001 20.6735 -7.30727 21.9204 12.4875 -9.48472 21.0057 -10.0061 -6.71859 1.01497 -16.2521 9.82941 -9.67517 -13.655 21.5814 -15.6924 -32.9929 24.0603 7.07489 -42.6429 0 0 0 0 0 0 0 0 0 0 0 0 0 0 0 0 0 0 0 0 0 0 0 0 0 0
22.2266 17.7477 -18.5335 8.43032 37.3083 -19.235 -7.3207 34.1907 -4.30182 -1.94686 19.7574 12.5407 -17.2588 4.87967 15.5919 -12.6847 -10.4919 27.5428 -10.2943 -29.0307 18.2373 11.5977 -34.2436 19.7653 17.9235 -45.9249 1.64759 32.1041 -31.025 -10.7164 26.8561 -11.2124 -6.22286 13.9316 -1.20034 -23.1412 -5.14913 -8.6108 -19.6874 -16.2247 4.57897 -5.55445 -25.6824 -9.61956 10.7572 -11.5345 -9.81434 27.1275 -12.5855 8.28231 40.5768 -31.1351 19.7782 35.7874 -24.7214 35.1736 20.9548 -7.09694 22.819 11.502 -12.0277 20.1385 -10.6533 -7.14038 0.150289 -15.9679 10.8384 -8.38683 -13.6253 22.2469 -14.182 -33.2411 23.9263 8.61361 -43.0297 0 0 0 0 0 0 0 0 0 0 0 0 0 0 0 0 0 0 0 0 0 0 0 0 0 0
20.592 18.8479 -19.5878 6.88678 38.5054 -19.378 -6.53426 36.5209 -1.7507 -0.990268 18.1563 11.6686 -17.5666 4.2865 13.2892 -14.8503 -11.7935 25.0399 -11.0003 -29.7781 15.0054 10.7864 -34.7195 18.969 19.2426 -46.4312 1.61471 32.2923 -30.4373 -10.728 26.3404 -11.0265 -5.28515 15.0377 0.100972 -22.7824 -4.63832 -6.46787 -20.8116 -15.1353 5.52379 -5.10704 -24.6737 -10.1421 9.88046 -11.2957 -10.6508 26.9125 -12.2101 7.72187 40.001 -30.9009 19.0218 35.2881 -24.7133 34.478 20.4209 -7.01305 22.2963 10.8833 -11.2545 20.9217 -11.5835 -7.28157 0.907971 -17.6429 10.0648 -8.81967 -14.7851 22.7043 -13.1643 -34.1134 21.137 9.75189 -44.1783 0 0 0 0 0 0 0 0 0 0 0 0 0 0 0 0 0 0 0 0 0 0 0 0 0 0
19.1885 18.5243 -20.0902 5.87281 38.4548 -20.0132 -7.77498 36.7262 -2.5297 -1.92081 19.008 11.6461 -17.9384 4.4448 13.0468 -14.7876 -11.402 25.0161 -10.9858 -29.5229 15.2074 10.8223 -34.4058 19.1259 18.9768 -47.0206 2.23396 32.2105 -31.7843 -10.8959 27.5491 -12.0291 -5.26979 16.2945 -0.271443 -22.3973 -3.51353 -6.41248 -20.3183 -13.5674 5.58919 -4.32518 -23.4514 -10.0808 10.4382 -11.4353 -9.23695 28.5803 -15.2062 9.09528 41.526 -33.4119 19.8329 33.5409 -25.3718 34.5542 18.6806 -7.30412 21.391 11.0786 -9.9947 18.8565 -11.61 -5.34865 -1.40361 -16.4141 13.017 -9.67455 -14.7847 24.5834 -13.0859 -35.0245 20.906 9.81415 -44.7975 0 0 0 0 0 0 0 0 0 0 0 0 0 0 0 0 0 0 0 0 0 0 0 0 0 0
18.1814 17.4677 -21.1 8.06216 39.525 -18.7733 -7.7005 36.7902 -3.04025 -2.1552 19.714 12.0654 -18.7305 5.89706 14.8479 -15.3628 -9.99687 26.6977 -11.3928 -28.0082 16.7516 10.9914 -31.6969 18.9518 17.7645 -46.1147 2.7395 30.2349 -32.3653 -12.8851 28.8786 -12.0874 -6.35634 15.9572 1.04984 -21.4416 -3.32813 -6.69752 -19.1278 -14.4585 5.19225 -3.72744 -23.4027 -10.6246 11.5092 -11.521 -8.41146 29.6766 -17.6915 9.29383 42.8112 -35.3765 19.5246 32.9573 -26.289 33.9282 18.3492 -9.05699 19.6777 10.6438 -12.3703 16.7809 -11.9305 -6.13591 -3.10112 -16.7934 13.0072 -9.76708 -15.7797 23.4155 -13.9236 -36.5558 21.198 9.37859 -45.9359 0 0 0 0 0 0 0 0 0 0 0 0 0 0 0 0 0 0 0 0 0 0 0 0 0 0
18.2488 17.5542 -21.1909 7.68908 39.5136 -19.8513 -6.12864 37.8235 -1.988 -0.296471 19.4885 11.5894 -17.589 6.70958 15.2535 -14.297 -9.89335 26.1739 -10.1592 -27.287 15.1762 11.8942 -32.0025 19.02 19.0894 -47.1722 3.65264 29.4559 -33.6075 -13.8138 28.0205 -13.1104 -7.98206 15.5935 -0.396099 -23.859 -4.08778 -6.89112 -20.6517 -13.1931 4.72486 -3.5764 -22.1003 -11.5103 11.2477 -11.5465 -8.32792 30.1655 -20.9037 8.03733 43.6094 -36.9603 18.55 31.1256 -25.4513 33.7084 18.768 -8.46236 18.9904 11.3835 -10.7669 17.1069 -11.4689 -4.72152 -2.70338 -16.8672 14.3513 -9.59153 -15.9889 24.6798 -13.5389 -36.8469 22.3545 9.83792 -46.0159 0 0 0 0 0 0 0 0 0 0 0 0 0 0 0 0 0 0 0 0 0 0 0 0 0 0
18.4824 17.1282 -21.5286 8.85756 39.494 -19.4811 -5.35915 37.6753 -1.93866 -0.435354 18.6629 11.1141 -18.6843 7.41462 15.6031 -16.0232 -10.2908 25.0375 -11.0272 -26.5254 12.5296 10.7465 -31.6021 17.5355 18.1895 -47.7686 3.26822 26.5892 -35.1773 -16.1214 29.1442 -14.6251 -9.50125 16.5761 0.495473 -23.3408 -3.03848 -6.70147 -21.1458 -13.3829 4.47907 -4.43503 -21.2842 -12.2134 10.4926 -11.6614 -7.58341 29.6863 -24.47 6.47614 43.5347 -37.832 18.6386 28.9745 -23.335 33.5804 19.1341 -8.36214 17.1163 10.5916 -12.0475 15.9352 -12.1793 -5.0538 -3.27547 -18.7161 13.9431 -10.1059 -15.7348 26.3991 -14.5317 -35.4486 24.1259 8.39337 -45.7827 0 0 0 0 0 0 0 0 0 0 0 0 0 0 0 0 0 0 0 0 0 0 0 0 0 0
17.8707 16.9721 -21.4174 7.43246 39.0854 -20.436 -5.87007 37.8851 -2.08852 -0.744204 18.913 10.9468 -18.8157 7.22142 15.0464 -15.9599 -10.1833 24.9902 -11.0383 -26.7772 12.9189 10.8352 -31.5662 17.7822 18.2786 -47.9061 3.71164 26.7162 -35.5486 -15.8135 29.8569 -15.0472 -9.26167 17.3305 0.33706 -22.851 -2.33472 -6.70332 -20.5955 -12.5819 4.65162 -3.94123 -20.7609 -11.9034 10.9932 -12.01 -6.70635 30.4872 -25.6762 7.34107 43.5546 -38.5685 19.0861 28.2147 -23.7271 33.6515 18.31 -8.47948 16.8585 10.8828 -11.2171 15.0208 -12.0075 -3.97847 -4.3899 -17.6942 15.4726 -10.3238 -15.5532 27.2871 -14.1016 -35.8178 23.7596 8.84312 -45.8326 0 0 0 0 0 0 0 0 0 0 0 0 0 0 0 0 0 0 0 0 0 0 0 0 0 0
17.9791 16.7818 -20.8458 5.53957 38.0083 -21.168 -5.06645 37.8206 -0.799266 0.0926978 18.0535 11.0659 -18.0442 6.37277 14.9081 -15.4391 -10.6136 25.6561 -11.6224 -28.0287 14.2632 10.2837 -33.3447 18.4611 17.3153 -48.9037 3.26592 27.5443 -35.3351 -14.7185 28.0552 -14.7486 -7.17241 15.6843 -0.0910069 -21.7278 -3.86284 -7.70797 -20.2426 -15.2434 3.66187 -4.29588 -19.4998 -12.6932 13.0085 -11.0953 -3.27331 31.5322 -27.887 8.25528 44.0387 -39.2178 20.7974 27.9968 -22.8811 34.2615 18.7131 -8.46361 16.3527 12.1046 -10.6429 14.181 -10.8256 -3.11774 -5.25095 -16.0752 16.9709 -9.92856 -16.2438 26.5054 -13.328 -37.9083 24.2861 10.7229 -45.8494 0 0 0 0 0 0 0 0 0 0 0 0 0 0 0 0 0 0 0 0 0 0 0 0 0 0
18.8749 15.9002 -21.6904 6.78195 37.3198 -22.6698 -4.59314 37.4809 -2.69832 0.349589 18.0506 9.82204 -17.6592 5.73539 12.34 -15.4418 -10.4891 24.3861 -10.6238 -28.6022 14.3955 11.5901 -32.3163 19.0158 19.6381 -48.3887 4.81662 27.0824 -35.1901 -15.0308 30.4323 -14.7536 -7.26748 17.5354 1.23003 -20.0404 -1.58226 -7.79983 -20.1488 -15.0922 2.76344 -5.14658 -18.3036 -13.5204 12.4821 -11.0278 -2.94254 30.9291 -28.8798 8.07183 42.4861 -40.1912 19.6613 25.6856 -24.4221 34.7092 17.7003 -8.01834 18.1703 11.7127 -10.1611 14.7841 -11.106 -2.95164 -5.06323 -15.2706 17.0696 -10.0344 -15.3217 26.1991 -15.6469 -36.8171 27.133 8.33854 -45.8377 0 0 0 0 0 0 0 0 0 0 0 0 0 0 0 0 0 0 0 0 0 0 0 0 0 0
16.6346 15.7795 -22.023 5.65856 37.8318 -22.9569 -7.24973 37.6335 -3.85576 -1.30833 19.1894 9.80081 -18.4703 5.61261 12.2046 -15.2927 -10.2496 24.5619 -10.5247 -28.5057 14.8067 11.7528 -32.072 19.2402 19.5822 -48.6634 5.50461 27.0576 -36.1542 -14.7896 32.0883 -15.8622 -7.37139 19.061 0.751408 -19.2243 -0.258778 -7.85621 -18.8582 -13.3763 3.46309 -4.03499 -17.5128 -12.544 13.6808 -11.8937 -1.41145 32.4631 -30.8561 9.58012 42.3265 -41.27 20.2351 24.2772 -24.9238 34.5052 15.9658 -8.3299 17.3433 12.2203 -8.91982 12.4801 -10.525 -0.315313 -7.19737 -13.084 20.1873 -10.2089 -15.157 27.7616 -14.6611 -37.6159 25.9791 9.58425 -46.2266 0 0 0 0 0 0 0 0 0 0 0 0 0 0 0 0 0 0 0 0 0 0 0 0 0 0
15.4062 15.6852 -21.5798 3.34508 37.1317 -24.0658 -9.14518 37.8576 -4.67252 -2.65621 20.2804 9.91662 -18.994 5.5732 11.821 -15.2335 -9.90635 24.5197 -10.4505 -28.3522 15.1269 11.882 -31.7048 19.456 19.5901 -48.822 6.28619 26.8209 -37.0967 -14.5814 33.7579 -17.0854 -7.68806 20.6101 0.274335 -18.3626 1.11796 -7.92744 -17.5473 -11.6598 4.18621 -3.02996 -17.0038 -11.5021 14.6919 -12.9672 0.0760843 33.6836 -32.8393 10.9663 41.9109 -42.3133 20.744 22.8014 -25.3119 34.1082 14.223 -8.77421 16.4004 12.7292 -7.9728 9.99072 -9.72162 2.6506 -9.01665 -10.6451 23.2401 -9.86449 -15.0017 28.8074 -13.3297 -38.3332 24.8285 11.0364 -46.1492 0 0 0 0 0 0 0 0 0 0 0 0 0 0 0 0 0 0 0 0 0 0 0 0 0 0
15.24 15.6851 -21.5198 3.14198 37.0924 -24.1656 -9.48827 37.8533 -4.86377 -2.91898 20.4651 9.91741 -19.0754 5.54611 11.7414 -15.2 -9.85294 24.5041 -10.4161 -28.3366 15.1861 11.925 -31.6531 19.4986 19.6222 -48.8377 6.41019 26.735 -37.2324 -14.5656 34.0044 -17.296 -7.78915 20.8462 0.204889 -18.2213 1.32879 -7.92997 -17.337 -11.3919 4.30338 -2.86931 -16.958 -11.337 14.828 -13.1552 0.291157 33.8389 -33.1408 11.1584 41.8228 -42.4602 20.8168 22.5756 -25.3382 34.0063 13.9639 -8.86205 16.2122 12.8125 -7.85607 9.58202 -9.56804 3.14488 -9.22586 -10.2544 23.6674 -9.74695 -14.9915 28.8582 -13.143 -38.4231 24.6899 11.2318 -46.1156 0 0 0 0 0 0 0 0 0 0 0 0 0 0 0 0 0 0 0 0 0 0 0 0 0 0
15.0877 15.6102 -21.5796 3.14383 37.1215 -24.0886 -9.50849 37.8323 -4.79925 -2.93865 20.4215 9.95509 -19.1075 5.51627 11.7819 -15.2166 -9.92076 24.4941 -10.3714 -28.3581 15.1156 11.9531 -31.6719 19.5167 19.7258 -48.7957 6.39288 26.793 -37.1152 -14.5568 34.0538 -17.1937 -7.72738 20.8711 0.328597 -18.093 1.37803 -7.8772 -17.3236 -11.47 4.30496 -2.92468 -17.0789 -11.3611 14.7365 -13.2738 0.222885 33.774 -33.2434 11.1258 41.7493 -42.5576 20.7684 22.4916 -25.4267 33.9349 13.8626 -8.94725 16.1392 12.7822 -7.93615 9.42359 -9.5728 3.16641 -9.32709 -10.198 23.6791 -9.75812 -14.9875 28.8256 -13.1966 -38.4227 24.5444 11.1415 -46.17 0 0 0 0 0 0 0 0 0 0 0 0 0 0 0 0 0 0 0 0 0 0 0 0 0 0
15.7062 15.2512 -21.6784 4.06664 36.9883 -23.6997 -8.7734 37.3164 -4.5194 -2.09086 19.8448 10.113 -18.6602 5.48413 12.838 -14.5999 -10.0618 25.3661 -9.13556 -28.2263 15.771 12.8372 -31.7938 21.7651 21.4773 -48.6602 8.81907 25.8635 -37.1252 -13.1161 33.9786 -17.1483 -7.35655 21.1739 0.365682 -18.2169 1.58385 -7.63514 -17.7187 -11.1912 4.37376 -3.10807 -13.5036 -10.4413 16.3549 -11.1701 3.79857 34.0704 -32.8591 11.8829 41.5936 -41.3508 23.006 22.6794 -23.3285 35.5767 14.9109 -7.78444 16.9346 13.5052 -7.79028 9.95004 -8.81498 2.56126 -9.23924 -9.62281 22.7788 -10.5704 -15.5952 26.4275 -14.5509 -39.2798 22.2222 9.74218 -47.2107 0 0 0 0 0 0 0 0 0 0 0 0 0 0 0 0 0 0 0 0 0 0 0 0 0 0
19.4509 28.516 -43.409 -4.09157 30.8117 -34.3981 -10.9151 26.7493 -8.95882 -5.36554 12.0013 -0.344871 -15.5018 4.71735 11.0103 -4.45805 -8.11094 23.9303 -8.13468 -25.4695 29.6902 12.5278 -42.5537 26.2019 24.9723 -39.826 9.07426 31.3475 -34.0253 -11.6426 20.0115 -27.0241 -27.09 13.1224 -3.16628 -20.4328 -9.01256 5.72888 -15.9202 -4.79253 6.06962 4.54201 -7.70455 -0.836602 22.4588 -22.0763 -2.08438 43.6314 -34.0875 17.3896 41.0072 -31.9502 33.2036 26.0339 -14.5128 39.312 14.2524 -17.207 21.8818 -0.999418 -1.05564 12.4504 -10.0127 18.1405 0.805828 1.79646 12.4075 -13.4279 -14.3199 11.6103 -14.4829 -40.1279 7.37192 8.53217 -40.299 0 0 0 0 0 0 0 0 0 0 0 0 0 0 0 0 0 0 0 0 0 0 0 0 0 0
19.1841 30.4122 -42.4263 -4.29164 33.0796 -33.3521 -11.4721 27.6139 -8.32169 -6.52042 12.1847 -0.697946 -16.6128 4.91977 10.7081 -5.74767 -8.71727 22.8816 -9.30388 -26.4616 27.1315 12.1725 -42.6539 25.3293 25.49 -39.7266 8.94708 32.814 -34.6968 -11.6204 22.7199 -26.4398 -27.2069 14.931 -3.35109 -19.2061 -7.57848 4.74477 -15.1805 -3.6982 5.61943 5.32324 -7.76812 0.22811 23.4308 -24.14 -2.56869 42.6769 -35.4001 17.4094 41.0386 -33.9127 33.1382 25.9129 -16.9959 39.2137 13.4109 -18.4069 20.3372 0.0698029 -1.91389 11.9238 -9.25752 17.5485 0.27253 2.08792 12.8721 -12.7636 -15.2162 15.5093 -13.001 -40.6761 9.07459 9.37309 -41.2258 0 0 0 0 0 0 0 0 0 0 0 0 0 0 0 0 0 0 0 0 0 0 0 0 0 0
18.3207 29.4977 -44.1826 -4.28704 33.1656 -33.6009 -9.7044 28.8615 -8.00204 -6.88153 12.9759 -0.544693 -15.1733 8.07243 12.8417 -5.14594 -7.0839 23.6637 -10.084 -24.5973 27.1063 10.0866 -42.228 24.8679 23.9162 -39.6072 8.87825 31.8887 -36.1469 -11.7019 23.3111 -26.8426 -27.495 16.6214 -3.55102 -19.1783 -5.41229 5.97422 -16.2062 -2.75588 6.10136 4.45943 -7.60811 -0.21051 22.0199 -24.6741 -3.51213 40.5363 -34.6325 17.105 40.395 -32.9528 33.3733 25.8969 -16.1654 39.3699 13.1868 -16.6043 19.7091 1.0845 0.146434 11.8441 -8.24252 17.5238 -3.12618 1.75738 11.2949 -13.7116 -16.4408 15.5579 -13.9261 -41.6257 8.65392 8.27742 -42.6905 0 0 0 0 0 0 0 0 0 0 0 0 0 0 0 0 0 0 0 0 0 0 0 0 0 0
19.3002 29.603 -43.3602 -2.85242 34.7969 -32.5785 -8.77591 29.842 -7.22506 -4.97253 14.2069 0.257361 -14.2379 7.53943 11.8513 -4.29513 -7.44486 22.9804 -9.80704 -24.3784 27.8032 8.18279 -43.5499 23.3753 22.4612 -40.6929 7.84173 31.2834 -35.3864 -11.8607 22.9139 -26.055 -27.7475 16.4338 -2.65625 -19.5714 -5.44471 6.63667 -15.2991 -2.72847 4.1075 5.02805 -8.52928 -2.71517 22.0609 -22.9748 -3.04325 42.479 -34.8165 16.0929 39.9499 -32.7762 32.1846 25.308 -15.4881 38.5384 13.5251 -15.2423 19.1509 1.01278 2.02124 11.2359 -7.18625 17.1136 -5.92342 2.49606 12.0609 -14.1302 -17.0078 19.6138 -13.8165 -41.1569 11.3723 7.75422 -43.3951 0 0 0 0 0 0 0 0 0 0 0 0 0 0 0 0 0 0 0 0 0 0 0 0 0 0
19.1937 31.1505 -42.4249 -2.68593 36.9786 -31.4359 -9.29786 30.5984 -6.6326 -6.22346 14.4116 -0.188271 -15.4098 7.66479 11.422 -5.66689 -7.90443 21.8656 -11.035 -25.169 25.2107 7.94227 -43.5741 22.4791 22.8121 -40.6534 7.54694 32.3465 -36.1211 -11.9876 25.9099 -24.9022 -27.304 17.9769 -2.80886 -17.3826 -4.3282 5.87975 -14.7006 -2.58941 4.53325 5.78728 -8.63842 -2.07651 22.8146 -24.1836 -3.26337 42.3032 -36.7435 15.2741 39.1213 -34.4559 31.7348 24.9477 -17.2719 37.8004 12.872 -16.1192 17.5935 1.97508 1.15754 10.3314 -6.74159 16.7987 -6.73017 2.16415 13.308 -13.1618 -18.1693 23.3015 -11.9351 -41.2113 13.7243 8.87249 -44.4133 0 0 0 0 0 0 0 0 0 0 0 0 0 0 0 0 0 0 0 0 0 0 0 0 0 0
20.3915 30.1374 -41.9444 -1.16185 36.1572 -30.4442 -7.57522 29.1832 -5.75708 -5.98534 12.5552 -0.209739 -15.4775 6.15328 11.3405 -5.67566 -8.08681 23.3163 -10.2916 -25.3663 27.4407 8.616 -43.4774 23.1583 23.3116 -39.4888 8.34077 33.2192 -36.3016 -11.2239 28.2644 -24.5091 -26.5781 18.3083 -3.27383 -16.8544 -4.51815 4.02254 -15.7488 -3.95625 3.33279 4.79331 -10.1577 -3.58997 21.6359 -22.9975 -3.49892 42.7632 -35.6571 15.0577 40.2166 -35.8864 30.135 24.7333 -20.1309 36.9097 11.3362 -18.2197 16.5044 0.96971 -0.463926 9.26207 -6.64956 14.8401 -7.38511 3.45005 12.7189 -14.1608 -16.9116 23.9599 -12.9075 -39.3265 14.586 7.90303 -43.0269 0 0 0 0 0 0 0 0 0 0 0 0 0 0 0 0 0 0 0 0 0 0 0 0 0 0
20.399 31.4392 -40.8804 -0.961073 37.8847 -29.261 -8.12119 29.8062 -5.16606 -7.34536 12.8759 -0.601752 -16.4833 6.42673 11.1969 -6.72402 -8.60296 22.1248 -11.2505 -26.1262 24.8075 8.44599 -43.6083 22.4564 23.6204 -39.9096 8.06927 34.0912 -36.6642 -11.1791 30.968 -23.4023 -25.5771 19.7477 -3.2004 -15.2079 -3.32707 3.24482 -14.9025 -3.30188 3.17606 5.64235 -9.9738 -3.20532 22.5036 -24.9779 -4.45357 41.8675 -36.5431 14.8306 40.0957 -37.5255 29.564 24.3378 -22.4683 35.9912 10.0485 -19.1562 14.988 1.75582 -1.32192 8.51019 -6.30409 14.4686 -8.14654 2.94795 13.6912 -12.8904 -17.9255 27.0156 -11.1645 -38.9833 17.1197 9.09589 -43.9003 0 0 0 0 0 0 0 0 0 0 0 0 0 0 0 0 0 0 0 0 0 0 0 0 0 0
20.2947 30.6227 -41.1187 -0.214579 38.5706 -29.0433 -7.66921 30.6836 -4.97688 -9.57732 13.9034 -1.08003 -16.5351 8.07092 12.1383 -6.12279 -7.61976 21.1636 -11.1581 -24.641 25.2946 7.4307 -43.1922 22.6565 23.1584 -39.9268 8.79518 34.3284 -35.8553 -9.85416 30.6044 -23.5771 -24.906 18.8156 -3.2387 -15.5499 -4.41714 1.71771 -13.4653 -2.78968 2.03687 6.94566 -9.15043 -2.1752 24.4423 -23.9815 -1.25839 43.8362 -36.4001 16.8503 39.5631 -37.5945 29.4464 22.2636 -22.2905 36.1516 8.38077 -19.0774 15.3945 -0.521466 -0.895513 8.08588 -6.51297 12.3621 -9.99102 3.52674 14.1651 -13.6912 -17.3088 29.8246 -10.975 -36.2995 19.0569 8.08005 -43.1879 0 0 0 0 0 0 0 0 0 0 0 0 0 0 0 0 0 0 0 0 0 0 0 0 0 0
20.4131 30.5506 -40.6679 0.911981 38.9648 -27.4058 -6.20716 30.1899 -3.56606 -9.1138 13.429 -0.514639 -16.1263 7.32972 12.5498 -5.77501 -8.57001 21.2662 -11.1005 -25.3705 25.8674 6.56691 -44.5724 22.1978 22.701 -41.2035 8.85399 34.4863 -35.9919 -9.05876 30.6033 -23.9995 -24.295 19.85 -3.05219 -15.1154 -3.07275 3.11318 -13.2132 -2.85617 -0.35838 6.54731 -10.9143 -4.6112 23.2128 -25.1642 -2.10571 42.826 -37.505 15.7827 37.6127 -37.9643 28.0419 20.0587 -22.0601 34.8575 6.96223 -17.0391 13.9397 -0.204398 1.82289 7.20296 -3.2063 12.8779 -13.1949 3.29919 13.5946 -13.8917 -17.6732 28.8936 -11.3587 -36.9738 18.6003 8.12345 -43.3208 0 0 0 0 0 0 0 0 0 0 0 0 0 0 0 0 0 0 0 0 0 0 0 0 0 0
20.4235 30.5481 -40.6178 0.879768 38.9154 -27.389 -6.22038 30.1689 -3.53319 -9.16739 13.4172 -0.470133 -16.1733 7.34215 12.6091 -5.83055 -8.5579 21.335 -11.153 -25.3681 25.9041 6.54056 -44.5504 22.2585 22.674 -41.1736 8.91591 34.4562 -35.9868 -9.00609 30.5746 -24.0077 -24.2532 19.8044 -3.05986 -15.0947 -3.12437 3.07597 -13.1702 -2.88457 -0.396798 6.58976 -10.9326 -4.58829 23.2756 -25.1398 -1.99127 42.9075 -37.631 15.7491 37.5545 -38.0113 28.0289 20.0133 -22.0524 34.831 6.97655 -17.0793 13.9179 -0.23677 1.76582 7.1558 -3.28646 12.8153 -13.2487 3.20725 13.5731 -13.9111 -17.7648 28.9144 -11.3681 -37.0303 18.6514 8.13059 -43.3751 0 0 0 0 0 0 0 0 0 0 0 0 0 0 0 0 0 0 0 0 0 0 0 0 0 0
19.587 30.9055 -40.7342 0.559946 39.3041 -26.8178 -6.18591 30.0358 -3.06491 -9.46804 13.286 -0.403758 -16.8745 7.08344 12.3816 -6.78602 -8.87276 21.2948 -12.0103 -25.8945 25.0391 6.31288 -44.5953 22.3271 22.8287 -40.9144 9.56701 35.1282 -35.5777 -7.94595 31.5274 -23.8303 -23.4341 19.9881 -3.05934 -14.8839 -3.13456 2.35049 -13.3136 -2.90328 -0.228623 6.56241 -10.7535 -4.46601 23.3292 -25.0164 -2.12218 42.951 -37.9633 15.2463 37.4957 -38.0941 27.9868 20.2937 -22.0667 34.52 7.20676 -17.0509 13.4674 0.460688 1.78924 6.76512 -2.74351 12.6309 -14.0281 2.67435 13.3955 -13.6127 -18.2761 28.8671 -10.856 -37.4054 18.4007 8.50457 -43.8353 0 0 0 0 0 0 0 0 0 0 0 0 0 0 0 0 0 0 0 0 0 0 0 0 0 0
19.9346 32.0566 -39.4604 0.778897 40.4034 -25.6917 -6.77508 30.4396 -2.50085 -10.9918 13.8348 -0.682709 -17.9085 7.1922 12.1388 -7.71057 -9.24574 19.8859 -12.8271 -26.4769 22.4275 6.06459 -44.6772 21.5254 22.9799 -41.2022 9.25788 35.8389 -36.2376 -7.94424 34.3369 -22.718 -21.9463 21.4893 -3.07351 -12.8136 -1.82081 1.47184 -12.4495 -2.36666 -0.136111 7.48357 -10.6934 -4.08042 24.081 -26.8551 -3.42312 42.0573 -38.9342 14.7171 37.3489 -39.6715 27.2354 20.0123 -24.2685 33.093 5.95931 -18.2079 11.8739 1.35618 0.601813 5.9489 -3.02878 12.5567 -14.3702 1.59442 14.6859 -12.0977 -19.0102 31.4361 -9.13267 -36.9084 21.2806 10.1247 -44.0576 0 0 0 0 0 0 0 0 0 0 0 0 0 0 0 0 0 0 0 0 0 0 0 0 0 0
19.0052 32.4118 -39.5614 -0.314201 39.6894 -25.4651 -6.20039 30.3205 -1.62858 -10.6273 13.8722 0.852222 -18.6452 8.02542 13.3393 -10.0068 -8.74973 21.9898 -13.2735 -26.1644 21.1483 6.93128 -42.6108 22.2845 22.2131 -41.7185 8.09528 34.3535 -37.2203 -9.71447 36.1791 -22.1475 -21.1346 22.1377 -3.12341 -12.582 -1.24501 0.603361 -13.5774 -3.10187 -3.16883 5.80898 -11.3013 -4.56674 22.6792 -27.5315 -5.6984 40.4794 -38.9493 13.1362 38.245 -39.6795 27.4149 22.5051 -25.3482 32.9888 7.33542 -18.6846 11.8168 3.52506 -0.417952 6.34339 -2.81459 13.3263 -12.6689 1.86244 15.567 -9.95966 -18.6724 32.3578 -8.14219 -36.6488 22.612 10.9735 -44.6371 0 0 0 0 0 0 0 0 0 0 0 0 0 0 0 0 0 0 0 0 0 0 0 0 0 0
