# num_vectors 213
# vector_size 101
-13.8208 -21.6832 -19.046 1.731 -20.579 -21.5426 15.1901 -12.4043 -19.5671 24.3572 -1.77191 -12.1398 28.2481 6.48028 0.79615 26.1694 7.00213 16.382 18.4473 -2.18666 26.4105 8.44652 -14.3337 25.5176 -0.991572 -22.9941 16.171 -9.60914 -25.2327 3.01491 -18.0503 -19.8596 -9.27305 -26.0388 -7.57825 -15.0448 -30.3475 6.3497 -9.46314 -27.25 14.4272 3.67165 -18.0084 14.9386 16.5246 -4.92359 10.7584 24.5022 10.1169 5.78894 25.3462 23.9187 4.17571 17.9137 30.6114 9.32832 4.80036 25.1897 17.5226 -7.44489 11.7404 22.9695 -13.7377 -4.11219 22.777 -14.6485 -18.3314 15.9274 -12.9449 -27.0761 2.77943 -11.8985 -25.8709 -12.6923 -14.4712 0 0 0 0 0 0 0 0 0 0 0 0 0 0 0 0 0 0 0 0 0 0 0 0 0 0
-13.8384 -21.6746 -19.1034 1.71408 -20.5593 -21.5911 15.1781 -12.4089 -19.5488 24.3647 -1.86963 -12.0123 28.2136 6.30965 0.982798 25.973 6.82365 16.5474 17.8934 -2.20041 26.4515 8.35985 -14.721 25.408 -1.2155 -23.2505 16.0787 -9.87723 -25.3747 2.93204 -18.2182 -19.8872 -9.37474 -26.0208 -7.49497 -15.1677 -30.3434 6.40305 -9.52212 -27.2491 14.426 3.64698 -18.023 14.8735 16.5136 -4.94341 10.6607 24.4829 10.109 5.72546 25.3157 23.9071 4.13718 17.8709 30.6023 9.3543 4.78417 25.1632 17.5403 -7.4589 11.7042 22.9768 -13.7401 -4.1493 22.7763 -14.6328 -18.3631 15.9195 -12.9128 -27.1061 2.7672 -11.9077 -25.893 -12.6989 -14.5108 0 0 0 0 0 0 0 0 0 0 0 0 0 0 0 0 0 0 0 0 0 0 0 0 0 0
-13.9931 -21.7699 -18.8817 1.52587 -20.5208 -21.5193 14.9462 -12.274 -19.5735 24.1491 -1.7474 -12.0392 28.042 6.39116 0.968476 25.9407 6.79249 16.5568 17.9201 -2.28217 26.4629 8.37403 -14.7926 25.4116 -1.16545 -23.3391 16.061 -9.84946 -25.4517 2.92714 -18.2451 -19.9545 -9.33829 -26.0276 -7.53955 -15.1097 -30.1678 6.42905 -9.49828 -26.8864 14.488 3.60494 -17.4254 15.0144 16.3003 -4.26036 10.7519 24.1031 10.7481 5.65038 24.7455 24.4196 3.86166 17.1088 28.6284 3.76286 0.630828 24.2328 18.9063 -7.42389 10.8192 23.6867 -14.3704 -5.00168 23.0185 -15.7371 -19.0982 15.9498 -13.8928 -27.5622 2.66349 -12.2133 -26.0931 -12.8791 -14.2424 0 0 0 0 0 0 0 0 0 0 0 0 0 0 0 0 0 0 0 0 0 0 0 0 0 0
-14.0497 -21.762 -18.9008 1.48394 -20.6166 -21.5011 14.941 -12.4225 -19.5857 24.2059 -1.93909 -12.0667 27.7957 6.61507 0.771643 25.9463 7.06933 16.3926 17.2947 -1.40482 26.3379 8.53877 -14.5371 25.5111 -1.98146 -22.7384 16.8456 -10.2299 -25.2304 3.48477 -17.5773 -20.063 -9.64595 -24.2961 -7.58078 -16.7071 -30.7289 5.75667 -11.2161 -28.2971 14.7166 1.54574 -18.1913 17.3823 13.6719 -3.82138 15.7306 20.868 9.1265 4.51344 21.0856 23.7204 2.89931 15.0594 30.1007 4.39511 -0.873525 24.6717 19.4282 -8.57175 11.0033 23.3739 -15.6006 -4.9301 23.0526 -15.8344 -18.9746 15.9597 -13.6852 -27.3677 2.66644 -11.7035 -26.0604 -12.8466 -14.0758 0 0 0 0 0 0 0 0 0 0 0 0 0 0 0 0 0 0 0 0 0 0 0 0 0 0
-14.0293 -21.5845 -19.0095 1.5555 -20.32 -21.2512 15.1141 -12.5974 -18.0324 24.3478 -3.10115 -9.09852 25.9732 6.26825 3.74595 25.0429 5.64743 19.507 19.7962 -5.91601 29.7819 8.87532 -17.5028 27.3345 -4.04181 -22.2445 18.3045 -8.73597 -25.0948 2.8163 -16.8036 -19.8596 -9.88473 -23.7027 -7.28199 -16.6056 -30.8933 5.52699 -10.7186 -28.2275 14.8322 1.75625 -18.0593 17.6127 13.8052 -3.75413 15.7659 21.0857 9.17271 4.52151 21.1487 23.7377 2.93213 15.046 30.0314 4.4364 -0.920847 24.5317 19.4564 -8.59481 10.8233 23.3681 -15.5649 -5.11177 23.0559 -15.7002 -19.1508 16.0309 -13.291 -27.6638 2.71593 -11.9631 -26.2133 -12.771 -14.4274 0 0 0 0 0 0 0 0 0 0 0 0 0 0 0 0 0 0 0 0 0 0 0 0 0 0
-14.0414 -21.6035 -18.9983 1.54749 -20.3601 -21.224 15.1077 -12.6351 -18.0177 24.3444 -3.12849 -9.09794 25.9746 6.25422 3.7362 25.0142 5.65843 19.4964 19.799 -5.90997 29.7819 8.93396 -17.5493 27.3343 -3.9969 -22.3267 18.3427 -8.749 -25.1245 2.86239 -16.6634 -19.7344 -9.87213 -23.8177 -7.16499 -16.3464 -30.4226 5.85232 -10.1973 -27.2437 14.8683 2.38357 -16.777 17.1285 14.3007 -1.81248 16.0755 20.487 10.7795 4.44968 21.1761 24.902 1.62782 14.3381 30.8243 4.3265 -1.66258 24.6172 19.6052 -8.32325 10.9148 23.1712 -15.4991 -5.02404 23.0085 -15.5372 -19.1102 16.0193 -13.2986 -27.6654 2.72536 -12.0299 -26.2196 -12.771 -14.4375 0 0 0 0 0 0 0 0 0 0 0 0 0 0 0 0 0 0 0 0 0 0 0 0 0 0
-13.9538 -21.4286 -19.1469 1.56711 -19.8313 -21.6508 15.0989 -12.1378 -18.248 24.3597 -2.96494 -8.9976 25.8609 6.38238 3.87881 25.0431 5.66955 19.6433 19.7789 -5.91693 29.8836 8.88839 -17.5208 27.38 -4.04027 -22.2357 18.3521 -8.77598 -24.9666 2.85462 -17.0015 -19.6905 -9.73481 -23.4056 -6.88964 -16.5888 -31.3869 5.55141 -10.6984 -29.6164 14.7223 2.12736 -18.0119 20.0638 12.4607 -3.35287 16.7735 19.0053 8.01142 3.7653 18.8062 21.6603 -0.232137 11.4752 27.8137 3.62081 -4.24521 22.9235 20.1279 -9.31531 9.4693 25.6543 -15.9909 -6.44664 23.6214 -17.6005 -19.9527 16.0878 -13.4116 -27.8604 2.46579 -11.214 -26.2213 -12.9245 -14.1885 0 0 0 0 0 0 0 0 0 0 0 0 0 0 0 0 0 0 0 0 0 0 0 0 0 0
-13.9847 -21.2319 -19.2456 1.63755 -20.0719 -21.4003 15.2128 -12.4199 -18.0765 24.4363 -2.99546 -9.03817 25.9893 6.35618 3.82905 25.0338 5.6926 19.5886 19.8243 -5.92323 29.8238 8.90959 -17.5108 27.3499 -4.03474 -22.2177 18.3403 -8.77885 -24.9951 2.85358 -16.9583 -19.7259 -9.76885 -23.435 -6.94775 -16.5975 -31.1723 5.61729 -10.6383 -29.3491 14.5467 2.35289 -17.6557 19.9242 12.5679 -2.88521 16.7172 18.9046 7.37789 2.71731 20.6392 20.0151 -4.099 12.9618 29.8137 4.52602 -0.162214 22.877 21.121 -2.97221 10.7678 25.0147 -13.7103 -5.07533 23.5352 -16.7385 -19.2025 16.4101 -13.8174 -27.5058 3.00828 -11.6783 -26.0591 -12.485 -14.2258 0 0 0 0 0 0 0 0 0 0 0 0 0 0 0 0 0 0 0 0 0 0 0 0 0 0
-14.012 -21.2881 -19.3128 1.58142 -19.9121 -21.5599 15.0854 -12.1319 -18.2402 24.3595 -2.95332 -8.99727 25.8637 6.39297 3.87975 25.0421 5.67713 19.6452 19.7909 -5.91988 29.8806 8.89883 -17.5226 27.378 -4.03601 -22.2326 18.3563 -8.77017 -24.9943 2.86375 -16.9669 -19.7269 -9.7482 -23.3897 -6.93663 -16.6052 -31.1551 5.62855 -10.6827 -29.467 14.4833 2.37873 -17.8292 20.1183 12.5218 -3.28092 16.8555 19.3481 7.46758 3.09924 20.177 20.3808 -2.7488 12.0943 27.6063 5.75893 -3.02789 21.2542 23.0244 -3.32144 8.75376 28.845 -12.9196 -6.35987 23.8593 -18.0516 -20.084 16.3105 -14.2148 -27.809 2.6691 -11.3322 -26.1427 -12.7826 -14.0077 0 0 0 0 0 0 0 0 0 0 0 0 0 0 0 0 0 0 0 0 0 0 0 0 0 0
-13.7667 -21.163 -19.0829 1.89483 -19.7676 -20.8457 15.1362 -11.4128 -17.8046 22.3131 2.46529 -11.1241 23.3855 10.0976 3.04738 24.547 6.73319 18.796 22.2216 -7.2776 27.7974 10.1503 -17.8989 25.8772 -3.85195 -21.3296 17.718 -9.49475 -24.9274 2.65216 -16.9828 -19.5037 -10.3551 -23.7049 -6.76413 -17.0263 -31.2656 5.81447 -10.8639 -29.5241 14.3018 2.43977 -17.7914 20.0955 12.3858 -3.30402 16.8207 19.3362 7.47144 3.08617 20.1748 20.3851 -2.75152 12.0854 27.5966 5.76257 -3.03997 21.2399 23.0265 -3.32329 8.76753 28.8599 -12.9503 -6.40354 23.9564 -17.993 -20.1081 16.3979 -14.1052 -27.8732 2.73141 -11.4487 -26.0499 -12.7205 -14.0257 0 0 0 0 0 0 0 0 0 0 0 0 0 0 0 0 0 0 0 0 0 0 0 0 0 0
-13.7667 -21.163 -19.0829 1.89483 -19.7676 -20.8457 15.1362 -11.4128 -17.8046 22.3131 2.46529 -11.1241 23.3855 10.0976 3.04738 24.547 6.73319 18.796 22.2216 -7.2776 27.7974 10.1503 -17.8989 25.8772 -3.85195 -21.3296 17.718 -9.49475 -24.9274 2.65216 -16.9828 -19.5037 -10.3551 -23.7049 -6.76413 -17.0263 -31.2656 5.81447 -10.8639 -29.5241 14.3018 2.43977 -17.7914 20.0955 12.3858 -3.30402 16.8207 19.3362 7.47144 3.08617 20.1748 20.3851 -2.75152 12.0854 27.5966 5.76257 -3.03997 21.2399 23.0265 -3.32329 8.76753 28.8599 -12.9503 -6.40354 23.9564 -17.993 -20.1081 16.3979 -14.1052 -27.8732 2.73141 -11.4487 -26.0499 -12.7205 -14.0257 0 0 0 0 0 0 0 0 0 0 0 0 0 0 0 0 0 0 0 0 0 0 0 0 0 0
-17.4237 -22.0297 -39.2593 7.67969 2.8627 -35.1141 37.1725 -16.5753 -25.5738 24.9952 -14.6536 6.77674 9.89226 11.2916 -5.39376 13.9368 23.9222 23.2406 4.35316 3.12069 38.8659 25.7589 -20.1251 30.0007 11.3342 -32.4162 8.62955 -19.1494 -33.0946 10.1506 -25.1148 -31.4348 -17.4814 -22.2583 -1.47172 -19.1657 -44.1674 16.1134 -19.1785 -39.2666 17.6599 8.03358 -17.5146 6.0215 13.1404 -6.62865 -3.41739 38.9496 19.4403 10.8055 32.1823 18.4776 12.3148 4.67222 48.5235 1.53465 -4.86265 41.5204 25.1424 -26.1593 13.0992 21.9012 -29.9625 1.31714 25.4878 2.98659 -19.5704 17.9725 -14.9436 -47.9375 4.16277 -2.29246 -28.4398 -25.2279 -8.48405 0 0 0 0 0 0 0 0 0 0 0 0 0 0 0 0 0 0 0 0 0 0 0 0 0 0
-17.3935 -22.1103 -39.2863 7.66121 2.82618 -35.1118 37.1843 -16.5626 -25.5653 25.0043 -14.6492 6.78471 9.88668 11.2876 -5.38563 13.9384 23.9264 23.244 4.37483 3.12257 38.8785 25.7456 -20.1325 29.954 11.2734 -32.3915 8.59665 -19.2154 -32.8707 10.0751 -25.1295 -31.404 -17.5782 -22.4619 -1.43417 -19.4247 -44.4788 16.0148 -19.4821 -39.5213 17.7463 7.70791 -18.4579 5.06481 13.0535 -7.74478 -3.91749 39.0913 16.3144 13.5881 34.1791 17.7928 14.6487 6.78345 49.1162 6.28155 0.312029 41.5574 25.7456 -24.1146 13.6952 19.9111 -28.0316 0.61735 25.8244 3.95765 -19.689 18.0196 -14.4899 -48.251 4.00085 -2.55045 -28.5029 -25.2622 -8.5401 0 0 0 0 0 0 0 0 0 0 0 0 0 0 0 0 0 0 0 0 0 0 0 0 0 0
-17.3929 -22.1099 -39.2864 7.66196 2.82644 -35.1123 37.1848 -16.5624 -25.5651 25.004 -14.6491 6.7846 9.88679 11.2878 -5.386 13.9383 23.9266 23.2437 4.37362 3.12319 38.878 25.7519 -20.129 29.9639 11.2862 -32.3981 8.60789 -19.2035 -32.8671 10.0719 -25.1022 -31.5454 -17.5916 -22.2983 -1.60079 -19.6229 -44.2336 15.9495 -19.7517 -39.8914 16.998 7.56229 -18.4602 5.00694 12.9811 -7.74099 -4.00043 39.0078 16.2766 13.576 34.1465 17.7868 14.6726 6.75401 49.1147 6.30354 0.307299 41.5664 25.7434 -24.1418 13.7011 19.9195 -28.052 0.636244 25.8206 3.94483 -19.6767 18.0174 -14.496 -48.2395 4.00851 -2.5465 -28.5025 -25.2612 -8.54018 0 0 0 0 0 0 0 0 0 0 0 0 0 0 0 0 0 0 0 0 0 0 0 0 0 0
-17.3936 -22.1085 -39.2885 7.66498 2.82515 -35.1207 37.186 -16.566 -25.5724 25.0033 -14.653 6.77665 9.89593 11.2907 -5.39153 13.9287 23.9153 23.2471 4.32646 3.11584 38.8635 25.7806 -20.1134 30.0741 11.4189 -32.4485 8.6863 -19.0535 -33.3475 10.2391 -25.0638 -31.7725 -17.3856 -21.6574 -1.88874 -19.294 -43.2143 16.1107 -19.0815 -38.8078 16.6131 8.23218 -17.6104 4.12096 13.3983 -6.51492 -4.66323 39.3397 16.9577 13.6008 34.4306 18.1544 15.0118 7.04062 49.2689 6.26829 0.108133 41.5774 25.8043 -24.2185 13.7247 19.8914 -28.083 0.68254 25.8118 3.91944 -19.6463 18.015 -14.5066 -48.2101 4.02696 -2.53547 -28.4974 -25.2569 -8.53983 0 0 0 0 0 0 0 0 0 0 0 0 0 0 0 0 0 0 0 0 0 0 0 0 0 0
-16.6523 -21.7976 -38.7019 9.78292 1.08289 -32.7541 36.6554 -20.324 -20.8517 22.1005 -17.1537 10.2594 9.07055 8.95729 -3.5523 13.378 22.7313 24.4793 4.99322 2.20918 41.055 25.7561 -21.1701 31.1684 11.4184 -31.556 8.85782 -19.0158 -33.1358 10.4657 -25.1036 -31.7634 -17.152 -21.6737 -1.89927 -19.2958 -43.2075 16.1278 -19.0845 -38.8111 16.6134 8.23115 -17.6149 4.11914 13.3974 -6.52218 -4.66924 39.3384 16.9515 13.5948 34.4343 18.1483 15.013 7.04466 49.2622 6.26895 0.109975 41.5776 25.8244 -24.2032 13.7365 19.8838 -28.1086 0.645398 25.7696 3.88017 -19.6126 17.7381 -14.5213 -48.2957 4.06513 -2.47638 -28.9004 -25.4286 -8.4749 0 0 0 0 0 0 0 0 0 0 0 0 0 0 0 0 0 0 0 0 0 0 0 0 0 0
-16.4912 -21.8096 -38.668 10.2129 0.736939 -32.6622 36.9093 -21.0501 -21.0684 22.9157 -17.4758 10.2474 5.77739 4.58868 -4.81719 8.14383 20.8692 21.8568 3.69247 1.0332 40.135 25.8311 -20.5848 29.5301 11.3458 -32.9911 8.51396 -19.1159 -33.6478 9.9622 -25.0084 -31.8098 -17.6662 -21.6343 -1.91033 -19.2675 -43.2184 16.0565 -19.0723 -38.7958 16.6124 8.2377 -17.6028 4.11828 13.4174 -6.51359 -4.6472 39.3676 16.967 13.6028 34.4446 18.1551 15.0042 7.05373 49.2676 6.25877 0.114667 41.5868 25.8292 -24.1876 13.7483 19.8851 -28.1063 0.642253 25.7634 3.87777 -19.6149 17.783 -14.5468 -48.2745 4.02378 -2.54467 -28.7542 -25.4071 -8.44312 0 0 0 0 0 0 0 0 0 0 0 0 0 0 0 0 0 0 0 0 0 0 0 0 0 0
-16.6979 -21.5897 -38.5247 10.1534 0.807057 -32.6202 36.7698 -21.128 -21.1236 22.9199 -17.4648 10.2453 5.74705 4.59148 -4.79207 8.13442 20.8663 21.8835 3.69631 1.02653 40.1609 25.8308 -20.5872 29.5387 11.3423 -32.9755 8.51415 -19.1196 -33.6229 9.96057 -25.0094 -31.8107 -17.6701 -21.6481 -1.9111 -19.296 -43.2379 16.0486 -19.0768 -38.7858 16.6052 8.22836 -17.57 4.13899 13.382 -6.44381 -4.62319 39.3175 17.0009 13.6705 34.3861 18.2335 15.0013 6.9938 49.3515 6.21936 0.126749 41.7133 25.7133 -24.25 13.8199 19.9443 -28.0306 0.883578 26.0622 3.97623 -19.4553 17.8576 -14.2563 -48.0257 4.17438 -1.96223 -28.7121 -25.3163 -8.21704 0 0 0 0 0 0 0 0 0 0 0 0 0 0 0 0 0 0 0 0 0 0 0 0 0 0
-16.7472 -21.225 -39.0386 10.1755 0.953129 -32.6737 36.5903 -21.258 -21.2479 22.8546 -17.464 10.1551 5.75283 4.65398 -4.87216 8.16968 20.8974 21.8198 3.6814 1.05025 40.0768 25.8285 -20.5688 29.492 11.3383 -33.0193 8.50559 -19.1246 -33.6401 9.94385 -25.0056 -31.8123 -17.6877 -21.6466 -1.91148 -19.295 -43.2384 16.0458 -19.0764 -38.7852 16.6052 8.22848 -17.5697 4.13896 13.3826 -6.44392 -4.62293 39.3185 16.9998 13.6724 34.3883 18.2374 14.9986 6.99605 49.3557 6.21193 0.135978 41.7372 25.7335 -24.2249 13.8542 19.947 -28.0544 0.863918 26.0217 3.93876 -19.4298 17.7584 -14.3174 -47.9903 4.02671 -2.05476 -28.8436 -25.4518 -8.83383 0 0 0 0 0 0 0 0 0 0 0 0 0 0 0 0 0 0 0 0 0 0 0 0 0 0
-16.7464 -21.2241 -39.0403 10.179 0.952151 -32.6807 36.5925 -21.26 -21.2538 22.8526 -17.4697 10.1478 5.75823 4.65538 -4.87747 8.16676 20.8887 21.8214 3.64298 1.04054 40.0685 25.8425 -20.559 29.5543 11.4159 -33.0493 8.54787 -19.035 -33.9572 10.0567 -25.0083 -31.8533 -17.5338 -21.3161 -1.98381 -18.9311 -42.7108 16.2053 -18.7108 -38.4774 16.4542 8.63092 -16.9039 4.62844 13.756 -5.84015 -4.518 39.5822 17.8255 13.5176 34.7699 18.7377 15.4756 7.41202 49.5406 6.16064 -0.0873143 41.7499 25.8013 -24.2961 13.8838 19.903 -28.0762 0.910231 26.0136 3.91684 -19.3975 17.7557 -14.3262 -47.9602 4.04591 -2.04427 -28.8396 -25.4472 -8.83374 0 0 0 0 0 0 0 0 0 0 0 0 0 0 0 0 0 0 0 0 0 0 0 0 0 0
-16.7821 -21.2654 -39.1317 10.2396 0.855704 -32.9973 36.6137 -21.3763 -21.5185 22.779 -17.6231 9.84583 6.00681 4.78714 -5.11343 7.8498 20.5135 21.9189 2.47829 0.436103 39.6496 25.8421 -20.5565 30.7622 13.0196 -33.8171 9.2739 -17.0188 -32.4466 6.89235 -19.0249 -28.0581 -20.623 -19.7952 1.5844 -19.3776 -43.3925 16.1616 -18.4381 -38.6873 16.6726 8.81731 -17.1036 4.76531 13.6985 -5.90935 -4.66181 39.3647 17.6862 13.4971 34.6777 18.6966 15.5085 7.32737 49.5261 6.20803 -0.0794257 41.7721 25.7864 -24.3502 13.896 19.9252 -28.1146 0.955938 26.0113 3.89666 -19.3818 17.8319 -14.3481 -47.9077 4.03292 -2.08089 -28.682 -25.3991 -8.83706 0 0 0 0 0 0 0 0 0 0 0 0 0 0 0 0 0 0 0 0 0 0 0 0 0 0
-17.2152 -20.9757 -38.8987 10.0173 0.919418 -32.8965 36.2881 -21.5417 -21.6336 22.808 -17.5912 9.85774 5.93147 4.78651 -5.03224 7.81412 20.4956 22.0074 2.47848 0.404658 39.7336 25.848 -20.5652 30.8081 13.0333 -33.7828 9.28875 -17.0074 -32.4398 6.92076 -19.03 -28.0564 -20.5942 -19.7877 1.58664 -19.3548 -43.3791 16.1746 -18.4321 -38.6926 16.6843 8.82652 -17.1299 4.74636 13.7256 -5.9613 -4.67908 39.4036 17.6756 13.4222 34.7019 18.5832 15.5518 7.35739 49.3952 6.31801 -0.202159 41.3758 25.6545 -24.5774 13.4465 19.8129 -27.9326 0.922026 26.2435 4.17185 -19.6085 17.6639 -13.6584 -47.6934 3.51618 -0.811174 -28.4826 -25.6919 -8.4601 0 0 0 0 0 0 0 0 0 0 0 0 0 0 0 0 0 0 0 0 0 0 0 0 0 0
-17.2165 -20.9783 -38.9 10.016 0.917275 -32.8993 36.2874 -21.5432 -21.6364 22.8076 -17.5925 9.85498 5.93363 4.78773 -5.0341 7.81077 20.4918 22.0089 2.46375 0.399212 39.7298 25.8664 -20.5516 30.8464 13.0809 -33.8173 9.33941 -16.9547 -32.461 6.91493 -18.9325 -28.3427 -20.6429 -19.4642 1.31401 -19.7052 -42.9075 16.0728 -18.1661 -37.7437 16.1624 9.00322 -17.6345 2.06206 13.6296 -5.32587 -6.28396 39.1104 16.4767 13.7272 34.0582 17.9008 14.8359 6.69913 49.1365 6.42036 0.101958 41.3723 25.548 -24.5161 13.4142 19.8847 -27.9316 0.88565 26.2508 4.18399 -19.6352 17.6668 -13.6553 -47.7165 3.49993 -0.82128 -28.482 -25.695 -8.46083 0 0 0 0 0 0 0 0 0 0 0 0 0 0 0 0 0 0 0 0 0 0 0 0 0 0
-16.2675 -21.0472 -38.5928 13.0268 -2.58697 -32.1254 35.472 -27.2358 -18.5158 23.3507 -18.4847 12.1425 8.00278 3.11105 -5.08902 7.65005 20.0521 21.1245 2.63372 0.541019 39.5511 25.8516 -20.7032 30.8921 13.0722 -33.8712 9.32183 -16.9611 -32.4878 6.88438 -18.9225 -28.3443 -20.6708 -19.4608 1.31136 -19.7059 -42.9081 16.0638 -18.1665 -37.7421 16.158 9.00233 -17.6298 2.06214 13.6289 -5.31802 -6.27902 39.1098 16.4785 13.7385 34.0561 17.9173 14.8292 6.6971 49.1548 6.40323 0.12192 41.4292 25.5702 -24.4777 13.4802 19.9013 -27.956 0.888445 26.2041 4.14729 -19.6241 17.8079 -13.7894 -47.6121 3.30239 -1.13715 -27.8058 -25.6335 -8.23759 0 0 0 0 0 0 0 0 0 0 0 0 0 0 0 0 0 0 0 0 0 0 0 0 0 0
-16.3099 -20.9847 -38.5495 13.0098 -2.56105 -32.093 35.4328 -27.2401 -18.5016 23.3582 -18.4629 12.1676 7.96507 3.10235 -5.06163 7.67308 20.086 21.125 2.75526 0.596587 39.6007 25.7963 -20.7452 30.7175 12.8122 -33.7518 9.17318 -17.1789 -31.8056 6.66715 -19.0471 -28.2878 -20.974 -19.8583 1.36722 -20.6656 -43.345 15.9453 -18.41 -37.5417 15.7731 8.62037 -17.1702 1.87078 12.5956 -3.08435 -5.04364 37.4684 14.4438 18.3006 33.0597 16.926 19.6436 5.80817 46.9287 7.74454 -0.0350397 40.6758 25.2708 -26.0916 12.4204 21.7782 -29.2339 0.853089 26.0642 3.49553 -20.0019 17.8054 -14.0997 -47.722 3.16995 -1.02493 -27.7807 -25.6583 -8.18221 0 0 0 0 0 0 0 0 0 0 0 0 0 0 0 0 0 0 0 0 0 0 0 0 0 0
-16.3144 -20.9878 -38.5533 13.0108 -2.56819 -32.1104 35.433 -27.248 -18.519 23.354 -18.475 12.1497 7.98465 3.11037 -5.07552 7.65778 20.0639 21.1301 2.67596 0.559308 39.5724 25.8279 -20.7204 30.8319 12.9756 -33.8256 9.26894 -17.0444 -32.3099 6.85336 -19.0413 -28.6432 -20.7587 -18.5174 0.987537 -20.3925 -41.3389 16.5985 -18.6907 -36.8687 15.3184 8.50663 -16.699 1.25599 12.8963 -2.62628 -5.01718 37.9372 14.6278 18.4522 33.1539 16.9314 19.5071 5.8762 46.9506 7.68089 -0.028803 40.6578 25.3037 -26.0102 12.4125 21.7507 -29.1749 0.802909 26.0782 3.53403 -20.033 17.814 -14.0812 -47.7501 3.14684 -1.0356 -27.7722 -25.6591 -8.18077 0 0 0 0 0 0 0 0 0 0 0 0 0 0 0 0 0 0 0 0 0 0 0 0 0 0
-16.5271 -20.6838 -38.5793 13.2434 -3.23516 -31.6078 34.4037 -28.485 -17.1642 22.3399 -18.5202 13.1184 8.29568 3.37789 -4.76465 7.04098 20.324 21.4013 2.41409 0.694577 39.7997 25.807 -20.2377 30.8759 12.9964 -33.5089 9.39056 -17.0336 -32.1601 7.0067 -19.0838 -28.6319 -20.6191 -18.5362 0.999488 -20.4042 -41.3391 16.6366 -18.6932 -36.8781 15.3241 8.50402 -16.7041 1.26459 12.8832 -2.63467 -5.03015 37.9205 14.6244 18.4394 33.1563 16.9233 19.5197 5.87921 46.9401 7.69564 -0.0421946 40.6163 25.2872 -26.0372 12.3665 21.7341 -29.1613 0.799535 26.1022 3.55722 -20.035 17.7079 -13.9974 -47.8203 3.27914 -0.834549 -28.2634 -25.7084 -8.37377 0 0 0 0 0 0 0 0 0 0 0 0 0 0 0 0 0 0 0 0 0 0 0 0 0 0
-16.3752 -20.3832 -38.2076 12.7684 -2.44134 -30.0775 34.0508 -27.483 -15.4552 22.2778 -17.0536 14.7803 6.80008 3.50706 -3.39495 3.91464 20.3761 22.6402 -2.77463 0.839352 40.3623 21.1273 -20.2982 34.0557 11.2753 -32.7008 10.85 -18.2776 -33.2042 5.83844 -18.2202 -28.637 -21.61 -18.2353 0.943741 -20.2776 -41.3537 16.1113 -18.6752 -36.7766 15.2391 8.51666 -16.6428 1.17025 13.0451 -2.59888 -4.90944 38.1487 14.6758 18.5082 33.1933 16.886 19.4288 5.90364 46.9264 7.67612 -0.0395838 40.5665 25.3015 -26.0028 12.3239 21.6968 -29.1328 0.736117 26.0982 3.57385 -20.0193 17.3972 -13.9222 -47.9739 3.43351 -0.626917 -29.049 -25.8757 -8.48833 0 0 0 0 0 0 0 0 0 0 0 0 0 0 0 0 0 0 0 0 0 0 0 0 0 0
-12.9239 -15.8159 -40.7445 16.6387 -0.325889 -30.1896 35.196 -27.2351 -15.5456 22.4696 -17.0361 14.3628 7.21083 3.34458 -4.19026 4.09771 20.5052 21.6236 -2.74681 1.17 39.5043 21.1681 -20.0641 33.5975 11.2308 -33.0411 10.7553 -18.3105 -33.3492 5.66474 -18.1543 -28.6408 -21.759 -18.2144 0.932187 -20.2748 -41.3588 16.0603 -18.6745 -36.7625 15.2271 8.51526 -16.6285 1.16063 13.05 -2.56084 -4.87544 38.1509 14.6893 18.5513 33.1538 16.9461 19.3915 5.8655 47.0017 7.63466 0.00901114 40.7379 25.2983 -25.9513 12.4892 21.7845 -29.1281 0.870427 26.1373 3.57404 -20.047 18.3606 -14.1365 -46.5652 1.3401 -1.98838 -25.7993 -25.4816 -12.5478 0 0 0 0 0 0 0 0 0 0 0 0 0 0 0 0 0 0 0 0 0 0 0 0 0 0
-13.01 -15.8951 -40.9002 16.7569 -0.511702 -30.7843 35.5176 -27.5312 -16.6201 22.5391 -18.1066 13.4223 8.54423 3.62069 -4.48461 3.51499 18.7599 22.1174 -0.714546 -1.98479 38.9159 24.41 -20.5236 30.6426 13.7758 -35.2732 9.37853 -15.7789 -34.928 4.41285 -15.6378 -28.9284 -22.7255 -17.2757 0.423292 -19.871 -41.1601 14.3132 -18.6669 -36.4419 14.759 8.48065 -16.3533 0.839706 13.5944 -2.42784 -4.35549 38.9457 14.8944 18.845 33.2466 16.8807 19.0505 5.93382 47.0216 7.52511 0.0599362 40.7043 25.3396 -25.7833 12.4716 21.7381 -29.0018 0.77722 26.1803 3.66111 -20.1202 18.463 -14.0988 -46.5696 1.25344 -2.07026 -25.5542 -25.4186 -12.5095 0 0 0 0 0 0 0 0 0 0 0 0 0 0 0 0 0 0 0 0 0 0 0 0 0 0
-13.0485 -15.8389 -40.8577 16.7539 -0.497405 -30.783 35.4903 -27.5404 -16.6315 22.5388 -18.1036 13.4187 8.5377 3.62423 -4.48263 3.51611 18.7617 22.1218 -0.711801 -1.98401 38.9195 24.4091 -20.5245 30.6393 13.7698 -35.2692 9.37423 -15.7847 -34.9136 4.40864 -15.6412 -28.9279 -22.7327 -17.2825 0.425097 -19.8935 -41.1687 14.3107 -18.6737 -36.4367 14.7503 8.47159 -16.3403 0.836942 13.571 -2.36485 -4.31336 38.9038 14.9226 18.8987 33.1468 16.6936 19.1957 5.82106 46.6838 7.4355 -0.337963 40.3765 25.5193 -25.9939 12.1099 22.1233 -29.1287 0.59382 26.1411 3.6489 -20.3675 18.4923 -14.0649 -46.7101 1.122 -2.03412 -25.5251 -25.4211 -12.4571 0 0 0 0 0 0 0 0 0 0 0 0 0 0 0 0 0 0 0 0 0 0 0 0 0 0
-13.0908 -15.0657 -40.5561 17.3416 -2.48731 -29.1188 32.271 -30.5575 -13.2075 21.414 -17.6119 16.0679 9.85452 4.16256 -3.24247 1.356 19.1051 22.3199 -1.61083 -1.44619 39.5661 24.0357 -19.0831 30.9992 13.6409 -34.3471 9.99057 -15.8962 -34.4283 4.93024 -15.7305 -28.8873 -22.3014 -17.3295 0.506582 -19.9426 -41.194 14.4258 -18.6852 -36.4586 14.7897 8.46052 -16.3619 0.861587 13.5185 -2.38928 -4.3676 38.8365 14.9026 18.8586 33.151 16.6783 19.2359 5.82668 46.6581 7.46541 -0.362894 40.306 25.5027 -26.0404 12.0355 22.0939 -29.1252 0.570503 26.1559 3.66481 -20.3628 18.2217 -13.9539 -46.8945 1.36265 -1.63122 -26.7541 -25.5261 -13.08 0 0 0 0 0 0 0 0 0 0 0 0 0 0 0 0 0 0 0 0 0 0 0 0 0 0
-13.4104 -14.7881 -40.2562 17.2338 -2.44938 -29.1368 32.0653 -30.6092 -13.293 21.4099 -17.6053 16.0298 9.85239 4.21304 -3.23201 1.33718 19.0896 22.3632 -1.68455 -1.50983 39.542 24.0527 -19.0673 31.0862 13.7705 -34.4299 10.0946 -15.7645 -34.7341 5.03526 -15.6575 -28.9003 -22.1338 -17.1899 0.467729 -19.4544 -41.0164 14.4723 -18.4981 -36.5205 14.9952 8.68416 -16.7114 0.780901 14.0457 -3.59386 -5.13401 39.6436 14.8803 17.2242 34.4247 15.3659 19.3166 7.20924 45.6229 10.0605 -0.831759 37.1261 29.3289 -24.756 9.39288 23.486 -28.0477 -2.51142 26.2543 4.69198 -23.0155 18.2535 -13.3841 -48.765 -0.287582 -2.03453 -26.6032 -25.7264 -12.7445 0 0 0 0 0 0 0 0 0 0 0 0 0 0 0 0 0 0 0 0 0 0 0 0 0 0
-13.3768 -14.8461 -40.2988 17.2319 -2.46181 -29.1325 32.0876 -30.6036 -13.2793 21.4098 -17.6057 16.038 9.85143 4.20708 -3.22962 1.33971 19.0924 22.3617 -1.67137 -1.50054 39.5502 24.0496 -19.071 31.0717 13.7466 -34.4139 10.0758 -15.7888 -34.6765 5.01633 -15.6709 -28.8986 -22.1646 -17.2152 0.474274 -19.5464 -41.0482 14.4626 -18.5211 -36.4959 14.9511 8.65228 -16.5727 0.868534 13.9349 -3.29672 -4.93329 39.476 15.214 17.3289 33.9907 15.494 19.2711 6.76245 45.9917 11.0096 -1.38598 36.9961 30.4758 -24.9565 9.36625 24.1556 -28.1987 -2.43067 26.3153 4.61959 -22.887 18.2321 -13.4735 -48.6957 -0.209266 -2.09638 -26.6282 -25.7342 -12.7955 0 0 0 0 0 0 0 0 0 0 0 0 0 0 0 0 0 0 0 0 0 0 0 0 0 0
-13.1149 -14.9412 -40.0823 17.548 -2.83369 -28.7671 31.7687 -30.9024 -12.2434 20.6043 -17.4174 16.6587 9.32614 4.0282 -3.1656 -5.32084 14.8766 20.4772 -1.97685 -2.3819 39.567 24.1763 -17.2306 28.4661 13.6581 -34.7782 9.64621 -15.8584 -35.175 4.4891 -15.703 -28.9541 -22.5898 -17.2083 0.370292 -19.4931 -41.0169 14.4028 -18.5076 -36.487 14.9207 8.66895 -16.5603 0.854404 13.9817 -3.28546 -4.89298 39.5356 15.2294 17.3535 34.0009 15.4966 19.2462 6.769 45.9974 10.9937 -1.37708 37.0126 30.4903 -24.9265 9.38972 24.1586 -28.2049 -2.44649 26.2917 4.60097 -22.8719 18.1872 -13.5175 -48.7044 -0.233596 -2.16113 -26.5645 -25.7795 -12.6564 0 0 0 0 0 0 0 0 0 0 0 0 0 0 0 0 0 0 0 0 0 0 0 0 0 0
-13.0438 -15.0118 -40.152 17.5688 -2.84448 -28.7653 31.8151 -30.8916 -12.2271 20.6078 -17.4196 16.6644 9.32983 4.01679 -3.1699 -5.31879 14.875 20.4673 -1.9714 -2.37284 39.5662 24.1746 -17.2337 28.4646 13.6487 -34.7691 9.63766 -15.8681 -35.1521 4.48154 -15.7095 -28.9539 -22.6025 -17.2188 0.372877 -19.5307 -41.0301 14.3988 -18.5163 -36.4762 14.9026 8.65655 -16.5032 0.889975 13.9364 -3.22891 -4.89992 39.481 15.106 17.5347 34.1182 16.3031 18.8776 6.90008 47.6451 14.579 0.140244 37.2895 31.5111 -24.591 10.4729 22.6085 -27.4222 -2.09738 26.477 4.89027 -22.2824 18.1723 -13.4026 -48.3834 0.074829 -2.14896 -26.6011 -25.7358 -12.7347 0 0 0 0 0 0 0 0 0 0 0 0 0 0 0 0 0 0 0 0 0 0 0 0 0 0
-13.0567 -14.9906 -40.1353 17.5686 -2.84023 -28.7649 31.8059 -30.8937 -12.2296 20.6065 -17.419 16.6637 9.32765 4.0184 -3.16904 -5.31807 14.8769 20.4698 -1.96545 -2.36899 39.5696 24.1738 -17.2351 28.4592 13.6391 -34.7607 9.62795 -15.8781 -35.129 4.4731 -15.7164 -28.9535 -22.6161 -17.2306 0.375656 -19.5691 -41.0449 14.3947 -18.5304 -36.4705 14.8875 8.63917 -16.4859 0.8833 13.8968 -3.14552 -4.85351 39.4189 15.0804 17.6638 34.0328 16.3367 18.932 6.814 47.7908 15.4085 0.173674 37.0777 31.8767 -24.7108 10.429 22.4542 -27.3833 -2.15176 26.4569 4.90848 -22.3539 18.1809 -13.3784 -48.4257 0.0348853 -2.13545 -26.5926 -25.7351 -12.7154 0 0 0 0 0 0 0 0 0 0 0 0 0 0 0 0 0 0 0 0 0 0 0 0 0 0
-13.1074 -14.9195 -40.0673 17.5601 -2.82779 -28.7486 31.7636 -30.9031 -12.2212 20.5911 -17.4169 16.6771 9.30613 4.02026 -3.15236 -5.30634 14.899 20.4978 -1.85146 -2.28625 39.6335 24.153 -17.2714 28.3703 13.4503 -34.593 9.4475 -16.0702 -34.6625 4.30732 -15.8465 -28.941 -22.877 -17.5039 0.423181 -20.3268 -41.3711 14.2832 -18.708 -36.2503 14.6196 8.36011 -15.7373 1.22122 13.0362 -1.35418 -3.82877 38.0982 13.353 20.9668 33.8207 15.3529 23.1134 6.72629 46.084 16.1556 0.3491 36.6308 31.5719 -25.6184 9.56277 23.5312 -28.198 -2.25101 26.2991 4.47573 -22.7509 18.1899 -13.5476 -48.5819 -0.146981 -2.06762 -26.5629 -25.7581 -12.6452 0 0 0 0 0 0 0 0 0 0 0 0 0 0 0 0 0 0 0 0 0 0 0 0 0 0
-13.2447 -14.9326 -40.2294 17.5076 -2.80287 -29.1886 31.9006 -30.865 -12.8053 21.0164 -17.3829 16.2031 9.91731 4.28577 -3.47623 -5.72312 14.2375 19.8805 -3.81555 -4.07259 38.0448 23.0813 -18.3843 28.2477 14.2208 -34.4738 7.57627 -14.6684 -34.268 0.027425 -12.3519 -26.1518 -26.2321 -16.8829 2.45763 -21.7635 -41.8677 13.6226 -19.2732 -35.7559 15.126 7.50324 -15.6383 1.17005 12.216 -1.46658 -4.29203 37.3077 13.1221 20.6661 33.6696 15.3394 23.3815 6.65025 46.0401 16.2411 0.331427 36.6623 31.5152 -25.7465 9.56106 23.5732 -28.2806 -2.16682 26.3073 4.42673 -22.7214 18.2472 -13.5561 -48.5121 -0.129775 -2.05015 -26.475 -25.7062 -12.6737 0 0 0 0 0 0 0 0 0 0 0 0 0 0 0 0 0 0 0 0 0 0 0 0 0 0
-13.2497 -14.9315 -40.2131 17.5002 -2.80414 -29.1628 31.8853 -30.8669 -12.7736 20.9917 -17.3833 16.2305 9.88309 4.27485 -3.45513 -5.70801 14.2698 19.916 -3.66349 -3.95279 38.1524 23.0343 -18.4527 28.0984 13.923 -34.2047 7.28124 -14.9943 -33.625 -0.12849 -12.7031 -25.4595 -26.3749 -18.8887 2.81631 -22.0934 -44.1794 12.2886 -17.7102 -38.6983 6.85542 7.72017 -16.6494 1.35288 13.1564 -2.5928 -3.37369 38.4495 12.7817 20.8536 33.6418 14.9978 22.218 6.5543 45.9702 16.0677 0.627829 36.5722 31.5399 -25.3247 9.5158 23.4913 -27.9919 -2.42592 26.33 4.62807 -22.8686 18.2399 -13.4678 -48.6556 -0.239371 -2.11997 -26.479 -25.7267 -12.6654 0 0 0 0 0 0 0 0 0 0 0 0 0 0 0 0 0 0 0 0 0 0 0 0 0 0
-13.5607 -14.818 -40.4621 17.1596 -2.45371 -29.5978 31.8826 -30.4189 -13.3467 21.0017 -17.1085 15.7414 6.22412 1.75908 -3.86431 -6.6505 13.5985 20.056 -4.03214 -3.91579 38.8719 22.7331 -18.35 28.9037 13.8049 -33.7881 7.77978 -15.0908 -33.2838 0.28189 -12.7205 -25.4409 -26.0535 -18.9174 2.88291 -22.1374 -44.1898 12.3843 -17.7122 -38.7188 6.82945 7.69379 -16.657 1.37447 13.1255 -2.60085 -3.38984 38.4117 12.7793 20.8403 33.6366 14.9951 22.2408 6.55096 45.9635 16.0797 0.614689 36.5526 31.5206 -25.3517 9.48679 23.4912 -27.9797 -2.41157 26.3594 4.65345 -22.8872 18.2902 -13.4144 -48.6467 -0.213226 -2.04363 -26.5571 -25.6744 -12.8289 0 0 0 0 0 0 0 0 0 0 0 0 0 0 0 0 0 0 0 0 0 0 0 0 0 0
-13.8867 -14.7276 -40.7172 16.6703 -1.84123 -30.015 31.1346 -28.9491 -12.2455 13.9587 -18.9269 13.976 5.77658 3.73646 -3.82893 -7.75722 15.2789 19.8595 -5.49887 -2.39235 38.5706 21.6747 -16.4651 29.2471 13.2641 -32.8975 8.70663 -15.4746 -32.966 0.653084 -12.7186 -25.3983 -25.7209 -18.9435 2.96707 -22.1882 -44.2006 12.4876 -17.7177 -38.741 6.79777 7.66047 -16.6646 1.39926 13.0888 -2.61034 -3.40786 38.3679 12.7763 20.8256 33.6307 14.9936 22.2672 6.54737 45.9572 16.0918 0.601727 36.5356 31.5027 -25.3786 9.46075 23.4918 -27.9703 -2.39692 26.3861 4.67529 -22.9026 18.3345 -13.3662 -48.6374 -0.189494 -1.97291 -26.6341 -25.6266 -12.9863 0 0 0 0 0 0 0 0 0 0 0 0 0 0 0 0 0 0 0 0 0 0 0 0 0 0
-13.1824 -9.69557 -43.8382 17.1656 0.0912603 -30.4058 28.6801 -29.0934 -14.2896 14.0538 -18.3113 12.9983 5.21842 4.46052 -4.33121 -7.45247 15.8223 19.8933 -5.44281 -2.37209 38.1093 21.7675 -16.285 28.6563 13.2991 -33.077 8.43874 -15.4377 -33.1926 0.379102 -12.7061 -25.416 -25.9357 -18.9336 2.9183 -22.1731 -44.2046 12.4101 -17.7201 -38.7173 6.82393 7.67486 -16.6486 1.38085 13.0896 -2.56911 -3.37182 38.365 12.7613 20.891 33.5963 15.1143 22.2168 6.5191 46.1041 16.0037 0.754529 36.9317 31.6941 -25.1448 9.93808 23.5808 -28.1841 -2.37494 26.0955 4.31836 -22.6984 18.6045 -14.151 -47.9879 -1.07104 -3.86569 -27.0806 -24.6516 -19.222 0 0 0 0 0 0 0 0 0 0 0 0 0 0 0 0 0 0 0 0 0 0 0 0 0 0
-12.7542 -9.30282 -43.7107 17.6498 0.181983 -30.1923 28.8554 -29.1311 -14.095 14.0405 -18.3794 13.1022 5.27733 4.38208 -4.27716 -7.4844 15.7637 19.8901 -5.44853 -2.37427 38.1592 21.7574 -16.3053 28.7202 13.295 -33.0573 8.46703 -15.4419 -33.1671 0.407999 -12.7074 -25.4141 -25.9135 -18.936 2.92346 -22.1771 -44.2056 12.4172 -17.7202 -38.7183 6.82212 7.67276 -16.6484 1.3832 13.0867 -2.56816 -3.37181 38.3612 12.764 20.89 33.593 15.1143 22.2179 6.51563 46.105 16.0121 0.747924 36.9176 31.6707 -25.1653 9.90904 23.5882 -28.1535 -2.34504 26.1367 4.36853 -22.7387 18.7968 -14.0834 -47.8754 -1.1351 -3.92301 -26.7014 -24.4848 -19.2627 0 0 0 0 0 0 0 0 0 0 0 0 0 0 0 0 0 0 0 0 0 0 0 0 0 0
-12.4708 -10.319 -44.4253 17.3488 -0.0798656 -30.2235 28.9728 -29.1301 -13.9559 14.0245 -18.4225 13.1852 5.30278 4.34001 -4.21356 -7.51942 15.7185 19.923 -5.45424 -2.38872 38.2192 21.7487 -16.3209 28.7732 13.2874 -33.0366 8.48969 -15.4495 -33.1334 0.430219 -12.7087 -25.411 -25.8996 -18.9506 2.92835 -22.1997 -44.2205 12.413 -17.7256 -38.7099 6.82992 7.66497 -16.64 1.36917 13.057 -2.52006 -3.31761 38.3219 12.8171 20.9213 33.4553 14.7045 22.4286 6.35568 45.4902 15.8443 -0.0115871 36.0424 31.7566 -25.6716 9.14232 23.3553 -28.7378 -1.09611 19.2492 3.57728 -22.8823 18.2717 -13.4589 -49.1754 -1.22116 -6.38802 -27.1452 -24.776 -19.9852 0 0 0 0 0 0 0 0 0 0 0 0 0 0 0 0 0 0 0 0 0 0 0 0 0 0
-12.5303 -10.3157 -44.5159 17.3538 -0.051214 -30.4699 29.1008 -29.0992 -14.2875 14.1383 -18.5169 12.8945 5.55067 4.4015 -4.36399 -7.80291 15.3594 19.6691 -6.10304 -3.04858 37.6926 21.5824 -16.4449 28.9537 13.9192 -33.5686 8.71312 -14.121 -33.0468 -1.27083 -9.5987 -23.7941 -26.7279 -17.9671 3.81142 -22.4521 -43.8996 11.306 -18.5611 -38.4574 6.61957 7.00835 -16.4011 1.36415 12.6447 -2.56465 -3.4038 38.0488 12.8204 20.8526 33.4339 14.7471 22.6146 6.35365 45.4911 15.8746 -0.0500794 36.0607 31.7345 -25.7489 9.14338 23.3758 -28.7791 -1.0515 19.2638 3.54897 -22.8623 18.3042 -13.4567 -49.1337 -1.21642 -6.38183 -27.0832 -24.7468 -19.9884 0 0 0 0 0 0 0 0 0 0 0 0 0 0 0 0 0 0 0 0 0 0 0 0 0 0
-12.1089 -10.9354 -45.0544 17.333 -0.178288 -30.4786 29.3201 -29.0517 -14.1637 14.1433 -18.5474 12.9286 5.59086 4.35824 -4.36431 -7.80894 15.3355 19.6341 -6.11165 -3.04375 37.6871 21.5799 -16.4477 28.9795 13.9331 -33.5781 8.73842 -14.1063 -33.0798 -1.24857 -9.59136 -23.8016 -26.6977 -17.9158 3.8107 -22.3801 -43.8399 11.3446 -18.5093 -38.4441 6.58714 7.05678 -16.3527 1.55459 12.7541 -2.61243 -3.4465 38.1643 13.3391 20.4104 33.4448 15.5186 21.8579 6.36812 46.7256 18.9512 0.530921 36.2983 37.2805 -22.7802 10.1282 27.7008 -27.482 -0.368775 19.7033 3.74957 -21.39 18.2208 -14.1405 -48.4888 -0.12621 -7.19383 -27.3736 -24.603 -20.5445 0 0 0 0 0 0 0 0 0 0 0 0 0 0 0 0 0 0 0 0 0 0 0 0 0 0
-12.967 -12.863 -45.6435 15.7799 -0.96118 -30.6441 28.6885 -29.3358 -14.192 14.1367 -18.566 13.1285 5.56785 4.3973 -4.07926 -7.97485 15.1954 19.9191 -6.17273 -3.22258 37.922 21.5705 -16.4753 29.1494 13.9797 -33.5935 8.87711 -14.0628 -33.173 -1.10486 -9.58711 -23.8021 -26.5267 -17.766 3.82894 -22.0584 -43.6797 11.5191 -18.4451 -38.6381 6.50985 7.14148 -16.6356 1.38453 13.0876 -3.24913 -3.88024 38.6289 13.2534 19.6154 34.0409 14.266 22.0564 7.01018 45.1016 18.9684 -0.314334 33.5399 36.8677 -23.3907 7.77304 26.1725 -27.738 -2.38859 18.7097 3.7287 -22.753 14.3479 -14.2069 -48.4203 -5.47231 -6.30561 -27.1947 -28.4337 -21.7565 0 0 0 0 0 0 0 0 0 0 0 0 0 0 0 0 0 0 0 0 0 0 0 0 0 0
-13.6053 -11.4347 -45.598 16.2473 -5.22412 -30.4446 22.4634 -33.837 -12.0967 14.9158 -18.5346 14.606 6.10736 3.28847 -3.83657 -8.36377 14.7069 19.2739 -6.46732 -2.76854 38.1403 21.2327 -16.4353 29.9096 13.8316 -33.2703 9.33727 -14.1779 -32.8807 -0.737347 -9.59889 -23.775 -26.2353 -17.7835 3.90199 -22.0851 -43.687 11.6152 -18.4483 -38.6622 6.49034 7.11833 -16.6522 1.39867 13.0657 -3.27217 -3.90989 38.6013 13.2501 19.5779 34.0447 14.2199 22.0862 7.01871 45.0408 18.9927 -0.364716 33.4188 36.8181 -23.4677 7.63995 26.1108 -27.7119 -2.42588 18.7217 3.80269 -22.7403 14.013 -14.0984 -48.6686 -5.253 -5.72955 -29.3769 -27.9921 -23.5569 0 0 0 0 0 0 0 0 0 0 0 0 0 0 0 0 0 0 0 0 0 0 0 0 0 0
-13.7664 -12.8065 -46.2867 15.4501 -5.53577 -30.4465 22.3143 -33.9371 -12.0139 14.8843 -18.5805 14.6905 6.16741 3.27887 -3.75222 -8.39516 14.6669 19.3156 -6.46578 -2.7776 38.2072 21.2215 -16.4556 29.9524 13.8067 -33.2392 9.34309 -14.2021 -32.8036 -0.731388 -9.60162 -23.7704 -26.2512 -17.8386 3.90549 -22.1998 -43.7431 11.5691 -18.4675 -38.5953 6.51444 7.0883 -16.5518 1.46735 12.9481 -3.0535 -3.78216 38.4332 13.2507 19.8574 33.8838 14.8397 21.949 6.862 45.8313 18.9193 0.249387 34.8234 37.0346 -22.9186 8.61614 27.3946 -26.9288 -1.01409 19.1371 4.49106 -19.9359 11.6477 -13.7135 -46.5181 -6.29936 -4.65084 -29.7665 -29.2836 -24.352 0 0 0 0 0 0 0 0 0 0 0 0 0 0 0 0 0 0 0 0 0 0 0 0 0 0
-11.4782 -9.23717 -46.2552 18.0374 -2.35908 -30.8119 25.2727 -31.2283 -13.3043 15.5295 -17.6248 13.449 5.26246 3.70124 -4.7441 -7.92585 15.3494 18.9604 -6.405 -2.54038 37.4549 21.2987 -16.2372 29.2874 13.8504 -33.4045 9.0155 -14.1481 -33.0861 -1.09142 -9.58393 -23.7958 -26.5238 -17.8241 3.83379 -22.184 -43.7393 11.4673 -18.4654 -38.5632 6.53405 7.1081 -16.5229 1.46347 12.9595 -3.00758 -3.73763 38.4455 13.2753 19.9083 33.8532 14.9194 21.9132 6.82829 45.9354 18.9614 0.296433 34.9248 36.9726 -22.951 8.63383 27.4797 -26.749 -0.780016 19.253 4.74356 -20.5163 13.3953 -13.0957 -45.5622 -6.98589 -5.49845 -26.3587 -27.6603 -25.2334 0 0 0 0 0 0 0 0 0 0 0 0 0 0 0 0 0 0 0 0 0 0 0 0 0 0
-10.7261 -5.45274 -48.6736 18.2334 -0.658271 -31.6936 23.2937 -30.457 -15.1977 15.5286 -16.9609 12.1698 4.33626 4.60668 -5.12317 -7.51301 15.9312 19.3786 -6.34852 -2.67627 37.1448 21.3932 -16.2009 28.8243 13.9135 -33.5518 8.72253 -14.0888 -33.293 -1.37558 -9.57341 -23.8177 -26.7476 -17.8256 3.7734 -22.1963 -43.7495 11.3738 -18.4702 -38.5262 6.55549 7.11525 -16.485 1.45984 12.9413 -2.93045 -3.68082 38.4186 13.2442 20.0368 33.8156 15.0888 21.8964 6.79435 46.1295 18.724 0.495485 35.5539 37.3448 -22.4578 9.39032 27.902 -27.0797 -0.781143 19.083 3.99683 -20.0551 13.5451 -14.4224 -44.7757 -7.60251 -8.12126 -26.3509 -25.8356 -30.4878 0 0 0 0 0 0 0 0 0 0 0 0 0 0 0 0 0 0 0 0 0 0 0 0 0 0
-10.8225 -5.40338 -48.7523 18.2331 -0.62612 -31.9334 23.3679 -30.4285 -15.4673 15.6675 -16.9537 11.9289 4.72039 4.77678 -5.31447 -8.03909 15.4866 18.9802 -7.23631 -3.45275 36.4022 20.616 -16.896 28.3277 13.307 -34.5462 8.42876 -14.5824 -34.3833 -1.97349 -9.88544 -24.4485 -27.1301 -17.8204 3.13307 -22.0333 -43.6768 10.9984 -18.4005 -38.4265 6.64122 7.25776 -16.4363 1.37274 13.1198 -2.89514 -3.5671 38.6431 13.2823 20.1127 33.8621 15.0912 21.7931 6.82731 46.1357 18.6844 0.515451 35.5289 37.3522 -22.3851 9.38163 27.8781 -27.0347 -0.821709 19.0711 4.03482 -20.0873 13.5509 -14.3984 -44.7947 -7.62451 -8.13903 -26.3352 -25.8193 -30.5082 0 0 0 0 0 0 0 0 0 0 0 0 0 0 0 0 0 0 0 0 0 0 0 0 0 0
-10.8064 -5.38996 -48.7283 18.2216 -0.673955 -31.8448 23.5767 -30.6925 -15.8586 16.2844 -17.5853 11.8192 -1.05781 -1.19957 -3.94441 -9.51663 12.7848 19.9564 -6.74074 -4.04273 38.9602 20.8684 -17.5543 30.2229 13.2464 -34.1236 9.57207 -14.7189 -33.2227 -0.554707 -9.95638 -24.3628 -26.0723 -17.9059 3.3822 -22.1658 -43.7157 11.3452 -18.4199 -38.4979 6.57957 7.16895 -16.4728 1.43548 13.0088 -2.92114 -3.6365 38.5002 13.2582 20.0644 33.8327 15.089 21.8593 6.80704 46.1308 18.7103 0.502013 35.5421 37.3459 -22.433 9.38407 27.8914 -27.0621 -0.79638 19.079 4.01335 -20.0685 13.5454 -14.4091 -44.7836 -7.61192 -8.1193 -26.3852 -25.8051 -30.5399 0 0 0 0 0 0 0 0 0 0 0 0 0 0 0 0 0 0 0 0 0 0 0 0 0 0
-9.60805 -5.53428 -51.7185 17.2756 -0.545157 -31.9829 22.0527 -30.8804 -16.4369 15.569 -17.9297 11.5011 -1.43882 -0.798542 -3.79972 -9.3374 12.9345 20.4262 -6.68851 -4.26259 39.1078 20.9314 -17.665 30.2391 13.2946 -34.1752 9.54666 -14.6844 -33.2629 -0.541202 -9.95714 -24.3658 -26.0524 -17.8689 3.38141 -22.0857 -43.6773 11.3814 -18.4101 -38.5508 6.56397 7.18727 -16.5534 1.37344 13.0899 -3.08926 -3.74486 38.6181 13.1805 19.9029 33.9976 14.7934 21.9002 6.9739 45.7385 18.4628 0.36601 35.236 37.6734 -22.1181 9.53657 27.6925 -27.8804 -1.62571 18.2482 2.64039 -18.6385 10.2929 -16.7698 -42.7727 -11.6476 -11.0319 -25.8327 -27.2783 -36.0418 0 0 0 0 0 0 0 0 0 0 0 0 0 0 0 0 0 0 0 0 0 0 0 0 0 0
-9.89817 -5.90907 -51.8172 16.9123 -0.68169 -32.0455 21.9164 -30.9625 -16.4666 15.5019 -17.9915 11.4778 -1.40553 -0.755465 -3.81574 -9.364 12.8955 20.4367 -6.74826 -4.36063 39.0683 20.9599 -17.6371 30.2875 13.4397 -34.3038 9.67904 -14.5499 -33.6552 -0.396128 -9.95538 -24.382 -25.794 -17.5138 3.37416 -21.2895 -43.2706 11.7477 -18.1947 -38.9739 6.36093 7.42216 -17.2026 0.942932 13.8948 -4.6043 -4.91822 39.6772 12.7906 17.9744 35.6191 13.0581 21.8092 8.84515 43.5086 18.4778 0.410025 31.594 37.533 -21.4395 7.09639 25.5864 -28.0967 -5.90223 17.8191 2.06453 -22.2106 9.71277 -17.8607 -45.0786 -13.6957 -13.3106 -25.4674 -28.4394 -36.6352 0 0 0 0 0 0 0 0 0 0 0 0 0 0 0 0 0 0 0 0 0 0 0 0 0 0
-9.74956 -5.91535 -51.9104 16.9749 -0.664591 -32.0292 21.9549 -30.9473 -16.4463 15.5227 -17.9738 11.4929 -1.41728 -0.774725 -3.80608 -9.35203 12.9111 20.4345 -6.72172 -4.31943 39.0877 20.9487 -17.6495 30.2696 13.3783 -34.2537 9.62929 -14.6014 -33.4801 -0.463882 -9.9337 -24.3994 -25.917 -17.6462 3.35507 -21.6827 -43.3936 11.551 -18.1124 -38.5195 6.40534 7.44286 -16.479 1.86849 13.6012 -3.38681 -4.14133 39.095 14.2815 18.4419 34.5615 15.5351 20.9435 7.70939 44.7813 26.2653 0.853914 29.9477 40.3893 -22.1415 9.03327 23.5849 -27.565 -5.45599 18.3733 2.31921 -21.3485 9.79121 -17.7321 -44.611 -13.1849 -13.0213 -25.5468 -28.2044 -36.6123 0 0 0 0 0 0 0 0 0 0 0 0 0 0 0 0 0 0 0 0 0 0 0 0 0 0
-11.5812 -5.67427 -50.1554 16.4164 -0.893166 -32.1269 21.6384 -31.1046 -16.4871 15.4062 -18.0577 11.4624 -1.42159 -0.715594 -3.79777 -9.35198 12.8967 20.4854 -6.75055 -4.40016 39.081 20.9719 -17.647 30.3016 13.4686 -34.3328 9.70287 -14.5214 -33.7185 -0.371547 -9.94491 -24.4063 -25.7562 -17.4157 3.35736 -21.1825 -43.124 11.8006 -17.9481 -38.7678 6.23848 7.60474 -16.8681 1.53983 14.1197 -4.23241 -4.52221 39.8256 14.3536 17.2254 35.0575 14.4021 20.6213 8.31677 43.2799 26.2694 0.356453 27.4477 39.4197 -22.5075 6.76713 22.0565 -26.7964 -5.3446 15.867 3.83048 -22.5369 7.53776 -15.1547 -43.6044 -17.2632 -10.2431 -25.3632 -29.6362 -35.7095 0 0 0 0 0 0 0 0 0 0 0 0 0 0 0 0 0 0 0 0 0 0 0 0 0 0
-11.208 -6.14151 -49.9754 17.2894 -1.91959 -32.6319 22.8384 -32.5517 -17.9967 16.5296 -20.4895 10.3548 2.31882 -0.891754 -4.43097 -12.4731 6.42734 17.3015 -5.71299 -4.21407 37.9641 21.7399 -17.7894 28.8617 13.6855 -34.9806 8.9213 -14.3852 -34.1224 -0.901073 -9.99103 -24.4433 -26.1769 -17.4126 3.25017 -21.1444 -43.1178 11.713 -17.9359 -38.7491 6.26934 7.64005 -16.8585 1.52488 14.1523 -4.22159 -4.50213 39.8657 14.3576 17.2456 35.072 14.4124 20.6034 8.3265 43.2892 26.2587 0.36729 27.4538 39.4296 -22.4826 6.78413 22.0601 -26.7981 -5.35774 15.8578 3.81414 -22.5173 7.5081 -15.1916 -43.646 -17.2374 -10.2643 -25.0322 -29.9315 -35.2907 0 0 0 0 0 0 0 0 0 0 0 0 0 0 0 0 0 0 0 0 0 0 0 0 0 0
-11.2512 -6.12439 -49.9244 17.2804 -1.92148 -32.6328 22.8296 -32.554 -17.9985 16.5271 -20.4911 10.354 2.31906 -0.889675 -4.42938 -12.4736 6.42712 17.3033 -5.71082 -4.21238 37.966 21.7399 -17.7902 28.8607 13.6824 -34.978 8.91869 -14.388 -34.1132 -0.904139 -9.99026 -24.444 -26.1832 -17.4198 3.2498 -21.1645 -43.1249 11.7011 -17.9254 -38.7195 6.27067 7.64702 -16.815 1.55781 14.1354 -4.13207 -4.39599 39.8431 14.546 17.2264 34.8754 14.3364 20.6197 8.13647 43.1913 25.8718 -0.15419 27.2842 39.3865 -22.7479 6.40263 22.2621 -27.0103 -5.39733 15.7736 3.67296 -22.721 7.50701 -15.2187 -43.7097 -17.3519 -10.2673 -25.0187 -29.9688 -35.275 0 0 0 0 0 0 0 0 0 0 0 0 0 0 0 0 0 0 0 0 0 0 0 0 0 0
-11.242 -6.12668 -49.9241 17.2764 -1.91925 -32.6119 22.8241 -32.5531 -17.98 16.521 -20.4925 10.3734 2.31799 -0.886695 -4.40917 -12.4788 6.42701 17.3217 -5.64178 -4.12197 38.006 21.7301 -17.816 28.8388 13.5674 -34.9019 8.85267 -14.4405 -33.7035 -1.10553 -9.81492 -23.9779 -26.321 -17.3384 3.69387 -21.3215 -43.0661 12.0481 -18.0126 -38.741 6.1388 7.46235 -16.8135 1.60432 13.9972 -4.16856 -4.45164 39.6995 14.5385 17.1676 34.8294 14.3234 20.6909 8.10761 43.1876 25.9059 -0.173921 27.3054 39.3898 -22.8035 6.4134 22.2734 -27.0467 -5.3654 15.7951 3.64681 -22.7 7.51814 -15.2302 -43.6883 -17.3357 -10.2517 -25.0241 -29.9625 -35.2744 0 0 0 0 0 0 0 0 0 0 0 0 0 0 0 0 0 0 0 0 0 0 0 0 0 0
-11.3994 -5.85704 -49.6095 17.3332 -1.87884 -32.6053 22.7761 -32.5468 -18.0058 16.5049 -20.4968 10.3591 2.31682 -0.864176 -4.40204 -12.484 6.4277 17.3334 -5.63587 -4.12418 38.0126 21.7328 -17.8139 28.8297 13.5618 -34.8992 8.84637 -14.4456 -33.6888 -1.11179 -9.81492 -23.9772 -26.3317 -17.3539 3.69405 -21.353 -43.0841 12.0319 -18.0227 -38.7253 6.15062 7.45298 -16.79 1.61781 13.9626 -4.11132 -4.41391 39.654 14.5524 17.2386 34.766 14.3411 20.7299 8.04003 43.2084 25.9218 -0.245366 27.3353 39.2669 -22.9628 6.28134 22.2815 -26.9054 -5.37897 16.2362 3.91789 -22.2198 6.67468 -14.7466 -41.9819 -18.9892 -9.15247 -24.6588 -30.3423 -35.6003 0 0 0 0 0 0 0 0 0 0 0 0 0 0 0 0 0 0 0 0 0 0 0 0 0 0
-11.4719 -5.83071 -49.6744 17.3728 -1.87651 -32.857 22.835 -32.5201 -18.2138 16.5872 -20.4264 10.1377 2.2684 -0.897256 -4.63357 -12.508 6.37969 17.1235 -6.00935 -4.61293 37.6775 21.1923 -18.62 28.4838 13.3135 -33.6879 6.97984 -15.0146 -33.2913 -2.00309 -11.5444 -23.4281 -27.323 -18.0211 4.36282 -21.711 -43.3425 13.4649 -17.5625 -38.9733 6.00947 7.442 -16.9557 1.79707 13.8798 -4.16603 -4.50823 39.4481 14.5047 17.1669 34.6903 14.3114 20.8035 7.98395 43.1944 25.9671 -0.263873 27.3646 39.2672 -23.0377 6.2916 22.2992 -26.9536 -5.33323 16.2618 3.88463 -22.1976 6.69931 -14.7581 -41.9487 -18.9676 -9.13942 -24.6466 -30.3239 -35.5996 0 0 0 0 0 0 0 0 0 0 0 0 0 0 0 0 0 0 0 0 0 0 0 0 0 0
-11.4669 -5.83384 -49.6804 17.3736 -1.87681 -32.8565 22.8363 -32.5203 -18.2132 16.587 -20.4269 10.1381 2.26962 -0.897123 -4.63375 -12.5072 6.38065 17.1228 -6.01525 -4.61847 37.6754 21.1976 -18.6097 28.4906 13.3273 -33.7115 7.00731 -14.9898 -33.3021 -2.00928 -11.4731 -23.5561 -27.3678 -17.7326 4.30207 -21.8485 -42.9636 13.5855 -17.5605 -38.644 5.77857 7.34241 -16.7873 0.544995 13.4826 -3.70858 -5.31694 39.0047 13.9222 17.1985 34.3736 14.1192 20.5572 7.63519 43.0568 26.0246 -0.199131 27.4141 39.2349 -23.1522 6.26206 22.359 -27.0373 -5.27889 16.2879 3.82559 -22.1797 6.72037 -14.7814 -41.9174 -18.9471 -9.11808 -24.6512 -30.3164 -35.5961 0 0 0 0 0 0 0 0 0 0 0 0 0 0 0 0 0 0 0 0 0 0 0 0 0 0
-11.7839 -5.51383 -49.8301 16.9238 -1.4445 -32.809 22.143 -31.914 -17.7298 16.6473 -19.2299 10.5028 -0.651615 -2.23147 -3.66563 -16.2875 1.15159 18.0791 -7.28267 -5.44456 38.9392 20.3932 -18.1998 29.4437 13.0473 -33.1235 7.66162 -15.1589 -33.0813 -1.69118 -11.4324 -23.5513 -27.0999 -17.7333 4.3516 -21.8695 -42.9657 13.6239 -17.5655 -38.6518 5.75749 7.31965 -16.7892 0.556237 13.4661 -3.71655 -5.32324 38.9872 13.9239 17.1874 34.3695 14.1151 20.5677 7.63382 43.0528 26.0297 -0.203853 27.4103 39.2305 -23.1625 6.25494 22.3562 -27.0367 -5.2726 16.2887 3.83199 -22.1911 6.73626 -14.7667 -41.8859 -18.9683 -9.12289 -24.9263 -30.1022 -35.893 0 0 0 0 0 0 0 0 0 0 0 0 0 0 0 0 0 0 0 0 0 0 0 0 0 0
-11.2985 -2.51127 -52.7294 16.0944 0.615081 -33.6646 20.3663 -30.541 -19.84 16.5704 -18.6796 8.95551 -0.908478 -0.841883 -3.79172 -16.639 0.529664 18.0113 -6.94846 -5.29865 38.7668 20.645 -17.9075 28.8557 12.9818 -33.3184 7.53982 -15.241 -33.0548 -1.75629 -11.4923 -23.5408 -27.1678 -17.7921 4.36642 -21.9592 -43.015 13.6305 -17.5832 -38.6159 5.79409 7.2963 -16.7305 0.612374 13.3775 -3.58449 -5.29488 38.8544 13.8425 17.4035 34.3571 14.4587 20.5761 7.60655 43.5181 25.9565 0.186041 28.223 39.9503 -22.5179 7.49357 22.9621 -27.7181 -5.30213 16.0405 2.41586 -21.4029 7.04932 -17.1153 -41.2329 -18.8007 -13.0599 -25.1958 -27.7331 -41.0607 0 0 0 0 0 0 0 0 0 0 0 0 0 0 0 0 0 0 0 0 0 0 0 0 0 0
-12.1272 -2.30302 -51.6732 15.98 0.492173 -33.6723 20.2732 -30.6432 -19.808 16.5415 -18.7357 8.97679 -0.897667 -0.862175 -3.77468 -16.6285 0.544601 18.0258 -6.95475 -5.30668 38.7827 20.6382 -17.9224 28.8788 12.981 -33.3072 7.54204 -15.2413 -33.0398 -1.75555 -11.4885 -23.5396 -27.1716 -17.8045 4.36757 -21.9825 -43.0302 13.6164 -17.5907 -38.6004 5.80802 7.29215 -16.7102 0.616509 13.3475 -3.52656 -5.24617 38.8151 13.8813 17.4555 34.2613 14.4074 20.6303 7.50929 43.4391 26.0265 -0.00681222 28.0757 39.5081 -22.9657 7.03539 22.6997 -27.3659 -5.66524 17.2057 3.06543 -20.3084 5.13517 -15.6187 -34.7798 -23.2254 -10.3573 -24.8875 -28.4758 -40.9749 0 0 0 0 0 0 0 0 0 0 0 0 0 0 0 0 0 0 0 0 0 0 0 0 0 0
-12.1551 -2.23483 -51.5988 16.0032 0.500953 -33.6689 20.264 -30.6426 -19.8129 16.5369 -18.7401 8.97456 -0.897991 -0.859185 -3.77225 -16.6286 0.545572 18.0286 -6.95467 -5.3081 38.7847 20.637 -17.9252 28.8791 12.9791 -33.3018 7.53672 -15.2463 -33.0406 -1.7518 -11.5062 -23.5176 -27.1611 -17.8383 4.38144 -21.9478 -43.0937 13.6499 -17.7793 -38.8738 5.87891 7.1507 -17.1986 -0.12601 13.169 -4.06282 -5.96829 38.6659 11.8466 17.8871 35.1633 13.4771 21.4467 8.53034 42.1104 29.4509 2.615 27.345 40.2928 -21.8732 7.95437 21.7508 -26.2378 -6.1722 17.1099 3.65212 -20.2004 4.94447 -15.4237 -34.9639 -23.3142 -10.4499 -24.8462 -28.4839 -41.0064 0 0 0 0 0 0 0 0 0 0 0 0 0 0 0 0 0 0 0 0 0 0 0 0 0 0
-11.9073 -0.0336242 -51.1923 13.9694 4.99451 -30.9189 23.1771 -25.761 -20.1986 15.6099 -19.0267 8.78701 -1.26314 0.0322976 -2.84447 -16.9314 0.675516 19.0234 -7.20278 -5.90428 39.5204 20.5147 -17.8256 29.1511 12.917 -33.1598 7.75684 -15.2918 -32.9154 -1.58187 -11.4986 -23.5147 -27.0285 -17.844 4.40817 -21.9633 -43.0968 13.6767 -17.7799 -38.8771 5.86926 7.13872 -17.1957 -0.112341 13.1574 -4.06122 -5.96958 38.6516 11.853 17.8844 35.1607 13.499 21.4467 8.52905 42.1229 29.5015 2.63711 27.3768 40.2111 -21.9204 7.8203 21.7898 -26.0373 -5.87461 17.1443 4.04839 -20.6724 5.79826 -14.9172 -34.4392 -23.0805 -11.0167 -23.3403 -27.0929 -41.3674 0 0 0 0 0 0 0 0 0 0 0 0 0 0 0 0 0 0 0 0 0 0 0 0 0 0
-11.0318 -1.84515 -53.1792 12.9846 4.40097 -31.2178 23.2703 -25.8508 -20.1234 15.7183 -18.9227 8.81979 -1.24972 -0.0243005 -2.9329 -16.9243 0.676744 18.9286 -7.20881 -5.87358 39.4413 20.5231 -17.7929 29.1086 12.944 -33.2038 7.76317 -15.2667 -33.0288 -1.57122 -11.5113 -23.5249 -26.9848 -17.7562 4.39387 -21.7769 -42.9916 13.7588 -17.7068 -38.9814 5.77305 7.18837 -17.3452 -0.218737 13.3561 -4.39784 -6.11502 38.936 12.0054 17.3718 35.2809 12.7084 21.4653 8.70614 41.1943 29.2176 1.89342 25.8367 39.6658 -22.3897 7.1551 20.4544 -26.7722 -10.6796 19.2674 0.783079 -22.551 5.41424 -18.1829 -34.4223 -24.0068 -13.0152 -23.002 -28.5902 -43.1573 0 0 0 0 0 0 0 0 0 0 0 0 0 0 0 0 0 0 0 0 0 0 0 0 0 0
-12.3861 -4.11769 -52.9492 11.67 3.42886 -31.4897 23.2104 -26.1755 -19.9878 15.738 -18.9945 8.91323 -1.20551 -0.147482 -2.95591 -16.8846 0.70157 18.8966 -7.22582 -5.88316 39.425 20.5196 -17.8171 29.1457 12.9746 -33.2164 7.77984 -15.2382 -33.0981 -1.54896 -11.5129 -23.5357 -26.9449 -17.6877 4.38239 -21.6516 -42.9089 13.8152 -17.652 -39.0402 5.69841 7.22242 -17.4156 -0.196242 13.5208 -4.66917 -6.34645 39.1397 11.942 17.0272 35.7212 12.9211 21.2082 9.17043 41.3509 29.46 2.75132 25.9938 40.4866 -21.2666 7.33156 21.3782 -26.1284 -6.99598 15.7792 2.32471 -18.7177 1.86651 -16.6901 -31.5886 -27.066 -11.2883 -23.1327 -31.1063 -42.3092 0 0 0 0 0 0 0 0 0 0 0 0 0 0 0 0 0 0 0 0 0 0 0 0 0 0
-12.3959 -4.1254 -52.9552 11.7083 3.42352 -31.5506 23.2205 -26.1772 -20.0113 15.6735 -18.989 8.86839 -1.18032 -0.0911358 -3.04705 -16.9606 0.747751 18.7325 -7.56044 -6.349 39.2022 20.3282 -17.997 28.9879 13.0155 -33.2908 7.46812 -15.1673 -33.3978 -1.94809 -11.4764 -23.5396 -27.2337 -17.6605 4.30965 -21.6099 -42.8991 13.7166 -17.6602 -39.0205 5.72731 7.25355 -17.4093 -0.219157 13.5493 -4.65879 -6.33495 39.1744 11.9391 17.0444 35.7306 12.9265 21.1896 9.17449 41.3533 29.4523 2.75598 25.9901 40.4871 -21.2543 7.3305 21.3776 -26.1217 -7.00538 15.7778 2.32706 -18.7189 1.8626 -16.6909 -31.596 -27.0673 -11.2896 -23.1057 -31.1222 -42.2993 0 0 0 0 0 0 0 0 0 0 0 0 0 0 0 0 0 0 0 0 0 0 0 0 0 0
-13.2426 -3.19961 -51.2314 12.2634 3.69138 -31.4013 23.2673 -26.145 -19.9879 15.6397 -19.0353 8.88983 -1.16564 -0.0911779 -3.02037 -16.9622 0.757786 18.747 -7.61274 -6.43633 39.2055 20.3311 -17.9712 29.0145 13.0904 -33.3548 7.53486 -15.0958 -33.6369 -1.86574 -11.5071 -23.568 -27.0818 -17.4349 4.2708 -21.1527 -42.6089 13.9362 -17.4377 -39.2469 5.44701 7.37508 -17.7232 -0.321642 14.1028 -5.5716 -6.9576 39.8764 11.9058 15.7881 36.7381 12.5559 20.6762 10.3111 40.7944 29.5099 3.85009 25.2312 39.9727 -20.2792 6.98122 20.4355 -24.9587 -2.37226 10.4545 3.59068 -18.1723 0.605592 -14.0364 -32.4628 -27.8526 -10.6138 -22.754 -30.8813 -41.3395 0 0 0 0 0 0 0 0 0 0 0 0 0 0 0 0 0 0 0 0 0 0 0 0 0 0
-13.2551 -3.20305 -51.2218 12.2582 3.68855 -31.4013 23.2635 -26.1472 -19.9875 15.6395 -19.0358 8.89076 -1.16826 -0.093234 -3.01846 -16.9607 0.758155 18.7518 -7.60326 -6.42139 39.2118 20.3287 -17.9807 29.0158 13.0734 -33.3377 7.52201 -15.1117 -33.5791 -1.88307 -11.498 -23.5642 -27.117 -17.4822 4.27847 -21.2641 -42.6693 13.8866 -17.4904 -39.1875 5.50699 7.34247 -17.6275 -0.207643 13.9991 -5.40215 -6.94226 39.7118 11.7239 16.099 36.8505 12.2164 21.3702 10.4972 40.6036 29.5186 3.83181 25.1845 39.9398 -20.4071 6.83308 20.4873 -25.0404 -2.37394 10.4348 3.53099 -18.2449 0.604096 -14.0422 -32.4718 -27.8859 -10.6208 -22.7462 -30.8963 -41.343 0 0 0 0 0 0 0 0 0 0 0 0 0 0 0 0 0 0 0 0 0 0 0 0 0 0
-13.3008 -3.20602 -51.2666 12.3399 3.70321 -31.6186 23.298 -26.1075 -20.0951 15.5471 -18.9372 8.73436 -1.29137 -0.0960648 -3.29085 -17.0126 0.959793 18.5208 -8.10924 -7.34476 38.7184 20.1652 -18.0879 28.613 13.4359 -33.5427 7.02525 -13.3856 -31.523 -5.03383 -7.05056 -18.2816 -27.612 -16.941 7.75172 -20.5585 -43.0701 13.6095 -17.715 -39.3893 5.37407 7.13623 -17.7262 0.0264508 13.7519 -5.44167 -7.0765 39.3339 11.7207 15.9673 36.7347 12.1649 21.58 10.4535 40.5968 29.5693 3.78819 25.2582 39.9342 -20.5255 6.85938 20.5165 -25.1158 -2.31062 10.4916 3.47712 -18.2044 0.644165 -14.066 -32.4326 -27.8393 -10.5955 -22.7147 -30.8995 -41.3152 0 0 0 0 0 0 0 0 0 0 0 0 0 0 0 0 0 0 0 0 0 0 0 0 0 0
-12.6862 0.142329 -50.399 14.0729 7.00896 -32.397 25.2766 -22.7504 -20.9809 16.905 -16.006 7.7678 -1.77698 0.610477 -4.46396 -17.369 0.380855 17.4262 -7.60609 -6.37846 37.725 20.4406 -17.4291 27.332 13.228 -33.8445 6.67647 -13.5395 -31.7424 -5.48732 -7.11993 -18.2617 -27.8973 -16.9611 7.71295 -20.5696 -43.0809 13.5999 -17.7017 -39.38 5.38364 7.15288 -17.7121 0.0379338 13.7542 -5.40781 -7.05255 39.3301 11.7312 16.0075 36.7215 12.2362 21.5597 10.4287 40.6466 29.6882 3.84232 25.3502 39.8333 -20.589 6.71644 20.5618 -24.81 -1.89704 10.542 3.95139 -18.8836 1.84322 -13.0888 -31.7522 -27.3384 -11.7185 -20.1663 -28.4611 -41.7908 0 0 0 0 0 0 0 0 0 0 0 0 0 0 0 0 0 0 0 0 0 0 0 0 0 0
-12.7288 0.151489 -50.4194 14.1159 6.99943 -32.5389 25.4319 -22.7812 -21.292 17.3478 -16.0915 7.54996 -1.58992 0.390376 -4.46334 -16.7821 0.290159 17.7016 -6.83651 -6.9451 37.7378 21.54 -16.6829 27.0249 15.6883 -26.5023 3.30332 -10.0408 -31.913 -7.58054 -8.68971 -18.1785 -30.1395 -17.379 7.44397 -20.7786 -43.1949 14.2369 -17.4083 -39.4887 5.35789 7.20639 -17.7823 0.100975 13.7516 -5.40916 -7.08306 39.2677 11.7201 15.9888 36.6996 12.2253 21.5852 10.4162 40.6426 29.6958 3.83758 25.3623 39.8317 -20.6077 6.71962 20.5676 -24.8227 -1.8876 10.5503 3.94141 -18.877 1.84873 -13.0945 -31.7456 -27.3325 -11.7171 -20.1756 -28.4559 -41.7955 0 0 0 0 0 0 0 0 0 0 0 0 0 0 0 0 0 0 0 0 0 0 0 0 0 0
-9.97277 3.76667 -48.7975 17.2322 9.43282 -31.0922 27.7235 -20.8756 -20.5414 17.8555 -15.4166 7.91811 -1.5089 -0.0133944 -4.75425 -16.6966 0.444442 17.4022 -6.88831 -6.72395 37.5291 21.4702 -16.7155 27.0088 15.6813 -26.5398 3.27387 -10.0184 -31.9604 -7.67382 -8.64664 -18.1605 -30.1914 -17.3625 7.42996 -20.768 -43.1866 14.2005 -17.4166 -39.4788 5.36406 7.21314 -17.7748 0.0988554 13.7594 -5.40315 -7.07648 39.2787 11.7282 15.9929 36.7023 12.2429 21.573 10.4157 40.6465 29.7471 3.85636 25.3761 39.7568 -20.6466 6.61747 20.5637 -24.6597 -1.63142 10.4947 4.1889 -19.3617 2.70549 -12.4853 -30.496 -26.9973 -13.8691 -16.7296 -25.534 -42.7704 0 0 0 0 0 0 0 0 0 0 0 0 0 0 0 0 0 0 0 0 0 0 0 0 0 0
-9.93465 3.75629 -48.8521 17.2329 9.43036 -31.0922 27.7275 -20.8776 -20.5434 17.8564 -15.4226 7.91581 -1.49544 -0.00276488 -4.75543 -16.6989 0.436979 17.3905 -6.90795 -6.7572 37.5167 21.4759 -16.6954 27.0144 15.7153 -26.5606 3.28963 -9.96927 -32.0532 -7.65761 -8.67861 -18.1599 -30.1222 -17.3381 7.39643 -20.5566 -43.1528 14.2904 -17.3967 -39.7042 5.32732 7.22322 -18.1802 -0.614644 13.7469 -5.57229 -6.55017 39.4368 9.8832 17.5673 36.6375 11.4358 22.1345 10.2367 40.1255 29.8359 4.46971 25.8063 39.5182 -20.7004 6.64023 20.7375 -24.6971 -1.53385 10.574 4.13931 -19.2628 2.76629 -12.5277 -30.4408 -26.9232 -13.8398 -16.7413 -25.5225 -42.7758 0 0 0 0 0 0 0 0 0 0 0 0 0 0 0 0 0 0 0 0 0 0 0 0 0 0
-9.62827 4.37071 -48.9706 17.4776 9.65233 -31.0023 27.6266 -20.8313 -20.6316 17.8207 -15.4301 7.86017 -1.51937 0.0673 -4.73383 -16.72 0.412628 17.4155 -6.89703 -6.77397 37.5287 21.488 -16.672 26.9918 15.7096 -26.5608 3.28114 -9.98422 -32.0348 -7.6535 -8.6866 -18.1595 -30.1288 -17.3517 7.40375 -20.587 -43.1672 14.2853 -17.4068 -39.6902 5.33991 7.2155 -18.1603 -0.607072 13.7153 -5.5178 -6.51484 39.3945 9.8714 17.6441 36.5894 11.5248 22.1369 10.1822 40.2247 29.8704 4.51051 25.9582 39.6512 -20.6512 6.81007 20.8789 -24.7698 -1.74088 10.9101 4.02217 -18.7858 2.28351 -12.9162 -28.367 -27.8994 -14.4864 -16.1883 -25.139 -43.924 0 0 0 0 0 0 0 0 0 0 0 0 0 0 0 0 0 0 0 0 0 0 0 0 0 0
-9.09901 4.13662 -48.7463 16.7457 9.01816 -29.0262 27.5525 -21.674 -20.1831 11.2439 -21.3623 3.98663 -1.49214 -0.282729 -4.77839 -16.6128 0.599065 17.4042 -6.93428 -6.726 37.5364 21.4341 -16.773 27.0977 15.7057 -26.5308 3.3213 -9.96081 -32.0431 -7.65807 -8.65014 -18.1544 -30.1243 -17.3381 7.39871 -20.576 -43.1602 14.2633 -17.4129 -39.687 5.34166 7.21856 -18.1607 -0.613776 13.7225 -5.52307 -6.51664 39.4053 9.87141 17.6384 36.5953 11.5127 22.134 10.1879 40.2121 29.859 4.50238 25.9366 39.6435 -20.6527 6.79896 20.862 -24.7778 -1.75699 10.889 4.01117 -18.7623 2.20933 -12.9397 -28.3735 -27.969 -14.409 -16.6027 -25.1812 -44.0063 0 0 0 0 0 0 0 0 0 0 0 0 0 0 0 0 0 0 0 0 0 0 0 0 0 0
-8.90458 4.53683 -49.1613 16.7133 9.05308 -29.0698 27.2333 -21.7933 -20.4281 11.2164 -21.3415 3.93084 -1.52605 -0.227341 -4.74055 -16.6465 0.5518 17.4457 -6.93475 -6.7697 37.5632 21.4452 -16.7484 27.0909 15.7103 -26.5307 3.32621 -9.95938 -32.051 -7.64172 -8.6638 -18.1603 -30.1076 -17.3318 7.39541 -20.5482 -43.1489 14.2842 -17.3971 -39.7057 5.32589 7.22527 -18.1846 -0.623255 13.752 -5.57757 -6.54361 39.4458 9.9059 17.5518 36.6145 11.3612 22.1504 10.2147 40.0378 29.819 4.34434 25.6644 39.3628 -20.8461 6.49366 20.5596 -24.7009 -2.2072 11.1478 4.22711 -17.378 0.00967884 -12.7502 -20.5634 -30.7216 -15.4884 -15.9469 -25.0355 -45.6346 0 0 0 0 0 0 0 0 0 0 0 0 0 0 0 0 0 0 0 0 0 0 0 0 0 0
-8.9432 4.56174 -49.1761 16.4275 9.11796 -28.786 27.0422 -21.712 -20.2024 11.1433 -21.2927 4.23384 -1.77182 -0.281765 -4.43036 -16.6487 0.586972 17.9146 -6.87418 -7.0777 37.8696 21.522 -16.7508 27.164 15.7188 -26.4631 3.38731 -9.98046 -31.986 -7.50942 -8.70727 -18.1844 -30.0312 -17.3496 7.41299 -20.5611 -43.1586 14.3221 -17.3881 -39.7146 5.31869 7.21767 -18.1882 -0.612937 13.7429 -5.58072 -6.54839 39.4329 9.90752 17.5452 36.6124 11.358 22.1589 10.215 40.0362 29.8195 4.34187 25.6641 39.3612 -20.8501 6.49331 20.5579 -24.7042 -2.20158 11.1412 4.22403 -17.3798 0.0107217 -12.7516 -20.5562 -30.7196 -15.5114 -16.038 -25 -45.666 0 0 0 0 0 0 0 0 0 0 0 0 0 0 0 0 0 0 0 0 0 0 0 0 0 0
-8.92461 4.5607 -49.1986 16.4261 9.12223 -28.7849 27.0466 -21.7055 -20.2005 11.1442 -21.2904 4.23351 -1.77358 -0.281344 -4.43144 -16.6485 0.588112 17.9148 -6.87124 -7.07291 37.8698 21.5209 -16.7541 27.1609 15.7133 -26.458 3.38179 -9.98784 -31.9804 -7.51078 -8.72515 -18.1636 -30.0238 -17.39 7.42044 -20.5381 -43.1616 14.0555 -16.6498 -38.8975 5.24755 7.88356 -17.3867 -1.51271 13.4653 -3.86614 -7.78541 38.5795 10.1494 17.1987 36.5537 11.3264 22.6878 10.3272 40.0829 29.8685 4.25737 25.7413 39.3546 -20.9729 6.53604 20.5759 -24.7742 -2.11194 11.1912 4.17841 -17.3288 0.0557175 -12.7592 -20.5322 -30.6748 -15.4842 -16.0547 -24.988 -45.651 0 0 0 0 0 0 0 0 0 0 0 0 0 0 0 0 0 0 0 0 0 0 0 0 0 0
-8.87279 4.54576 -49.27 16.4249 9.12318 -28.7943 27.0597 -21.6979 -20.2038 11.1496 -21.2892 4.2253 -1.75558 -0.269249 -4.43195 -16.6506 0.582919 17.9016 -6.90021 -7.11793 37.8544 21.5264 -16.7286 27.1737 15.7598 -26.4879 3.40747 -9.91957 -32.0974 -7.4917 -8.74279 -18.182 -29.9481 -17.3263 7.37109 -20.3081 -43.0868 14.142 -16.5906 -39.0763 5.17106 7.92459 -17.6889 -1.89228 13.5941 -3.86763 -6.89868 38.7949 8.48712 18.8479 36.3986 10.5493 23.5213 10.0965 39.5888 30.0073 4.71709 26.1868 39.0678 -21.149 6.53679 20.7516 -24.8786 -1.9572 11.2789 4.09037 -17.2209 0.142578 -12.8044 -20.5031 -30.5859 -15.4556 -16.0768 -24.9753 -45.644 0 0 0 0 0 0 0 0 0 0 0 0 0 0 0 0 0 0 0 0 0 0 0 0 0 0
-4.57292 -0.796361 -53.5641 15.3185 6.99828 -29.6413 28.3654 -21.749 -18.52 10.984 -21.8443 4.81092 -1.71773 -0.984203 -4.48327 -16.4312 0.837186 17.8907 -6.92773 -6.97881 37.9157 21.4262 -17.0059 27.4368 15.745 -26.4041 3.50847 -9.88155 -32.0773 -7.48087 -8.65649 -18.167 -29.9378 -17.3129 7.37476 -20.3334 -43.0926 14.0781 -16.6275 -39.0459 5.19636 7.91402 -17.6706 -1.92865 13.5515 -3.77331 -6.81643 38.7334 8.41442 19.0039 36.2833 10.697 23.5195 9.97332 39.7988 29.8761 4.78438 26.5129 39.6897 -20.8537 7.22838 21.2229 -25.5014 -3.11147 12.2597 2.95743 -16.4985 -0.0115192 -14.5759 -18.2613 -30.8751 -16.4165 -18.3289 -25.8233 -46.6882 0 0 0 0 0 0 0 0 0 0 0 0 0 0 0 0 0 0 0 0 0 0 0 0 0 0
-4.55256 -0.803255 -53.555 15.238 7.03339 -29.5628 28.3624 -21.6793 -18.4435 10.9696 -21.8319 4.87857 -1.75489 -0.974834 -4.39102 -16.4227 0.845565 18.013 -6.68462 -6.47631 38.1044 21.3894 -17.1214 27.5049 15.3584 -26.5755 3.68733 -9.96248 -28.5401 -8.53179 -5.99907 -14.0398 -30.0883 -14.5822 11.5141 -20.4506 -40.3381 18.2564 -16.6526 -37.7343 5.00768 5.44015 -16.5753 -1.54409 12.2934 -4.19209 -6.67214 38.1527 8.74714 18.8109 36.3182 10.7224 24.1372 10.1501 39.8813 29.9134 4.65405 26.5554 39.6841 -20.9795 7.2631 21.2102 -25.5657 -2.99737 12.2588 2.92541 -16.4695 0.0207623 -14.5656 -18.3153 -30.8383 -16.3996 -18.3731 -25.7926 -46.6724 0 0 0 0 0 0 0 0 0 0 0 0 0 0 0 0 0 0 0 0 0 0 0 0 0 0
-6.04012 0.506566 -51.5638 15.6826 6.60343 -28.9591 27.1478 -23.0249 -18.6243 10.4829 -22.4399 5.189 -2.12907 -1.51264 -4.0752 -16.4989 0.622452 18.4888 -6.6615 -6.81897 38.4868 21.4435 -17.2037 27.7171 15.3962 -26.5035 3.84351 -9.94833 -28.515 -8.31852 -6.02905 -14.0927 -29.9351 -14.541 11.5067 -20.3557 -40.2762 18.3174 -16.5399 -37.7571 4.87825 5.44619 -16.5942 -1.41255 12.5199 -4.60448 -7.12628 38.4321 8.62719 18.2338 37.2118 10.7554 24.1214 11.1832 39.9326 30.0824 6.00264 26.9527 38.8744 -20.132 6.87778 21.0699 -23.6362 1.24951 8.49696 4.15458 -14.2485 -2.33689 -12.3562 -16.5366 -32.8324 -16.5769 -18.789 -25.3041 -46.0477 0 0 0 0 0 0 0 0 0 0 0 0 0 0 0 0 0 0 0 0 0 0 0 0 0 0
-5.9123 0.555004 -51.2079 13.9475 7.08802 -27.1819 26.9726 -22.0045 -17.3272 10.6009 -22.5113 6.66318 -2.63117 -1.67214 -1.85309 -16.9416 -0.698292 20.7983 -8.24474 -11.2546 39.5733 20.416 -20.0822 29.01 15.5586 -26.3048 4.13433 -9.22568 -28.9176 -8.96764 -5.09622 -13.8762 -30.1026 -14.1992 11.3203 -20.0488 -40.1049 17.7261 -16.7924 -37.6741 4.94395 5.57871 -16.5921 -1.57522 12.6831 -4.63197 -7.17243 38.6341 8.59318 18.1862 37.3197 10.6158 24.0321 11.2735 39.7733 29.9732 5.96276 26.7018 38.6284 -20.1714 6.66355 20.7592 -23.5516 1.6342 7.76081 4.1483 -14.5032 -2.51605 -12.0794 -17.4977 -32.8839 -16.6831 -19.3702 -24.958 -46.0709 0 0 0 0 0 0 0 0 0 0 0 0 0 0 0 0 0 0 0 0 0 0 0 0 0 0
-6.50192 -1.48737 -50.6651 13.7251 7.01967 -27.6935 28.1094 -20.958 -16.7729 10.7628 -22.2795 6.44265 -2.3307 -1.34978 -2.06429 -16.8662 -0.491544 20.4462 -8.27918 -10.9992 39.2983 20.3813 -19.9912 28.8763 15.5679 -26.3889 4.03719 -9.19017 -29.0115 -9.11208 -5.07536 -13.858 -30.1692 -14.1586 11.2869 -19.9708 -40.0608 17.7171 -16.7347 -37.675 4.88427 5.61209 -16.592 -1.51092 12.8234 -4.8074 -7.32991 38.8043 8.7825 17.8365 37.5895 10.1747 24.1577 11.6251 39.197 30.1536 5.70696 25.8042 37.0237 -20.7283 5.69019 19.0824 -22.6114 2.82274 6.03192 5.28626 -12.6054 -5.91524 -10.3656 -11.5898 -35.9152 -16.169 -17.4801 -27.8421 -44.6852 0 0 0 0 0 0 0 0 0 0 0 0 0 0 0 0 0 0 0 0 0 0 0 0 0 0
-6.536 -1.47635 -50.7295 14.0126 6.96824 -28.0258 28.2223 -21.0837 -17.0687 10.8455 -22.2851 6.13056 -2.294 -1.45551 -2.547 -16.5003 -0.153598 20.1441 -9.33447 -12.6129 38.2142 20.0903 -20.4907 29.3366 16.9888 -26.0984 4.11145 -6.47297 -31.4916 -10.1245 -2.68405 -16.6384 -31.4488 -12.0431 8.54388 -21.6082 -37.9798 15.2211 -19.7207 -36.2858 4.53574 3.65771 -15.4875 -1.4792 11.869 -4.90496 -7.2484 38.3413 8.9915 17.7613 37.568 10.2358 24.6529 11.7488 39.3083 30.1483 5.61992 25.8655 37.0655 -20.7776 5.7467 19.1288 -22.6536 2.81133 6.15985 5.27485 -12.5493 -5.85898 -10.3882 -11.4151 -35.8605 -16.1605 -17.4287 -27.8475 -44.6676 0 0 0 0 0 0 0 0 0 0 0 0 0 0 0 0 0 0 0 0 0 0 0 0 0 0
-4.44425 1.92835 -49.7502 15.8786 8.83251 -26.3947 29.1908 -19.9917 -16.4776 11.0074 -22.0061 5.99607 -2.12094 -1.16399 -2.66831 -16.469 0.00678329 19.9397 -9.36529 -12.4866 38.0106 20.0824 -20.3649 29.2105 17.0078 -26.178 4.02944 -6.45305 -31.539 -10.2203 -2.67426 -16.618 -31.4988 -12.0336 8.53148 -21.5754 -37.9687 15.2233 -19.7177 -36.3109 4.52564 3.65761 -15.5303 -1.53663 11.8785 -4.97223 -7.32588 38.3563 8.83785 17.7336 37.6602 10.0413 24.7181 11.8643 39.1804 29.5198 5.51615 25.6779 37.2976 -20.5941 5.85934 19.151 -23.2702 2.93915 5.14864 4.13183 -12.6945 -6.03076 -11.8514 -11.4464 -35.5425 -19.4956 -12.821 -25.5223 -47.5124 0 0 0 0 0 0 0 0 0 0 0 0 0 0 0 0 0 0 0 0 0 0 0 0 0 0
-4.23649 1.97202 -49.6966 16.0103 8.98511 -26.3078 29.4195 -19.7732 -16.3311 11.0455 -21.9574 5.96893 -2.06744 -1.10874 -2.70291 -16.4509 0.0489499 19.8832 -9.39102 -12.4762 37.9492 20.0776 -20.3399 29.2062 17.0438 -26.2113 4.03383 -6.38906 -31.655 -10.2303 -2.70987 -16.6217 -31.4465 -12.0198 8.47481 -21.3458 -37.9237 15.3513 -19.7829 -36.6591 4.47214 3.52905 -16.1444 -2.47336 11.6663 -5.51731 -8.05616 38.1599 6.87874 17.6882 37.9426 8.26429 24.9469 12.2339 35.6824 35.1522 7.60596 23.2371 39.6945 -19.5308 8.25342 18.2709 -22.8756 3.54857 5.50275 4.79251 -11.9739 -5.47427 -11.4339 -11.1519 -35.0477 -18.8805 -13.2246 -25.2208 -46.9134 0 0 0 0 0 0 0 0 0 0 0 0 0 0 0 0 0 0 0 0 0 0 0 0 0 0
-1.83291 0.875481 -49.1969 17.6389 7.40449 -25.0522 29.0757 -21.7015 -13.9546 13.8235 -20.0636 10.0669 -2.33169 -3.03023 -0.154569 -16.5257 -1.82262 22.5473 -8.61363 -13.2103 40.9508 19.8634 -22.795 31.0249 16.5828 -25.1833 5.55769 -6.36519 -31.3655 -9.15248 -2.35959 -16.8039 -30.6276 -11.9005 8.47656 -21.2584 -37.8661 15.1486 -19.8693 -36.6154 4.48935 3.54352 -16.1261 -2.50539 11.7024 -5.51942 -8.04569 38.213 6.89568 17.6891 37.9546 8.26021 24.9184 12.2365 35.6445 35.2089 7.59823 23.2237 39.5637 -19.5797 8.12127 18.1943 -22.7229 3.68293 5.48179 5.0133 -11.9707 -5.55042 -11.0474 -11.4314 -35.2156 -18.1309 -12.3529 -25.6992 -46.3064 0 0 0 0 0 0 0 0 0 0 0 0 0 0 0 0 0 0 0 0 0 0 0 0 0 0
-2.3548 1.01323 -48.3968 17.7999 6.67912 -24.6255 28.3674 -22.8704 -13.8931 13.1764 -21.078 10.1555 -2.40853 -3.40109 0.183612 -16.5373 -2.03347 22.9164 -8.54205 -13.2434 41.3917 19.7705 -23.168 31.338 16.4984 -25.0452 5.83202 -6.33286 -31.3764 -8.99421 -2.2812 -16.838 -30.4763 -11.8421 8.45258 -21.155 -37.8116 15.1182 -19.8084 -36.6051 4.42837 3.59275 -16.0986 -2.35713 11.8804 -5.80117 -8.5251 38.365 6.59992 17.2017 38.8652 8.21064 25.0636 13.3576 35.7298 35.1667 9.1516 24.1902 38.3075 -18.5314 9.13672 16.8443 -21.195 8.99718 1.92545 5.32254 -8.70514 -8.17199 -8.84447 -8.95887 -36.8009 -18.8677 -14.4566 -24.7347 -44.8944 0 0 0 0 0 0 0 0 0 0 0 0 0 0 0 0 0 0 0 0 0 0 0 0 0 0
-0.0515365 5.69374 -46.3261 20.5112 8.2921 -22.5725 28.6557 -22.44 -13.7152 13.1456 -21.0709 10.1504 -2.44186 -3.38123 0.20515 -16.5506 -2.02591 22.9511 -8.55414 -13.2696 41.4054 19.7679 -23.155 31.3399 16.4911 -25.0263 5.83416 -6.33847 -31.3715 -8.98865 -2.29222 -16.8412 -30.4773 -11.8479 8.45354 -21.1621 -37.8161 15.1247 -19.8167 -36.6133 4.43352 3.58403 -16.1132 -2.38671 11.8591 -5.79766 -8.52866 38.3427 6.51529 17.24 38.8532 8.24811 25.0473 13.3372 35.8423 34.9673 9.19238 24.2312 38.6779 -18.3838 9.45524 17.1067 -21.5988 8.7085 2.01258 4.80137 -9.00382 -7.64261 -9.64887 -8.27554 -35.0361 -22.2924 -10.7801 -20.4785 -47.1623 0 0 0 0 0 0 0 0 0 0 0 0 0 0 0 0 0 0 0 0 0 0 0 0 0 0
0.024201 4.46515 -48.1244 19.3322 7.86813 -23.4982 28.2029 -22.5 -14.1478 13.1657 -20.8556 9.99365 -2.51557 -3.16139 0.206924 -16.5722 -2.01521 22.9955 -8.55169 -13.4549 41.3169 19.8725 -22.993 31.2109 16.5491 -25.0247 5.72404 -6.31926 -31.4157 -9.01885 -2.38685 -16.8625 -30.5128 -11.8593 8.43043 -21.1088 -37.8031 15.1983 -19.7806 -36.6863 4.39664 3.57311 -16.2259 -2.52225 11.8637 -5.97801 -8.77457 38.3475 6.12299 17.0863 39.1004 7.71629 25.1791 13.6665 35.7627 33.0573 8.81931 23.7473 38.0049 -18.3529 8.86868 16.6394 -22.2949 10.7105 -0.906396 2.15056 -6.87471 -10.4692 -12.5123 -5.75249 -37.5198 -25.8196 -8.14517 -22.3728 -50.3361 0 0 0 0 0 0 0 0 0 0 0 0 0 0 0 0 0 0 0 0 0 0 0 0 0 0
0.482153 4.14801 -49.0126 15.6135 10.3021 -22.6325 29.8471 -17.0336 -12.6265 12.9793 -20.2542 9.40178 -3.68542 -3.15824 0.291399 -16.491 -2.05443 23.7645 -8.27219 -14.509 41.2707 20.4034 -22.6402 30.7622 16.7897 -25.0731 5.35496 -6.3194 -31.3643 -9.0451 -2.59929 -16.9003 -30.6354 -11.9397 8.44116 -21.231 -37.8542 15.2907 -19.7654 -36.6671 4.41941 3.55231 -16.1689 -2.43757 11.8004 -5.8331 -8.60833 38.2688 6.24041 17.268 38.9166 8.18212 25.0934 13.4272 35.9947 33.9851 9.16951 24.2788 38.875 -18.1415 9.44901 17.4983 -22.2032 9.4038 0.999488 2.92621 -6.53096 -9.57897 -12.7303 -3.52842 -36.9367 -24.8814 -6.581 -23.022 -50.0004 0 0 0 0 0 0 0 0 0 0 0 0 0 0 0 0 0 0 0 0 0 0 0 0 0 0
0.5274 4.13026 -49.0064 15.7071 10.2703 -22.6508 29.9012 -17.0871 -12.6483 13.0475 -20.2705 9.39608 -3.67982 -3.27601 0.211901 -16.2245 -1.78843 23.7995 -8.79303 -15.0895 40.9912 20.3744 -22.6242 31.523 17.6647 -25.3959 6.05652 -4.64695 -32.8309 -8.962 -0.950812 -18.3483 -30.5439 -11.2087 6.72656 -21.439 -37.318 12.8261 -20.5502 -35.9216 3.97426 3.49867 -15.4782 -2.8591 11.8992 -5.23792 -8.6874 38.4795 6.38948 17.3896 39.0466 8.24645 25.1465 13.5302 36.0614 33.9642 9.13877 24.2211 38.91 -18.108 9.46024 17.4904 -22.1937 9.40343 1.00289 2.94313 -6.52628 -9.58097 -12.7149 -3.51783 -36.9413 -24.8587 -6.56416 -23.0328 -49.9819 0 0 0 0 0 0 0 0 0 0 0 0 0 0 0 0 0 0 0 0 0 0 0 0 0 0
0.566915 3.86123 -48.3075 16.1526 10.1777 -22.2374 30.2777 -17.1727 -12.1195 12.9747 -20.6011 9.52711 -3.49406 -3.40116 0.264763 -16.2328 -1.87734 23.7448 -8.80152 -14.9824 41.0847 20.3145 -22.7386 31.64 17.6355 -25.3566 6.15444 -4.601 -32.8974 -8.9221 -0.93843 -18.3683 -30.4784 -11.1662 6.69115 -21.2979 -37.2632 12.8508 -20.4704 -35.9637 3.91599 3.55282 -15.534 -2.83278 12.0536 -5.57948 -9.29126 38.5877 5.84787 16.8287 39.9862 7.40898 25.4997 14.7657 35.5695 32.1842 9.51256 23.6478 35.479 -17.8973 7.54791 14.9045 -19.9993 9.0866 -1.16936 5.30324 -6.69576 -12.7688 -9.72562 -1.42584 -37.7621 -24.9687 -8.71841 -22.5034 -47.8368 0 0 0 0 0 0 0 0 0 0 0 0 0 0 0 0 0 0 0 0 0 0 0 0 0 0
0.628235 3.83031 -48.5448 16.0389 10.076 -22.3549 30.1508 -17.2867 -12.252 12.9653 -20.6169 9.50235 -3.55287 -3.45789 0.252323 -16.1502 -1.81104 23.7994 -8.93984 -15.1913 41.0179 20.3088 -22.7671 31.8473 17.8797 -25.4252 6.34218 -4.01491 -33.5886 -8.89202 -0.978489 -18.5274 -30.1609 -11.1609 6.21289 -20.1458 -37.1832 12.6988 -19.7565 -36.3828 3.82157 4.30461 -18.0725 -7.19423 11.6962 -4.69342 -12.1592 36.6941 2.7128 15.0635 37.8965 6.29692 23.1981 12.791 33.4263 33.3194 10.4635 24.8131 34.4661 -18.0328 7.97146 14.5315 -20.253 8.3767 -1.27858 5.23133 -7.09013 -12.7699 -10.1944 -1.61903 -37.8175 -25.2744 -8.46573 -22.6022 -48.3037 0 0 0 0 0 0 0 0 0 0 0 0 0 0 0 0 0 0 0 0 0 0 0 0 0 0
0.660826 3.77963 -48.6061 15.9941 10.0066 -22.3665 30.0984 -17.3572 -12.256 12.9243 -20.6661 9.51058 -3.56954 -3.47225 0.282015 -16.1905 -1.86806 23.8193 -8.85832 -15.1197 41.0849 20.3187 -22.778 31.7581 17.7572 -25.3774 6.26024 -4.28967 -33.268 -8.89448 -1.01371 -18.4233 -30.277 -11.2293 6.43575 -20.6021 -37.2807 12.7879 -20.0476 -36.1934 4.27493 4.12878 -17.9935 -7.03202 11.3427 -2.27557 -9.51777 35.0499 -1.10135 17.8525 37.5581 3.33233 27.966 13.4385 31.3264 34.0251 10.948 22.9761 34.9995 -17.631 7.67925 14.0032 -20.3449 7.94022 -1.52321 5.31243 -7.38885 -13.2218 -10.0931 -1.46391 -37.9615 -25.4929 -8.61408 -22.5888 -48.3212 0 0 0 0 0 0 0 0 0 0 0 0 0 0 0 0 0 0 0 0 0 0 0 0 0 0
0.487364 3.83138 -48.6095 15.8682 10.0305 -22.3911 30.6584 -17.1358 -12.7776 13.4786 -21.3732 8.80213 -2.98998 -3.7821 0.351103 -14.7908 -2.288 24.2994 -6.64063 -15.3425 41.3245 23.2327 -19.6358 32.7376 21.6706 -24.7158 7.68033 -0.104864 -32.6227 -7.84679 3.03307 -17.1719 -28.8031 -9.56853 6.52051 -19.3859 -35.8848 10.9161 -20.4146 -35.5196 4.00991 4.22289 -18.2456 -7.97816 12.3948 -2.14525 -9.33467 35.9052 -1.55253 18.1013 37.5014 3.20304 27.4897 13.165 31.0922 34.114 11.0622 23.134 34.8884 -17.6309 7.7077 13.9898 -20.3607 7.88316 -1.56457 5.28034 -7.42461 -13.2244 -10.1755 -1.50097 -37.962 -25.5793 -8.65021 -22.5852 -48.4051 0 0 0 0 0 0 0 0 0 0 0 0 0 0 0 0 0 0 0 0 0 0 0 0 0 0
0.505748 3.82157 -48.6946 15.797 9.98931 -22.4168 30.5856 -17.1787 -12.8058 13.4593 -21.3695 8.82543 -3.01979 -3.78163 0.388343 -14.8372 -2.33149 24.3311 -6.54812 -15.2367 41.4017 23.2404 -19.6474 32.5869 21.4752 -24.6256 7.52375 -0.48917 -32.172 -7.91072 2.7046 -16.6316 -28.7917 -11.0239 6.56615 -19.8199 -37.4013 8.79716 -18.4682 -34.7996 -3.8621 2.40064 -16.4288 -9.89319 12.1849 -3.74042 -9.31095 37.3696 -3.01034 18.0875 36.9172 3.00008 25.5783 12.3097 30.1545 34.5466 11.4437 23.5955 34.5232 -17.5652 7.90435 13.8388 -20.3925 7.63819 -1.66241 5.27605 -7.55203 -13.2441 -10.3519 -1.56992 -37.9941 -25.7129 -8.56949 -22.6168 -48.5842 0 0 0 0 0 0 0 0 0 0 0 0 0 0 0 0 0 0 0 0 0 0 0 0 0 0
0.461417 3.82638 -48.8364 15.87 10.0519 -22.6413 30.7546 -17.0783 -13.0724 13.4425 -21.545 8.35112 -2.93792 -3.81162 0.0297212 -14.6988 -2.39771 24.0024 -6.45844 -15.4335 40.9964 22.5894 -21.6559 31.1422 20.9323 -21.7032 6.06262 5.51738 -33.4897 -12.1684 4.16863 -16.5811 -31.5388 -9.65199 4.31195 -18.8674 -35.9123 7.55254 -18.7024 -34.5048 -3.47268 3.07106 -16.9559 -10.7934 13.3407 -3.52669 -9.23101 38.0609 -3.37338 18.1342 36.8108 2.99509 25.043 12.1328 29.9257 34.6556 11.5551 23.687 34.4703 -17.5215 7.96996 13.8119 -20.3947 7.53427 -1.64014 5.30051 -7.57397 -13.2361 -10.3959 -1.47921 -37.9495 -25.7711 -8.61308 -22.6114 -48.6269 0 0 0 0 0 0 0 0 0 0 0 0 0 0 0 0 0 0 0 0 0 0 0 0 0 0
0.604071 3.77201 -49.0246 16.1401 10.1088 -22.9324 30.301 -17.1895 -12.8046 12.7059 -20.9157 8.51481 -3.50908 -3.43156 -0.580518 -15.8439 -1.53606 23.054 -8.36862 -14.6131 40.3475 17.743 -26.122 29.0876 17.0953 -22.7135 4.45978 5.45521 -33.9094 -16.2162 3.61148 -15.4217 -33.8825 -9.8427 4.12984 -19.1029 -36.0327 7.81261 -18.5537 -34.541 -3.5127 3.05672 -16.9257 -10.7344 13.2819 -3.53039 -9.23199 38.0241 -3.33513 18.1349 36.8189 3.01087 25.0744 12.1437 29.9354 34.7034 11.5564 23.6941 34.4927 -17.5194 7.99742 13.8169 -20.3775 7.4791 -1.54811 5.36803 -7.552 -13.2167 -10.3482 -1.30649 -37.8821 -25.7391 -8.63108 -22.6054 -48.5748 0 0 0 0 0 0 0 0 0 0 0 0 0 0 0 0 0 0 0 0 0 0 0 0 0 0
0.477987 7.70783 -48.1935 16.6115 12.6797 -22.2112 30.4293 -15.2307 -13.5002 13.4497 -19.3285 8.23001 -3.7875 -2.95839 -0.932708 -15.6832 -0.992029 22.915 -8.6807 -14.8132 39.7953 17.8028 -25.7377 28.8519 17.2541 -22.617 4.18546 5.50859 -33.9001 -16.3825 3.4332 -15.4472 -34.0579 -9.89617 4.10347 -19.1653 -36.0685 7.89298 -18.5257 -34.5689 -3.56384 3.01419 -16.94 -10.7531 13.2387 -3.57487 -9.27014 37.9984 -3.43615 18.0993 36.846 2.80687 25.0988 12.1618 29.9104 34.1757 11.3725 23.4563 34.0801 -17.6564 7.60142 13.5174 -20.4495 7.92226 -2.45169 4.90494 -5.84302 -14.815 -11.3546 3.12106 -35.7126 -29.7079 -6.78231 -19.0303 -50.1468 0 0 0 0 0 0 0 0 0 0 0 0 0 0 0 0 0 0 0 0 0 0 0 0 0 0
0.844909 11.3177 -46.4658 19.8919 15.4113 -22.6639 31.7972 -13.3083 -14.0074 15.7557 -15.6697 8.57095 -3.01056 -2.47005 -1.85364 -15.5826 -0.487238 21.6306 -9.11312 -14.3392 38.6881 17.6925 -25.2359 28.5682 17.6082 -22.7758 3.83451 5.49009 -33.9125 -16.5921 3.3573 -15.4115 -34.2101 -9.9212 4.09906 -19.2204 -36.0887 7.90872 -18.5083 -34.533 -3.51685 3.04414 -16.8752 -10.6684 13.2451 -3.5393 -9.25032 38.0242 -3.28312 18.1184 36.8815 2.96444 25.0998 12.1934 29.8555 34.7753 11.5175 23.6601 34.1979 -17.5569 7.87322 13.5589 -20.1574 6.79029 -1.1268 5.8629 -5.4905 -14.6407 -10.56 5.55766 -32.7369 -30.314 -5.71213 -15.4808 -49.4292 0 0 0 0 0 0 0 0 0 0 0 0 0 0 0 0 0 0 0 0 0 0 0 0 0 0
0.398635 11.0234 -47.3298 19.4216 14.968 -23.484 31.032 -13.85 -14.7604 15.6556 -15.578 8.30864 -3.33764 -2.51842 -1.87218 -15.4782 -0.377159 21.8188 -9.10445 -14.5029 38.6832 17.7603 -25.2325 28.5432 17.6466 -22.7627 3.81058 5.55602 -33.9386 -16.611 3.31469 -15.4329 -34.2101 -9.92531 4.05036 -19.1511 -36.0758 7.98497 -18.5147 -34.6868 -3.74504 2.88163 -17.1002 -10.9461 13.1696 -3.6812 -9.26102 37.8854 -3.96553 18.1019 36.739 2.40289 25.2114 12.1191 29.9781 32.0462 10.9677 23.0983 33.6149 -17.8263 6.46587 13.8383 -21.2902 6.74278 -3.47728 2.8263 -4.82623 -15.8368 -14.8683 6.82511 -33.7271 -34.4515 -2.34848 -15.4044 -53.5503 0 0 0 0 0 0 0 0 0 0 0 0 0 0 0 0 0 0 0 0 0 0 0 0 0 0
4.64527 10.528 -47.5335 20.338 15.8558 -21.9341 34.5142 -11.3614 -12.4514 17.0714 -16.4404 8.0264 -1.4071 -3.08757 -2.67721 -14.0928 -0.616598 20.6829 -7.95475 -14.3313 37.9573 18.6572 -25.8965 28.1157 18.6621 -23.9042 3.34464 5.41621 -34.061 -16.8315 3.70314 -15.2131 -34.1098 -9.79851 4.05502 -19.0102 -35.9786 7.80638 -18.5677 -34.6281 -3.64507 2.97903 -17.0836 -10.9335 13.2769 -3.63356 -9.2606 37.9766 -3.82045 18.1013 36.7902 2.50668 25.1509 12.1425 29.8879 32.7022 11.0832 23.2345 33.541 -17.7842 6.68779 13.6372 -20.8901 5.40207 -1.98578 4.20026 -4.28957 -15.8634 -13.3304 9.57353 -33.3085 -31.6649 0.543521 -16.0119 -51.7136 0 0 0 0 0 0 0 0 0 0 0 0 0 0 0 0 0 0 0 0 0 0 0 0 0 0
4.94173 10.452 -47.3326 20.7034 15.5677 -21.7334 34.4807 -11.843 -12.2304 16.8858 -16.7217 8.16414 -1.34052 -3.0482 -2.55914 -14.2252 -0.702947 20.7034 -7.9943 -14.2616 38.0664 18.5647 -25.9157 28.1873 18.5731 -23.8564 3.42187 5.41835 -34.0561 -16.7919 3.71404 -15.221 -34.0849 -9.79521 4.05829 -19.0065 -35.9766 7.80118 -18.5697 -34.6259 -3.64227 2.98136 -17.0819 -10.9319 13.2792 -3.63345 -9.26253 37.98 -3.81595 18.0995 36.7952 2.4983 25.1492 12.1443 29.8768 32.7085 11.0725 23.2196 33.5102 -17.7951 6.68948 13.5891 -20.8775 5.46758 -2.04416 4.20955 -4.30962 -15.8971 -13.2929 9.44398 -33.4717 -31.5853 0.713135 -16.0451 -51.6513 0 0 0 0 0 0 0 0 0 0 0 0 0 0 0 0 0 0 0 0 0 0 0 0 0 0
5.86654 10.4894 -48.0488 16.376 17.1165 -20.7919 33.8418 -6.7846 -9.55681 15.7838 -16.4516 7.66436 -2.97678 -2.99404 -2.34811 -14.7474 -0.388496 21.4373 -8.54659 -14.5115 38.3397 18.2213 -25.5313 28.3209 18.121 -23.3097 3.57044 5.48551 -33.9874 -16.7152 3.49944 -15.331 -34.1672 -9.86521 4.06066 -19.1052 -36.0318 7.88526 -18.5372 -34.6232 -3.65045 2.96056 -17.0408 -10.8782 13.2361 -3.635 -9.26566 37.9638 -3.76449 18.0981 36.814 2.51992 25.1665 12.1608 29.8665 32.8394 11.0862 23.2387 33.4872 -17.7915 6.72937 13.536 -20.7888 5.2258 -1.76279 4.48393 -4.22864 -15.9011 -12.9622 9.93037 -33.0911 -31.302 0.636694 -15.9374 -51.3406 0 0 0 0 0 0 0 0 0 0 0 0 0 0 0 0 0 0 0 0 0 0 0 0 0 0
5.8681 10.5294 -48.1109 16.336 17.1085 -20.8265 33.8181 -6.79583 -9.6237 15.8027 -16.4391 7.65509 -2.99043 -3.02463 -2.35408 -14.7167 -0.370542 21.4477 -8.57647 -14.5419 38.3316 18.2061 -25.5662 28.3571 18.157 -23.3226 3.60855 5.66191 -34.0796 -16.7214 3.45084 -15.3862 -34.105 -9.82756 3.92568 -18.8668 -35.9489 8.05351 -18.4787 -34.9874 -4.43952 2.46862 -17.6054 -11.6906 13.0574 -4.55533 -9.961 37.9633 -7.0643 17.1848 37.9123 0.752286 26.1028 14.4738 28.5064 31.5639 14.9642 23.4683 33.7185 -14.0775 7.59198 13.7599 -19.0616 4.74048 -2.72947 5.24535 -4.37235 -15.6614 -13.2145 9.84269 -33.0443 -31.3253 0.87759 -15.9249 -51.5387 0 0 0 0 0 0 0 0 0 0 0 0 0 0 0 0 0 0 0 0 0 0 0 0 0 0
5.86116 10.5045 -48.0632 16.3633 17.1161 -20.7998 33.8416 -6.78368 -9.58142 15.8035 -16.4478 7.66192 -2.9756 -3.01809 -2.35303 -14.7169 -0.370479 21.4421 -8.57975 -14.5397 38.3289 18.2033 -25.5673 28.3595 18.1591 -23.3238 3.61098 5.67225 -34.085 -16.7218 3.44865 -15.3892 -34.1013 -9.82663 3.91724 -18.8534 -35.9437 8.07388 -18.4915 -35.031 -4.5035 2.40716 -17.6716 -11.7521 13.0344 -4.54426 -9.82781 37.8844 -6.97798 17.3221 37.5876 0.444341 25.9661 13.9253 27.974 32.3973 14.1643 22.6936 34.0241 -14.8629 7.22002 13.669 -19.4455 4.90941 -2.53178 5.10279 -4.30124 -15.8078 -13.0558 9.89354 -33.0709 -31.2958 0.738027 -15.9346 -51.4082 0 0 0 0 0 0 0 0 0 0 0 0 0 0 0 0 0 0 0 0 0 0 0 0 0 0
5.86878 10.5156 -48.1124 16.3475 17.1238 -20.8392 33.7893 -6.79054 -9.59528 15.7234 -16.4308 7.63218 -3.01005 -2.90637 -2.34021 -14.8434 -0.456963 21.4295 -8.41035 -14.4254 38.3695 18.316 -25.382 28.1752 18.0103 -23.2471 3.42049 4.46182 -33.1221 -16.6314 5.21844 -15.5707 -34.9825 -7.73963 5.42887 -22.1932 -33.7281 8.69176 -19.5038 -31.3343 -6.96499 -1.47621 -14.9515 -11.7203 11.3268 -6.29489 -10.0506 37.6625 -7.63375 17.1468 37.0718 0.30888 25.2262 13.3914 27.558 32.6132 14.2844 23.0137 33.7965 -14.8756 7.32889 13.6119 -19.4863 4.77897 -2.54745 5.06445 -4.36459 -15.806 -13.1407 9.89612 -33.0581 -31.3393 0.786039 -15.9287 -51.4781 0 0 0 0 0 0 0 0 0 0 0 0 0 0 0 0 0 0 0 0 0 0 0 0 0 0
5.87534 10.5203 -48.1345 16.3398 17.1213 -20.8541 33.7762 -6.79587 -9.60771 15.7083 -16.4297 7.62128 -3.01843 -2.88854 -2.34094 -14.8647 -0.474013 21.4259 -8.37913 -14.4085 38.3737 18.3216 -25.376 28.1243 17.9072 -23.3742 3.36065 4.81461 -33.9267 -16.6322 4.9666 -16.5386 -35.1416 -3.86702 5.49861 -21.3674 -28.5562 11.8719 -16.2728 -28.4168 -6.47278 -1.57985 -14.6922 -13.2984 12.7796 -5.4578 -10.0122 38.7047 -7.99246 16.9928 36.9084 0.308856 24.4622 13.1616 27.2839 32.6925 14.4164 23.1112 33.7084 -14.8024 7.39003 13.5681 -19.4815 4.68907 -2.58457 5.05692 -4.40784 -15.8191 -13.1888 9.8979 -33.0558 -31.3667 0.813546 -15.9258 -51.5166 0 0 0 0 0 0 0 0 0 0 0 0 0 0 0 0 0 0 0 0 0 0 0 0 0 0
5.88906 10.5265 -48.1497 16.3224 17.0928 -20.8491 33.8026 -6.81043 -9.64149 15.7845 -16.4523 7.6349 -2.99829 -3.00785 -2.35194 -14.7336 -0.40011 21.4484 -8.53185 -14.5271 38.3394 18.2211 -25.5625 28.3039 18.0637 -23.4392 3.54907 5.57628 -34.2809 -16.6625 4.61253 -16.5348 -34.7615 -5.89655 4.39786 -20.598 -30.6385 7.91278 -14.148 -27.7585 -10.4351 -0.0177167 -13.5567 -15.3749 14.5164 -4.48328 -9.89751 40.0283 -8.58989 16.6398 36.5296 0.3412 23.3339 12.8011 26.8227 32.8318 14.6217 23.2836 33.5614 -14.6808 7.51398 13.4888 -19.4835 4.54415 -2.64589 5.03428 -4.48289 -15.8356 -13.2782 9.88553 -33.0643 -31.414 0.876287 -15.9218 -51.5868 0 0 0 0 0 0 0 0 0 0 0 0 0 0 0 0 0 0 0 0 0 0 0 0 0 0
5.83106 10.5215 -48.0408 16.3713 17.1476 -20.7961 33.8464 -6.75528 -9.5797 15.796 -16.4372 7.64037 -2.96987 -2.97629 -2.35615 -14.7349 -0.390441 21.4319 -8.54123 -14.5211 38.3228 18.2182 -25.5518 28.2992 18.0665 -23.4395 3.54339 5.57466 -34.2814 -16.6654 4.61887 -16.5398 -34.7693 -5.8732 4.40392 -20.6095 -30.5959 7.88748 -14.0701 -27.7472 -10.6798 -0.227676 -13.7716 -15.7093 14.4907 -4.65106 -9.93189 39.9174 -9.28076 16.4997 36.3152 -0.0342173 23.3921 12.7686 25.618 34.6401 15.2333 23.4211 33.9503 -14.1363 7.11866 14.2616 -18.6913 5.21947 -2.6312 5.37881 -4.10952 -15.4574 -13.0339 9.813 -33.024 -31.1847 0.793457 -15.9324 -51.3959 0 0 0 0 0 0 0 0 0 0 0 0 0 0 0 0 0 0 0 0 0 0 0 0 0 0
5.8174 10.5524 -48.0631 16.3531 17.159 -20.8119 33.8331 -6.74853 -9.61304 15.8016 -16.4187 7.63342 -2.97783 -2.97426 -2.35979 -14.7324 -0.384689 21.433 -8.544 -14.5243 38.3184 18.2189 -25.5492 28.2977 18.0685 -23.4392 3.54164 5.57697 -34.2824 -16.6667 4.61266 -16.5386 -34.768 -5.8828 4.40017 -20.6035 -30.6109 7.89381 -14.0899 -27.7439 -10.5878 -0.137712 -13.6795 -15.5808 14.5078 -4.63178 -9.98563 40.0004 -9.06431 16.4929 36.5035 -0.146702 23.3274 12.8164 25.3121 35.0551 14.9518 22.3708 35.0952 -14.342 7.47701 14.4581 -19.188 5.47966 -2.12755 5.08397 -4.01647 -15.0803 -13.1518 9.69612 -32.9749 -31.1363 0.949559 -15.9225 -51.4976 0 0 0 0 0 0 0 0 0 0 0 0 0 0 0 0 0 0 0 0 0 0 0 0 0 0
5.84637 10.52 -48.0661 16.3609 17.135 -20.8087 33.8356 -6.76746 -9.5907 15.7896 -16.4403 7.63911 -2.97713 -2.97826 -2.35426 -14.7408 -0.396155 21.4349 -8.53211 -14.5167 38.3287 18.2245 -25.5439 28.2938 18.0651 -23.4247 3.53861 5.4888 -34.1829 -16.6621 4.79221 -16.4963 -34.8293 -5.94571 4.47412 -20.8993 -30.7408 7.84284 -14.5822 -27.8851 -10.6095 -0.589125 -14.4408 -15.1693 14.7296 -2.78146 -6.88046 37.9492 -12.3005 17.7439 35.658 -3.33441 28.5061 13.9369 23.4233 35.116 15.4661 19.9558 35.7985 -13.7502 7.20491 14.0403 -19.1398 5.16886 -2.48776 5.16811 -4.15583 -15.5445 -13.0809 9.82479 -33.0388 -31.2446 0.799229 -15.9293 -51.4327 0 0 0 0 0 0 0 0 0 0 0 0 0 0 0 0 0 0 0 0 0 0 0 0 0 0
5.0442 9.6801 -48.3295 13.3649 16.544 -20.4781 32.6699 -5.50928 -8.79409 15.1857 -17.2481 7.55288 -4.304 -4.60863 -2.05616 -14.8465 -0.961039 22.1049 -8.05139 -14.5719 39.1718 18.294 -25.9868 28.5347 17.8326 -23.3862 3.83587 5.4723 -34.1788 -16.478 4.92798 -16.5071 -34.6643 -5.91179 4.47928 -20.8382 -30.7351 7.7976 -14.6065 -27.8902 -10.6492 -0.604051 -14.4673 -15.197 14.7369 -2.8268 -6.88202 37.9566 -12.3618 17.7339 35.6411 -3.34411 28.5066 13.9467 23.4826 34.8341 15.433 19.9146 35.8224 -13.7607 7.11384 14.1395 -19.329 5.46227 -2.80093 4.71477 -4.14083 -15.5496 -13.6027 9.29505 -33.8077 -31.394 0.774735 -16.8629 -51.9278 0 0 0 0 0 0 0 0 0 0 0 0 0 0 0 0 0 0 0 0 0 0 0 0 0 0
5.04504 9.68517 -48.3197 13.307 16.4644 -20.4303 32.7588 -5.51343 -8.84968 15.4005 -17.3362 7.56994 -4.20734 -4.88682 -2.04438 -14.4693 -0.788916 22.1594 -8.43885 -14.8355 39.1373 17.944 -26.6132 29.0199 18.0396 -23.9441 4.33059 8.66873 -36.311 -16.3956 7.8898 -19.2621 -35.1386 -3.40803 1.93664 -22.0521 -28.1186 4.587 -15.1595 -24.2155 -13.3055 -0.755217 -11.6047 -16.272 15.5041 -2.05331 -6.23994 38.8407 -13.1655 17.3609 34.8956 -3.64128 28.0066 13.3624 22.9513 34.9624 15.6576 20.3462 35.5637 -13.6297 7.28141 14.0677 -19.2981 5.32766 -2.91083 4.69405 -4.21534 -15.5563 -13.7254 9.24445 -33.8412 -31.471 0.864892 -16.8564 -52.0291 0 0 0 0 0 0 0 0 0 0 0 0 0 0 0 0 0 0 0 0 0 0 0 0 0 0
5.36399 9.70069 -48.6736 13.6866 16.8187 -20.8891 31.6427 -5.84397 -8.40074 13.5395 -15.9663 8.24282 -5.48399 -4.16561 -3.03573 -17.6065 0.083813 20.1683 -11.6684 -12.5434 38.1723 16.3945 -21.2834 30.8798 17.9993 -21.635 6.33243 8.64182 -35.4854 -13.3565 8.1298 -20.0187 -33.3314 -3.52683 1.97969 -22.2012 -28.166 4.68639 -15.0828 -24.1961 -13.2687 -0.775473 -11.6069 -16.2611 15.4958 -2.04607 -6.24233 38.8342 -13.1497 17.3646 34.9011 -3.63608 28.0092 13.3627 22.939 35.0281 15.6673 20.3576 35.5687 -13.6233 7.30839 14.0546 -19.2587 5.22702 -2.8142 4.79941 -4.198 -15.5524 -13.6163 9.44222 -33.6667 -31.3972 0.75236 -16.8206 -51.9378 0 0 0 0 0 0 0 0 0 0 0 0 0 0 0 0 0 0 0 0 0 0 0 0 0 0
5.36691 9.70396 -48.7142 13.7696 16.8483 -20.9608 31.9531 -5.69516 -8.58922 13.8412 -16.3408 7.70283 -5.19004 -4.27437 -3.27008 -17.0549 -0.166718 20.0898 -11.1006 -13.0703 37.8879 15.8083 -23.7035 29.3203 18.2095 -20.4584 5.33934 16.8563 -32.8112 -15.7409 7.76509 -21.6574 -34.0866 -2.92855 0.562256 -22.4921 -27.4689 4.31024 -15.5878 -24.1591 -13.3106 -0.736937 -11.6153 -16.3063 15.5687 -2.01401 -6.23096 38.866 -13.1451 17.3586 34.9068 -3.63298 27.997 13.3647 22.938 35.0309 15.6705 20.3573 35.5716 -13.6201 7.31064 14.0562 -19.2562 5.21601 -2.80555 4.80571 -4.19591 -15.5505 -13.612 9.46344 -33.6456 -31.3977 0.732636 -16.8185 -51.9363 0 0 0 0 0 0 0 0 0 0 0 0 0 0 0 0 0 0 0 0 0 0 0 0 0 0
5.1861 9.68787 -48.3617 13.3603 16.548 -20.4714 31.7345 -5.95074 -8.30515 14.1906 -15.9407 8.94432 -5.3271 -5.13332 -2.3914 -16.6856 0.651277 20.7982 -12.9894 -12.801 38.6503 9.77509 -28.8448 29.2783 15.9764 -23.4321 6.87282 17.8025 -33.5252 -14.9853 9.08771 -21.6426 -33.0329 -2.13715 -0.0773735 -20.7737 -27.0164 3.88306 -15.6955 -24.8106 -13.27 -0.170836 -12.3691 -16.4965 16.1672 -1.91131 -6.27354 39.0062 -12.9274 17.3857 35.1458 -3.54135 27.9653 13.5202 23.062 34.936 15.627 20.2268 35.6234 -13.6355 7.25253 14.0666 -19.2802 5.34139 -2.87765 4.73806 -4.19777 -15.565 -13.6533 9.28504 -33.808 -31.4213 0.855326 -16.8329 -51.9613 0 0 0 0 0 0 0 0 0 0 0 0 0 0 0 0 0 0 0 0 0 0 0 0 0 0
5.28165 9.72485 -48.8195 13.8129 16.9718 -21.1405 31.9751 -5.56034 -8.72477 13.8471 -16.291 7.37317 -4.91231 -3.20887 -2.3679 -17.7811 -2.24693 20.165 -14.8401 -18.6852 34.8192 10.8687 -29.4996 28.455 17.7342 -24.4782 6.16587 18.2594 -34.1176 -15.9212 9.54297 -21.4154 -33.3714 -1.77589 -0.528416 -20.1233 -26.7431 3.66424 -15.7735 -25.0663 -13.2442 0.0683238 -12.6974 -16.5743 16.4401 -1.85885 -6.29231 39.0699 -12.8162 17.4011 35.2532 -3.48908 27.9485 13.5865 23.1056 34.9709 15.6282 20.1919 35.673 -13.6261 7.26357 14.0843 -19.2539 5.23085 -2.76274 4.82216 -4.16636 -15.5454 -13.5756 9.53198 -33.5649 -31.4037 0.639279 -16.8003 -51.9149 0 0 0 0 0 0 0 0 0 0 0 0 0 0 0 0 0 0 0 0 0 0 0 0 0 0
5.60297 9.56109 -50.1593 13.1546 16.3035 -22.0955 31.5025 -6.08552 -9.69617 13.8323 -16.195 7.24969 -5.16941 -3.3922 -2.38452 -17.7554 -2.30087 20.2991 -14.7711 -18.7458 34.937 10.9065 -29.5752 28.474 17.7183 -24.5019 6.18039 18.2674 -34.1223 -15.9143 9.54797 -21.4151 -33.3593 -1.77061 -0.533111 -20.103 -26.7393 3.67072 -15.7726 -25.0764 -13.2212 0.0882126 -12.6877 -16.5603 16.4431 -1.82528 -6.29223 39.0678 -12.7512 17.4162 35.2544 -3.35237 27.9874 13.6306 23.1031 35.4295 15.9173 20.4303 36.155 -13.3584 7.54513 14.5733 -19.1091 9.57711 -4.27146 2.87924 0.156801 -16.2829 -15.9977 13.8166 -33.612 -34.5009 3.65756 -16.9652 -54.4659 0 0 0 0 0 0 0 0 0 0 0 0 0 0 0 0 0 0 0 0 0 0 0 0 0 0
5.55791 9.53504 -50.0578 13.1994 16.3577 -22.0381 31.4989 -6.0475 -9.59657 13.7733 -16.1571 7.29109 -5.18778 -3.31704 -2.37356 -17.8613 -2.29856 20.2643 -14.729 -18.6539 34.9703 10.923 -29.4627 28.3738 17.5995 -24.413 6.0344 18.2275 -34.1428 -16.0098 10.0864 -21.3069 -33.6283 -1.87164 -0.646417 -20.6078 -26.9674 2.94478 -16.5194 -24.9329 -13.4727 -0.226912 -13.514 -15.4856 16.9291 -1.59586 -3.29689 37.8319 -15.2497 18.8462 34.9002 -4.6823 33.7754 17.8043 21.9524 35.1226 16.7693 16.2257 37.3777 -11.7728 7.34365 14.6509 -18.8671 9.79925 -4.24187 3.03232 0.293384 -16.2849 -15.7811 13.8795 -33.5998 -34.3515 3.55105 -17.0017 -54.2693 0 0 0 0 0 0 0 0 0 0 0 0 0 0 0 0 0 0 0 0 0 0 0 0 0 0
3.73217 9.25702 -49.5058 8.63851 15.1901 -20.834 28.3399 -5.65729 -8.01368 10.9362 -19.3008 5.78607 -8.49918 -7.31066 -3.97819 -19.4045 -3.15117 18.9311 -15.3221 -17.4865 35.1805 9.98232 -29.0562 28.5852 16.9072 -24.0427 6.31484 18.0775 -33.9218 -15.6332 9.95282 -21.3946 -33.476 -1.98345 -0.495448 -20.8293 -27.0444 3.02171 -16.4804 -24.8293 -13.5056 -0.325067 -13.4478 -15.5024 16.8576 -1.67814 -3.30896 37.8409 -15.3301 18.8237 34.8242 -4.65076 33.7749 17.818 21.9923 34.8519 16.7217 16.2178 37.3822 -11.7863 7.23141 14.7553 -19.0625 9.99467 -4.43357 2.53434 0.300135 -16.2384 -16.3313 13.55 -33.8862 -34.8248 3.73 -17.0616 -54.8018 0 0 0 0 0 0 0 0 0 0 0 0 0 0 0 0 0 0 0 0 0 0 0 0 0 0
7.39023 9.6516 -48.4023 6.03243 16.718 -20.3185 25.8294 0.485685 -3.22613 11.4495 -17.936 5.4255 -9.16458 -8.16291 -4.06141 -19.4607 -3.39096 18.9932 -15.1276 -17.4127 35.4439 10.0239 -29.1874 28.6386 16.8789 -24.1008 6.36346 18.0862 -33.9473 -15.5972 9.98777 -21.3954 -33.4344 -1.96209 -0.510813 -20.7765 -27.0306 3.01883 -16.482 -24.8513 -13.4854 -0.298245 -13.462 -15.4845 16.8789 -1.57478 -3.27929 37.7886 -15.2739 18.8362 34.8629 -4.72291 33.8038 17.7918 21.9089 35.108 16.693 16.1373 37.097 -11.8533 7.30055 14.2921 -18.7314 10.3353 -4.53569 3.13872 0.150423 -16.5736 -15.304 12.9659 -34.1685 -34.1425 4.3143 -16.3051 -53.6873 0 0 0 0 0 0 0 0 0 0 0 0 0 0 0 0 0 0 0 0 0 0 0 0 0 0
7.56853 9.41471 -48.3085 6.14131 16.6788 -20.2795 25.8283 0.501332 -3.0103 11.4384 -17.9936 5.46449 -9.14874 -8.19098 -4.05039 -19.4741 -3.41425 18.9901 -15.1152 -17.401 35.4636 10.0236 -29.1935 28.6418 16.8728 -24.1024 6.36592 18.0858 -33.9487 -15.5945 9.99689 -21.3943 -33.4344 -1.96176 -0.512671 -20.78 -27.0329 3.01375 -16.498 -24.8532 -13.4696 -0.293082 -13.4913 -15.4303 16.9065 -1.43923 -3.15617 37.6798 -15.1763 18.9421 34.8032 -5.03238 33.6671 17.2922 21.4722 33.9973 14.7439 14.2107 35.1756 -13.4526 4.96095 12.2444 -19.1523 9.2431 -5.9885 2.96664 -0.247039 -18.8839 -15.2306 13.5276 -34.6104 -34.8917 3.67624 -16.4379 -53.4994 0 0 0 0 0 0 0 0 0 0 0 0 0 0 0 0 0 0 0 0 0 0 0 0 0 0
5.11518 11.7381 -47.9193 5.43114 17.8415 -19.659 25.7751 0.744396 -4.28149 11.5206 -17.3989 5.0808 -9.2506 -7.72991 -4.15999 -19.3518 -3.13046 19.0134 -15.278 -17.5203 35.2003 10.0211 -29.0803 28.5855 16.9296 -24.0625 6.31143 18.0818 -33.9356 -15.6401 9.97096 -21.3909 -33.4769 -1.97668 -0.505095 -20.819 -27.0422 3.01241 -16.4976 -24.8367 -13.4875 -0.313093 -13.4793 -15.4473 16.8897 -1.55109 -3.1868 37.7419 -15.2436 18.927 34.775 -4.99217 33.6213 17.3012 21.488 33.5219 14.5346 14.015 34.8007 -13.6012 4.86015 11.8446 -19.3528 9.44235 -6.48329 2.62436 3.02504 -19.576 -16.4703 19.2812 -30.127 -36.832 5.81506 -13.6932 -54.2881 0 0 0 0 0 0 0 0 0 0 0 0 0 0 0 0 0 0 0 0 0 0 0 0 0 0
5.11435 11.7379 -47.9172 5.42481 17.8298 -19.6544 25.7935 0.753913 -4.28603 11.569 -17.4276 5.04759 -9.22003 -7.7706 -4.16571 -19.2659 -3.11795 19.021 -15.3137 -17.5699 35.1821 10.0057 -29.1492 28.6807 16.9995 -24.1693 6.42497 18.2782 -34.0959 -15.495 10.7132 -21.4122 -33.4634 -2.52764 -1.2068 -21.078 -27.8279 1.30339 -17.7957 -25.4467 -13.6612 -0.320474 -12.8179 -15.1177 15.94 -1.71538 -3.20105 37.4099 -15.4879 18.8601 34.4232 -5.06241 33.7594 17.2328 21.4268 33.5166 14.5689 14.069 34.7737 -13.598 4.87386 11.8344 -19.3519 9.42502 -6.5041 2.62295 3.01517 -19.5861 -16.4816 19.28 -30.13 -36.8401 5.82082 -13.6906 -54.2963 0 0 0 0 0 0 0 0 0 0 0 0 0 0 0 0 0 0 0 0 0 0 0 0 0 0
5.20131 11.7921 -48.048 5.63281 18.0662 -19.8276 25.6458 0.689444 -4.33727 11.0642 -17.1576 5.0773 -9.49972 -7.25027 -4.36366 -20.2764 -3.60705 18.6405 -16.9177 -18.8017 34.2047 9.03599 -29.3904 28.811 16.6441 -24.3973 6.7703 18.2508 -34.1959 -15.1828 10.9274 -21.4186 -33.183 -2.44213 -1.25394 -20.8706 -27.7724 1.22841 -17.8137 -25.5159 -13.6579 -0.255956 -12.8949 -15.1341 16.0086 -1.70582 -3.20567 37.4268 -15.461 18.8689 34.4598 -5.05732 33.7486 17.2392 21.4313 33.5305 14.5675 14.064 34.775 -13.5975 4.87958 11.8289 -19.3415 9.40247 -6.48738 2.65752 3.02215 -19.589 -16.4435 19.3039 -30.0583 -36.8266 5.74409 -13.6802 -54.262 0 0 0 0 0 0 0 0 0 0 0 0 0 0 0 0 0 0 0 0 0 0 0 0 0 0
5.4701 11.9996 -48.8013 6.67995 19.1906 -20.8505 24.67 0.47563 -4.65927 8.39414 -15.3307 5.22866 -10.0649 -1.12414 0.267473 -20.9345 -2.76352 22.8433 -17.7444 -20.6696 34.1675 9.03195 -28.7348 29.1041 16.1732 -23.8315 6.89344 18.0218 -33.9596 -14.8859 10.6615 -21.5605 -33.1283 -2.60471 -1.09871 -21.2111 -27.8873 1.35664 -17.7832 -25.3878 -13.6627 -0.375171 -12.7422 -15.0976 15.8739 -1.70125 -3.18881 37.3791 -15.5037 18.8534 34.3915 -5.08154 33.78 17.2229 21.411 33.5799 14.5893 14.0829 34.7693 -13.5881 4.90777 11.8116 -19.3004 9.27411 -6.42469 2.79567 3.05963 -19.5981 -16.3098 19.4366 -29.6748 -36.8098 5.35461 -13.6505 -54.1481 0 0 0 0 0 0 0 0 0 0 0 0 0 0 0 0 0 0 0 0 0 0 0 0 0 0
5.50758 12.0318 -48.8533 6.64745 19.1543 -20.8821 24.6549 0.44357 -4.70524 8.38394 -15.3233 5.25326 -10.0744 -1.1231 0.271396 -20.9688 -2.76646 22.835 -17.7302 -20.6434 34.1913 9.03804 -28.6975 29.0683 16.124 -23.8018 6.83842 18.0054 -33.9667 -14.9209 10.8278 -21.5337 -33.2119 -2.57014 -1.10246 -21.3913 -27.8518 1.12515 -17.8155 -25.1011 -13.7969 -0.363923 -13.3167 -14.4087 16.5163 -5.84482 -3.06455 39.4627 -19.6847 18.7199 35.262 -8.45821 33.4966 18.5 18.0854 32.909 16.7967 11.801 34.9576 -11.55 5.15835 11.736 -18.7482 9.11303 -7.0142 2.97927 2.9408 -19.6986 -16.4586 19.4234 -29.6767 -36.9218 5.39907 -13.605 -54.2629 0 0 0 0 0 0 0 0 0 0 0 0 0 0 0 0 0 0 0 0 0 0 0 0 0 0
5.30083 11.9801 -48.6818 6.70273 19.2895 -20.7728 24.6515 0.530382 -4.58707 8.34798 -15.2839 5.24099 -10.0935 -1.05796 0.269976 -21.0116 -2.73819 22.8193 -17.7144 -20.5972 34.1868 9.0515 -28.6168 28.9986 16.0618 -23.7539 6.73768 17.9697 -33.9839 -14.9886 11.1464 -21.4737 -33.3587 -2.55217 -1.13993 -21.7215 -27.8605 0.740225 -18.1519 -24.8739 -13.9339 -0.533722 -14.3136 -13.5618 17.0604 -7.56679 -0.548312 39.2482 -22.6365 20.0378 33.9001 -10.9184 36.7951 19.9252 15.3256 35.0127 16.5319 7.17349 35.815 -11.3038 5.57669 12.4028 -18.9706 9.42976 -5.92397 3.12582 3.06365 -18.9458 -16.0181 19.3767 -29.5388 -36.2965 5.48738 -13.6856 -53.9402 0 0 0 0 0 0 0 0 0 0 0 0 0 0 0 0 0 0 0 0 0 0 0 0 0 0
5.39488 11.062 -47.9197 7.36191 19.5577 -20.4176 24.7699 0.923566 -3.53608 8.31239 -15.3155 5.21408 -10.0708 -1.00312 0.276642 -21.0118 -2.71544 22.8124 -17.7197 -20.5873 34.1611 9.0518 -28.5953 28.984 16.0629 -23.7465 6.72029 17.9653 -33.9881 -15.001 11.1887 -21.4675 -33.3811 -2.53943 -1.14036 -21.7672 -27.8455 0.684087 -18.1534 -24.809 -14.0543 -0.597849 -14.401 -13.6494 17.0851 -9.06211 -1.43904 40.028 -22.8556 19.8189 34.1176 -9.63713 36.1854 21.1814 16.2847 32.3327 17.6811 7.9287 32.8851 -10.0982 7.29994 9.47726 -17.8567 13.773 -8.55959 3.6954 6.14936 -21.9003 -14.696 20.1938 -30.6122 -37.1255 3.81553 -14.6884 -51.9421 0 0 0 0 0 0 0 0 0 0 0 0 0 0 0 0 0 0 0 0 0 0 0 0 0 0
5.46474 11.1001 -47.9932 7.32973 19.5127 -20.4587 24.7706 0.893076 -3.59523 8.3281 -15.3298 5.21279 -10.0639 -1.02867 0.275512 -20.9887 -2.72544 22.8203 -17.7289 -20.6102 34.1579 9.04549 -28.6329 29.0186 16.0966 -23.7719 6.77023 17.9851 -33.9839 -14.9662 11.0614 -21.4928 -33.311 -2.56842 -1.14394 -21.6204 -27.833 0.651383 -17.7239 -24.5461 -13.8962 -0.0577917 -14.0221 -13.2374 17.5464 -10.2223 -2.48062 41.3903 -23.2645 19.3129 35.816 -10.4377 34.438 21.2463 15.6753 31.465 18.668 8.36705 32.6126 -9.36011 7.38269 9.34558 -17.479 13.7619 -9.10831 3.73864 6.08046 -22.0728 -14.8907 20.1523 -30.6526 -37.3535 3.80041 -14.6322 -52.0943 0 0 0 0 0 0 0 0 0 0 0 0 0 0 0 0 0 0 0 0 0 0 0 0 0 0
5.46825 11.1021 -47.9983 7.33342 19.5138 -20.4636 24.7795 0.89728 -3.60222 8.34365 -15.339 5.19335 -10.0538 -1.03992 0.270635 -20.9549 -2.72936 22.8274 -17.74 -20.6394 34.1379 9.05031 -28.6582 29.0766 16.1261 -23.9053 6.81304 18.2147 -34.2788 -14.8267 12.5218 -21.5595 -33.3925 -0.152349 -0.398746 -22.1527 -25.2399 2.42711 -17.8971 -22.5813 -13.1119 -1.04613 -13.4964 -13.2505 17.266 -10.2836 -2.51034 41.1961 -23.4444 19.1541 35.4086 -10.4656 34.4931 21.2088 15.6437 31.432 18.7001 8.41362 32.6 -9.34737 7.3856 9.33585 -17.4691 13.7596 -9.13121 3.73867 6.0781 -22.0838 -14.8989 20.1513 -30.6538 -37.3646 3.79789 -14.6299 -52.0998 0 0 0 0 0 0 0 0 0 0 0 0 0 0 0 0 0 0 0 0 0 0 0 0 0 0
5.52549 11.2797 -48.1879 7.19767 19.4236 -20.5626 24.754 0.804329 -3.81984 8.35533 -15.3392 5.20912 -10.0574 -1.06521 0.270816 -20.9564 -2.7412 22.8296 -17.7382 -20.6433 34.1516 9.04909 -28.6684 29.0843 16.1241 -23.9085 6.82192 18.2159 -34.2764 -14.8202 12.4976 -21.562 -33.3816 -0.157044 -0.396002 -22.1299 -25.2449 2.46205 -17.8976 -22.6209 -13.0768 -1.04112 -13.4544 -13.2607 17.2295 -9.14154 -1.93702 40.6756 -23.9805 18.7297 35.759 -12.0343 36.0973 23.414 13.4015 33.6162 17.6713 2.66325 32.6592 -8.88076 5.71082 10.265 -17.7945 13.7213 -7.83919 3.10021 5.8584 -21.1459 -15.202 19.83 -30.559 -37.3738 4.026 -14.417 -52.5554 0 0 0 0 0 0 0 0 0 0 0 0 0 0 0 0 0 0 0 0 0 0 0 0 0 0
6.2902 11.2927 -46.9778 8.71373 18.3877 -19.1505 25.8186 -1.40499 -3.39155 10.5522 -12.094 10.9193 -8.66523 -2.06451 2.68802 -21.968 -5.78492 23.3292 -16.5693 -20.7539 37.0014 8.94923 -30.5169 29.7957 15.2194 -24.8241 7.54519 18.2578 -34.6285 -14.2186 13.106 -21.5218 -32.6594 0.107417 -0.594384 -21.3612 -25.0928 2.24096 -17.9374 -22.9562 -13.0894 -0.833096 -13.7034 -13.3131 17.3933 -9.09701 -1.9268 40.7509 -23.9083 18.7801 35.9216 -12.0294 36.0599 23.3918 13.4062 33.5974 17.6402 2.65297 32.5523 -8.90235 5.67913 10.1238 -17.7364 13.9449 -7.85488 3.16531 5.83875 -21.2697 -14.9479 19.5861 -31.0774 -37.0841 4.59846 -14.2025 -52.257 0 0 0 0 0 0 0 0 0 0 0 0 0 0 0 0 0 0 0 0 0 0 0 0 0 0
8.92854 10.9558 -48.6531 8.19465 16.565 -20.6112 25.5368 -2.43384 -4.18455 10.536 -12.204 10.981 -8.75891 -2.2826 2.80126 -21.9464 -5.96305 23.5229 -16.4246 -20.8521 37.2324 9.01763 -30.6741 29.8423 15.1858 -24.9042 7.58354 18.2675 -34.6606 -14.1956 13.15 -21.5141 -32.6176 0.128881 -0.611976 -21.2988 -25.0793 2.22413 -17.9355 -22.9815 -13.0938 -0.815387 -13.7124 -13.3296 17.4025 -9.22044 -2.04563 40.8314 -23.9538 18.7148 35.9948 -11.899 36.1007 23.7898 13.4406 33.3776 17.7529 2.48438 33.4095 -8.70428 6.04944 11.6057 -18.7079 12.2774 -7.83159 1.41561 6.42508 -19.8198 -18.2389 22.4784 -31.0418 -37.6505 11.1333 -13.9294 -54.9743 0 0 0 0 0 0 0 0 0 0 0 0 0 0 0 0 0 0 0 0 0 0 0 0 0 0
9.04187 10.8552 -48.6195 8.24376 16.5276 -20.5923 25.5689 -2.41733 -4.0859 10.5266 -12.2452 11.0007 -8.74274 -2.27468 2.82079 -21.961 -5.98226 23.5179 -16.4236 -20.8478 37.2466 9.01164 -30.6802 29.8463 15.1764 -24.9067 7.58757 18.2666 -34.6618 -14.191 13.1569 -21.514 -32.6141 0.130575 -0.612929 -21.2994 -25.0785 2.21856 -17.9389 -22.979 -13.0958 -0.815762 -13.7267 -13.3196 17.4109 -9.27855 -2.03442 40.8474 -23.8589 18.8103 35.9146 -11.8181 35.8606 23.2447 13.3376 32.6845 16.7192 1.80555 32.369 -9.48028 2.18152 9.90755 -17.8652 12.1142 -8.58249 1.24946 6.59953 -20.9271 -18.2751 22.8549 -31.1606 -38.0323 10.8161 -14.0743 -54.8869 0 0 0 0 0 0 0 0 0 0 0 0 0 0 0 0 0 0 0 0 0 0 0 0 0 0
9.05574 10.874 -48.8495 8.21244 16.7719 -20.8712 25.3406 -2.17175 -4.16145 10.0748 -12.2294 10.5358 -8.89757 -1.29541 3.00651 -22.3823 -6.19212 23.2382 -16.0087 -20.3976 37.2555 9.29366 -30.0443 29.2142 14.6493 -24.6321 6.6764 17.6755 -34.8302 -14.9017 14.833 -21.4927 -33.535 3.5931 0.633012 -22.8788 -20.8691 4.62367 -17.1403 -18.2955 -11.6399 -1.05264 -11.5637 -12.3797 18.0425 -9.41845 -1.30489 41.7853 -24.0837 19.1915 35.8582 -11.8539 36.0964 23.1767 13.2916 32.679 16.7395 1.83778 32.3808 -9.49433 2.17789 9.91402 -17.8664 12.0777 -8.58137 1.26016 6.60874 -20.9187 -18.2818 22.903 -31.075 -38.0467 10.7111 -14.1123 -54.9151 0 0 0 0 0 0 0 0 0 0 0 0 0 0 0 0 0 0 0 0 0 0 0 0 0 0
9.13767 10.9175 -48.9209 8.17595 16.7158 -20.9259 25.32 -2.21884 -4.22226 10.0786 -12.2213 10.5376 -8.90472 -1.30848 3.00532 -22.3775 -6.1945 23.2476 -16.0038 -20.4046 37.2602 9.29847 -30.0487 29.2157 14.6499 -24.6376 6.67659 17.6814 -34.8382 -14.8997 14.8731 -21.4956 -33.5344 3.56876 0.607706 -22.9001 -20.8503 4.42095 -16.8747 -17.8801 -11.5874 -0.608261 -12.32 -11.8469 18.8285 -15.1856 -5.08555 43.1793 -23.8089 18.0306 39.6444 -13.2151 31.1806 22.9637 12.195 31.5371 18.2318 2.4294 32.1465 -8.59599 2.37667 9.84481 -17.3846 12.0108 -9.16049 1.36158 6.53541 -21.0007 -18.4753 22.8577 -31.105 -38.2436 10.7351 -14.0519 -55.0703 0 0 0 0 0 0 0 0 0 0 0 0 0 0 0 0 0 0 0 0 0 0 0 0 0 0
9.11658 10.9476 -49.4347 8.1506 17.2408 -21.5516 25.3374 -1.35569 -4.52182 9.95234 -12.3852 9.25539 -8.7211 -0.197082 3.38522 -21.9746 -6.61947 23.2775 -15.0547 -21.2448 36.5476 8.94975 -31.7525 26.34 15.8105 -22.5137 6.05475 22.0826 -28.714 -15.727 13.9556 -19.4552 -34.0665 1.73621 2.51841 -24.2838 -22.1798 5.08475 -16.3408 -17.3123 -11.1243 -0.882115 -12.1433 -11.7749 18.6451 -15.2304 -5.15964 43.0075 -23.8596 17.9632 39.5318 -13.2279 31.1805 22.929 12.191 31.5433 18.2452 2.47573 32.1753 -8.6003 2.37279 9.87195 -17.384 11.935 -9.15486 1.37696 6.55485 -20.9695 -18.5009 22.9602 -30.9077 -38.2838 10.5071 -14.1335 -55.1437 0 0 0 0 0 0 0 0 0 0 0 0 0 0 0 0 0 0 0 0 0 0 0 0 0 0
9.05586 10.9309 -48.7881 7.36188 16.5571 -20.8149 24.5614 -2.0682 -3.82972 9.38669 -12.1281 10.8305 -9.5761 -1.22413 3.75661 -22.5058 -5.18237 24.3266 -17.7025 -20.5897 37.4534 5.73834 -32.9216 28.2555 14.9677 -23.4861 9.21585 22.6349 -29.2561 -12.1821 14.3638 -21.1824 -30.9675 2.55301 1.52259 -22.5911 -21.577 5.22785 -16.0922 -18.4106 -11.1115 -0.425679 -13.0278 -12.0989 19.0253 -15.0445 -5.05602 43.3527 -23.6527 18.0698 39.8451 -13.1681 31.1702 23.0591 12.2184 31.5662 18.2086 2.32707 32.1421 -8.57305 2.37498 9.85084 -17.3867 12.0268 -9.14159 1.36295 6.5339 -20.9952 -18.4604 22.8367 -31.0973 -38.2441 10.7618 -13.9926 -55.0394 0 0 0 0 0 0 0 0 0 0 0 0 0 0 0 0 0 0 0 0 0 0 0 0 0 0
8.59137 10.9014 -48.526 7.44408 16.8501 -20.599 24.5991 -1.88022 -3.68491 9.3702 -12.1128 10.7963 -9.57733 -1.17409 3.73528 -22.5165 -5.14781 24.2963 -17.7153 -20.5611 37.417 5.73182 -32.8833 28.222 14.9493 -23.4556 9.17274 22.6745 -29.2458 -12.1988 14.4476 -21.1978 -31.0145 2.5828 1.49818 -22.6904 -21.504 5.11015 -15.9859 -18.1971 -11.3489 -0.4763 -13.3418 -12.4628 19.0984 -15.6362 -5.21506 43.3381 -24.7963 17.6425 39.5466 -15.4193 30.3049 21.8598 8.89903 36.1158 18.8083 1.85057 33.8213 -8.4666 -0.417125 11.0068 -14.3666 13.7868 -6.73353 1.7493 7.17719 -18.7257 -17.6069 22.3504 -30.8631 -37.0005 11.0123 -14.0146 -54.5192 0 0 0 0 0 0 0 0 0 0 0 0 0 0 0 0 0 0 0 0 0 0 0 0 0 0
8.76258 10.66 -48.4024 7.58273 16.8224 -20.524 24.6821 -1.80539 -3.44234 9.36464 -12.192 10.8318 -9.54176 -1.18925 3.76053 -22.5281 -5.17363 24.2897 -17.7262 -20.5622 37.439 5.71771 -32.9049 28.2633 14.9624 -23.4815 9.22515 22.6137 -29.259 -12.1762 14.352 -21.1656 -30.9571 2.51815 1.51919 -22.5592 -21.6529 5.24593 -16.2448 -18.5426 -10.8864 -0.364796 -12.8663 -11.7086 18.9814 -14.9456 -5.08388 43.4084 -24.1378 17.8516 40.283 -17.3952 29.7923 21.2129 6.01918 35.7311 14.9191 -3.77889 30.6018 -10.7391 -0.960926 8.53569 -16.9886 13.2733 -7.22559 0.85162 7.74264 -20.9209 -17.5618 23.2323 -31.0722 -37.7128 10.4343 -14.3461 -54.2238 0 0 0 0 0 0 0 0 0 0 0 0 0 0 0 0 0 0 0 0 0 0 0 0 0 0
6.03003 14.0741 -47.5367 7.12623 18.7177 -19.4959 24.1173 -1.65414 -4.68954 9.46282 -11.5757 10.5264 -9.87182 -1.35258 3.49902 -22.3246 -4.94976 24.4124 -17.7504 -20.6072 37.3161 5.77829 -32.8473 28.2216 14.9997 -23.4387 9.1649 22.6209 -29.232 -12.2429 14.3504 -21.1326 -31.0173 2.50396 1.53965 -22.6035 -21.6562 5.23389 -16.229 -18.4951 -10.9201 -0.381272 -12.8856 -11.7571 18.9836 -15.0055 -5.09889 43.398 -24.1921 17.8323 40.2259 -17.2635 29.8234 21.2555 6.24894 35.2348 14.8757 -3.81441 30.5988 -10.7675 -1.3086 8.59974 -17.3595 13.3451 -7.45081 -0.146149 8.65792 -20.3283 -19.3152 24.0057 -26.7589 -40.6876 8.86596 -10.2872 -55.0168 0 0 0 0 0 0 0 0 0 0 0 0 0 0 0 0 0 0 0 0 0 0 0 0 0 0
5.13608 13.8986 -46.4587 3.44923 16.7687 -18.4037 21.9143 -1.66959 -3.04812 7.99785 -13.2992 11.5088 -11.8506 -3.44533 5.58986 -23.2146 -7.74098 26.9423 -16.7935 -22.5257 39.9264 6.30526 -34.1874 29.2675 14.2954 -24.2261 9.98612 22.661 -29.4675 -11.2648 14.4354 -21.6522 -30.1761 2.73213 1.23447 -22.1658 -21.4665 5.26085 -16.1696 -18.7707 -10.9169 -0.267051 -13.1221 -11.8591 19.0813 -14.9511 -5.06274 43.479 -24.1546 17.8589 40.286 -17.2353 29.8374 21.3044 6.277 35.1949 14.8792 -3.8539 30.6123 -10.7469 -1.35746 8.62919 -17.3949 13.3807 -7.44471 -0.276123 8.61903 -20.2884 -19.4494 23.9061 -26.7397 -40.8589 9.06212 -9.88462 -55.042 0 0 0 0 0 0 0 0 0 0 0 0 0 0 0 0 0 0 0 0 0 0 0 0 0 0
5.12316 13.8924 -46.4361 3.44714 16.7446 -18.3787 21.9467 -1.67568 -3.04306 8.05908 -13.3091 11.5383 -11.8212 -3.55635 5.56028 -23.161 -7.73093 26.9492 -16.8075 -22.531 39.9489 6.23546 -34.3115 29.3006 14.4391 -24.2304 10.1739 22.3437 -29.2816 -11.2915 17.6364 -18.3845 -29.2553 5.75156 3.73342 -19.6924 -18.7007 7.93536 -15.2631 -17.5124 -9.41955 -0.634795 -13.9332 -11.9276 18.8917 -14.9635 -5.1987 43.3417 -23.9192 17.8606 40.4835 -17.1481 29.9117 21.4951 6.31622 35.221 14.8616 -4.03245 30.5863 -10.6667 -1.37423 8.64639 -17.3918 13.3907 -7.40619 -0.276168 8.6204 -20.2656 -19.4367 23.9011 -26.7431 -40.8428 9.07345 -9.88118 -55.0349 0 0 0 0 0 0 0 0 0 0 0 0 0 0 0 0 0 0 0 0 0 0 0 0 0 0
7.55854 12.428 -47.1951 3.88549 15.1253 -19.3864 22.1788 -2.32972 -2.807 8.0352 -13.6891 11.7395 -11.6062 -3.43963 5.82874 -23.2478 -7.9815 26.9725 -16.7652 -22.6439 40.0625 6.28188 -34.4059 29.4028 14.4654 -24.3209 10.2696 22.3594 -29.3687 -11.2005 17.6502 -18.4635 -29.1589 5.7907 3.66256 -19.5837 -18.6688 7.93037 -15.2601 -17.5842 -9.41095 -0.608036 -13.9522 -11.9212 18.9084 -14.94 -5.20839 43.3645 -23.9302 17.8415 40.539 -17.1668 29.9345 21.5745 6.28023 35.4791 15.0795 -4.0215 31.3181 -10.5446 -1.88227 9.38017 -17.4372 11.8981 -7.28809 -0.130523 9.20807 -19.0316 -20.2218 26.7448 -27.3726 -38.6352 15.9922 -9.95651 -54.9247 0 0 0 0 0 0 0 0 0 0 0 0 0 0 0 0 0 0 0 0 0 0 0 0 0 0
7.53732 12.443 -47.1975 3.87469 15.1196 -19.3854 22.1865 -2.33432 -2.82543 8.06062 -13.6826 11.7468 -11.5978 -3.48278 5.80742 -23.2272 -7.9723 26.9691 -16.7671 -22.6369 40.0676 6.27559 -34.4243 29.4264 14.4685 -24.3663 10.283 22.3693 -29.4441 -11.1775 17.8369 -18.4389 -29.1193 5.54648 3.45554 -19.5676 -18.7889 6.88017 -14.1531 -16.3889 -10.2142 0.571356 -16.2756 -13.219 20.0319 -21.5938 -7.13792 43.6764 -23.1759 16.4853 42.6769 -17.2838 27.8847 23.0481 5.61618 34.8707 16.1945 -5.12515 30.9548 -9.28193 -1.74412 9.54649 -17.089 11.9654 -7.40504 -0.00664443 9.17446 -18.8919 -20.2298 26.6572 -27.3865 -38.6236 16.0462 -9.90869 -54.9392 0 0 0 0 0 0 0 0 0 0 0 0 0 0 0 0 0 0 0 0 0 0 0 0 0 0
6.83302 12.3403 -46.8512 3.7963 15.677 -19.05 22.1713 -1.70647 -2.48604 8.04139 -13.578 11.6426 -11.6885 -3.52993 5.68366 -23.2029 -7.84128 26.9436 -16.8233 -22.5648 40.0152 6.2083 -34.3949 29.3976 14.4663 -24.324 10.2891 22.2976 -29.3746 -11.2031 17.6807 -18.3662 -29.1211 5.43826 3.52793 -19.5075 -18.8422 6.90502 -13.8299 -16.3136 -10.3406 0.692542 -15.9525 -13.5361 20.1171 -21.7391 -8.20786 43.8166 -24.6824 15.2548 43.2093 -21.2165 26.9569 23.3356 -0.256584 37.4006 15.872 -9.27827 29.7836 -9.09678 0.306978 11.6948 -16.9771 11.7707 -6.11298 0.69912 8.6863 -17.5237 -19.5223 25.9315 -27.3018 -37.4442 16.6638 -9.54687 -54.2088 0 0 0 0 0 0 0 0 0 0 0 0 0 0 0 0 0 0 0 0 0 0 0 0 0 0
7.75289 13.7086 -45.3093 3.54742 17.2782 -17.7164 21.6866 0.596292 -0.238102 7.71026 -13.4972 11.3798 -12.2412 -3.80282 5.59236 -23.3085 -7.80211 27.1399 -16.8972 -22.5888 40.1238 6.1253 -34.3467 29.4073 14.2723 -24.2471 10.2667 22.2449 -29.2842 -11.1761 17.6731 -18.3189 -29.1319 5.39135 3.58993 -19.6027 -18.8755 6.91245 -13.8365 -16.2538 -10.3241 0.679939 -15.9365 -13.5345 20.1028 -21.7455 -8.20381 43.7961 -24.6953 15.2579 43.1821 -21.1326 26.9684 23.3308 0.034058 36.7798 15.6299 -9.32728 29.1113 -9.19485 0.53438 11.3365 -17.4221 12.3963 -6.55415 -0.104246 9.47568 -17.6495 -20.5204 26.8248 -26.4186 -38.8273 21.9265 -5.26965 -51.6688 0 0 0 0 0 0 0 0 0 0 0 0 0 0 0 0 0 0 0 0 0 0 0 0 0 0
7.88967 13.9026 -45.3106 3.48233 17.2715 -17.7254 21.6858 0.678112 -0.230157 7.76703 -13.4792 11.3789 -12.2271 -3.90375 5.5425 -23.2468 -7.76001 27.1399 -16.9239 -22.5819 40.1266 6.08479 -34.4124 29.461 14.3251 -24.3184 10.3577 22.1743 -29.3421 -11.1334 17.6568 -18.2519 -29.0255 5.11141 3.46296 -19.4023 -19.2043 6.48631 -13.6856 -15.9637 -9.38713 2.0763 -17.1558 -11.595 21.5204 -24.551 -4.96888 44.3229 -30.8479 17.1837 41.1846 -23.827 29.9853 23.4954 -1.20892 35.4967 17.2582 -9.992 28.6546 -7.99164 0.337841 11.4061 -16.7056 12.5604 -6.70924 0.107982 9.46237 -17.4343 -20.4745 26.669 -26.3626 -38.8375 21.8213 -5.23221 -51.7286 0 0 0 0 0 0 0 0 0 0 0 0 0 0 0 0 0 0 0 0 0 0 0 0 0 0
8.01705 14.0936 -44.6337 1.43917 15.88 -17.47 19.5053 -0.0442559 0.746399 5.52415 -13.9596 12.5665 -13.5436 -2.18062 10.1221 -24.4547 -9.70902 30.4156 -16.4058 -24.3349 42.4892 6.68317 -34.036 30.283 11.7851 -24.6782 10.048 21.7617 -28.565 -10.6303 17.6261 -17.834 -28.8211 4.70176 3.95045 -19.9183 -19.5271 6.59697 -13.7026 -15.6971 -9.15807 2.03431 -17.1724 -11.5883 21.429 -24.5244 -5.00007 44.2564 -30.828 17.1574 41.1666 -23.8437 29.9874 23.4835 -1.24307 35.5931 17.2678 -9.9698 28.7024 -7.98822 0.304069 11.3708 -16.6018 12.5123 -6.65869 0.313633 9.32313 -17.5263 -20.1791 26.4395 -26.406 -38.649 22.0621 -4.93474 -51.1182 0 0 0 0 0 0 0 0 0 0 0 0 0 0 0 0 0 0 0 0 0 0 0 0 0 0
8.29894 15.2903 -43.8803 1.40023 17.4799 -16.8311 19.0798 1.61979 1.80659 5.16741 -13.3579 12.1859 -14.129 -1.93233 9.90553 -24.9145 -10.0369 30.0344 -15.9986 -23.558 42.6781 6.5386 -33.9492 30.0548 11.7683 -24.5016 9.89498 21.5225 -28.4091 -10.8838 17.3711 -17.5385 -28.9871 4.48479 4.19245 -19.9025 -19.7621 6.85945 -13.767 -15.963 -8.79664 2.07518 -16.3023 -10.7649 21.5364 -24.1893 -5.47611 44.4794 -32.0317 16.1969 42.0294 -24.5241 30.7493 26.1752 -1.72601 36.2956 20.7248 -9.73334 29.8619 -4.87117 1.49477 13.3834 -13.857 12.4911 -5.86232 2.43983 8.9247 -15.759 -18.4485 25.6208 -25.4958 -36.8463 20.7823 -4.74389 -50.2619 0 0 0 0 0 0 0 0 0 0 0 0 0 0 0 0 0 0 0 0 0 0 0 0 0 0
9.39282 15.7685 -44.4719 -1.57943 17.2811 -19.1472 15.3505 7.3665 2.76058 5.15327 -10.3036 12.1025 -15.564 -3.65183 9.0601 -24.655 -9.7704 30.4756 -15.8168 -23.5908 42.8403 6.62142 -33.901 29.9795 11.5572 -24.4895 9.73122 21.4675 -28.2686 -10.9964 17.3437 -17.3836 -29.0974 4.39613 4.31395 -20.0202 -19.8342 6.88507 -13.7807 -15.8997 -8.73903 2.05939 -16.232 -10.7158 21.5199 -24.1731 -5.49939 44.4606 -32.0686 16.1581 42.0452 -24.6111 30.7475 26.2015 -1.83832 36.5079 20.8743 -9.71937 30.2475 -4.80263 1.43515 13.7155 -13.7812 12.1258 -5.7079 2.50443 8.85646 -15.4048 -18.5222 25.7886 -25.2371 -36.6476 20.2769 -5.13582 -50.7285 0 0 0 0 0 0 0 0 0 0 0 0 0 0 0 0 0 0 0 0 0 0 0 0 0 0
9.33217 15.7709 -44.0955 -2.10656 16.8366 -18.9641 14.7883 7.5186 3.2209 5.60814 -11.0065 11.8055 -15.2501 -4.57857 11.1859 -22.4391 -12.9747 32.3439 -13.4566 -28.5199 41.7063 10.1655 -34.6816 29.0352 13.3965 -25.0019 8.64407 22.2797 -28.1902 -12.6017 17.1818 -16.9279 -30.1784 4.42383 4.33759 -19.9648 -19.8266 6.86298 -13.7856 -15.9033 -8.75733 2.06097 -16.2414 -10.7271 21.5221 -24.1805 -5.49358 44.4596 -32.057 16.1696 42.0336 -24.5873 30.7445 26.1823 -1.80871 36.4557 20.8275 -9.71247 30.1354 -4.82777 1.44065 13.5888 -13.7812 12.2328 -5.74583 2.54253 8.85909 -15.5489 -18.4176 25.7105 -25.3111 -36.6551 20.3658 -5.00729 -50.5035 0 0 0 0 0 0 0 0 0 0 0 0 0 0 0 0 0 0 0 0 0 0 0 0 0 0
9.41933 15.7833 -44.4879 -1.86563 17.2047 -19.3077 15.1235 8.09298 2.88981 6.91759 -11.1862 10.629 -14.081 -5.45974 11.3983 -19.8601 -15.0733 32.387 -10.0285 -30.7729 40.406 13.6947 -34.6733 27.2468 14.6598 -28.8074 5.71521 25.062 -27.6857 -14.5103 18.8419 -16.2091 -31.5324 5.39828 4.0127 -20.264 -19.0599 5.74866 -14.7588 -14.94 -9.06606 1.76113 -15.3161 -10.1708 21.2705 -24.4636 -5.69918 43.8696 -32.1199 16.0757 41.8044 -24.5981 30.7923 26.111 -1.80031 36.5044 20.8404 -9.64199 30.2996 -4.86166 1.44748 13.7116 -13.8172 12.1063 -5.70252 2.49904 8.85949 -15.4166 -18.5218 25.8122 -25.2159 -36.6446 20.2302 -5.15505 -50.7449 0 0 0 0 0 0 0 0 0 0 0 0 0 0 0 0 0 0 0 0 0 0 0 0 0 0
9.39617 15.8336 -43.7282 -2.60266 16.5104 -18.8724 13.9533 7.31966 3.61182 5.23431 -11.654 11.5182 -15.3866 -5.01281 13.2675 -21.9694 -17.3174 32.231 -14.3137 -34.8746 36.5877 10.6949 -38.1105 26.3618 14.6774 -29.3513 6.73345 25.3824 -27.7801 -13.2949 18.7384 -17.084 -30.6359 5.55501 3.61737 -19.9768 -18.8911 5.85327 -14.6255 -15.21 -9.14003 1.82993 -15.5225 -10.2923 21.3375 -24.4288 -5.63713 43.9938 -32.0888 16.1276 41.8399 -24.5595 30.7858 26.0957 -1.75719 36.4202 20.7621 -9.6469 30.0864 -4.89328 1.44798 13.4747 -13.798 12.2985 -5.76935 2.59103 8.85715 -15.6852 -18.302 25.6542 -25.3486 -36.639 20.3797 -4.91401 -50.2988 0 0 0 0 0 0 0 0 0 0 0 0 0 0 0 0 0 0 0 0 0 0 0 0 0 0
9.42335 15.8343 -43.8957 -2.50698 16.656 -19.0118 14.1203 7.6224 3.48282 5.88707 -11.6908 11.0512 -14.8347 -5.52238 13.1868 -20.748 -17.8796 32.3232 -14.0813 -35.9827 35.7081 10.3392 -40.2143 24.5709 14.7901 -30.0402 5.8216 25.6215 -27.2593 -13.9676 18.556 -16.57 -31.1395 5.31383 3.92238 -20.1614 -19.1019 5.92524 -14.5928 -15.1352 -9.04255 1.81686 -15.5075 -10.2871 21.3174 -24.4203 -5.65158 43.9751 -32.0925 16.1101 41.8338 -24.5687 30.7828 26.1005 -1.76894 36.4414 20.7818 -9.64616 30.1374 -4.8848 1.44634 13.5296 -13.7997 12.2515 -5.75276 2.574 8.85645 -15.6232 -18.348 25.6904 -25.3143 -36.6363 20.3346 -4.97183 -50.4006 0 0 0 0 0 0 0 0 0 0 0 0 0 0 0 0 0 0 0 0 0 0 0 0 0 0
10.2089 16.1946 -43.894 -3.2508 17.1743 -19.8735 12.0379 8.79562 3.72105 2.83989 -9.82948 11.7786 -14.2404 -1.5843 19.6446 -22.0662 -17.008 34.6245 -15.8487 -35.2736 34.6767 9.35995 -38.1015 25.2209 14.1646 -28.9448 6.0738 24.869 -27.5699 -13.8804 18.7945 -16.4051 -31.0936 5.32537 4.03743 -20.3044 -19.1024 5.80574 -14.7142 -14.9549 -9.03174 1.76726 -15.3617 -10.2027 21.2715 -24.4555 -5.68891 43.8807 -32.1029 16.0871 41.7981 -24.5885 30.7823 26.0813 -1.79398 36.503 20.8073 -9.6193 30.2317 -4.88314 1.42175 13.5696 -13.7599 12.1668 -5.70873 2.65806 8.82741 -15.5907 -18.2674 25.7135 -25.2225 -36.5388 20.0045 -5.10058 -50.4769 0 0 0 0 0 0 0 0 0 0 0 0 0 0 0 0 0 0 0 0 0 0 0 0 0 0
10.2112 16.194 -43.8887 -3.25411 17.1707 -19.8712 12.0294 8.78989 3.72595 2.81904 -9.82634 11.7899 -14.2518 -1.56596 19.6603 -22.1188 -17.0073 34.6003 -15.7968 -35.2359 34.742 9.30562 -38.0125 24.998 13.8948 -28.775 5.83825 25.0263 -26.7588 -13.8082 18.5123 -16.6587 -31.4682 5.79289 4.68168 -21.6602 -18.0005 7.06128 -14.2336 -12.7512 -7.33032 2.28624 -14.7947 -9.63017 21.481 -25.0548 -5.56891 43.633 -32.2391 16.377 41.7652 -24.6011 30.991 26.033 -1.76042 36.5327 20.771 -9.59915 30.2427 -4.91074 1.42886 13.5661 -13.7766 12.1642 -5.70649 2.65437 8.8278 -15.5985 -18.2668 25.7172 -25.2234 -36.5387 20.0023 -5.10214 -50.4752 0 0 0 0 0 0 0 0 0 0 0 0 0 0 0 0 0 0 0 0 0 0 0 0 0 0
10.2156 16.1891 -43.8994 -3.24362 17.1805 -19.8792 12.0442 8.80901 3.7185 2.84822 -9.81588 11.7789 -14.2319 -1.57108 19.6456 -22.067 -17.0029 34.612 -15.896 -35.2826 34.6205 9.40486 -38.1261 25.4444 14.3248 -29.3092 6.17665 24.8115 -28.3752 -13.8577 18.7472 -17.6651 -31.2996 9.88994 5.08424 -21.2765 -12.7914 11.1239 -13.4517 -10.9451 -5.21783 1.33818 -13.9789 -8.93917 20.0906 -24.8255 -5.97422 42.1013 -32.0969 15.9822 41.0825 -24.468 31.2294 25.9851 -1.62988 36.6859 20.6255 -9.55903 30.2707 -4.99688 1.45273 13.5651 -13.8281 12.1496 -5.69595 2.64132 8.82911 -15.6124 -18.2708 25.7342 -25.2213 -36.5366 19.991 -5.11505 -50.4832 0 0 0 0 0 0 0 0 0 0 0 0 0 0 0 0 0 0 0 0 0 0 0 0 0 0
10.2689 16.1841 -43.9608 -3.21076 17.2376 -19.9548 12.0604 8.93814 3.6789 2.88102 -9.68238 11.7681 -14.1559 -1.42515 19.7146 -22.1946 -17.0488 34.3648 -15.8657 -35.2735 34.3679 9.57685 -37.8525 25.5221 14.37 -30.1564 5.78653 25.8216 -29.2281 -13.6805 20.5385 -18.6852 -31.4537 10.5492 3.82519 -22.0619 -12.1083 8.72915 -13.5217 -8.24066 -5.89391 2.35849 -12.563 -10.1543 20.6816 -23.5049 -6.84122 42.5921 -31.8331 14.6326 40.7326 -24.3911 29.9195 25.5836 -1.67135 36.2201 20.7702 -9.07233 30.5342 -5.16277 1.4745 13.5185 -13.9517 12.1261 -5.70679 2.58841 8.85062 -15.672 -18.3075 25.7996 -25.2162 -36.5665 19.9288 -5.17144 -50.5476 0 0 0 0 0 0 0 0 0 0 0 0 0 0 0 0 0 0 0 0 0 0 0 0 0 0
10.4202 16.1419 -43.9372 -3.16397 17.1193 -19.9873 12.0667 8.94142 3.71439 2.91958 -9.67937 11.8394 -14.1502 -1.44238 19.7358 -22.2218 -17.0821 34.3506 -15.8654 -35.2973 34.3735 9.58503 -37.846 25.5417 14.3615 -30.217 5.77619 25.8627 -29.2863 -13.6614 20.6274 -18.7374 -31.445 10.5801 3.75481 -22.0718 -12.0951 8.61169 -13.5517 -8.19089 -5.96329 2.36354 -12.6716 -10.3135 20.6264 -23.6708 -7.02056 42.511 -32.1852 14.3713 40.5654 -25.3275 29.4375 24.9468 -2.85232 36.2309 19.7219 -10.3045 29.5776 -5.94549 0.983138 12.9642 -14.539 12.1714 -5.75903 2.20396 8.98044 -16.1076 -18.5135 26.0049 -25.2956 -36.8807 19.7699 -5.28024 -50.7405 0 0 0 0 0 0 0 0 0 0 0 0 0 0 0 0 0 0 0 0 0 0 0 0 0 0
11.251 18.8662 -42.9513 -0.421032 22.5662 -18.5006 11.9598 10.1316 4.43158 0.862124 -8.18457 9.15433 -15.0788 -0.124684 19.0195 -20.9951 -15.7789 34.4463 -15.8908 -34.2379 33.0827 9.61238 -37.8883 24.9075 15.4759 -29.7356 5.69592 26.1287 -29.38 -14.206 20.6332 -18.6393 -31.7913 10.6606 3.71429 -22.0245 -12.0453 8.54368 -13.5712 -8.16169 -6.00966 2.36886 -12.6509 -10.3242 20.6381 -23.6775 -6.99978 42.5042 -32.1539 14.4047 40.5327 -25.4061 29.3748 24.7758 -3.01714 36.5665 19.7365 -10.1068 29.711 -5.97692 0.802762 12.6029 -14.0316 11.9133 -5.61607 3.29158 8.95282 -16.5167 -17.165 25.5867 -23.1222 -36.7358 16.4781 -3.63345 -49.3323 0 0 0 0 0 0 0 0 0 0 0 0 0 0 0 0 0 0 0 0 0 0 0 0 0 0
11.4667 18.9813 -43.4376 -0.0945425 23.3683 -19.058 12.0151 11.0585 4.08248 1.50715 -7.72205 8.1907 -14.0263 -0.65161 19.2597 -18.9864 -17.3561 33.8065 -13.9216 -35.575 30.8799 11.925 -38.7849 23.7517 18.6956 -29.4109 5.50416 29.7791 -27.9848 -14.076 23.8811 -17.6732 -31.7772 11.8421 3.61732 -22.246 -11.4207 6.54595 -14.7828 -6.78038 -6.38919 2.18393 -11.3304 -9.73704 20.6137 -24.0972 -7.38006 41.5265 -32.1103 14.2314 40.0816 -25.2989 29.3247 24.4715 -2.89391 36.585 19.6084 -9.82516 29.8888 -6.18896 0.834718 12.5792 -14.1398 11.8379 -5.59908 3.29356 8.9948 -16.5501 -17.1524 25.6914 -22.9664 -36.7317 16.1936 -3.72824 -49.4169 0 0 0 0 0 0 0 0 0 0 0 0 0 0 0 0 0 0 0 0 0 0 0 0 0 0
12.1677 19.0373 -43.1192 -3.32786 23.6499 -21.6242 6.17344 15.9794 3.88301 0.3211 -4.04494 8.49838 -16.5149 -0.67583 18.634 -18.085 -17.0033 33.9311 -13.6511 -35.2828 30.5107 12.0739 -39.1928 23.3276 19.2484 -29.492 5.41889 30.0607 -27.9347 -14.2996 23.8268 -17.674 -31.9115 11.8672 3.5841 -22.2113 -11.3963 6.55278 -14.7661 -6.79905 -6.4128 2.18909 -11.345 -9.74853 20.6221 -24.1015 -7.37095 41.5388 -32.1107 14.241 40.0791 -25.2906 29.3249 24.4638 -2.87987 36.5581 19.5867 -9.82061 29.8292 -6.19956 0.837848 12.5108 -14.1331 11.9186 -5.60237 3.31848 8.95738 -16.6379 -17.0645 25.5568 -23.2147 -36.6723 16.4215 -3.72505 -49.2309 0 0 0 0 0 0 0 0 0 0 0 0 0 0 0 0 0 0 0 0 0 0 0 0 0 0
12.8393 19.3485 -42.2334 -5.17345 24.4283 -23.2523 1.87529 20.6414 3.45296 0.445756 0.702274 9.41398 -17.2052 0.145353 17.5006 -16.8966 -15.6103 33.3302 -13.4738 -34.1075 30.0841 11.9184 -39.4542 22.7959 19.8678 -29.5386 5.36266 30.3538 -27.9133 -14.5224 23.7679 -17.7094 -32.0349 11.9095 3.52465 -22.1614 -11.3539 6.55972 -14.7431 -6.82419 -6.45026 2.19606 -11.3647 -9.76534 20.6341 -24.1088 -7.35652 41.5548 -32.1083 14.2576 40.0736 -25.2823 29.3224 24.4425 -2.86822 36.537 19.5535 -9.80279 29.743 -6.21723 0.831772 12.3831 -14.0918 12.0265 -5.60049 3.42011 8.88883 -16.7996 -16.8452 25.2615 -23.2998 -36.6653 16.4618 -3.39012 -48.7772 0 0 0 0 0 0 0 0 0 0 0 0 0 0 0 0 0 0 0 0 0 0 0 0 0 0
15.187 19.5734 -43.6567 -2.54517 28.0024 -25.992 0.724544 22.3975 0.794118 -1.40496 2.17918 5.09653 -17.7433 1.66874 15.2894 -14.9318 -13.1656 31.5274 -13.1415 -31.9301 29.1677 11.4609 -39.7218 21.8276 20.9129 -29.8175 5.24404 30.8966 -27.8653 -14.8587 23.639 -17.8329 -32.1893 11.988 3.39276 -22.0596 -11.267 6.59386 -14.6871 -6.89056 -6.52124 2.21011 -11.4008 -9.78514 20.6646 -24.1231 -7.3339 41.5935 -32.111 14.2825 40.0842 -25.2861 29.3194 24.4258 -2.8746 36.5432 19.5386 -9.78667 29.6973 -6.2244 0.818529 12.2917 -14.0369 12.072 -5.59352 3.53741 8.85849 -16.9082 -16.6511 25.1262 -23.397 -36.5607 16.1124 -3.59989 -48.6973 0 0 0 0 0 0 0 0 0 0 0 0 0 0 0 0 0 0 0 0 0 0 0 0 0 0
15.4724 20.2654 -44.0201 -2.78245 27.4247 -26.381 0.873562 22.1908 0.424862 -1.29272 2.05159 5.05423 -17.6098 1.74277 15.2872 -14.9437 -13.1275 31.5161 -13.1672 -31.8903 29.1333 11.442 -39.696 21.831 20.9192 -29.8072 5.25272 30.8844 -27.8662 -14.8603 23.6202 -17.8259 -32.1835 11.9783 3.39817 -22.0401 -11.2811 6.61141 -14.6866 -6.92857 -6.51554 2.20762 -11.3344 -9.68547 20.7031 -24.1382 -7.39382 41.5996 -32.1753 14.211 40.1928 -25.3444 29.3546 24.641 -2.92744 36.5832 19.786 -9.98244 30.2472 -6.06299 0.984339 13.3728 -14.4699 11.343 -5.67931 2.33297 8.14938 -15.8622 -18.4141 24.6483 -23.0035 -37.8885 17.1803 -2.61119 -49.9759 0 0 0 0 0 0 0 0 0 0 0 0 0 0 0 0 0 0 0 0 0 0 0 0 0 0
15.5029 20.2649 -44.0652 -2.74192 27.5344 -26.4612 0.826403 22.2707 0.350501 -1.24947 2.11168 4.93378 -17.3948 1.74876 15.429 -14.5991 -13.446 31.3248 -12.6335 -32.1274 28.5307 12.059 -39.5233 21.0974 21.1188 -29.7785 4.21206 31.149 -28.0518 -15.8869 30.0625 -14.2209 -29.9623 14.149 4.36572 -22.2893 -9.33518 3.30615 -16.6857 -4.69363 -4.81755 2.2807 -10.5717 -9.46672 19.8944 -23.9847 -7.86677 40.4472 -31.9373 13.7905 39.57 -25.1446 29.2411 24.312 -2.74543 36.6111 19.5935 -9.66915 30.4145 -6.32392 1.04403 13.3316 -14.629 11.3127 -5.65754 2.29924 8.16755 -15.9348 -18.4083 24.6895 -22.9959 -37.8923 17.1281 -2.63126 -49.968 0 0 0 0 0 0 0 0 0 0 0 0 0 0 0 0 0 0 0 0 0 0 0 0 0 0
15.3242 20.258 -43.3787 -3.18306 26.8994 -25.8138 0.228351 21.1631 0.916549 -3.22121 1.2104 5.35993 -17.9993 1.90902 17.4633 -15.2939 -14.1757 32.4183 -12.981 -32.5825 28.5307 12.0122 -39.2219 21.4495 20.8223 -29.6112 4.35987 30.9395 -28.051 -15.7082 30.0538 -14.2493 -29.8247 14.104 4.39681 -22.3784 -9.36892 3.35329 -16.725 -4.69364 -4.79027 2.22461 -10.5339 -9.4356 19.8519 -23.9439 -7.86995 40.4092 -31.9254 13.7774 39.5514 -25.1369 29.2574 24.3213 -2.73473 36.6017 19.5772 -9.67971 30.3699 -6.32601 1.04427 13.2907 -14.625 11.3655 -5.66154 2.31239 8.12679 -15.992 -18.3539 24.5572 -23.0812 -37.9047 17.3169 -2.47346 -49.7539 0 0 0 0 0 0 0 0 0 0 0 0 0 0 0 0 0 0 0 0 0 0 0 0 0 0
15.1987 20.4837 -43.5254 -3.2937 26.881 -25.8564 0.305748 21.1139 0.841925 -3.21247 1.17778 5.30527 -17.9644 1.94156 17.4363 -15.2893 -14.1393 32.4008 -12.9856 -32.5494 28.5231 12.0009 -39.2026 21.4314 20.8154 -29.5841 4.34849 30.9293 -28.0145 -15.7205 29.9958 -14.2351 -29.8556 14.0395 4.40255 -22.4023 -9.41052 3.33233 -16.6603 -4.63934 -4.51792 2.38616 -10.4869 -9.28889 19.9769 -24.0808 -8.04482 40.4316 -31.9534 13.6502 39.911 -25.7855 29.0743 24.379 -4.27994 38.8341 20.8518 -7.10383 29.1099 -4.15889 6.91172 14.0225 -9.37389 11.5414 -8.19518 4.1464 8.36574 -14.185 -17.7182 23.8643 -22.8614 -37.3032 17.6679 -2.25598 -49.6788 0 0 0 0 0 0 0 0 0 0 0 0 0 0 0 0 0 0 0 0 0 0 0 0 0 0
15.3161 21.2338 -43.3008 -2.6261 28.5908 -25.4742 0.252834 21.7008 1.01033 -3.66382 1.68183 4.56882 -18.2385 2.17978 16.9198 -14.9019 -13.6538 31.9977 -12.9038 -32.142 28.3486 11.9376 -39.2742 21.2304 21.0188 -29.6445 4.29688 31.0277 -28.0281 -15.8206 30.004 -14.2264 -29.9273 14.0684 4.38175 -22.3579 -9.38851 3.3063 -16.6451 -4.63921 -4.53962 2.40855 -10.508 -9.31066 19.9922 -24.0971 -8.03759 40.4482 -31.955 13.6622 39.9081 -25.7775 29.0679 24.3617 -4.27112 38.8279 20.8401 -7.08804 29.1029 -4.17104 6.85785 13.9368 -9.34311 11.572 -8.13925 4.37602 8.24413 -14.3557 -17.4006 23.7246 -22.1956 -37.3288 16.693 -1.62097 -49.2655 0 0 0 0 0 0 0 0 0 0 0 0 0 0 0 0 0 0 0 0 0 0 0 0 0 0
15.5837 21.1413 -43.1767 -2.53009 28.479 -25.518 0.182398 21.7136 1.01525 -3.64946 1.68798 4.62674 -18.2496 2.15619 16.9486 -14.9214 -13.6844 32.021 -12.9045 -32.1688 28.3629 11.9435 -39.2715 21.2383 21.0049 -29.6386 4.29599 31.022 -28.0209 -15.8173 29.9942 -14.2245 -29.9289 14.0565 4.38384 -22.3641 -9.39668 3.30459 -16.637 -4.63189 -4.49105 2.43338 -10.5005 -9.27601 20.0133 -24.122 -8.05173 40.4507 -31.9848 13.6471 39.9463 -25.6767 29.1306 24.5315 -3.94741 38.1549 20.5578 -6.88235 26.9597 -3.76236 8.37531 13.3909 -9.23734 14.7085 -8.76565 3.53978 9.65784 -14.7185 -17.9043 23.4193 -22.5598 -38.9556 16.3543 -1.49724 -49.9347 0 0 0 0 0 0 0 0 0 0 0 0 0 0 0 0 0 0 0 0 0 0 0 0 0 0
15.2505 21.6595 -43.557 -2.8028 28.457 -25.6326 0.391896 21.5882 0.815592 -3.63249 1.60906 4.46941 -18.1521 2.2444 16.877 -14.8835 -13.5915 31.9672 -12.9247 -32.0859 28.3291 11.9004 -39.274 21.2106 21.0399 -29.5969 4.33596 30.935 -27.9039 -15.8309 29.7049 -14.1306 -29.9474 13.6939 4.37272 -22.2821 -9.65131 3.09973 -16.1823 -4.49669 -4.05504 3.02215 -10.1028 -8.78887 20.699 -24.6051 -9.76305 40.3785 -34.3021 11.0826 40.3748 -29.0175 27.5821 25.7355 -8.24657 38.694 22.9396 -8.59222 27.3441 -1.34512 7.98738 15.1599 -5.64696 13.6324 -8.16996 4.90399 9.49474 -11.7524 -17.0977 22.2226 -21.9463 -37.6215 17.1851 -1.04182 -49.7181 0 0 0 0 0 0 0 0 0 0 0 0 0 0 0 0 0 0 0 0 0 0 0 0 0 0
17.1051 21.4961 -42.3759 -1.71193 28.6488 -25.4508 0.0211172 21.8813 1.11855 -3.73438 1.81991 4.58794 -18.3478 2.14465 16.8923 -14.8714 -13.6454 31.9826 -12.8935 -32.1422 28.3665 11.9271 -39.305 21.2076 21.0337 -29.6104 4.32522 30.9446 -27.9019 -15.8325 29.7071 -14.1297 -29.9495 13.6974 4.37252 -22.2788 -9.64899 3.10011 -16.1835 -4.49842 -4.06122 3.01968 -10.1084 -8.80159 20.6936 -24.6 -9.75468 40.3819 -34.2994 11.0899 40.3593 -28.9828 27.5925 25.7353 -8.15885 38.586 22.8701 -8.60723 27.1663 -1.37977 7.97475 15.0038 -5.73338 13.7684 -8.24419 4.91528 9.37802 -11.9872 -17.0084 21.8085 -22.4752 -37.5621 18.4074 -1.04916 -49.1756 0 0 0 0 0 0 0 0 0 0 0 0 0 0 0 0 0 0 0 0 0 0 0 0 0 0
17.4186 21.433 -43.3237 -0.997907 29.455 -26.3747 0.976443 23.4106 0.34036 -4.47845 4.00992 4.63579 -17.7764 6.00131 18.0007 -17.8669 -11.3783 30.9292 -16.7071 -29.2843 25.2746 7.96993 -38.1778 20.7122 19.3081 -29.3643 4.94186 30.0882 -28.0885 -14.7685 29.6555 -14.518 -29.1007 13.6004 4.29208 -22.4039 -9.72113 3.27566 -16.1735 -4.54539 -4.04124 2.9634 -10.1035 -8.77938 20.6542 -24.5466 -9.74782 40.3773 -34.2917 11.0753 40.3604 -29.0015 27.5981 25.7496 -8.19916 38.637 22.9029 -8.615 27.2397 -1.35809 7.97196 15.0799 -5.70001 13.6886 -8.231 4.85146 9.50323 -11.8364 -17.1338 22.0227 -22.427 -37.5798 18.1148 -1.29057 -49.5397 0 0 0 0 0 0 0 0 0 0 0 0 0 0 0 0 0 0 0 0 0 0 0 0 0 0
17.4449 22.3147 -40.3514 -2.63801 30.9217 -26.105 -3.12521 27.298 0.890586 -3.84063 8.26008 6.89967 -18.6941 6.697 17.5815 -17.1644 -10.5219 30.5323 -16.5596 -28.4896 25.018 7.81252 -38.1413 20.4309 19.5385 -29.4636 4.87709 30.2295 -28.1077 -14.876 29.668 -14.5215 -29.1882 13.6421 4.26024 -22.3451 -9.68921 3.23588 -16.1528 -4.54195 -4.07307 2.99479 -10.1297 -8.82129 20.6735 -24.5699 -9.73363 40.4013 -34.2948 11.0989 40.3418 -28.9447 27.6072 25.7367 -8.06691 38.477 22.8002 -8.62748 26.9946 -1.41711 7.91082 14.7824 -5.79694 13.9557 -8.21422 5.22995 8.99025 -12.4564 -16.4521 21.3179 -21.7963 -37.5634 17.6811 0.0954729 -48.039 0 0 0 0 0 0 0 0 0 0 0 0 0 0 0 0 0 0 0 0 0 0 0 0 0 0
17.4533 22.3189 -40.3558 -2.63309 30.9497 -26.1288 -3.15482 27.3186 0.865193 -3.81242 8.27713 6.86925 -18.6042 6.69008 17.6323 -17.0465 -10.6141 30.4647 -16.5031 -28.5468 24.8328 7.85377 -38.3688 20.5495 19.7889 -29.8496 5.0698 30.4481 -28.5529 -14.7044 30.6262 -14.581 -28.6199 13.893 3.77298 -22.4193 -9.42342 2.08017 -16.3566 -4.19791 -4.11067 3.12531 -9.80075 -8.70761 20.8385 -24.397 -9.741 40.4438 -34.2494 11.0308 40.3354 -28.9363 27.5683 25.7498 -8.07526 38.4684 22.8065 -8.63141 26.9927 -1.41409 7.90817 14.7826 -5.7947 13.956 -8.21362 5.23141 8.98979 -12.4559 -16.4504 21.3178 -21.7925 -37.563 17.6731 0.0978658 -48.0387 0 0 0 0 0 0 0 0 0 0 0 0 0 0 0 0 0 0 0 0 0 0 0 0 0 0
17.1647 22.3458 -39.9541 -2.86716 30.3733 -25.3215 -4.15852 24.1926 1.03693 -11.293 7.52284 5.56832 -20.7608 6.95771 19.891 -16.9221 -10.8045 31.2344 -16.4997 -28.352 24.5794 7.79876 -38.3643 20.4132 19.8937 -29.9066 5.02529 30.5153 -28.5632 -14.7658 30.6402 -14.5737 -28.6641 13.9126 3.75983 -22.3888 -9.40789 2.05092 -16.3463 -4.19488 -4.11871 3.1456 -9.8114 -8.72048 20.8532 -24.4134 -9.73988 40.4549 -34.2538 11.0375 40.338 -28.9301 27.5665 25.7466 -8.06057 38.4481 22.7954 -8.63169 26.9656 -1.42153 7.90446 14.753 -5.80829 13.9829 -8.21758 5.25428 8.94581 -12.5116 -16.4008 21.243 -21.7678 -37.5665 17.7522 0.222257 -47.8818 0 0 0 0 0 0 0 0 0 0 0 0 0 0 0 0 0 0 0 0 0 0 0 0 0 0
17.2509 22.3767 -39.9703 -2.76669 30.5825 -25.4186 -4.28618 24.3071 0.904092 -11.5857 7.6788 5.31877 -20.0242 6.78862 20.2055 -16.0949 -11.5411 30.5042 -14.7253 -28.5197 22.7681 9.92799 -38.0522 20.2774 22.1811 -31.0374 4.3749 30.7022 -29.2368 -16.2443 31.0239 -14.4059 -29.1725 14.2667 3.50703 -21.926 -9.11482 1.49235 -16.2431 -4.13856 -4.14071 3.46203 -9.98327 -8.89505 21.0526 -24.6569 -9.7483 40.6078 -34.3189 11.1111 40.4152 -28.9246 27.5077 25.7023 -8.05941 38.4105 22.7991 -8.59677 26.9847 -1.44537 7.92556 14.7498 -5.822 13.9807 -8.21614 5.26294 8.93702 -12.5264 -16.3874 21.2437 -21.7437 -37.5645 17.6882 0.240281 -47.8704 0 0 0 0 0 0 0 0 0 0 0 0 0 0 0 0 0 0 0 0 0 0 0 0 0 0
17.2027 22.5137 -40.071 -2.82157 30.5828 -25.4529 -4.22915 24.2674 0.866102 -11.5792 7.66419 5.29071 -20.0011 6.80287 20.1885 -16.095 -11.5259 30.4977 -14.7281 -28.508 22.7689 9.92425 -38.0419 20.2745 22.1753 -31.0278 4.37012 30.6932 -29.2274 -16.2505 31.0092 -14.3979 -29.1804 14.2373 3.50454 -21.942 -9.13387 1.46781 -16.2245 -4.12516 -4.05307 3.50377 -9.94187 -8.75037 21.1188 -24.7342 -9.8468 40.57 -34.2604 11.0726 40.6881 -29.5525 27.306 25.5857 -9.22368 39.0819 22.4826 -9.00261 26.9479 -1.39498 7.94022 15.1155 -5.14067 13.7435 -8.09769 5.54388 8.86039 -11.9521 -16.2232 21.0175 -21.5984 -37.2901 17.8543 0.332361 -47.8246 0 0 0 0 0 0 0 0 0 0 0 0 0 0 0 0 0 0 0 0 0 0 0 0 0 0
17.2051 22.5031 -40.0638 -2.81781 30.583 -25.4498 -4.23307 24.2701 0.869402 -11.579 7.66475 5.29312 -20.0042 6.80157 20.189 -16.0962 -11.5263 30.4992 -14.7259 -28.5084 22.7711 9.92926 -38.0323 20.2658 22.1684 -31.0178 4.35246 30.7221 -29.2679 -16.2575 31.1399 -14.4416 -29.1878 14.4018 3.51943 -22.0174 -9.00973 1.57181 -16.4381 -4.13542 -4.34814 3.20322 -10.0146 -8.75264 20.8704 -24.6022 -9.04376 40.4858 -35.8007 10.7509 38.663 -30.1201 27.7588 24.9214 -9.20107 38.582 22.7599 -8.78665 27.0831 -1.41641 8.03565 15.1019 -5.22654 13.735 -8.10567 5.52517 8.85454 -11.9986 -16.2356 21.0397 -21.6085 -37.3029 17.8424 0.323671 -47.824 0 0 0 0 0 0 0 0 0 0 0 0 0 0 0 0 0 0 0 0 0 0 0 0 0 0
17.2029 22.5107 -40.0687 -2.82131 30.5812 -25.4513 -4.22951 24.2671 0.867966 -11.577 7.66277 5.29303 -20.0068 6.80293 20.1864 -16.1013 -11.5221 30.5025 -14.7287 -28.5062 22.7793 9.92884 -38.0205 20.2611 22.1574 -31 4.34223 30.7075 -29.2525 -16.2695 31.1166 -14.4299 -29.2043 14.3639 3.52092 -22.0426 -9.04549 1.55655 -16.4603 -4.16689 -4.18315 3.23254 -10.0358 -8.35958 20.9569 -24.7324 -8.62736 40.4907 -36.223 10.961 38.3488 -30.3757 28.1492 24.9104 -9.29757 38.6577 22.7699 -8.94716 26.9966 -1.32887 7.93617 15.109 -5.16053 13.7463 -8.09595 5.53682 8.8604 -11.9645 -16.2271 21.0225 -21.6014 -37.2953 17.8515 0.330316 -47.8252 0 0 0 0 0 0 0 0 0 0 0 0 0 0 0 0 0 0 0 0 0 0 0 0 0 0
17.6542 22.8633 -41.0106 -2.93942 29.3607 -26.497 -3.74993 23.5896 -0.0409556 -11.4655 7.32674 4.92976 -19.4241 7.00423 20.0821 -16.109 -11.3932 30.4584 -14.7599 -28.381 22.7392 9.87831 -37.9647 20.2989 22.1602 -31.014 4.39064 30.7157 -29.2926 -16.221 31.1742 -14.47 -29.1541 14.4557 3.51953 -22.0096 -8.98346 1.62275 -16.5313 -4.20682 -4.46332 3.07888 -10.1246 -8.6222 20.791 -24.695 -8.56111 40.4174 -35.9728 11.139 38.1862 -29.794 28.3069 24.8754 -8.31519 37.5972 21.8414 -9.22807 25.1428 -1.79041 7.53854 13.3224 -6.24039 14.5567 -9.19291 5.07959 12.1596 -13.2647 -16.9179 27.1268 -19.8654 -36.8873 20.5578 0.713566 -47.9175 0 0 0 0 0 0 0 0 0 0 0 0 0 0 0 0 0 0 0 0 0 0 0 0 0 0
17.5881 24.3189 -42.4758 -3.2686 28.3128 -27.6577 -2.96806 22.7423 -1.17201 -11.2575 6.98297 4.37199 -18.6743 7.3031 19.7719 -16.0837 -11.1053 30.3073 -14.8016 -28.1465 22.6964 9.79944 -37.8374 20.3076 22.1309 -30.9696 4.40212 30.6642 -29.266 -16.2202 31.113 -14.453 -29.1646 14.3647 3.51961 -22.0476 -9.04687 1.57691 -16.4695 -4.1779 -4.24836 3.19508 -10.0318 -8.34339 20.943 -24.7507 -8.64329 40.4519 -36.2137 10.9616 38.3422 -30.289 28.2011 25.0111 -9.0731 38.1566 22.3735 -8.57001 24.6809 -0.629092 9.41452 15.0766 -4.93499 17.9995 -7.64822 4.44306 15.3423 -10.1466 -17.7007 29.2734 -17.758 -38.0022 23.1008 2.80487 -49.2787 0 0 0 0 0 0 0 0 0 0 0 0 0 0 0 0 0 0 0 0 0 0 0 0 0 0
17.5914 24.3244 -42.4599 -3.27163 28.3232 -27.652 -2.99287 22.7305 -1.17082 -11.2738 6.95906 4.35141 -18.5933 7.21914 19.7984 -16.4983 -11.4347 29.9863 -14.9465 -28.2965 22.047 9.74055 -37.8547 20.0964 22.2414 -31.0864 4.28217 30.7796 -29.2736 -16.3285 31.1544 -14.4202 -29.2285 14.3989 3.4991 -21.996 -9.01744 1.515 -16.4529 -4.16837 -4.25606 3.23243 -10.0463 -8.35912 20.9705 -24.779 -8.64318 40.4692 -36.2269 10.9691 38.346 -30.2888 28.1948 25.003 -9.07014 38.1473 22.376 -8.56373 24.6831 -0.633251 9.41908 15.075 -4.93792 18.0013 -7.64872 4.44536 15.339 -10.1533 -17.6971 29.2702 -17.7559 -38.0018 23.0954 2.81062 -49.2705 0 0 0 0 0 0 0 0 0 0 0 0 0 0 0 0 0 0 0 0 0 0 0 0 0 0
17.6576 24.3217 -42.444 -3.2231 28.4365 -27.6934 -3.06279 22.8012 -1.22056 -11.4232 7.05269 4.24607 -18.2807 7.1175 19.8963 -16.0513 -11.7126 29.7155 -14.6837 -28.4333 21.4599 9.74544 -38.6911 20.2107 22.9279 -32.1817 4.87246 32.4001 -30.7501 -15.3273 34.7552 -15.7853 -27.7163 18.1875 2.75559 -21.9406 -5.55812 1.6248 -18.2588 -2.47769 -1.96356 2.07947 -8.82762 -7.62984 19.122 -23.7367 -9.11975 38.3909 -35.7393 10.1965 36.8967 -29.9722 28.2434 24.6868 -8.73421 38.1899 22.2009 -8.17447 24.9052 -0.910228 9.71206 15.0756 -5.1065 17.9999 -7.70169 4.405 15.339 -10.2861 -17.7283 29.3327 -17.7649 -38.0355 23.0388 2.78272 -49.272 0 0 0 0 0 0 0 0 0 0 0 0 0 0 0 0 0 0 0 0 0 0 0 0 0 0
17.7104 24.3276 -42.4411 -3.18125 28.5356 -27.7328 -3.1106 22.8694 -1.26634 -11.5751 7.16449 4.16414 -18.004 7.06403 19.9875 -15.7634 -11.9436 29.4474 -14.3715 -28.5 20.8783 9.59834 -39.695 21.2066 23.6266 -34.4897 6.20667 33.7639 -34.2041 -13.6703 35.1903 -20.6234 -27.5129 20.2003 -0.837345 -21.9136 -3.56022 0.110003 -19.0405 -1.23411 -1.65531 1.53945 -7.73446 -6.87725 18.6604 -23.369 -9.48442 37.1587 -35.4398 9.81688 36.2596 -29.786 28.2114 24.5406 -8.56377 38.2049 22.1103 -7.96827 25.0221 -1.05791 9.86679 15.0756 -5.19501 17.9979 -7.72857 4.3856 15.3376 -10.3563 -17.7427 29.3648 -17.7667 -38.0517 22.9995 2.76725 -49.2728 0 0 0 0 0 0 0 0 0 0 0 0 0 0 0 0 0 0 0 0 0 0 0 0 0 0
17.7536 24.346 -42.4415 -3.14646 28.6288 -27.7669 -3.15318 22.9225 -1.30915 -11.7309 7.26703 4.08494 -17.7256 6.98905 20.068 -15.459 -12.1858 29.1693 -14.008 -28.5703 20.2926 9.58229 -40.4081 21.6273 24.1168 -36.1223 6.85887 33.8245 -34.2766 -13.0828 36.5646 -19.4109 -25.0243 22.8024 0.388196 -17.2771 -0.764358 3.46685 -16.1025 -1.11803 -3.15214 2.72031 -8.32254 -7.0822 19.8415 -24.885 -9.44446 37.5024 -36.0097 10.39 36.6625 -29.9157 28.2742 24.4173 -8.57839 38.0658 22.2034 -7.95193 25.0345 -1.04883 9.86995 15.0717 -5.2033 18.0001 -7.72844 4.38766 15.3343 -10.3677 -17.7385 29.365 -17.7601 -38.0518 22.9736 2.7677 -49.2692 0 0 0 0 0 0 0 0 0 0 0 0 0 0 0 0 0 0 0 0 0 0 0 0 0 0
17.6713 24.2985 -42.4908 -3.18987 28.4422 -27.7223 -2.99172 22.8776 -1.23625 -11.4817 7.22529 4.30133 -18.4102 7.40866 19.8632 -16.4986 -11.3941 29.7415 -15.2127 -28.1279 21.5527 7.81292 -40.6333 24.478 22.6259 -38.507 9.67801 32.3324 -37.5824 -10.3069 37.3202 -23.1496 -21.8173 24.0776 -2.49145 -15.9094 0.642894 1.41168 -15.7916 -0.637666 -4.3659 3.2244 -8.42626 -6.91684 20.2851 -25.58 -9.41735 37.3306 -36.2416 10.6707 36.7668 -29.9987 28.4326 24.4208 -8.5992 38.0908 22.2269 -8.00903 25.0096 -0.998191 9.82305 15.0769 -5.18079 17.9943 -7.72288 4.37575 15.3505 -10.3284 -17.7571 29.3745 -17.7771 -38.0542 23.0324 2.74976 -49.3011 0 0 0 0 0 0 0 0 0 0 0 0 0 0 0 0 0 0 0 0 0 0 0 0 0 0
17.7239 24.2647 -42.4265 -3.164 28.4399 -27.7049 -3.02458 22.9016 -1.21308 -11.4912 7.23401 4.31678 -18.4177 7.39855 19.8798 -16.4945 -11.4126 29.7397 -15.2013 -28.1379 21.5346 7.81027 -40.6608 24.4947 22.6386 -38.5641 9.70588 32.3515 -37.5999 -10.274 37.2998 -23.1464 -21.7752 24.0422 -2.51245 -15.8169 0.619955 1.45691 -15.9425 -0.849464 -4.16732 3.1042 -8.57071 -6.09601 20.2652 -25.4443 -9.3953 37.4325 -36.7378 10.3342 37.282 -30.704 28.7504 25.8826 -9.21358 37.8213 22.6457 -9.18504 22.9937 0.594245 8.9878 14.2484 -4.4236 18.8237 -8.13003 4.34089 15.7968 -10.3823 -17.7755 29.3423 -17.8712 -38.3726 22.9348 2.74031 -49.4237 0 0 0 0 0 0 0 0 0 0 0 0 0 0 0 0 0 0 0 0 0 0 0 0 0 0
17.7712 24.4925 -41.6807 -3.48966 28.7897 -27.5576 -3.90484 23.9337 -0.949844 -10.9477 7.70593 4.74456 -18.4815 7.52729 20.0037 -16.4579 -11.3249 29.7635 -15.1825 -28.0091 21.4731 7.77754 -40.6197 24.4592 22.6328 -38.5747 9.69041 32.3688 -37.6028 -10.2779 37.3073 -23.146 -21.7792 24.0463 -2.51701 -15.8112 0.623603 1.44959 -15.9379 -0.846133 -4.17591 3.10845 -8.57031 -6.11114 20.2674 -25.4502 -9.39393 37.4317 -36.7315 10.3424 37.2713 -30.6798 28.7531 25.8723 -9.1778 37.7882 22.613 -9.1781 22.9246 0.585795 8.98868 14.1729 -4.44276 18.9063 -8.11497 4.45726 15.6545 -10.5998 -17.5997 29.1466 -17.7653 -38.3433 22.7567 3.03741 -49.0328 0 0 0 0 0 0 0 0 0 0 0 0 0 0 0 0 0 0 0 0 0 0 0 0 0 0
17.6318 24.6885 -41.8787 -3.57377 28.8056 -27.6215 -3.80336 23.8712 -1.0267 -10.9405 7.68946 4.68027 -18.4105 7.54881 19.971 -16.436 -11.3114 29.7252 -15.1622 -27.9927 21.4287 7.76327 -40.6482 24.4886 22.6488 -38.6769 9.74038 32.3981 -37.6282 -10.2173 37.265 -23.1314 -21.6985 23.9571 -2.55566 -15.6525 0.556111 1.4917 -16.1458 -1.18138 -3.82809 2.96134 -8.83382 -4.96678 20.2047 -25.0135 -9.16579 37.7944 -37.809 9.5318 37.4841 -32.0965 29.2441 28.8241 -11.326 37.8233 22.5296 -13.7136 21.4667 1.96722 3.75117 13.0775 -5.19718 17.4514 -6.23726 4.29316 14.6998 -10.0801 -17.5882 28.8797 -17.5253 -37.7447 23.0262 3.21021 -48.8427 0 0 0 0 0 0 0 0 0 0 0 0 0 0 0 0 0 0 0 0 0 0 0 0 0 0
17.2769 25.5457 -38.8068 -5.10754 30.4324 -27.1319 -7.93704 27.5212 -0.592408 -9.63566 11.5315 6.78338 -19.4458 8.44247 19.5654 -15.5886 -10.1185 29.1413 -14.9807 -26.9425 21.0927 7.47136 -40.3744 24.2164 22.5529 -38.7327 9.6338 32.516 -37.6437 -10.2144 37.3032 -23.138 -21.7176 23.9816 -2.58838 -15.6136 0.580088 1.45394 -16.1214 -1.16966 -3.87598 2.9818 -8.83801 -5.03189 20.2169 -25.0578 -9.18084 37.7814 -37.7708 9.57274 37.4775 -32.0088 29.2363 28.7406 -11.2198 37.73 22.3921 -13.6679 21.2875 1.90585 3.76446 12.7939 -5.21315 17.6792 -6.16591 4.65681 14.3008 -10.8778 -16.9369 28.0692 -16.859 -37.7851 21.9898 4.52363 -47.2814 0 0 0 0 0 0 0 0 0 0 0 0 0 0 0 0 0 0 0 0 0 0 0 0 0 0
17.5005 25.0527 -38.4487 -4.89699 30.4418 -27.0366 -8.11161 27.5714 -0.539362 -9.67202 11.5824 6.86706 -19.5036 8.41854 19.614 -15.5855 -10.145 29.16 -14.973 -26.9601 21.0932 7.47583 -40.3971 24.2183 22.5599 -38.7564 9.63822 32.5232 -37.6388 -10.2082 37.2693 -23.1197 -21.7114 23.939 -2.58892 -15.5631 0.533235 1.43328 -16.0305 -1.17767 -3.89046 3.0779 -8.89831 -5.19547 20.2782 -25.0667 -9.7644 37.7806 -38.0002 8.83668 37.7173 -32.9336 28.3563 28.3073 -13.0693 36.3273 19.4226 -14.2945 16.0033 3.93254 2.82596 9.06689 -4.99466 19.8867 -7.24818 3.65893 15.8667 -12.5331 -17.6718 28.9033 -17.1522 -39.2537 21.5284 4.21702 -47.6456 0 0 0 0 0 0 0 0 0 0 0 0 0 0 0 0 0 0 0 0 0 0 0 0 0 0
18.9476 25.9642 -38.4601 -4.16265 28.6364 -27.9223 -7.92963 26.9727 -1.42786 -9.15629 11.3532 6.73585 -19.1032 8.52859 19.468 -15.7306 -10.0814 29.115 -15.0318 -26.8978 21.0585 7.44377 -40.2648 24.2871 22.5192 -38.718 9.68824 32.4618 -37.634 -10.1704 37.2464 -23.1308 -21.6776 23.9266 -2.57977 -15.5746 0.522414 1.45128 -16.0446 -1.19122 -3.86293 3.06619 -8.90561 -5.14403 20.2711 -25.0427 -9.75113 37.7922 -38.0371 8.80733 37.7254 -32.9966 28.3685 28.3885 -13.1504 36.3889 19.5079 -14.2252 15.9626 4.14328 2.8442 9.39945 -5.14164 19.8439 -7.3753 2.65628 16.2155 -11.1918 -18.9989 29.458 -16.4168 -40.3041 25.6305 5.94427 -47.5008 0 0 0 0 0 0 0 0 0 0 0 0 0 0 0 0 0 0 0 0 0 0 0 0 0 0
18.9798 25.9122 -38.4155 -4.14223 28.6206 -27.913 -7.95067 26.9723 -1.42357 -9.16151 11.3576 6.75149 -19.1237 8.52529 19.4699 -15.7379 -10.074 29.133 -15.0483 -26.8991 21.0939 7.45675 -40.2332 24.2515 22.5105 -38.6111 9.63855 32.454 -37.6773 -10.2267 37.4885 -23.2481 -21.7173 24.2156 -2.59295 -15.8763 0.834142 1.53374 -16.5493 -1.02967 -3.55346 2.60717 -8.88029 -4.63435 19.7623 -25.3852 -8.26292 37.1385 -35.87 11.541 38.3887 -34.5867 28.9155 25.6823 -17.1225 37.2067 13.5562 -14.6415 14.7711 3.61199 3.02514 9.21366 -5.10362 20.1086 -7.52662 2.58318 16.3791 -11.3227 -19.0582 29.528 -16.4506 -40.4443 25.598 5.91831 -47.5599 0 0 0 0 0 0 0 0 0 0 0 0 0 0 0 0 0 0 0 0 0 0 0 0 0 0
18.5423 26.532 -38.9828 -4.37588 28.9126 -27.9846 -7.6173 26.9838 -1.4463 -9.14115 11.3023 6.53775 -18.9768 8.56944 19.3743 -15.6691 -10.0665 28.993 -14.9359 -26.8632 20.8987 7.42398 -40.3476 24.404 22.5454 -39.1561 9.82616 32.5652 -37.6865 -9.9607 37.0798 -23 -21.3254 23.5374 -2.7066 -14.9089 0.235027 1.55057 -16.4297 -2.15838 -2.36004 2.89917 -10.541 -2.54615 19.8004 -26.7661 -6.79483 37.2854 -39.3675 11.5366 37.0669 -38.7395 28.9069 24.3224 -21.839 37.3623 11.5588 -16.5551 14.6127 4.92318 1.40035 10.1224 -3.74698 19.0133 -6.25998 3.45928 15.293 -9.63302 -18.2494 28.1233 -16.0651 -39.4325 25.8859 6.33768 -46.9509 0 0 0 0 0 0 0 0 0 0 0 0 0 0 0 0 0 0 0 0 0 0 0 0 0 0
19.8793 27.1695 -38.0201 -2.27527 31.7279 -26.4192 -6.08203 27.4627 -0.345679 -9.53225 11.5237 5.92365 -19.2261 8.61695 18.8276 -15.2843 -9.78364 28.6332 -14.8643 -26.7452 20.8829 7.39802 -40.407 24.3149 22.5571 -39.1898 9.77843 32.6282 -37.6913 -9.98011 37.0979 -22.9953 -21.3501 23.5467 -2.7205 -14.8937 0.244799 1.53619 -16.4223 -2.1554 -2.37726 2.90518 -10.5399 -2.55798 19.8055 -26.7716 -6.79233 37.2879 -39.3678 11.5426 37.0552 -38.7201 28.9131 24.312 -21.812 37.3469 11.5442 -16.5693 14.5919 4.89442 1.40043 10.0643 -3.72636 19.0441 -6.21606 3.632 15.1533 -9.96337 -17.9811 27.9455 -15.6839 -39.3772 24.7325 6.66094 -46.6423 0 0 0 0 0 0 0 0 0 0 0 0 0 0 0 0 0 0 0 0 0 0 0 0 0 0
19.7957 27.7726 -38.464 -2.37198 31.6098 -26.6535 -5.76839 27.3184 -0.530874 -9.45289 11.4374 5.7477 -19.0849 8.68718 18.7307 -15.2728 -9.71498 28.5834 -14.8667 -26.6878 20.8572 7.37941 -40.3683 24.3198 22.5446 -39.1927 9.78636 32.6233 -37.6933 -9.96818 37.0958 -22.997 -21.3368 23.5412 -2.72311 -14.8847 0.24285 1.54183 -16.4443 -2.17811 -2.33292 2.88834 -10.5771 -2.47284 19.7818 -26.8101 -6.69044 37.267 -39.3912 11.6548 37.0323 -38.5552 29.1449 24.4682 -21.4786 37.6633 11.9887 -18.0825 15.5935 2.96749 -0.0274147 8.93708 -3.03625 12.0975 -11.2936 1.37341 13.0163 -9.55085 -19.5719 27.7571 -15.1066 -39.5779 25.4085 7.34848 -46.7812 0 0 0 0 0 0 0 0 0 0 0 0 0 0 0 0 0 0 0 0 0 0 0 0 0 0
18.3612 29.6231 -39.4845 -3.28565 32.3454 -26.5662 -5.26009 27.2653 -0.489559 -9.45927 11.4175 5.51679 -19.025 8.75589 18.5664 -15.202 -9.60569 28.49 -14.8642 -26.6161 20.8444 7.35927 -40.3355 24.2981 22.5318 -39.1652 9.77184 32.6206 -37.6851 -9.979 37.0946 -23.0003 -21.3618 23.556 -2.71341 -14.9172 0.246705 1.5266 -16.374 -2.10445 -2.46801 2.9424 -10.4598 -2.74702 19.8551 -26.8359 -6.71004 37.2637 -39.3029 11.7058 36.7786 -38.1636 29.1552 24.1854 -20.9257 37.3859 11.739 -18.0985 15.3467 2.47148 -0.22838 8.30419 -3.62844 11.9329 -11.7273 1.47635 15.2986 -9.04025 -18.9413 32.9571 -10.5074 -36.3293 26.1546 9.39639 -45.7149 0 0 0 0 0 0 0 0 0 0 0 0 0 0 0 0 0 0 0 0 0 0 0 0 0 0
19.3424 30.1864 -39.9992 -2.13389 34.8447 -27.5098 -6.17677 27.879 -2.28542 -11.5667 11.9759 2.02973 -18.6082 7.74559 15.8834 -10.945 -9.70124 24.1846 -13.5497 -27.0918 20.9444 7.09468 -43.0109 21.9211 23.0685 -40.5744 8.58616 34.3318 -37.8917 -10.2931 37.3964 -23.0935 -21.9034 23.7707 -3.27611 -14.3798 0.547221 1.26163 -16.1914 -2.17213 -2.82175 3.05415 -10.6154 -2.78507 19.9221 -26.973 -6.6361 37.3728 -39.4121 11.7963 36.8138 -38.2252 29.2082 24.1735 -20.9417 37.4002 11.765 -18.1318 15.3504 2.5175 -0.269429 8.29305 -3.58811 11.9122 -11.7114 1.57319 15.212 -9.12128 -18.8674 32.9122 -10.232 -36.2358 25.5412 9.36713 -45.8074 0 0 0 0 0 0 0 0 0 0 0 0 0 0 0 0 0 0 0 0 0 0 0 0 0 0
18.9987 32.4462 -39.649 -0.320426 39.6972 -25.5384 -6.13397 30.3727 -1.66664 -10.6577 13.9549 0.842797 -18.6177 8.15975 13.3911 -10.0723 -8.7273 21.9169 -13.3317 -26.1305 20.8168 6.86866 -42.5913 21.8449 22.941 -40.5719 8.56573 34.3347 -37.8847 -10.2339 37.3861 -23.1123 -21.8804 23.7708 -3.27747 -14.384 0.547132 1.26259 -16.1865 -2.16705 -2.83101 3.05755 -10.6065 -2.80454 19.9275 -26.9742 -6.63835 37.3724 -39.4059 11.7985 36.7957 -38.1969 29.2085 24.1549 -20.9043 37.3759 11.7429 -18.1266 15.3217 2.49609 -0.261529 8.2093 -3.53659 11.9984 -11.6576 1.94781 14.831 -9.70001 -18.6174 32.1534 -8.12701 -36.1183 22.7638 10.9896 -44.5336 0 0 0 0 0 0 0 0 0 0 0 0 0 0 0 0 0 0 0 0 0 0 0 0 0 0
19.0185 32.4193 -39.6009 -0.298688 39.7133 -25.51 -6.16654 30.3902 -1.65098 -10.6581 13.963 0.854857 -18.6465 8.15705 13.38 -10.0963 -8.71112 21.9382 -13.3478 -26.1176 20.868 6.87191 -42.561 21.7803 22.9477 -40.4215 8.52469 34.3649 -37.9425 -10.2881 37.5934 -23.2518 -21.9883 24.0557 -3.29161 -14.6907 0.851169 1.32356 -16.5465 -1.91804 -2.74829 2.69421 -10.441 -2.76359 19.5218 -27.171 -5.93745 36.7363 -38.5787 13.1157 36.2919 -38.8285 29.2088 22.1756 -25.6108 33.636 5.53247 -18.6204 12.2583 3.43662 -0.404551 6.58615 -2.87789 13.1597 -12.5363 1.87999 15.4716 -9.90038 -18.6567 32.3249 -8.14218 -36.5807 22.6347 10.9733 -44.6374 0 0 0 0 0 0 0 0 0 0 0 0 0 0 0 0 0 0 0 0 0 0 0 0 0 0
19.0052 32.4118 -39.5614 -0.314201 39.6894 -25.4651 -6.20039 30.3205 -1.62858 -10.6273 13.8722 0.852222 -18.6452 8.02542 13.3393 -10.0068 -8.74973 21.9898 -13.2735 -26.1644 21.1483 6.93128 -42.6108 22.2845 22.2131 -41.7185 8.09528 34.3535 -37.2203 -9.71447 36.1791 -22.1475 -21.1346 22.1377 -3.12341 -12.582 -1.24501 0.603361 -13.5774 -3.10187 -3.16883 5.80898 -11.3013 -4.56674 22.6792 -27.5315 -5.6984 40.4794 -38.9493 13.1362 38.245 -39.6795 27.4149 22.5051 -25.3482 32.9888 7.33542 -18.6846 11.8168 3.52506 -0.417952 6.34339 -2.81459 13.3263 -12.6689 1.86244 15.567 -9.95966 -18.6724 32.3578 -8.14219 -36.6488 22.612 10.9735 -44.6371 0 0 0 0 0 0 0 0 0 0 0 0 0 0 0 0 0 0 0 0 0 0 0 0 0 0
