# num_vectors 31
# vector_size 401
-14.966 -19.8512 -16.5138 -11.2155 -20.8945 -17.1672 -7.3417 -21.3644 -17.7639 -3.4264 -21.2928 -18.2618 0.462475 -20.7149 -18.6159 4.28515 -19.664 -18.7801 7.96803 -18.1892 -18.7056 11.4636 -16.346 -18.3484 14.7296 -14.1975 -17.6688 17.7291 -11.8111 -16.6319 20.4226 -9.26261 -15.2114 22.7727 -6.63033 -13.3904 24.7417 -3.99659 -11.1648 26.2889 -1.45545 -8.55508 27.3895 0.913391 -5.58195 28.0187 3.01773 -2.28983 28.1618 4.76156 1.25992 27.8204 6.03913 4.96411 27.0099 6.76479 8.74382 25.7632 6.84814 12.4732 24.1384 6.21929 15.9994 22.2158 4.88973 19.1338 20.0559 2.97277 21.7698 17.7257 0.599599 23.8257 15.2849 -2.09794 25.259 12.7655 -5.01925 26.0612 10.2303 -8.03081 26.2289 7.71546 -11.0319 25.7889 5.24905 -13.9344 24.7804 2.83542 -16.6774 23.2419 0.499508 -19.175 21.2361 -1.75865 -21.3686 18.8266 -3.94715 -23.2076 16.0796 -6.08287 -24.6486 13.0569 -8.17659 -25.6441 9.83199 -10.2404 -26.1509 6.47663 -12.2801 -26.128 3.06878 -14.2884 -25.5426 -0.295761 -16.2601 -24.3759 -3.52787 -18.1807 -22.6313 -6.52182 -20.0366 -20.3424 -9.16981 -21.8105 -17.5925 -11.3577 -23.5175 -14.4575 -13.0169 -25.1696 -11.0453 -14.0764 -26.7825 -7.47742 -14.4827 -28.1649 -3.84723 -14.1086 -29.131 -0.267247 -12.8923 -29.6369 3.09288 -10.9731 -29.685 6.11871 -8.50896 -29.2926 8.76259 -5.62524 -28.4866 10.9666 -2.47052 -27.2949 12.7164 0.842851 -25.7429 14.0093 4.21618 -23.84 14.858 7.58356 -21.6205 15.2721 10.8367 -19.1096 15.2855 13.8986 -16.3328 14.9448 16.7012 -13.3064 14.3037 19.1915 -10.0636 13.4246 21.3088 -6.63161 12.3713 23.0067 -3.04185 11.2072 24.2438 0.66167 9.99692 24.9819 4.43706 8.80187 25.1921 8.22766 7.68795 24.8511 11.967 6.72592 23.9468 15.5546 5.99673 22.4923 18.9284 5.57351 20.5032 21.9884 5.53693 18.0226 24.623 5.95965 15.1246 26.6914 6.87383 11.9484 28.1381 8.20613 8.58168 28.9217 9.85474 5.13631 29.0336 11.7167 1.71237 28.4858 13.709 -1.62437 27.3134 15.7328 -4.7762 25.5688 17.7127 -7.68128 23.3139 19.5844 -10.2918 20.5946 21.3043 -12.59 17.4984 22.8081 -14.5355 14.0973 24.0519 -16.123 10.4624 24.9968 -17.3595 6.64618 25.6108 -18.2651 2.72882 25.8597 -18.8594 -1.22629 25.7181 -19.1726 -5.15695 25.1643 -19.2371 -8.99879 24.1806 -19.0857 -12.6868 22.7538 -18.7495 -16.1496 20.878 -18.2577 -19.3101 18.559 -17.6393 -22.0816 15.8266 -16.9288 -24.3992 12.7129 -16.1639 -26.1978 9.27374 -15.3967 -27.4283 5.58013 -14.6934 -28.0585 1.73854 -14.1376 -28.0864 -2.18039 -13.8133 -27.5187 -6.0716 -13.8119 -26.2876 -9.79327 -14.1236 -24.2968 -13.1448 -14.6113 -21.6367 -15.9754 -15.1992 -18.4757 -18.2168 -15.8463 -1.30808 -1.30812 -1.30825 -1.30827 -1.3081 -1.30778 -1.30737 -1.30696 -1.30658 -1.30619 -1.30569 -1.30495 -1.30388 -1.30253 -1.3011 -1.29994 -1.29932 -1.29927 -1.29946 -1.29927 -1.29841 -1.29728 -1.29641 -1.29606 -1.29621 -1.29665 -1.29709 -1.29733 -1.29732 -1.29715 -1.29692 -1.29672 -1.29654 -1.29636 -1.29618 -1.29612 -1.29635 -1.29696 -1.29779 -1.29841 -1.29825 -1.29711 -1.29541 -1.29428 -1.29393 -1.29376 -1.29333 -1.29259 -1.29161 -1.2905 -1.28943 -1.28852 -1.2878 -1.28727 -1.28688 -1.28659 -1.28635 -1.28615 -1.28592 -1.28556 -1.28495 -1.28409 -1.2831 -1.28231 -1.28206 -1.28251 -1.28341 -1.28413 -1.28397 -1.28317 -1.28257 -1.28268 -1.28358 -1.285 -1.2865 -1.28774 -1.28862 -1.28919 -1.28962 -1.29008 -1.29064 -1.29129 -1.29193 -1.29248 -1.29289 -1.29325 -1.2938 -1.29481 -1.29642 -1.29842 -1.30021 -1.30106 -1.30057 -1.29911 -1.29788 -1.29777 -1.29805 -1.29769 -1.29692 -1.2963 -0.271635
-13.0776 -20.3516 -17.7225 -9.27339 -21.1281 -18.4342 -5.37159 -21.2924 -19.0105 -1.46497 -20.8912 -19.4105 2.37172 -19.9816 -19.5986 6.09789 -18.619 -19.5433 9.64606 -16.8734 -19.215 12.9783 -14.8123 -18.5885 16.063 -12.5036 -17.6405 18.8741 -10.014 -16.3494 21.3826 -7.41623 -14.698 23.5614 -4.78512 -12.6737 25.3827 -2.20093 -10.2713 26.8137 0.241791 -7.5059 27.8332 2.4592 -4.39044 28.416 4.35284 -0.964554 28.5435 5.82161 2.70813 28.2121 6.76297 6.51256 27.4336 7.10161 10.353 26.2392 6.77237 14.0859 24.6835 5.74311 17.5485 22.8382 4.0902 20.5735 20.7612 1.91112 23.0688 18.52 -0.67651 24.9581 16.1771 -3.54938 26.2014 13.7679 -6.61073 26.7923 11.3544 -9.72465 26.7361 8.96874 -12.7887 26.0691 6.63209 -15.7139 24.841 4.34205 -18.4398 23.0969 2.11644 -20.882 20.906 -0.0475654 -22.9846 18.3344 -2.15754 -24.7002 15.4496 -4.22744 -25.9902 12.3149 -6.26512 -26.8166 9.00741 -8.28217 -27.151 5.60236 -10.2888 -26.9715 2.17957 -12.2878 -26.2665 -1.16757 -14.2876 -25.0322 -4.35701 -16.287 -23.2769 -7.29261 -18.2783 -21.0254 -9.87339 -20.2343 -18.34 -11.9848 -22.1458 -15.2736 -13.5465 -23.9833 -11.917 -14.4694 -25.7108 -8.38614 -14.681 -27.2105 -4.82586 -14.1292 -28.3585 -1.33512 -12.8156 -29.0876 1.94507 -10.8311 -29.3663 4.89996 -8.29715 -29.1835 7.46617 -5.32377 -28.5465 9.57175 -2.06489 -27.4791 11.1988 1.35181 -26.0127 12.3537 4.81237 -24.167 13.0648 8.24288 -21.9856 13.361 11.5345 -19.5008 13.2893 14.6167 -16.7416 12.9017 17.4307 -13.7261 12.2515 19.9318 -10.4878 11.3973 22.0662 -7.05336 10.3986 23.7919 -3.45233 9.31679 25.0704 0.274085 8.21728 25.8645 4.08705 7.16422 26.1443 7.93114 6.22563 25.8838 11.7375 5.4708 25.0665 15.3986 4.97086 23.701 18.8441 4.78363 21.8007 21.9673 4.96481 19.4066 24.6552 5.55699 16.5884 26.7784 6.57147 13.4795 28.2755 7.99078 10.1709 29.0993 9.72891 6.7794 29.2362 11.6917 3.41316 28.6952 13.7973 0.145642 27.5117 15.9397 -2.92257 25.7409 18.0319 -5.73147 23.4492 19.9971 -8.23926 20.6871 21.7809 -10.4354 17.5466 23.3102 -12.2878 14.1039 24.537 -13.7968 10.4337 25.4221 -14.9718 6.59235 25.9353 -15.833 2.66444 26.0469 -16.3986 -1.28226 25.7378 -16.6973 -5.18156 24.9946 -16.7616 -8.9669 23.8099 -16.6275 -12.5743 22.1818 -16.3342 -15.9381 20.1159 -15.9236 -18.9909 17.6268 -15.4401 -21.6576 14.7488 -14.9321 -23.8812 11.5129 -14.4466 -25.5968 7.97211 -14.033 -26.7445 4.19735 -13.7406 -27.2724 0.302492 -13.617 -27.1536 -3.62721 -13.7023 -26.373 -7.46724 -14.0316 -24.887 -11.0656 -14.5857 -22.6954 -14.2475 -15.2972 -19.9081 -16.8975 -16.0988 -16.6578 -18.9429 -16.9272 1.04255 1.04512 1.04583 1.0453 1.04408 1.04264 1.04131 1.04027 1.03957 1.03914 1.03875 1.03803 1.03645 1.03343 1.02841 1.02099 1.01114 0.999184 0.985825 0.972212 0.959843 0.949552 0.940841 0.933215 0.926271 0.919818 0.913861 0.908492 0.903816 0.899919 0.896791 0.894306 0.892263 0.890459 0.888791 0.887363 0.886543 0.886948 0.889298 0.894169 0.901642 0.911078 0.92107 0.929444 0.938595 0.95078 0.963695 0.976171 0.987607 0.9977 1.00635 1.01361 1.01952 1.02412 1.02743 1.02952 1.03048 1.03041 1.02936 1.0273 1.02407 1.01945 1.01316 1.00504 0.995222 0.984197 0.97282 0.96236 0.954021 0.947621 0.941973 0.936485 0.930794 0.924877 0.919007 0.913591 0.909031 0.905653 0.903621 0.90291 0.903367 0.90476 0.906828 0.909346 0.912184 0.915381 0.919209 0.924177 0.930949 0.940177 0.952223 0.966833 0.982839 0.998174 1.01001 1.01899 1.02874 1.03912 1.04853 1.05588 -0.263619
-10.6716 -21.8913 -19.0426 -6.78021 -22.4283 -19.4302 -2.84054 -22.3531 -19.668 1.05522 -21.7187 -19.7255 4.83435 -20.5881 -19.5754 8.45847 -19.019 -19.1904 11.8633 -17.0859 -18.5467 15.0136 -14.858 -17.6214 17.8801 -12.4046 -16.393 20.4376 -9.79395 -14.8403 22.6583 -7.10048 -12.9479 24.516 -4.40122 -10.7049 25.984 -1.77907 -8.10946 27.0332 0.66868 -5.18207 27.6456 2.85599 -1.94126 27.8033 4.68315 1.56571 27.498 6.0497 5.26726 26.7423 6.85736 9.04169 25.5614 7.03654 12.7891 24.0042 6.53129 16.3653 22.1449 5.31953 19.6124 20.0758 3.47913 22.3729 17.8618 1.11559 24.5638 15.5732 -1.64582 26.1212 13.2701 -4.67606 27.0166 10.9827 -7.87566 27.2517 8.76318 -11.1055 26.8431 6.63255 -14.2625 25.8341 4.59984 -17.2582 24.2789 2.65265 -20.0336 22.2241 0.794813 -22.5052 19.7426 -0.988355 -24.6185 16.9017 -2.71579 -26.3278 13.7692 -4.41172 -27.5958 10.4091 -6.09523 -28.3862 6.89972 -7.78795 -28.6725 3.31818 -9.5095 -28.4353 -0.253149 -11.2716 -27.6665 -3.71725 -13.0895 -26.3667 -6.98852 -14.9677 -24.5507 -9.96683 -16.9026 -22.2508 -12.548 -18.8685 -19.5392 -14.6163 -20.8549 -16.4784 -16.093 -22.8292 -13.1685 -16.894 -24.7331 -9.72348 -16.9485 -26.4051 -6.27922 -16.1932 -27.7201 -2.95489 -14.6284 -28.6074 0.103935 -12.3732 -29.0285 2.78942 -9.5731 -28.9702 5.04947 -6.35617 -28.4386 6.83214 -2.89222 -27.4583 8.13886 0.68435 -26.0616 8.99444 4.25886 -24.2692 9.4414 7.76143 -22.1235 9.52388 11.0886 -19.6559 9.29909 14.1773 -16.8944 8.8268 16.976 -13.856 8.16584 19.4464 -10.5741 7.3794 21.5399 -7.07683 6.53031 23.2189 -3.39673 5.68232 24.4476 0.419361 4.90157 25.1917 4.3246 4.25252 25.4235 8.2527 3.80094 25.1203 12.1214 3.61073 24.2702 15.8083 3.73886 22.8885 19.2285 4.23166 20.9972 22.2624 5.12376 18.6482 24.7883 6.43068 15.9225 26.6894 8.0942 12.9525 27.935 10.0389 9.81092 28.498 12.1715 6.59577 28.3798 14.3989 3.39769 27.5993 16.6464 0.276345 26.201 18.8165 -2.67994 24.2448 20.8358 -5.41834 21.7991 22.6413 -7.90057 18.9142 24.1906 -10.1166 15.6834 25.4251 -12.0327 12.1827 26.3091 -13.6446 8.48703 26.8148 -14.9564 4.65341 26.9205 -15.9825 0.767737 26.6083 -16.7342 -3.10072 25.8688 -17.2334 -6.88434 24.6981 -17.5066 -10.5157 23.0987 -17.5839 -13.9307 21.0786 -17.4993 -17.0648 18.6528 -17.2898 -19.8538 15.845 -16.9953 -22.2283 12.6983 -16.6597 -24.1367 9.24892 -16.3265 -25.5221 5.5542 -16.0418 -26.3334 1.68672 -15.8519 -26.5295 -2.24048 -15.8019 -26.0903 -6.14614 -15.9315 -25.0079 -9.91087 -16.2764 -23.2499 -13.3917 -16.7829 -20.8155 -16.4195 -17.3663 -17.8138 -18.8812 -17.9692 -14.386 -20.7129 -18.5429 0.0818836 0.0733009 0.0640447 0.0549485 0.0466966 0.039833 0.0347281 0.0315587 0.0303415 0.0309644 0.0331597 0.0365151 0.040479 0.0444387 0.0478306 0.0502442 0.0515301 0.0518203 0.0514928 0.0510552 0.049667 0.0462267 0.0403191 0.0318022 0.0207649 0.00755431 -0.00725876 -0.0230743 -0.0393804 -0.0557188 -0.0717491 -0.0873429 -0.102504 -0.117249 -0.131451 -0.1447 -0.156209 -0.164839 -0.169325 -0.168567 -0.162099 -0.150373 -0.134758 -0.117647 -0.0951893 -0.0656721 -0.0345037 -0.00404741 0.0242477 0.0495668 0.0715394 0.0901246 0.105377 0.117274 0.125772 0.13091 0.132736 0.131249 0.126359 0.117842 0.105333 0.088386 0.0665617 0.0396537 0.00796634 -0.0276417 -0.065762 -0.104165 -0.139681 -0.16985 -0.194533 -0.2141 -0.22902 -0.239602 -0.246037 -0.248508 -0.247218 -0.242433 -0.234578 -0.22419 -0.211838 -0.198133 -0.183682 -0.168972 -0.154356 -0.139973 -0.125726 -0.111311 -0.0963342 -0.0804452 -0.063605 -0.0463529 -0.0300473 -0.0167594 -0.00919495 -0.00529534 -0.00211105 -0.00120643 -0.0031927 -0.00794697 -0.378708
-9.89346 -22.2644 -19.6614 -5.96718 -22.6562 -19.773 -2.02751 -22.4162 -19.7049 1.82616 -21.6041 -19.4361 5.51647 -20.29 -18.9485 9.00216 -18.5391 -18.2215 12.2196 -16.4344 -17.2406 15.136 -14.0521 -15.9902 17.7257 -11.4674 -14.4548 19.9687 -8.75336 -12.6189 21.8432 -5.98808 -10.4725 23.3299 -3.251 -8.00951 24.4094 -0.626327 -5.23235 25.0622 1.78858 -2.16574 25.2774 3.9085 1.16921 25.0459 5.63549 4.72253 24.3689 6.8719 8.42051 23.2704 7.52449 12.1403 21.7826 7.52838 15.7812 19.9639 6.83489 19.199 17.8972 5.43145 22.2367 15.6864 3.40711 24.7473 13.4028 0.87437 26.6601 11.1182 -2.03591 27.9248 8.88959 -5.19191 28.5259 6.74145 -8.49458 28.473 4.71631 -11.8053 27.7927 2.8247 -15.0238 26.5327 1.06503 -18.0644 24.7486 -0.583362 -20.871 22.4852 -2.12766 -23.3616 19.815 -3.59089 -25.4829 16.8024 -4.99915 -27.189 13.5125 -6.38214 -28.4425 10.0067 -7.76445 -29.206 6.36237 -9.17163 -29.4522 2.65644 -10.6262 -29.1617 -1.02788 -12.1425 -28.3275 -4.59172 -13.7363 -26.9523 -7.94794 -15.4127 -25.0547 -10.995 -17.1682 -22.6719 -13.6285 -18.9784 -19.8817 -15.7341 -20.8318 -16.7509 -17.2369 -22.6968 -13.383 -18.0579 -24.5095 -9.88935 -18.1244 -26.1011 -6.40983 -17.3571 -27.3276 -3.07716 -15.7392 -28.1128 -0.0492556 -13.4058 -28.4179 2.56165 -10.5213 -28.2321 4.70586 -7.2308 -27.567 6.34138 -3.71763 -26.453 7.48265 -0.123645 -24.9264 8.16882 3.43424 -23.0098 8.45541 6.88751 -20.7478 8.40113 10.1373 -18.1715 8.07513 13.1267 -15.3077 7.54798 15.8104 -12.1718 6.8884 18.1562 -8.79656 6.16917 20.1215 -5.21018 5.46193 21.6734 -1.44757 4.8388 22.7809 2.4393 4.37277 23.4139 6.39537 4.13409 23.5498 10.3425 4.19102 23.1719 14.1835 4.60512 22.2769 17.7802 5.41953 20.8917 21.0321 6.66737 19.0517 23.8164 8.32552 16.812 26.0332 10.3178 14.2362 27.5952 12.5313 11.4321 28.4839 14.8918 8.45874 28.6837 17.3045 5.40237 28.2063 19.6785 2.34642 27.0772 21.945 -0.652119 25.352 24.0142 -3.50629 23.0992 25.8245 -6.16162 20.3954 27.3269 -8.5772 17.297 28.4919 -10.74 13.906 29.28 -12.6142 10.3028 29.6739 -14.1942 6.56483 29.664 -15.4832 2.74912 29.2445 -16.4957 -1.06088 28.4164 -17.2433 -4.80122 27.1853 -17.7489 -8.412 25.5609 -18.0394 -11.8355 23.5561 -18.1454 -15.0188 21.1865 -18.1007 -17.9094 18.4716 -17.9418 -20.4552 15.4363 -17.7075 -22.599 12.122 -17.4395 -24.2985 8.55895 -17.1795 -25.5043 4.79676 -16.9713 -26.1698 0.898544 -16.8587 -26.2552 -3.03286 -16.8845 -25.7362 -6.92562 -17.0872 -24.5934 -10.6662 -17.4945 -22.7689 -14.1111 -18.0115 -20.2544 -17.0841 -18.533 -17.1713 -19.4721 -19.0085 -13.6679 -21.2071 -19.3966 0.489259 0.470753 0.451874 0.433906 0.417891 0.40469 0.394921 0.388895 0.386671 0.388103 0.392822 0.400264 0.409688 0.420287 0.43132 0.442194 0.452535 0.46222 0.471348 0.480058 0.486161 0.487261 0.482905 0.473156 0.458441 0.439495 0.417316 0.392891 0.36705 0.340547 0.313993 0.287699 0.26177 0.236255 0.21134 0.187503 0.16564 0.147034 0.133089 0.125042 0.123478 0.128 0.137267 0.148913 0.166398 0.192197 0.221103 0.250353 0.278154 0.303427 0.3256 0.344475 0.35998 0.371964 0.380243 0.384679 0.385093 0.381174 0.372447 0.358224 0.337615 0.309631 0.273294 0.227955 0.173719 0.111516 0.0436552 -0.0244256 -0.0859764 -0.137202 -0.177727 -0.207978 -0.228744 -0.240788 -0.244911 -0.242013 -0.233014 -0.218918 -0.200887 -0.180093 -0.157602 -0.134437 -0.111492 -0.0893921 -0.0685116 -0.0489194 -0.0303968 -0.0125084 0.00524668 0.0233191 0.0418507 0.060448 0.0779368 0.0924521 0.101456 0.107121 0.109824 0.106523 0.0975987 0.084138 -0.703656
-8.71827 -21.5879 -21.3017 -4.77326 -21.6889 -21.21 -0.873042 -21.1683 -20.8931 2.88506 -20.0946 -20.3393 6.42681 -18.5453 -19.5403 9.71358 -16.5902 -18.4826 12.6866 -14.3178 -17.1628 15.3175 -11.8083 -15.5737 17.5856 -9.13994 -13.7082 19.4761 -6.38825 -11.5584 20.9736 -3.63349 -9.12194 22.0659 -0.956569 -6.40001 22.742 1.55752 -3.4018 22.9928 3.81213 -0.158991 22.8164 5.72299 3.30219 22.2153 7.19478 6.92639 21.2031 8.13428 10.6351 19.8186 8.45716 14.3024 18.1049 8.10627 17.8251 16.1326 7.04562 21.0584 13.9951 5.27883 23.8475 11.7971 2.92223 26.0619 9.60513 0.0982017 27.6458 7.48285 -3.0547 28.5642 5.47613 -6.40111 28.8155 3.59947 -9.84275 28.4177 1.88103 -13.2418 27.4087 0.319242 -16.5021 25.8416 -1.09843 -19.5429 23.7755 -2.40002 -22.3127 21.2554 -3.60297 -24.7345 18.3562 -4.73714 -26.7595 15.1422 -5.83425 -28.3467 11.6788 -6.92818 -29.4628 8.02748 -8.04811 -30.0756 4.26651 -9.22309 -30.1637 0.473575 -10.4789 -29.7138 -3.26739 -11.8335 -28.7264 -6.85713 -13.3054 -27.2116 -10.2089 -14.9031 -25.1957 -13.2221 -16.6265 -22.7237 -15.794 -18.4541 -19.8813 -17.8129 -20.3762 -16.7412 -19.2059 -22.3619 -13.4133 -19.8967 -24.3404 -10.0112 -19.8119 -26.1209 -6.66522 -18.8828 -27.5371 -3.49494 -17.1017 -28.5006 -0.649773 -14.6105 -28.9648 1.76631 -11.5811 -28.9156 3.71075 -8.16405 -28.3623 5.15202 -4.54796 -27.336 6.11344 -0.87608 -25.8755 6.64261 2.73594 -24.0063 6.80211 6.22326 -21.7753 6.65916 9.49173 -19.2159 6.28956 12.4906 -16.357 5.77006 15.181 -13.216 5.1755 17.5373 -9.82772 4.58423 19.5227 -6.22355 4.07303 21.11 -2.44281 3.71831 22.2728 1.45628 3.59528 22.9853 5.41032 3.77485 23.2286 9.33071 4.3218 22.9897 13.1084 5.28906 22.269 16.5937 6.70065 21.0951 19.6801 8.55869 19.5013 22.2575 10.785 17.5218 24.2365 13.2856 15.2091 25.5438 15.9282 12.6577 26.1699 18.6328 9.91986 26.1101 21.2974 7.07394 25.3864 23.8276 4.19704 24.0318 26.1556 1.34242 22.1116 28.1945 -1.40705 19.7001 29.8899 -3.99813 16.8787 31.2022 -6.38979 13.7063 32.1107 -8.56811 10.2876 32.5892 -10.4958 6.70337 32.633 -12.165 3.03026 32.2446 -13.5763 -0.675913 31.4289 -14.7423 -4.33458 30.1995 -15.6717 -7.88528 28.5731 -16.3847 -11.2722 26.5684 -16.9058 -14.4422 24.2075 -17.2628 -17.3474 21.5131 -17.4867 -19.9405 18.5111 -17.6106 -22.175 15.232 -17.6695 -24.0004 11.7221 -17.6994 -25.3795 8.01425 -17.7373 -26.2692 4.16028 -17.82 -26.6294 0.223899 -17.9837 -26.4287 -3.69364 -18.2604 -25.6471 -7.52463 -18.6807 -24.2582 -11.1592 -19.2505 -22.1985 -14.4509 -19.8714 -19.4669 -17.2178 -20.4341 -16.2041 -19.3587 -20.8858 -12.5693 -20.8191 -21.1856 0.381657 0.35813 0.33376 0.310218 0.288876 0.270919 0.257253 0.248404 0.244558 0.245617 0.251162 0.260509 0.272735 0.286816 0.301785 0.316794 0.331155 0.344367 0.356087 0.365952 0.370459 0.36717 0.356115 0.337885 0.31337 0.283734 0.250381 0.214599 0.17741 0.139735 0.102319 0.0655274 0.0294885 -0.00571259 -0.0397902 -0.0721032 -0.101507 -0.126412 -0.145098 -0.156003 -0.158246 -0.151962 -0.138241 -0.119065 -0.0887619 -0.0457491 0.000127634 0.0449349 0.0864098 0.123276 0.154953 0.181373 0.202626 0.218681 0.22944 0.234821 0.234625 0.228415 0.215483 0.194803 0.165058 0.124776 0.0724587 0.00700912 -0.0716495 -0.162248 -0.260723 -0.358497 -0.446811 -0.520651 -0.579345 -0.623315 -0.65355 -0.671078 -0.677052 -0.672822 -0.659768 -0.639351 -0.613219 -0.582993 -0.550123 -0.515985 -0.48178 -0.448327 -0.416117 -0.385253 -0.355511 -0.326472 -0.297738 -0.269043 -0.240528 -0.212938 -0.187833 -0.167358 -0.15387 -0.143862 -0.136803 -0.138158 -0.147709 -0.163816 -0.848105
-7.43211 -22.2695 -24.4323 -3.49075 -22.1181 -24.276 0.36234 -21.3547 -23.8834 4.03474 -20.0554 -23.2448 7.45782 -18.3032 -22.3531 10.5977 -16.1709 -21.196 13.4014 -13.7509 -19.7723 15.8455 -11.125 -18.0766 17.9138 -8.37275 -16.1037 19.5955 -5.57039 -13.8486 20.8797 -2.79876 -11.3115 21.7588 -0.138918 -8.49719 22.2266 2.32453 -5.41831 22.2804 4.49648 -2.11048 21.9236 6.29472 1.39685 21.1653 7.62747 5.04526 20.0255 8.40653 8.7542 18.5499 8.55523 12.397 16.7856 8.02322 15.8718 14.8063 6.78309 19.0362 12.7059 4.84724 21.7399 10.5851 2.33725 23.8591 8.5048 -0.622189 25.3431 6.52178 -3.89109 26.1618 4.67521 -7.33415 26.317 2.97461 -10.8546 25.828 1.4413 -14.3156 24.7347 0.0688223 -17.6229 23.0906 -1.15942 -20.6977 20.9548 -2.27378 -23.4908 18.3715 -3.29591 -25.9271 15.4155 -4.25849 -27.9601 12.151 -5.19593 -29.5508 8.64263 -6.14465 -30.6682 4.95131 -7.1371 -31.2826 1.15495 -8.20545 -31.3746 -2.66929 -9.37886 -30.933 -6.43792 -10.6787 -29.9603 -10.0518 -12.1265 -28.4685 -13.4243 -13.7335 -26.4855 -16.4544 -15.5019 -24.0581 -19.0382 -17.41 -21.2732 -21.0627 -19.4475 -18.2058 -22.4537 -21.5804 -14.9679 -23.1332 -23.7356 -11.6753 -23.0317 -25.7125 -8.44468 -22.0917 -27.3362 -5.3757 -20.3102 -28.5074 -2.60724 -17.8215 -29.171 -0.23831 -14.7921 -29.3067 1.68933 -11.3678 -28.917 3.14246 -7.73518 -28.0303 4.14072 -4.03685 -26.6852 4.72764 -0.389104 -24.9094 4.96263 3.14246 -22.7517 4.9094 6.4624 -20.2489 4.64139 9.51927 -17.4337 4.23359 12.2742 -14.3267 3.75996 14.702 -10.9658 3.29761 16.7665 -7.38452 2.92248 18.4412 -3.62404 2.71009 19.7005 0.25619 2.73437 20.5183 4.19181 3.06497 20.8754 8.09336 3.76469 20.7571 11.8508 4.88379 20.161 15.3132 6.44182 19.1111 18.3731 8.4366 17.6361 20.9204 10.7875 15.7644 22.8644 13.3971 13.5443 24.1313 16.1285 11.0671 24.7107 18.8988 8.38532 24.599 21.6024 5.57808 23.8202 24.1425 2.72429 22.4103 26.4495 -0.120518 20.4389 28.4369 -2.8715 17.9849 30.0523 -5.47373 15.1335 31.2592 -7.88524 11.9469 32.0403 -10.0921 8.53247 32.3749 -12.0574 4.97218 32.2631 -13.7739 1.3429 31.7124 -15.2434 -2.29977 30.7308 -16.4796 -5.8765 29.3368 -17.4918 -9.32817 27.5497 -18.3002 -12.6003 25.3913 -18.929 -15.6412 22.8859 -19.405 -18.4036 20.0584 -19.7576 -20.8413 16.9372 -20.0173 -22.9081 13.5552 -20.2159 -24.5549 9.96192 -20.3855 -25.7449 6.19293 -20.559 -26.4365 2.30328 -20.7681 -26.5919 -1.64027 -21.0436 -26.1845 -5.53422 -21.411 -25.1974 -9.30973 -21.896 -23.605 -12.8547 -22.4971 -21.3504 -16.0148 -23.1246 -18.4477 -18.6035 -23.6786 -15.0508 -20.5299 -24.1067 -11.326 -21.7514 -24.3682 0.318874 0.295503 0.271565 0.24877 0.228512 0.211979 0.200073 0.193308 0.191842 0.195533 0.203879 0.216087 0.231095 0.247735 0.264896 0.281577 0.296915 0.310202 0.320874 0.328348 0.328903 0.320296 0.302958 0.277829 0.246052 0.209007 0.168294 0.125329 0.0812103 0.0369334 -0.00669241 -0.0492713 -0.0906548 -0.130719 -0.169101 -0.205037 -0.23721 -0.263819 -0.282918 -0.292721 -0.292159 -0.281236 -0.260954 -0.233258 -0.191585 -0.135293 -0.0771875 -0.0219382 0.0279978 0.0713512 0.107677 0.137124 0.160002 0.176471 0.186615 0.190518 0.188098 0.178995 0.162531 0.137664 0.103023 0.0570498 -0.00186493 -0.0749074 -0.162143 -0.262113 -0.370223 -0.477169 -0.573434 -0.653495 -0.716644 -0.76339 -0.794873 -0.812293 -0.817003 -0.810555 -0.794517 -0.770532 -0.740417 -0.705926 -0.668593 -0.629854 -0.590945 -0.552682 -0.515529 -0.47956 -0.444532 -0.410052 -0.375832 -0.341797 -0.308368 -0.276648 -0.248597 -0.226696 -0.213302 -0.204054 -0.19733 -0.198912 -0.208725 -0.225038 -0.846609
-3.22357 -22.4351 -26.1433 0.647424 -21.7223 -25.8451 4.34848 -20.4733 -25.2746 7.80603 -18.7672 -24.4277 10.9667 -16.6868 -23.303 13.8069 -14.3021 -21.8922 16.2849 -11.7056 -20.2003 18.385 -8.97749 -18.2277 20.0979 -6.19577 -15.9755 21.4189 -3.43577 -13.4447 22.3432 -0.777187 -10.6438 22.8693 1.70065 -7.58576 22.9974 3.91606 -4.29297 22.7325 5.77985 -0.811872 22.0838 7.21647 2.81823 21.0674 8.1448 6.52866 19.7099 8.49104 10.2299 18.0631 8.19945 13.7898 16.1763 7.23805 17.1042 14.1237 5.60237 20.0335 11.9964 3.32763 22.4355 9.89357 0.546899 24.2058 7.87216 -2.61186 25.3124 5.98336 -6.0082 25.7434 4.25934 -9.51029 25.516 2.70318 -13.0274 24.6599 1.32735 -16.4303 23.2273 0.117522 -19.634 21.2785 -0.950471 -22.5692 18.8768 -1.91331 -25.195 16.0669 -2.80057 -27.4453 12.9258 -3.6513 -29.2812 9.51661 -4.50563 -30.6694 5.90266 -5.40479 -31.5827 2.14342 -6.3851 -31.9948 -1.68333 -7.48088 -31.8879 -5.49941 -8.72128 -31.2524 -9.21855 -10.1247 -30.0933 -12.7375 -11.707 -28.4253 -15.9639 -13.4702 -26.282 -18.7911 -15.4034 -23.7183 -21.1118 -17.4683 -20.8322 -22.8152 -19.6382 -17.709 -23.8315 -21.8614 -14.4713 -24.0955 -24.0377 -11.2362 -23.5538 -25.9926 -8.14409 -22.1951 -27.6028 -5.2948 -20.0696 -28.7826 -2.79266 -17.317 -29.4797 -0.704626 -14.0946 -29.6714 0.949765 -10.5328 -29.353 2.15528 -6.80391 -28.5438 2.93977 -3.03691 -27.274 3.34947 0.661634 -25.5643 3.44223 4.23224 -23.4586 3.28077 7.58193 -20.9916 2.93569 10.6601 -18.1962 2.47926 13.4275 -15.0954 1.98308 15.8587 -11.7306 1.52241 17.9172 -8.14006 1.17132 19.5773 -4.37002 1.00328 20.8144 -0.485028 1.08954 21.605 3.446 1.49648 21.9326 7.33009 2.28261 21.7861 11.0553 3.49286 21.1667 14.4717 5.14007 20.102 17.4726 7.2188 18.6218 19.9435 9.64911 16.7493 21.7882 12.3307 14.5301 22.929 15.1197 12.0558 23.353 17.9254 9.38181 23.0588 20.6332 6.59185 22.0774 23.1383 3.76982 20.4544 25.3656 0.975531 18.2739 27.2274 -1.70468 15.6286 28.674 -4.21722 12.6158 29.6753 -6.52444 9.30644 30.2203 -8.61852 5.81496 30.2999 -10.4722 2.22586 29.9235 -12.0882 -1.38469 29.107 -13.478 -4.96362 27.8644 -14.6646 -8.43558 26.2198 -15.6654 -11.7455 24.1956 -16.5072 -14.842 21.8152 -17.2185 -17.6748 19.1035 -17.8288 -20.1961 16.0864 -18.3682 -22.3561 12.7943 -18.866 -24.1038 9.26453 -19.3511 -25.3842 5.55447 -19.8492 -26.1527 1.71106 -20.3869 -26.3619 -2.19382 -20.9866 -25.9723 -6.07165 -21.6663 -24.9653 -9.79459 -22.4341 -23.3264 -13.2661 -23.2865 -21.0349 -16.3453 -24.1416 -18.1263 -18.8779 -24.9093 -14.7437 -20.7762 -25.5323 -11.0357 -21.9996 -25.9665 -7.15064 -22.5434 -26.178 0.559681 0.539504 0.518185 0.497557 0.479129 0.4642 0.453771 0.448431 0.448359 0.45337 0.462837 0.475809 0.491055 0.507285 0.52334 0.538251 0.551271 0.561871 0.569746 0.574689 0.57306 0.562023 0.541992 0.513922 0.478992 0.438652 0.394596 0.348324 0.300997 0.253681 0.207263 0.162227 0.118841 0.0773957 0.0384762 0.00310156 -0.027165 -0.0503573 -0.0645057 -0.0680165 -0.06028 -0.0419445 -0.0147827 0.0190273 0.0685243 0.134461 0.203253 0.269466 0.330031 0.383239 0.428344 0.465339 0.494461 0.515831 0.529545 0.535783 0.53461 0.525826 0.508914 0.48297 0.44674 0.398763 0.337515 0.261908 0.172016 0.0692278 -0.0425812 -0.153687 -0.253885 -0.337315 -0.403012 -0.451339 -0.483409 -0.500486 -0.504067 -0.495915 -0.477832 -0.451698 -0.419528 -0.383175 -0.344147 -0.303748 -0.262973 -0.222307 -0.181835 -0.141223 -0.0998372 -0.0569759 -0.0122208 0.034384 0.0819597 0.128524 0.170784 0.20548 0.230881 0.248471 0.262494 0.268088 0.264166 0.252649 -0.605825
-0.575297 -22.0858 -27.9052 3.22644 -21.0641 -27.6142 6.83444 -19.5805 -27.0106 10.1865 -17.7092 -26.0916 13.2364 -15.5271 -24.8588 15.9644 -13.0981 -23.3088 18.3317 -10.5092 -21.4548 20.3247 -7.83442 -19.3059 21.9356 -5.14525 -16.8732 23.1614 -2.50994 -14.1677 23.9995 0.000288824 -11.2073 24.4501 2.31592 -8.01309 24.5147 4.36653 -4.61342 24.1982 6.07576 -1.0581 23.5075 7.38014 2.61394 22.454 8.21062 6.33721 21.057 8.50354 10.0284 19.3587 8.20973 13.5638 17.3963 7.2987 16.8484 15.2317 5.76231 19.7508 12.9454 3.62661 22.1342 10.6344 1.01643 23.9048 8.3549 -1.95174 25.0371 6.15962 -5.15083 25.5219 4.08457 -8.46162 25.3755 2.13567 -11.8026 24.6243 0.336016 -15.0538 23.3141 -1.31899 -18.1345 21.499 -2.84254 -20.977 19.2355 -4.26212 -23.539 16.5638 -5.59168 -25.7521 13.5551 -6.85704 -27.5726 10.2685 -8.08505 -28.9618 6.76424 -9.30446 -29.8858 3.09902 -10.5385 -30.3106 -0.652197 -11.8102 -30.2097 -4.41349 -13.1392 -29.5635 -8.10004 -14.5369 -28.3664 -11.6085 -16.0148 -26.6218 -14.8439 -17.5738 -24.3534 -17.6934 -19.2047 -21.609 -20.0394 -20.8772 -18.487 -21.7575 -22.5706 -15.0785 -22.7619 -24.2439 -11.5218 -22.9732 -25.8413 -7.97879 -22.3474 -27.2184 -4.62252 -20.9092 -28.2858 -1.56207 -18.736 -28.9824 1.09428 -15.9632 -29.2709 3.27788 -12.7416 -29.1334 4.96917 -9.19476 -28.5671 6.15333 -5.48846 -27.5848 6.86071 -1.74746 -26.2058 7.1411 1.92397 -24.4381 7.05537 5.46637 -22.3126 6.67232 8.78544 -19.8507 6.06853 11.8275 -17.0727 5.32295 14.5493 -13.9909 4.51364 16.9199 -10.6382 3.72493 18.897 -7.04745 3.03997 20.4488 -3.26298 2.54205 21.545 0.64821 2.31306 22.1581 4.61054 2.4287 22.2694 8.52055 2.95591 21.87 12.2534 3.94553 20.9686 15.6461 5.41377 19.6078 18.581 7.34988 17.8313 20.9317 9.6628 15.6767 22.5973 12.2386 13.2051 23.5062 14.921 10.5253 23.6541 17.6065 7.70248 23.0552 20.1726 4.82866 21.7584 22.5109 1.99086 19.8251 24.5455 -0.752509 17.3577 26.1939 -3.32129 14.4606 27.4128 -5.67175 11.2391 28.1798 -7.778 7.7663 28.4897 -9.64289 4.15821 28.3417 -11.2531 0.49636 27.7505 -12.6228 -3.14769 26.7356 -13.774 -6.72603 25.3117 -14.7377 -10.1681 23.5037 -15.5405 -13.4225 21.3327 -16.216 -16.4401 18.8198 -16.7993 -19.1703 15.9878 -17.3255 -21.5619 12.8612 -17.8298 -23.5599 9.47107 -18.3466 -25.1049 5.85911 -18.9085 -26.1338 2.09214 -19.5435 -26.5933 -1.76786 -20.2789 -26.4312 -5.62704 -21.1344 -25.61 -9.36915 -22.1212 -24.0949 -12.8363 -23.1921 -21.8899 -15.902 -24.2892 -19.0937 -18.4591 -25.341 -15.8246 -20.4321 -26.2808 -12.2145 -21.7776 -27.0495 -8.38983 -22.4869 -27.5997 -4.47322 -22.5766 -27.8939 0.239404 0.226945 0.211771 0.195593 0.179875 0.16596 0.155001 0.147813 0.144818 0.146059 0.151123 0.159269 0.169519 0.180879 0.192533 0.203925 0.214795 0.225154 0.235307 0.245677 0.252786 0.253122 0.246567 0.233564 0.214901 0.19162 0.164962 0.136056 0.105766 0.0748323 0.0438178 0.0129583 -0.017719 -0.0482291 -0.0784086 -0.107776 -0.135393 -0.159908 -0.179862 -0.19399 -0.201764 -0.20375 -0.201615 -0.197815 -0.18253 -0.152375 -0.114455 -0.0729888 -0.0309111 0.00969159 0.0473806 0.0813049 0.110893 0.135532 0.154624 0.167759 0.17456 0.174515 0.1669 0.150708 0.124646 0.0872686 0.0371368 -0.0267162 -0.104119 -0.19384 -0.292811 -0.391355 -0.479403 -0.552188 -0.60887 -0.649764 -0.675888 -0.688426 -0.688803 -0.67871 -0.659903 -0.634242 -0.603696 -0.570018 -0.534565 -0.498423 -0.46229 -0.426312 -0.390185 -0.353134 -0.31404 -0.271682 -0.225156 -0.17415 -0.119463 -0.0634224 -0.00645647 0.0436787 0.0759296 0.0979055 0.121916 0.139093 0.146305 0.145039 -0.384066
1.69899 -19.8749 -29.1213 5.2783 -18.2636 -28.7039 8.59754 -16.2655 -27.9468 11.6116 -13.9622 -26.8543 14.2903 -11.4344 -25.4341 16.6264 -8.74524 -23.6861 18.5956 -5.98273 -21.6281 20.1946 -3.21864 -19.2729 21.4246 -0.521976 -16.6348 22.29 2.0418 -13.7287 22.7954 4.40451 -10.5775 22.9478 6.50029 -7.20815 22.7557 8.26358 -3.65556 22.2323 9.62597 0.0230113 21.3915 10.5323 3.78251 20.2521 10.9258 7.55204 18.8403 10.7583 11.2454 17.2018 10.0019 14.7401 15.3736 8.64297 17.9465 13.4127 6.69295 20.7431 11.3873 4.19471 23.0073 9.37541 1.28009 24.6643 7.41709 -1.94189 25.6998 5.54994 -5.35258 26.1114 3.79734 -8.84249 25.9176 2.15782 -12.3408 25.1436 0.644851 -15.7343 23.8323 -0.750991 -18.9494 22.0323 -2.04591 -21.9229 19.7949 -3.26808 -24.6162 17.155 -4.43387 -26.9615 14.1787 -5.56948 -28.915 10.9212 -6.70173 -30.4369 7.4399 -7.85886 -31.4922 3.78997 -9.06345 -32.045 0.0458903 -10.3372 -32.068 -3.71599 -11.6977 -31.5415 -7.41005 -13.1533 -30.4599 -10.9325 -14.7122 -28.8287 -14.1889 -16.3711 -26.6728 -17.0693 -18.1165 -24.0407 -19.4611 -19.9132 -21.0275 -21.2465 -21.7382 -17.7185 -22.3486 -23.5486 -14.2403 -22.695 -25.2942 -10.741 -22.2438 -26.8646 -7.39684 -20.987 -28.1379 -4.3243 -18.9456 -29.0341 -1.6403 -16.2582 -29.5079 0.58215 -13.0855 -29.5381 2.32416 -9.56067 -29.1193 3.57393 -5.85632 -28.2644 4.36636 -2.10113 -26.9932 4.75566 1.59918 -25.315 4.80725 5.18552 -23.2604 4.59161 8.56376 -20.8511 4.18654 11.6801 -18.1086 3.67126 14.4898 -15.0472 3.12402 16.9597 -11.7032 2.62701 19.0434 -8.11453 2.26071 20.7042 -4.33272 2.10406 21.9064 -0.433432 2.23182 22.6169 3.49825 2.71072 22.8128 7.34971 3.59512 22.4816 10.989 4.92039 21.63 14.2507 6.68367 20.2997 17.0186 8.85771 18.5304 19.169 11.3455 16.3613 20.6051 14.0274 13.8587 21.2647 16.7427 11.1396 21.1502 19.388 8.27742 20.287 21.8421 5.37311 18.7365 24.0017 2.52102 16.5707 25.7975 -0.215309 13.9041 27.1586 -2.75329 10.8498 28.0534 -5.0496 7.51792 28.4712 -7.08109 3.98421 28.4148 -8.85425 0.36623 27.8951 -10.3619 -3.25556 26.9344 -11.6246 -6.81154 25.558 -12.6711 -10.2554 23.784 -13.5389 -13.519 21.6423 -14.2623 -16.5528 19.1578 -14.8822 -19.3086 16.3552 -15.4411 -21.7365 13.2627 -15.9816 -23.7857 9.91128 -16.5464 -25.4012 6.34138 -17.1771 -26.5249 2.607 -17.9124 -27.0982 -1.20929 -18.7838 -27.0727 -5.02719 -19.8204 -26.4074 -8.7318 -21.0388 -25.0615 -12.1876 -22.4164 -23.0155 -15.2319 -23.8339 -20.3425 -17.7654 -25.2124 -17.1618 -19.7026 -26.4751 -13.6079 -20.9944 -27.5543 -9.82251 -21.6269 -28.3935 -5.93379 -21.6193 -28.952 -2.05985 -21.0149 -29.2004 0.461936 0.456738 0.448571 0.439331 0.430543 0.423503 0.419237 0.418407 0.42124 0.427543 0.436615 0.447403 0.458621 0.469 0.477485 0.483303 0.486014 0.485452 0.481793 0.475549 0.464418 0.446431 0.422175 0.392571 0.358618 0.321499 0.282547 0.242878 0.203295 0.164512 0.127073 0.0911673 0.0567757 0.0238564 -0.00743547 -0.0366155 -0.0627469 -0.0845159 -0.100556 -0.10977 -0.111869 -0.107661 -0.0989873 -0.0884897 -0.0674354 -0.0296562 0.0161061 0.0646533 0.112616 0.157665 0.198278 0.233626 0.26318 0.28635 0.302554 0.311368 0.312362 0.304952 0.288354 0.261521 0.223178 0.172004 0.106828 0.0272131 -0.0657543 -0.169947 -0.280982 -0.387979 -0.48025 -0.5539 -0.608807 -0.645907 -0.666752 -0.673007 -0.66655 -0.649462 -0.623821 -0.591803 -0.555649 -0.517292 -0.478168 -0.439382 -0.401553 -0.36465 -0.328107 -0.290778 -0.251072 -0.207214 -0.157709 -0.101698 -0.0395895 0.0295494 0.106785 0.173434 0.218555 0.252795 0.291419 0.321741 0.339626 0.347281 -0.396523
4.49399 -18.9721 -30.395 7.85453 -17.0108 -29.7306 10.8893 -14.7069 -28.6982 13.5602 -12.1518 -27.3125 15.8461 -9.43265 -25.5909 17.7468 -6.6167 -23.541 19.2501 -3.79532 -21.1907 20.3633 -1.04101 -18.5603 21.0977 1.57805 -15.6714 21.4676 3.99835 -12.5453 21.4886 6.15509 -9.21124 21.1782 7.98723 -5.70197 20.556 9.43559 -2.05751 19.6474 10.4413 1.66068 18.4759 10.9585 5.40534 17.0715 10.943 9.10525 15.4697 10.3608 12.677 13.7246 9.20217 16.006 11.8767 7.46633 19.013 9.98324 5.1784 21.5916 8.10805 2.39145 23.6376 6.324 -0.782899 25.0621 4.65781 -4.22941 25.8582 3.13217 -7.82538 26.0312 1.75605 -11.4604 25.6052 0.51802 -15.0656 24.6078 -0.582832 -18.5292 23.0857 -1.56554 -21.7805 21.0888 -2.45409 -24.7599 18.6683 -3.28052 -27.4313 15.8581 -4.06881 -29.7296 12.7252 -4.84931 -31.6133 9.32537 -5.65231 -33.0453 5.71673 -6.50857 -33.9927 1.95589 -7.44404 -34.4227 -1.88009 -8.48302 -34.3116 -5.71191 -9.64544 -33.644 -9.45056 -10.9421 -32.4205 -12.9886 -12.3821 -30.6529 -16.2286 -13.9631 -28.3741 -19.0577 -15.6716 -25.6415 -21.3618 -17.4706 -22.5603 -23.0246 -19.334 -19.2246 -23.9712 -21.214 -15.7701 -24.1344 -23.054 -12.352 -23.4811 -24.7309 -9.14464 -22.0216 -26.0843 -6.23698 -19.7984 -27.0251 -3.73613 -16.9541 -27.5096 -1.70518 -13.6571 -27.5213 -0.153835 -10.0442 -27.0612 0.918284 -6.28939 -26.1498 1.55613 -2.51807 -24.8144 1.82286 1.17046 -23.0705 1.79119 4.7255 -20.9547 1.53937 8.06327 -18.4937 1.15098 11.141 -15.7125 0.710353 13.9253 -12.6286 0.30086 16.3938 -9.28097 0.00879718 18.5104 -5.71064 -0.0817735 20.2469 -1.97275 0.110595 21.5747 1.85228 0.66045 22.4649 5.67265 1.63222 22.8964 9.36714 3.07262 22.8555 12.797 4.99398 22.3356 15.8082 7.32274 21.3222 18.294 9.98346 19.819 20.1396 12.862 17.863 21.26 15.8248 15.5212 21.6103 18.7017 12.9129 21.2048 21.3912 10.1193 20.0833 23.7779 7.24726 18.3198 25.771 4.39764 15.9949 27.3163 1.63908 13.2298 28.3641 -0.941768 10.1385 28.9036 -3.29884 6.82872 28.9438 -5.40748 3.37132 28.5015 -7.27436 -0.123442 27.6051 -8.89174 -3.58335 26.2878 -10.2805 -6.9471 24.5832 -11.4695 -10.1754 22.5138 -12.4974 -13.2079 20.1149 -13.3977 -16.0013 17.4138 -14.211 -18.513 14.4367 -14.9789 -20.6979 11.2128 -15.7427 -22.5092 7.77348 -16.5429 -23.8961 4.15931 -17.4181 -24.8045 0.423797 -18.4029 -25.1802 -3.35197 -19.5229 -24.9779 -7.09035 -20.8016 -24.1603 -10.6807 -22.2482 -22.6621 -13.9875 -23.8202 -20.4502 -16.8268 -25.4045 -17.6157 -19.0989 -26.9101 -14.2937 -20.7226 -28.2487 -10.6349 -21.6579 -29.3449 -6.79545 -21.9041 -30.1397 -2.91452 -21.496 -30.5934 0.882908 -20.4929 -30.6817 0.510171 0.505683 0.497863 0.488965 0.480815 0.474965 0.472632 0.474588 0.48106 0.491754 0.505747 0.5217 0.537997 0.553063 0.565573 0.574482 0.579038 0.5787 0.573191 0.562541 0.544054 0.51531 0.477949 0.433784 0.384467 0.331721 0.277346 0.222746 0.168868 0.11653 0.0663336 0.0184315 -0.0272609 -0.0708253 -0.112074 -0.150409 -0.184687 -0.213327 -0.234696 -0.247458 -0.251158 -0.24654 -0.235453 -0.220603 -0.191041 -0.140489 -0.0830017 -0.0248672 0.0305003 0.0808999 0.125037 0.162359 0.192602 0.215389 0.230301 0.236976 0.234904 0.223249 0.2008 0.165894 0.116451 0.0501613 -0.0353082 -0.141939 -0.270335 -0.413116 -0.559274 -0.694869 -0.807525 -0.894118 -0.955792 -0.994628 -1.01319 -1.01403 -0.999862 -0.97351 -0.937691 -0.895164 -0.848684 -0.800534 -0.752344 -0.705299 -0.659987 -0.616216 -0.57319 -0.529483 -0.483218 -0.432367 -0.37527 -0.310992 -0.23998 -0.158208 -0.0674851 0.0117658 0.0676427 0.111517 0.159611 0.197179 0.219779 0.230237 -0.560308
7.87973 -15.2253 -31.3893 11.0028 -12.9721 -30.5229 13.7512 -10.4278 -29.2751 16.0966 -7.6894 -27.6681 18.0286 -4.8468 -25.7264 19.5559 -1.96783 -23.463 20.679 0.856641 -20.9124 21.4154 3.55704 -18.1001 21.7866 6.06937 -15.0512 21.8157 8.3352 -11.7905 21.5269 10.2958 -8.34955 20.9456 11.8969 -4.76254 20.0978 13.0864 -1.0702 19.0154 13.814 2.66622 17.7254 14.0407 6.40076 16.2607 13.7301 10.0642 14.6585 12.8562 13.5758 12.9719 11.4184 16.8251 11.2382 9.42118 19.7363 9.51 6.89603 22.2073 7.84375 3.90182 24.1381 6.30278 0.552834 25.4413 4.905 -3.03636 26.1138 3.66407 -6.74393 26.1642 2.58121 -10.4614 25.6194 1.64085 -14.1226 24.5077 0.834589 -17.6184 22.8786 0.139258 -20.8817 20.7828 -0.472387 -23.8567 18.2728 -1.03341 -26.5115 15.3824 -1.57175 -28.7854 12.1797 -2.11975 -30.6419 8.71997 -2.7096 -32.0484 5.06054 -3.37373 -32.9768 1.25637 -4.14063 -33.3985 -2.61776 -5.03695 -33.2932 -6.4856 -6.08514 -32.6481 -10.2618 -7.29874 -31.465 -13.8428 -8.68915 -29.7551 -17.1349 -10.256 -27.5493 -20.029 -11.9872 -24.9011 -22.4133 -13.8457 -21.9096 -24.1718 -15.804 -18.6627 -25.2291 -17.8113 -15.2887 -25.5154 -19.8059 -11.9354 -24.993 -21.6845 -8.77949 -23.6738 -23.3098 -5.90516 -21.5941 -24.5676 -3.41345 -18.8666 -25.3986 -1.36497 -15.6506 -25.7734 0.230029 -12.0763 -25.6764 1.36816 -8.31404 -25.1164 2.08906 -4.4895 -24.1124 2.44997 -0.705152 -22.6763 2.51858 2.98453 -20.8398 2.3672 6.4895 -18.6285 2.07478 9.76133 -16.0682 1.72159 12.7616 -13.1776 1.38755 15.4642 -9.99567 1.15532 17.8292 -6.56294 1.10585 19.8254 -2.9325 1.31793 21.4213 0.819193 1.86433 22.584 4.6057 2.80915 23.2879 8.31226 4.20079 23.5124 11.803 6.06395 23.2495 14.9261 8.33448 22.4692 17.5717 10.9445 21.1629 19.6161 13.7853 19.355 20.9605 16.7254 17.1041 21.5422 19.5927 14.5269 21.3635 22.281 11.7085 20.4532 24.6693 8.76405 18.8784 26.6611 5.8051 16.7183 28.1983 2.91134 14.0937 29.2291 0.181306 11.1216 29.7432 -2.32983 7.9139 29.7512 -4.59101 4.54585 29.2721 -6.60623 1.13039 28.3372 -8.36506 -2.25748 26.9822 -9.88858 -5.55419 25.2421 -11.2071 -8.7181 23.1404 -12.3617 -11.687 20.7126 -13.3876 -14.4147 17.9857 -14.3282 -16.8551 14.986 -15.227 -18.9583 11.7432 -16.1273 -20.6722 8.2903 -17.0711 -21.9393 4.67184 -18.0972 -22.6991 0.947964 -19.2393 -22.8927 -2.7904 -20.5196 -22.4719 -6.45229 -21.9566 -21.4015 -9.91117 -23.5509 -19.6337 -13.0209 -25.2407 -17.1782 -15.6002 -26.9086 -14.1428 -17.5594 -28.4614 -10.6729 -18.8298 -29.8065 -6.92712 -19.3856 -30.8667 -3.06712 -19.2419 -31.5833 0.765836 -18.4486 -31.9195 4.44775 -17.0796 -31.856 0.61853 0.615757 0.609557 0.602381 0.596216 0.592739 0.593234 0.598474 0.608593 0.623123 0.640882 0.660239 0.679282 0.696171 0.709347 0.717521 0.719682 0.715001 0.702926 0.683333 0.653751 0.612833 0.562787 0.50587 0.444012 0.379183 0.313402 0.248184 0.184499 0.123176 0.0648071 0.00949131 -0.0429106 -0.092501 -0.139061 -0.181914 -0.219793 -0.250965 -0.273638 -0.286311 -0.288385 -0.280506 -0.264468 -0.243036 -0.206346 -0.147346 -0.0788017 -0.00904004 0.0576912 0.118587 0.17197 0.217119 0.253708 0.281326 0.299556 0.308116 0.306618 0.294385 0.27039 0.233168 0.180831 0.111245 0.0222243 -0.0877038 -0.219817 -0.366698 -0.517129 -0.656796 -0.772805 -0.861023 -0.92256 -0.959673 -0.975166 -0.971862 -0.952787 -0.921076 -0.8797 -0.831665 -0.779936 -0.72692 -0.674274 -0.623144 -0.574009 -0.526501 -0.479601 -0.431632 -0.380443 -0.323732 -0.259627 -0.187104 -0.106759 -0.0143191 0.0848276 0.170835 0.231967 0.280846 0.33495 0.377572 0.403851 0.416991 -0.479868
11.5886 -13.4452 -31.4902 14.3486 -10.8192 -30.4566 16.6979 -7.97764 -29.0461 18.6251 -5.01588 -27.2864 20.1346 -2.01982 -25.206 21.2467 0.949271 -22.8202 21.9758 3.80727 -20.1661 22.3497 6.493 -17.2693 22.3979 8.95106 -14.1548 22.1503 11.1313 -10.8454 21.6366 12.983 -7.37045 20.886 14.4588 -3.76118 19.9276 15.5128 -0.0547724 18.7943 16.1 3.69126 17.513 16.185 7.4347 16.1151 15.7336 11.1095 14.635 14.7217 14.6376 13.1198 13.1501 17.9094 11.6014 11.0232 20.8489 10.1242 8.37343 23.352 8.73465 5.26127 25.3149 7.48151 1.80734 26.6523 6.37668 -1.8761 27.3594 5.42758 -5.66829 27.4431 4.63026 -9.4615 26.9289 3.96694 -13.1912 25.8451 3.42322 -16.7487 24.241 2.9726 -20.0693 22.1685 2.58479 -23.1003 19.6809 2.22502 -25.8137 16.8131 1.86111 -28.1533 13.6332 1.45798 -30.0872 10.196 0.980913 -31.5876 6.55747 0.395225 -32.6309 2.77024 -0.329873 -33.1919 -1.09426 -1.22256 -33.2522 -4.96391 -2.30618 -32.7994 -8.75801 -3.59398 -31.8327 -12.3778 -5.09618 -30.3593 -15.7346 -6.80978 -28.4027 -18.7231 -8.71858 -26.0059 -21.2346 -10.778 -23.2536 -23.1525 -12.9542 -20.2201 -24.4004 -15.187 -17.0175 -24.9032 -17.4042 -13.7776 -24.614 -19.5075 -10.6726 -23.5353 -21.3988 -7.8014 -21.6891 -22.9694 -5.26355 -19.1747 -24.1483 -3.11799 -16.1355 -24.8956 -1.37707 -12.6901 -25.1797 -0.0520906 -8.99917 -24.9968 0.886777 -5.18532 -24.355 1.4859 -1.35271 -23.2604 1.8039 2.43956 -21.7355 1.90094 6.09277 -19.8021 1.8464 9.54807 -17.4836 1.71182 12.7555 -14.7983 1.56951 15.678 -11.7841 1.49365 18.2627 -8.48135 1.55764 20.4669 -4.94238 1.83301 22.2478 -1.24195 2.3859 23.5619 2.53634 3.27526 24.3739 6.28207 4.5467 24.6543 9.86434 6.22668 24.3882 13.1186 8.29427 23.5802 15.9311 10.6905 22.2142 18.1676 13.3154 20.3101 19.7145 16.0439 17.9267 20.4909 18.7088 15.1886 20.4876 21.2021 12.1909 19.7243 23.401 9.06288 18.2649 25.2073 5.93083 16.1908 26.5608 2.88631 13.6278 27.411 0.0380643 10.7007 27.7489 -2.55443 7.5291 27.5866 -4.86034 4.19567 26.9436 -6.88747 0.818887 25.8532 -8.63138 -2.52154 24.3508 -10.121 -5.75807 22.4704 -11.3951 -8.84474 20.2329 -12.5027 -11.7149 17.6729 -13.4874 -14.3169 14.8165 -14.3995 -16.5972 11.6908 -15.2892 -18.4978 8.32935 -16.205 -19.9569 4.77333 -17.1929 -20.9083 1.08074 -18.2935 -21.2848 -2.6683 -19.5392 -21.0277 -6.35678 -20.9467 -20.0957 -9.86307 -22.5243 -18.4717 -13.0309 -24.2502 -16.1631 -15.7086 -26.0254 -13.278 -17.7663 -27.7301 -9.93339 -19.1415 -29.2748 -6.27845 -19.7945 -30.5704 -2.46927 -19.7271 -31.5446 1.34056 -18.9796 -32.1449 5.02176 -17.6216 -32.3412 8.4652 -15.7431 -32.1217 0.530573 0.532791 0.531801 0.530152 0.529897 0.532711 0.539803 0.551816 0.568689 0.589702 0.613375 0.637783 0.660734 0.680139 0.694191 0.701299 0.700089 0.689335 0.668109 0.636113 0.591634 0.535595 0.470625 0.399324 0.32384 0.246373 0.169175 0.0938892 0.0215453 -0.0469805 -0.111073 -0.170651 -0.225864 -0.276791 -0.32316 -0.36423 -0.398675 -0.424745 -0.440662 -0.444997 -0.437302 -0.418459 -0.390564 -0.356901 -0.309503 -0.241907 -0.165178 -0.0873994 -0.0132879 0.0540228 0.112667 0.161851 0.201212 0.230291 0.248642 0.256008 0.252097 0.23642 0.208269 0.166631 0.110224 0.0377056 -0.0520987 -0.159401 -0.282734 -0.418819 -0.556959 -0.68365 -0.786661 -0.861967 -0.910747 -0.93537 -0.938773 -0.924009 -0.894397 -0.853321 -0.803932 -0.7494 -0.692763 -0.636356 -0.581649 -0.529525 -0.48013 -0.432726 -0.3859 -0.337547 -0.285049 -0.225626 -0.156985 -0.0778764 0.0118495 0.116121 0.2203 0.309518 0.371937 0.423046 0.482928 0.531617 0.5633 0.581466 -0.222531
14.31 -10.6842 -33.8287 16.6267 -7.83648 -32.3778 18.4884 -4.88413 -30.5336 19.8993 -1.91739 -28.3449 20.8798 0.987482 -25.8583 21.4624 3.78101 -23.1013 21.678 6.39455 -20.1235 21.5658 8.78329 -16.9572 21.1653 10.9084 -13.6303 20.5137 12.7355 -10.1655 19.6469 14.2291 -6.58983 18.5989 15.3554 -2.92909 17.4014 16.0802 0.786787 16.09 16.3688 4.50954 14.6914 16.1913 8.20748 13.2371 15.5171 11.8259 11.7604 14.3226 15.2979 10.3066 12.6069 18.5247 8.90508 10.3674 21.4385 7.5973 7.62926 23.9408 6.42624 4.4446 25.9298 5.43883 0.919474 27.3035 4.63524 -2.83293 28.0532 4.01076 -6.69065 28.1818 3.55061 -10.5449 27.7111 3.23027 -14.3307 26.6668 3.02491 -17.9383 25.0958 2.90174 -21.3028 23.0489 2.82567 -24.3716 20.5788 2.76016 -27.118 17.7206 2.66869 -29.4866 14.5427 2.51481 -31.4473 11.1004 2.26334 -32.9743 7.45038 1.88028 -34.046 3.64522 1.33544 -34.6393 -0.243997 0.602245 -34.7376 -4.14623 -0.340551 -34.3295 -7.98277 -1.50406 -33.4137 -11.6575 -2.8956 -31.9958 -15.0851 -4.50967 -30.0956 -18.1641 -6.32769 -27.7502 -20.7888 -8.30356 -25.0354 -22.8434 -10.4008 -22.0166 -24.2517 -12.5574 -18.7952 -24.9349 -14.6986 -15.4934 -24.839 -16.724 -12.2769 -23.955 -18.5677 -9.25938 -22.3045 -20.1408 -6.56662 -19.9585 -21.3653 -4.26861 -17.0516 -22.1953 -2.3851 -13.7015 -22.5917 -0.934624 -10.0685 -22.544 0.109259 -6.27797 -22.0548 0.791974 -2.43685 -21.1267 1.17355 1.39376 -19.7771 1.31609 5.11383 -18.0242 1.29264 8.66446 -15.8879 1.17928 11.9968 -13.3828 1.05356 15.0759 -10.542 0.995615 17.8504 -7.40079 1.08566 20.2785 -4.00687 1.40285 22.3163 -0.431272 2.02144 23.9157 3.24299 3.00851 25.0343 6.90192 4.41621 25.6312 10.4071 6.27023 25.6727 13.5989 8.50746 25.1022 16.3497 11.0554 23.8944 18.511 13.7946 22.0658 19.9583 16.5774 19.6827 20.6081 19.2171 16.8879 20.4551 21.5931 13.8002 19.5323 23.579 10.5742 17.9216 25.0841 7.35816 15.7228 26.0621 4.25792 13.0787 26.4877 1.38879 10.1241 26.3768 -1.19209 6.98183 25.7648 -3.46243 3.73293 24.6874 -5.44191 0.489041 23.1957 -7.14041 -2.67907 21.3344 -8.60097 -5.71317 19.1425 -9.87548 -8.57457 16.6422 -11.0252 -11.2037 13.8702 -12.1045 -13.5524 10.8531 -13.1729 -15.5682 7.61991 -14.2883 -17.1916 4.2087 -15.5043 -18.3574 0.669237 -16.8694 -18.9956 -2.9273 -18.4215 -19.0375 -6.48277 -20.1839 -18.4287 -9.85991 -22.1527 -17.135 -12.9176 -24.304 -15.1705 -15.5232 -26.5406 -12.5951 -17.5632 -28.7446 -9.52746 -18.9421 -30.7821 -6.08245 -19.6205 -32.5529 -2.40994 -19.5841 -33.9582 1.33275 -18.8593 -34.9227 4.99154 -17.5101 -35.3986 8.43857 -15.6257 -35.3677 11.5693 -13.3127 -34.8358 0.705621 0.710082 0.708745 0.704863 0.701171 0.700014 0.703221 0.711882 0.726171 0.745442 0.768145 0.792241 0.815414 0.835456 0.850406 0.85843 0.857752 0.846548 0.823111 0.786251 0.733495 0.666102 0.587616 0.501473 0.410501 0.317541 0.225446 0.136272 0.0512867 -0.0284947 -0.102422 -0.170514 -0.233079 -0.290368 -0.34227 -0.3882 -0.426984 -0.457025 -0.476706 -0.484746 -0.480818 -0.465923 -0.442293 -0.413352 -0.373076 -0.315688 -0.247319 -0.174846 -0.103458 -0.0367729 0.0228135 0.0740201 0.116082 0.14819 0.169582 0.179727 0.178072 0.163844 0.135994 0.0930737 0.0332281 -0.0456251 -0.145553 -0.267794 -0.412123 -0.5692 -0.725665 -0.865538 -0.975266 -1.05143 -1.09629 -1.11324 -1.10616 -1.07906 -1.03631 -0.982279 -0.920988 -0.85638 -0.792021 -0.730414 -0.672868 -0.619857 -0.570891 -0.524422 -0.47808 -0.428645 -0.372206 -0.304496 -0.221632 -0.11984 0.00558787 0.146865 0.289119 0.415536 0.511161 0.593561 0.683466 0.755072 0.802362 0.83046 -0.142993
17.1323 -8.3466 -34.3009 18.9369 -5.28469 -32.5835 20.2808 -2.21768 -30.4928 21.1837 0.775401 -28.0827 21.6777 3.631 -25.4023 21.8012 6.3119 -22.4797 21.5931 8.76231 -19.3657 21.0962 10.9494 -16.0925 20.3522 12.8453 -12.6871 19.3996 14.4259 -9.17118 18.2757 15.6654 -5.57004 17.015 16.5391 -1.90735 15.6499 17.0211 1.79013 14.2167 17.0851 5.47848 12.7415 16.7065 9.13126 11.2553 15.8601 12.7002 9.79051 14.5248 16.1256 8.39028 12.7007 19.3165 7.08191 10.3818 22.2114 5.90417 7.58795 24.7168 4.89706 4.36429 26.7326 4.10356 0.808796 28.1529 3.51794 -2.97019 28.9682 3.12944 -6.85519 29.1789 2.91824 -10.7415 28.8036 2.85782 -14.5677 27.8647 2.9182 -18.2266 26.404 3.06409 -21.6548 24.4673 3.2584 -24.8008 22.103 3.46456 -27.6383 19.3421 3.64282 -30.1112 16.2484 3.75513 -32.188 12.8733 3.76452 -33.8412 9.26987 3.63536 -35.0474 5.48796 3.33445 -35.7809 1.59614 2.83221 -36.0225 -2.3363 2.10385 -35.758 -6.23168 1.13373 -34.983 -9.99392 -0.089404 -33.7011 -13.5373 -1.56484 -31.9291 -16.759 -3.27892 -29.7015 -19.551 -5.19052 -27.0912 -21.7932 -7.26641 -24.1614 -23.4062 -9.44766 -21.0106 -24.306 -11.6613 -17.7579 -24.4326 -13.8054 -14.5659 -23.7674 -15.8124 -11.5455 -22.3258 -17.5948 -8.82967 -20.1631 -19.0637 -6.48916 -17.4074 -20.1638 -4.54285 -14.1729 -20.8431 -3.00944 -10.6167 -21.0818 -1.86271 -6.86327 -20.8745 -1.05782 -3.02024 -20.2194 -0.534595 0.849857 -19.1273 -0.232979 4.6442 -17.6134 -0.0814894 8.30006 -15.6961 -0.00605612 11.7641 -13.3907 0.068878 14.9969 -10.7304 0.219477 17.9417 -7.75214 0.521494 20.5513 -4.50535 1.04849 22.7767 -1.06173 1.8677 24.5644 2.49599 3.03905 25.8669 6.05603 4.60701 26.6371 9.48987 6.58201 26.8213 12.6433 8.89476 26.3471 15.3883 11.4666 25.1773 17.5713 14.1696 23.3209 19.0596 16.8483 20.8455 19.7612 19.3126 17.9067 19.666 21.4409 14.6411 18.8062 23.1135 11.2257 17.2667 24.2528 7.82947 15.1525 24.8277 4.57328 12.6107 24.8348 1.58271 9.7788 24.3088 -1.08308 6.78001 23.3002 -3.40532 3.69502 21.8527 -5.41081 0.631602 20.0268 -7.118 -2.34256 17.8697 -8.5796 -5.17173 15.4206 -9.8571 -7.81754 12.6993 -11.0212 -10.2206 9.74202 -12.135 -12.3304 6.57507 -13.2667 -14.0896 3.22991 -14.4816 -15.4326 -0.248929 -15.8398 -16.2875 -3.79966 -17.3927 -16.5792 -7.33258 -19.1774 -16.2386 -10.7249 -21.2083 -15.2215 -13.8124 -23.4633 -13.5243 -16.4589 -25.8648 -11.1946 -18.5418 -28.2907 -8.32118 -19.962 -30.6097 -5.05015 -20.6536 -32.6799 -1.5146 -20.6064 -34.4007 2.12475 -19.8433 -35.68 5.71059 -18.4274 -36.4548 9.09952 -16.4546 -36.6938 12.1819 -14.0371 -36.3965 14.876 -11.2951 -35.5856 0.758102 0.766666 0.76896 0.768365 0.767702 0.769382 0.775287 0.78654 0.803296 0.824857 0.849599 0.875434 0.900036 0.921229 0.937093 0.945775 0.945364 0.933741 0.90872 0.868469 0.810031 0.735309 0.648216 0.552516 0.451286 0.347626 0.24468 0.144735 0.0492307 -0.040656 -0.124145 -0.201215 -0.272197 -0.337384 -0.396713 -0.449622 -0.494909 -0.530882 -0.555779 -0.568093 -0.567229 -0.553933 -0.530198 -0.499266 -0.456145 -0.39481 -0.320702 -0.241455 -0.163056 -0.0897883 -0.0245246 0.0311743 0.0763761 0.110143 0.131631 0.140274 0.135517 0.116616 0.0825896 0.0320923 -0.0365917 -0.125342 -0.235926 -0.369646 -0.524635 -0.689661 -0.849688 -0.987929 -1.09109 -1.15674 -1.18799 -1.18895 -1.16416 -1.11839 -1.05697 -0.985185 -0.907851 -0.829626 -0.754544 -0.685221 -0.622782 -0.567344 -0.517898 -0.472267 -0.427362 -0.379111 -0.322557 -0.252122 -0.162327 -0.0435083 0.104874 0.272786 0.442281 0.592851 0.706737 0.804813 0.910699 0.994268 1.04982 1.08397 0.0628466
16.1602 -7.89671 -35.2165 17.6943 -4.74135 -33.4076 18.7518 -1.63391 -31.2147 19.359 1.34971 -28.7024 19.5534 4.15162 -25.9285 19.3767 6.74124 -22.9273 18.8737 9.07112 -19.7551 18.0902 11.1168 -16.4467 17.0703 12.8585 -13.0304 15.8541 14.28 -9.52786 14.4809 15.3625 -5.96274 12.9867 16.0881 -2.35593 11.406 16.4366 1.26995 9.77785 16.3869 4.87671 8.13049 15.9182 8.44448 6.49857 15.0079 11.9331 4.91881 13.6362 15.2925 3.43954 11.8028 18.4421 2.09246 9.49846 21.3309 0.92172 6.73739 23.8756 -0.0274755 3.55612 25.9846 -0.708095 0.0408773 27.5557 -1.13309 -3.71162 28.5689 -1.32312 -7.59157 29.0144 -1.30732 -11.4999 28.8991 -1.11859 -15.3792 28.2356 -0.795903 -19.1234 27.0515 -0.380736 -22.6679 25.3816 0.0848285 -25.9582 23.2644 0.56191 -28.9644 20.7243 1.00602 -31.6231 17.8171 1.37684 -33.8958 14.59 1.63593 -35.747 11.0938 1.74731 -37.1455 7.37812 1.67728 -38.0568 3.51295 1.39692 -38.4537 -0.428944 0.882951 -38.3149 -4.3648 0.121537 -37.6298 -8.19194 -0.894943 -36.3979 -11.8175 -2.16196 -34.6339 -15.131 -3.66165 -32.3724 -18.0174 -5.35022 -29.6889 -20.3504 -7.1898 -26.6507 -22.0476 -9.11968 -23.3618 -23.0241 -11.0676 -19.9467 -23.2213 -12.9377 -16.574 -22.6235 -14.6671 -13.3564 -21.2506 -16.1806 -10.4312 -19.1572 -17.4014 -7.88277 -16.4656 -18.2789 -5.73381 -13.292 -18.7687 -4.00684 -9.79384 -18.8553 -2.67514 -6.09527 -18.5363 -1.69147 -2.30181 -17.8118 -0.990863 1.52766 -16.6945 -0.510295 5.29612 -15.1995 -0.173811 8.94742 -13.3442 0.0971837 12.4354 -11.142 0.383323 15.7278 -8.62283 0.764585 18.7741 -5.81965 1.32075 21.5316 -2.77732 2.1287 23.953 0.437265 3.25709 25.9825 3.74885 4.76252 27.5614 7.08917 6.64612 28.5713 10.3514 8.87651 28.9011 13.3748 11.3648 28.4705 16.0209 14.0133 27.2453 18.1283 16.6758 25.2483 19.5601 19.1866 22.5718 20.2248 21.3627 19.4056 20.1155 23.0982 15.9159 19.2693 24.3016 12.305 17.7744 24.9297 8.75915 15.7363 24.9822 5.40559 13.2979 24.4892 2.36992 10.5895 23.5077 -0.295436 7.7256 22.1021 -2.58127 4.77861 20.3202 -4.52416 1.84642 18.2267 -6.15278 -1.01116 15.8655 -7.52896 -3.74502 13.2701 -8.72231 -6.32198 10.453 -9.8106 -8.68734 7.44386 -10.8646 -10.7934 4.26161 -11.9596 -12.5845 0.931191 -13.1685 -13.9947 -2.50823 -14.5585 -14.9496 -5.99848 -16.1884 -15.369 -9.45109 -18.1003 -15.1764 -12.7417 -20.3102 -14.3178 -15.7025 -22.7898 -12.7857 -18.2044 -25.4439 -10.6173 -20.12 -28.142 -7.8952 -21.3455 -30.7381 -4.7642 -21.8149 -33.0705 -1.36312 -21.5197 -35.0222 2.13894 -20.4916 -36.4858 5.57518 -18.8062 -37.3887 8.79415 -16.5753 -37.6968 11.6809 -13.9257 -37.4134 14.1522 -10.9906 -36.5694 0.889379 0.906042 0.91397 0.917036 0.918537 0.921364 0.927879 0.939631 0.957105 0.97984 1.00636 1.03466 1.0625 1.08775 1.10854 1.12301 1.12912 1.12445 1.10624 1.07171 1.01682 0.94197 0.851401 0.749363 0.639422 0.52523 0.41058 0.298367 0.19055 0.0887448 -0.00594788 -0.0933951 -0.173968 -0.248105 -0.315942 -0.377141 -0.430715 -0.47516 -0.508908 -0.53065 -0.539992 -0.537931 -0.526728 -0.509752 -0.483454 -0.441616 -0.387053 -0.325507 -0.262565 -0.202393 -0.147945 -0.101026 -0.062873 -0.0347188 -0.017736 -0.0129068 -0.0212942 -0.044245 -0.0834585 -0.141141 -0.220027 -0.323406 -0.456746 -0.616934 -0.794412 -0.974153 -1.13893 -1.27218 -1.36275 -1.41112 -1.42201 -1.40057 -1.35218 -1.28269 -1.19866 -1.10659 -1.01227 -0.921063 -0.837287 -0.763354 -0.69987 -0.646296 -0.600903 -0.560816 -0.522282 -0.480567 -0.429962 -0.363903 -0.275331 -0.151947 0.00667572 0.192466 0.387383 0.568169 0.713007 0.842413 0.979706 1.08927 1.16463 1.2137 0.0724194
15.8415 -4.67795 -37.062 16.9033 -1.43909 -35.071 17.5139 1.65166 -32.6924 17.7065 4.53162 -29.9995 17.5229 7.15711 -27.0574 17.0052 9.51027 -23.9048 16.2006 11.5579 -20.6027 15.1547 13.288 -17.1884 13.9107 14.6922 -13.6919 12.5082 15.764 -10.135 10.9858 16.4942 -6.54096 9.37994 16.8731 -2.92907 7.72556 16.8881 0.680623 6.0631 16.5259 4.25374 4.42238 15.7703 7.77504 2.84053 14.6039 11.2101 1.35719 13.0109 14.5153 0.0228427 10.9948 17.6177 -1.12721 8.54628 20.4729 -2.04607 5.67965 23.0042 -2.68668 2.43008 25.1254 -3.00405 -1.11836 26.7367 -3.02686 -4.87545 27.8194 -2.78928 -8.74068 28.3599 -2.33209 -12.6239 28.3595 -1.6946 -16.4753 27.8251 -0.927567 -20.195 26.7762 -0.0795057 -23.723 25.2403 0.801495 -27.0069 23.2492 1.67364 -30.0179 20.8223 2.48502 -32.6921 18.0101 3.19087 -34.9889 14.8568 3.74868 -36.8704 11.412 4.11907 -38.302 7.72585 4.26444 -39.2458 3.8706 4.15319 -39.6713 -0.0767129 3.76037 -39.5544 -4.02721 3.07175 -38.8832 -7.87057 2.08164 -37.6576 -11.5055 0.798333 -35.8947 -14.8133 -0.754216 -33.6336 -17.672 -2.52334 -30.9561 -19.9516 -4.46178 -27.9364 -21.5698 -6.4987 -24.6842 -22.4468 -8.55242 -21.327 -22.5332 -10.5189 -18.0311 -21.8268 -12.332 -14.9025 -20.3593 -13.9147 -12.066 -18.1962 -15.1918 -9.58693 -15.4662 -16.1182 -7.47796 -12.2797 -16.6535 -5.75423 -8.7866 -16.7865 -4.38543 -5.10297 -16.5189 -3.32314 -1.32678 -15.8554 -2.50174 2.48971 -14.8128 -1.85992 6.25557 -13.4109 -1.32352 9.91987 -11.6717 -0.815994 13.4411 -9.6138 -0.258183 16.7916 -7.27098 0.426536 19.9243 -4.67957 1.31455 22.7995 -1.8864 2.47836 25.3716 1.05317 3.97403 27.5733 4.11653 5.81855 29.2878 7.24058 7.9996 30.3873 10.3228 10.4679 30.7522 13.2063 13.113 30.2971 15.7527 15.8189 28.9888 17.8009 18.4236 26.8586 19.2133 20.7547 24.0145 19.8973 22.6372 20.6693 19.8449 23.9803 17.0093 19.0919 24.7179 13.2555 17.7242 24.8371 9.60617 15.845 24.3642 6.19324 13.5915 23.3591 3.14108 11.0878 21.8987 0.49494 8.44186 20.0604 -1.74605 5.72091 17.896 -3.62926 3.01495 15.4755 -5.19519 0.378354 12.8417 -6.51664 -2.14415 10.0252 -7.67354 -4.52179 7.03494 -8.75347 -6.70274 3.89954 -9.83688 -8.6401 0.638222 -11.0081 -10.278 -2.72074 -12.3481 -11.5498 -6.13085 -13.9306 -12.3804 -9.52235 -15.8169 -12.6905 -12.7915 -18.0457 -12.4079 -15.7977 -20.621 -11.4906 -18.3714 -23.4822 -9.94289 -20.3857 -26.5151 -7.81264 -21.721 -29.5696 -5.19344 -22.292 -32.479 -2.23737 -22.065 -35.0624 0.912708 -21.0626 -37.1922 4.09031 -19.3532 -38.7556 7.13769 -17.0472 -39.6825 9.91812 -14.2844 -39.9473 12.3335 -11.2097 -39.5652 14.3185 -7.96514 -38.5817 1.01664 1.04679 1.06486 1.07511 1.08118 1.08633 1.09336 1.10429 1.12001 1.14038 1.16417 1.18957 1.2145 1.23697 1.25515 1.26716 1.27074 1.26301 1.24053 1.1995 1.13506 1.04739 0.941381 0.82183 0.692828 0.558699 0.424066 0.292546 0.166657 0.0484446 -0.0607339 -0.160719 -0.251971 -0.335039 -0.410128 -0.476913 -0.534357 -0.580878 -0.614862 -0.635024 -0.64113 -0.634465 -0.617662 -0.594535 -0.560853 -0.511088 -0.449974 -0.384111 -0.318838 -0.258064 -0.20444 -0.159482 -0.124191 -0.0996192 -0.0868171 -0.0867531 -0.100615 -0.13002 -0.177103 -0.244709 -0.337172 -0.461477 -0.61741 -0.799145 -0.99351 -1.18246 -1.34775 -1.47395 -1.55206 -1.58455 -1.57682 -1.53435 -1.46291 -1.36921 -1.26116 -1.14679 -1.03321 -0.926875 -0.83261 -0.752715 -0.687276 -0.635048 -0.593489 -0.558905 -0.52672 -0.491327 -0.445976 -0.382704 -0.290969 -0.157482 0.0214111 0.241063 0.482952 0.717875 0.915421 1.09718 1.28691 1.43783 1.54354 1.61536 0.364302
17.1251 0.238691 -37.2695 17.6602 3.43046 -35.0094 17.7843 6.3887 -32.3986 17.5375 9.06761 -29.5097 16.9644 11.4386 -26.4061 16.1057 13.4954 -23.1233 15.0091 15.2169 -19.7206 13.7176 16.6003 -16.2331 12.2718 17.6448 -12.6886 10.7081 18.3499 -9.1074 9.06344 18.7122 -5.51134 7.37211 18.7265 -1.91866 5.66806 18.385 1.65159 3.99114 17.6796 5.1662 2.37102 16.597 8.61087 0.845414 15.1241 11.9524 -0.545013 13.2497 15.1486 -1.74941 10.9833 18.1289 -2.73076 8.31853 20.8503 -3.44127 5.27499 23.2381 -3.8338 1.89352 25.2082 -3.86665 -1.73525 26.6641 -3.577 -5.52271 27.5913 -3.00787 -9.37148 27.9806 -2.20769 -13.1961 27.837 -1.21951 -16.9513 27.1684 -0.102158 -20.5435 25.9968 1.09127 -23.9184 24.3504 2.30874 -27.0293 22.2612 3.50677 -29.8513 19.7477 4.62778 -32.3266 16.8608 5.62324 -34.4195 13.6443 6.44661 -36.0967 10.1476 7.05445 -37.3281 6.42089 7.40367 -38.0808 2.53678 7.45733 -38.3293 -1.42681 7.18488 -38.0545 -5.37962 6.56661 -37.2502 -9.20934 5.59251 -35.9209 -12.812 4.2676 -34.0895 -16.0658 2.6148 -31.801 -18.8453 0.689785 -29.143 -21.019 -1.45554 -26.1953 -22.5034 -3.74218 -23.0726 -23.2209 -6.07811 -19.9054 -23.1288 -8.34564 -16.8571 -22.237 -10.4716 -14.0298 -20.5891 -12.3564 -11.5108 -18.28 -13.915 -9.34232 -15.4343 -15.0973 -7.52245 -12.1556 -15.8573 -6.05188 -8.58915 -16.1833 -4.89229 -4.84624 -16.0797 -3.99035 -1.02061 -15.5563 -3.27842 2.83942 -14.6348 -2.69297 6.64583 -13.3419 -2.16024 10.3505 -11.7071 -1.60509 13.9143 -9.75693 -0.95038 17.3113 -7.53279 -0.12294 20.4957 -5.07885 0.94901 23.4283 -2.44928 2.33178 26.0637 0.3114 4.0675 28.3201 3.18143 6.16616 30.0763 6.10045 8.60374 31.2002 8.97101 11.3148 31.5686 11.6453 14.1682 31.0953 13.9943 17.0296 29.7489 15.8693 19.7195 27.5657 17.1467 22.0539 24.6612 17.7469 23.8562 21.2563 17.6693 25.042 17.5428 16.9542 25.5584 13.7449 15.6867 25.4094 10.0606 13.9662 24.6373 6.61872 11.9209 23.3198 3.53892 9.66561 21.5465 0.860845 7.29888 19.4039 -1.4219 4.88267 16.9479 -3.36213 2.49886 14.2548 -5.00458 0.197937 11.3704 -6.426 -1.97743 8.32837 -7.70995 -3.99546 5.14158 -8.948 -5.80492 1.84594 -10.223 -7.35744 -1.52985 -11.6212 -8.59561 -4.94459 -13.2236 -9.45212 -8.3351 -15.1001 -9.85342 -11.6117 -17.3031 -9.72588 -14.6492 -19.8543 -9.00949 -17.2881 -22.7303 -7.69341 -19.361 -25.8324 -5.8166 -20.7493 -29.0264 -3.46106 -21.3591 -32.1458 -0.747008 -21.1441 -35.0162 2.15946 -20.1233 -37.4603 5.11616 -18.363 -39.3638 7.97008 -15.9746 -40.6344 10.5878 -13.1005 -41.2263 12.8637 -9.89952 -41.1383 14.7312 -6.52151 -40.4065 16.1541 -3.10377 -39.0916 1.09592 1.12803 1.14738 1.15824 1.16426 1.16875 1.17462 1.18399 1.19782 1.21601 1.23734 1.26003 1.28207 1.30151 1.31662 1.32547 1.32572 1.31423 1.28715 1.24012 1.1677 1.06981 0.951663 0.818393 0.674457 0.524696 0.374372 0.227653 0.0874428 -0.0439431 -0.165015 -0.275633 -0.376316 -0.467634 -0.549714 -0.622065 -0.683386 -0.731785 -0.765317 -0.782374 -0.782457 -0.766686 -0.73764 -0.699323 -0.64542 -0.57065 -0.485253 -0.397561 -0.313793 -0.238277 -0.173653 -0.121095 -0.0811383 -0.0543842 -0.0414549 -0.0429634 -0.0598761 -0.0937469 -0.146817 -0.222229 -0.326285 -0.465937 -0.640593 -0.842769 -1.05635 -1.26031 -1.43484 -1.56481 -1.6427 -1.67263 -1.66052 -1.61183 -1.53218 -1.42833 -1.30859 -1.18171 -1.05567 -0.937864 -0.833854 -0.746343 -0.675509 -0.620006 -0.57704 -0.542525 -0.511366 -0.477226 -0.432272 -0.366819 -0.26723 -0.120078 0.0820576 0.337226 0.62465 0.906593 1.14257 1.35673 1.57418 1.74094 1.85476 1.93106 0.603542
17.0838 2.96305 -38.3932 17.2158 6.17598 -36.1038 16.9562 9.0968 -33.461 16.3496 11.6827 -30.5407 15.4437 13.9092 -27.4094 14.2793 15.774 -24.1062 12.9067 17.2625 -20.6938 11.3694 18.3781 -17.2101 9.70759 19.1264 -13.6854 7.95766 19.5134 -10.142 6.15636 19.543 -6.60337 4.33809 19.2173 -3.08826 2.5371 18.5359 0.384383 0.794256 17.4996 3.78301 -0.859756 16.1018 7.09551 -2.38564 14.3372 10.2925 -3.74109 12.2032 13.3373 -4.87437 9.71864 16.1679 -5.74737 6.88288 18.7498 -6.31194 3.72108 21.0201 -6.52145 0.27696 22.9078 -6.33688 -3.36024 24.331 -5.79955 -7.1172 25.2717 -4.9573 -10.9096 25.7154 -3.86268 -14.6629 25.6591 -2.55997 -18.3397 25.1032 -1.11383 -21.8533 24.06 0.419026 -25.1536 22.549 1.98274 -28.1962 20.5939 3.53193 -30.9568 18.2073 5.00236 -33.3774 15.4331 6.34052 -35.4211 12.3106 7.4944 -37.0522 8.88635 8.41516 -38.2378 5.20926 9.05277 -38.9422 1.35283 9.36386 -39.1372 -2.60189 9.31185 -38.802 -6.55907 8.87158 -37.9299 -10.3986 8.03041 -36.5274 -14.007 6.79271 -34.6218 -17.2524 5.18386 -32.2651 -20.0006 3.26541 -29.5548 -22.1146 1.09804 -26.5798 -23.5099 -1.22942 -23.4633 -24.1142 -3.61554 -20.3401 -23.8957 -5.93512 -17.3706 -22.8804 -8.11229 -14.6482 -21.1262 -10.0552 -12.2569 -18.7311 -11.681 -10.2268 -15.8216 -12.9439 -8.54451 -12.4998 -13.802 -7.19736 -8.90693 -14.2484 -6.13598 -5.14734 -14.2921 -5.2977 -1.30611 -13.9487 -4.60729 2.57797 -13.2431 -3.99439 6.42597 -12.2058 -3.38018 10.1978 -10.8701 -2.68545 13.8604 -9.26759 -1.82915 17.3918 -7.44342 -0.736321 20.7458 -5.44666 0.66494 23.8796 -3.30988 2.43249 26.7224 -1.0409 4.59258 29.1537 1.33201 7.14615 31.0443 3.74644 10.0497 32.2549 6.10858 13.2091 32.6595 8.28514 16.4567 32.1758 10.1629 19.6275 30.7839 11.6197 22.5159 28.5361 12.5608 24.9246 25.5645 12.9347 26.6804 22.1034 12.7537 27.7151 18.3485 12.0632 27.9991 14.5217 10.9414 27.5617 10.8132 9.47319 26.4658 7.34239 7.76515 24.8098 4.22079 5.9099 22.6969 1.48274 3.98652 20.2232 -0.880296 2.04509 17.4485 -2.92152 0.152603 14.4571 -4.68305 -1.64842 11.2994 -6.23872 -3.32047 8.01404 -7.66876 -4.83306 4.61814 -9.06187 -6.13975 1.15473 -10.4966 -7.1955 -2.34068 -12.055 -7.9479 -5.8196 -13.8135 -8.33748 -9.21177 -15.8363 -8.30167 -12.4217 -18.1698 -7.78154 -15.3216 -20.829 -6.73469 -17.7539 -23.7849 -5.17531 -19.5693 -26.9352 -3.15262 -20.6588 -30.1559 -0.754187 -20.9396 -33.2895 1.90045 -20.378 -36.1685 4.6531 -19.0078 -38.6199 7.37298 -16.9064 -40.5304 9.92188 -14.1978 -41.8072 12.1828 -11.0359 -42.4023 14.0669 -7.58984 -42.3121 15.5226 -4.01694 -41.571 16.5271 -0.45998 -40.2392 1.2495 1.29702 1.32997 1.35269 1.36879 1.38156 1.39396 1.40825 1.42556 1.44597 1.46842 1.49135 1.51301 1.53178 1.54612 1.55429 1.55405 1.5423 1.51506 1.4677 1.39441 1.29361 1.17014 1.02884 0.874045 0.710807 0.545002 0.381595 0.224297 0.0761525 -0.060803 -0.186176 -0.300428 -0.40414 -0.497439 -0.579777 -0.649722 -0.705199 -0.744099 -0.764684 -0.766428 -0.750554 -0.71987 -0.678714 -0.620024 -0.539008 -0.447013 -0.352691 -0.26279 -0.181998 -0.113131 -0.0573808 -0.0152444 0.0126797 0.025677 0.0228837 0.00284455 -0.0368044 -0.099528 -0.192386 -0.325645 -0.503362 -0.723999 -0.975848 -1.23547 -1.47508 -1.67236 -1.8141 -1.89681 -1.92849 -1.91624 -1.86549 -1.78133 -1.66991 -1.5393 -1.39859 -1.25661 -1.12203 -1.00185 -0.899882 -0.816982 -0.752143 -0.702631 -0.664225 -0.63162 -0.598237 -0.555996 -0.494944 -0.400843 -0.261667 -0.0680232 0.182111 0.472905 0.768635 1.02521 1.26847 1.5231 1.7216 1.86025 1.95689 0.493261
17.4663 4.64367 -39.0314 17.1461 7.86441 -36.7718 16.4692 10.741 -34.1545 15.4852 13.2348 -31.257 14.2445 15.3263 -28.1474 12.788 17.017 -24.8666 11.1677 18.2987 -21.4789 9.42642 19.1799 -18.0241 7.60322 19.672 -14.5343 5.73312 19.7862 -11.0333 3.85177 19.5323 -7.54563 1.99254 18.9182 -4.09101 0.188857 17.95 -0.688607 -1.51936 16.6363 2.63075 -3.10195 14.9765 5.85615 -4.52012 12.9735 8.9608 -5.73249 10.6321 11.9122 -6.69004 7.98011 14.6544 -7.35643 5.02243 17.16 -7.68726 1.78947 19.3754 -7.64096 -1.67267 21.2411 -7.18631 -5.27709 22.6869 -6.36598 -8.96567 23.6918 -5.22954 -12.6672 24.2353 -3.83092 -16.3179 24.3071 -2.21344 -19.8877 23.9002 -0.44585 -23.2967 23.0174 1.41275 -26.4987 21.6693 3.30351 -29.4516 19.8721 5.17922 -32.1313 17.632 6.96894 -34.4797 14.9863 8.61348 -36.4583 11.9701 10.0544 -38.0291 8.62731 11.2361 -39.1565 5.00695 12.1006 -39.8026 1.18465 12.5974 -39.9375 -2.75357 12.684 -39.5406 -6.70443 12.3309 -38.6074 -10.5386 11.5251 -37.1487 -14.1327 10.2734 -35.1983 -17.346 8.60758 -32.8164 -20.038 6.59962 -30.108 -22.0697 4.3217 -27.1678 -23.3587 1.87526 -24.1217 -23.8388 -0.62618 -21.1025 -23.4872 -3.04608 -18.2639 -22.3402 -5.3012 -15.6913 -20.4627 -7.29989 -13.4614 -17.9603 -8.97024 -11.5903 -14.9705 -10.2802 -10.051 -11.5979 -11.2009 -8.81599 -7.98036 -11.7374 -7.82575 -4.21313 -11.9077 -7.01027 -0.370515 -11.736 -6.28917 3.51937 -11.2516 -5.58874 7.3866 -10.4895 -4.82838 11.1973 -9.48696 -3.92791 14.9209 -8.28084 -2.80549 18.5344 -6.91964 -1.38843 21.9856 -5.43868 0.389555 25.213 -3.83197 2.57597 28.113 -2.11444 5.18544 30.5556 -0.318109 8.19924 32.4038 1.49846 11.5444 33.5152 3.25403 15.0912 33.7685 4.84143 18.6333 33.097 6.17369 21.9796 31.5016 7.16355 24.9082 29.06 7.75015 27.223 25.927 7.90931 28.7707 22.3519 7.66189 29.5102 18.5317 7.05184 29.4424 14.6813 6.14393 28.6252 10.9785 5.00417 27.1414 7.52856 3.71288 25.1072 4.4303 2.33852 22.6356 1.70901 0.939625 19.8275 -0.649002 -0.445222 16.743 -2.69894 -1.76408 13.47 -4.48251 -2.98154 10.0601 -6.07169 -4.06438 6.55382 -7.5441 -4.98245 2.97061 -8.98583 -5.69436 -0.64106 -10.4725 -6.15919 -4.23962 -12.0835 -6.33171 -7.76904 -13.8931 -6.16436 -11.1506 -15.9638 -5.61185 -14.2802 -18.3408 -4.63906 -17.0232 -21.0392 -3.23415 -19.223 -24.0285 -1.43284 -20.7531 -27.2011 0.709261 -21.5187 -30.4379 3.10278 -21.4518 -33.5871 5.63284 -20.5332 -36.4865 8.1538 -18.8126 -38.966 10.55 -16.3772 -40.913 12.7019 -13.3622 -42.233 14.513 -9.93122 -42.8749 15.9151 -6.26163 -42.8316 16.875 -2.51638 -42.1348 17.3864 1.15838 -40.8428 1.40076 1.46807 1.51842 1.55646 1.586 1.61031 1.63235 1.6544 1.67762 1.70214 1.72701 1.7508 1.77197 1.78921 1.80122 1.80648 1.80287 1.78733 1.75583 1.70359 1.62491 1.51777 1.38633 1.23487 1.06737 0.888929 0.705992 0.52439 0.348761 0.18301 0.0298215 -0.110109 -0.23715 -0.351871 -0.454372 -0.544036 -0.619317 -0.678035 -0.718023 -0.73756 -0.736236 -0.715495 -0.678448 -0.629875 -0.561799 -0.470121 -0.368602 -0.267116 -0.172389 -0.0887826 -0.0186497 0.0372597 0.0787527 0.10534 0.116194 0.110061 0.0847542 0.0367443 -0.0406455 -0.160025 -0.329899 -0.555321 -0.832462 -1.14177 -1.44852 -1.71764 -1.92756 -2.0708 -2.14996 -2.17736 -2.16068 -2.10477 -2.0137 -1.89257 -1.74888 -1.59182 -1.43107 -1.27684 -1.13784 -1.0193 -0.92291 -0.848164 -0.792526 -0.75183 -0.720867 -0.693295 -0.66154 -0.615768 -0.537698 -0.416805 -0.242463 -0.00858884 0.275964 0.580909 0.859952 1.14233 1.45134 1.69631 1.87009 1.99437 0.402413
17.9147 7.25638 -39.6911 17.2633 10.4408 -37.4514 16.2799 13.2369 -34.844 15.0172 15.6068 -31.9506 13.5275 17.5332 -28.8437 11.8514 19.0199 -25.5688 10.0431 20.0634 -22.1946 8.14511 20.6772 -18.7646 6.1965 20.8775 -15.3138 4.23188 20.681 -11.8687 2.28652 20.1034 -8.45555 0.393227 19.1592 -5.0952 -1.4153 17.8609 -1.80724 -3.10041 16.2257 1.37845 -4.63406 14.2603 4.45215 -5.98022 11.9759 7.39016 -7.10109 9.38618 10.1649 -7.95301 6.52784 12.7289 -8.5047 3.41073 15.0632 -8.71824 0.0691205 17.1266 -8.55891 -3.45086 18.8742 -8.00484 -7.06776 20.2525 -7.09464 -10.7396 21.2411 -5.87183 -14.4088 21.8161 -4.38379 -18.0218 21.9603 -2.66681 -21.5553 21.6585 -0.785014 -24.9335 20.9024 1.20627 -28.1105 19.6916 3.25016 -31.0419 18.032 5.30065 -33.6986 15.9214 7.28414 -36.0162 13.3892 9.13798 -37.9487 10.466 10.7988 -39.4504 7.19424 12.2057 -40.4782 3.62508 13.2938 -40.9884 -0.160487 14.0063 -40.948 -4.06756 14.2952 -40.3365 -7.98126 14.1267 -39.1553 -11.7591 13.4865 -37.4248 -15.2649 12.3824 -35.1942 -18.3473 10.8492 -32.5431 -20.8605 8.96312 -29.5992 -22.6693 6.80189 -26.475 -23.7005 4.47 -23.3104 -23.9054 2.08063 -20.2445 -23.2832 -0.234832 -17.4269 -21.8942 -2.39964 -14.9309 -19.8177 -4.33332 -12.8241 -17.1621 -5.97627 -11.1076 -14.0663 -7.30836 -9.73782 -10.6299 -8.31066 -8.67027 -6.98083 -8.99472 -7.83202 -3.20064 -9.38297 -7.14285 0.650863 -9.50435 -6.51505 4.55878 -9.38856 -5.86744 8.46364 -9.0714 -5.11386 12.3381 -8.59072 -4.16919 16.1536 -7.98515 -2.94717 19.8835 -7.28135 -1.37373 23.4613 -6.46698 0.613047 26.802 -5.53863 3.05279 29.7949 -4.50646 5.94629 32.3025 -3.39245 9.25586 34.1817 -2.23612 12.8843 35.2875 -1.09231 16.6753 35.5015 -0.033341 20.3975 34.7658 0.88156 23.8447 33.0933 1.59284 26.7892 30.5749 2.05784 29.04 27.3757 2.25627 30.46 23.7499 2.19873 31.0264 19.8927 1.90998 30.7593 16.0136 1.42879 29.7325 12.2831 0.796497 28.0394 8.79928 0.0637932 25.8057 5.65631 -0.723915 23.1492 2.87682 -1.52591 20.1737 0.446597 -2.312 16.9403 -1.68927 -3.04317 13.5401 -3.56993 -3.6888 10.0265 -5.26479 -4.21849 6.44247 -6.84864 -4.60175 2.81053 -8.40524 -4.80138 -0.816604 -10.0068 -4.77953 -4.39309 -11.7301 -4.49626 -7.85856 -13.6461 -3.9125 -11.1305 -15.8151 -2.99486 -14.1024 -18.28 -1.72393 -16.6396 -21.0546 -0.104578 -18.608 -24.0963 1.82092 -19.892 -27.305 3.99458 -20.4056 -30.5704 6.32815 -20.0899 -33.7494 8.71278 -18.9331 -36.6865 11.0149 -16.9916 -39.2152 13.1319 -14.3555 -41.2234 14.9597 -11.163 -42.6129 16.4171 -7.58117 -43.3271 17.4505 -3.79105 -43.3525 18.0387 0.0406308 -42.7151 18.1851 3.76383 -41.4698 1.5808 1.66811 1.73555 1.78813 1.82982 1.864 1.89374 1.92149 1.94855 1.97523 2.00068 2.02367 2.04283 2.05704 2.06531 2.06647 2.05874 2.03941 2.00483 1.95071 1.87167 1.76568 1.63623 1.48657 1.31959 1.13939 0.951756 0.76236 0.576177 0.39779 0.230702 0.0762659 -0.0654505 -0.194748 -0.311533 -0.415017 -0.50346 -0.574497 -0.625872 -0.655857 -0.664127 -0.65227 -0.623527 -0.582628 -0.519894 -0.43112 -0.330457 -0.228105 -0.131292 -0.0447094 0.0289852 0.0887816 0.134235 0.164511 0.17826 0.17345 0.146701 0.0914185 -0.00407882 -0.151103 -0.361205 -0.641068 -0.982956 -1.3548 -1.70682 -1.99842 -2.21361 -2.35365 -2.42773 -2.45099 -2.43107 -2.37188 -2.27615 -2.14756 -1.99253 -1.81995 -1.64017 -1.46507 -1.30553 -1.16854 -1.05693 -0.970682 -0.907344 -0.862591 -0.831063 -0.806415 -0.78135 -0.741299 -0.672393 -0.564527 -0.406732 -0.190344 0.0819368 0.387369 0.682085 1.00107 1.36614 1.66038 1.87135 2.02456 0.276213
18.0654 9.7044 -39.4613 17.1261 12.8476 -37.2659 15.8842 15.5682 -34.6893 14.3943 17.8274 -31.8155 12.7099 19.6076 -28.7209 10.8716 20.9127 -25.4557 8.93486 21.7419 -22.0932 6.94225 22.1117 -18.682 4.93219 22.0428 -15.2615 2.93839 21.5568 -11.8621 0.994779 20.6758 -8.51336 -0.867863 19.4212 -5.23851 -2.61963 17.8134 -2.05834 -4.22591 15.8789 0.997726 -5.66328 13.6317 3.92115 -6.90165 11.0912 6.69151 -7.91036 8.27867 9.28655 -8.65462 5.23774 11.6675 -9.11117 1.98023 13.8239 -9.25095 -1.45943 15.7262 -9.04732 -5.03926 17.3426 -8.48939 -8.68765 18.6336 -7.60589 -12.3773 19.5794 -6.42947 -16.0617 20.1538 -4.99624 -19.6951 20.3345 -3.33197 -23.2588 20.0995 -1.49028 -26.6774 19.4312 0.482036 -29.9022 18.3198 2.53467 -32.8826 16.7613 4.62629 -35.581 14.7463 6.68531 -37.9217 12.2969 8.64854 -39.846 9.44036 10.4498 -41.2957 6.2199 12.0235 -42.2165 2.69146 13.2985 -42.557 -1.05461 14.2114 -42.2818 -4.9102 14.7077 -41.375 -8.74498 14.7488 -39.8513 -12.4019 14.318 -37.7508 -15.7331 13.4222 -35.1486 -18.583 12.0965 -32.1525 -20.8104 10.4152 -28.9182 -22.2963 8.45499 -25.5752 -22.9866 6.31499 -22.2739 -22.8573 4.1001 -19.1544 -21.9304 1.93026 -16.3584 -20.2863 -0.126537 -13.9453 -18.0113 -1.99296 -11.9588 -15.2185 -3.6161 -10.3845 -12.0378 -4.98849 -9.16544 -8.56068 -6.10096 -8.24399 -4.90377 -6.97137 -7.5385 -1.13479 -7.62567 -6.96271 2.69929 -8.09679 -6.42535 6.59416 -8.41226 -5.84139 10.498 -8.60564 -5.12245 14.3872 -8.71091 -4.18179 18.2324 -8.74806 -2.93156 22.0017 -8.70302 -1.2957 25.6202 -8.56376 0.788296 28.9978 -8.32139 3.35694 32.017 -7.97291 6.40274 34.5324 -7.52207 9.87468 36.3946 -6.98274 13.6574 37.4557 -6.37953 17.5741 37.5995 -5.75102 21.3749 36.777 -5.13316 24.8429 35.0137 -4.56646 27.7477 32.414 -4.08616 29.906 29.1538 -3.72041 31.1964 25.4928 -3.47548 31.6119 21.6237 -3.35056 31.1878 17.7498 -3.33421 30.0098 14.033 -3.4082 28.1776 10.563 -3.54887 25.8215 7.4272 -3.72991 23.0603 4.64407 -3.92434 19.9976 2.19768 -4.10652 16.6937 0.0329861 -4.24746 13.2406 -1.88781 -4.31948 9.69287 -3.63225 -4.29406 6.0955 -5.2732 -4.1407 2.4742 -6.89293 -3.82798 -1.1143 -8.56205 -3.32402 -4.61981 -10.3561 -2.59796 -7.97775 -12.3456 -1.62358 -11.1024 -14.5901 -0.383399 -13.886 -17.1324 1.12934 -16.1987 -19.981 2.90664 -17.9166 -23.0857 4.8998 -18.9375 -26.3471 7.04967 -19.1879 -29.6587 9.27162 -18.6214 -32.8826 11.4657 -17.2361 -35.8689 13.5133 -15.0957 -38.4553 15.3266 -12.2917 -40.5322 16.8179 -8.96249 -42.0005 17.9215 -5.27381 -42.7998 18.5979 -1.40551 -42.9114 18.8361 2.47624 -42.3553 18.6483 6.22077 -41.1816 1.76748 1.87623 1.9623 2.03116 2.08693 2.13292 2.17209 2.20684 2.23844 2.26719 2.29235 2.31288 2.32773 2.33614 2.33758 2.33132 2.31616 2.28996 2.24978 2.19218 2.11203 2.00856 1.88436 1.74165 1.58214 1.40854 1.22525 1.0369 0.847887 0.662803 0.485633 0.318422 0.16192 0.016433 -0.117386 -0.238236 -0.343882 -0.431577 -0.498893 -0.54412 -0.567056 -0.569408 -0.55439 -0.526341 -0.473414 -0.390912 -0.293737 -0.192468 -0.0953273 -0.00716302 0.069181 0.132474 0.18199 0.216463 0.233896 0.231332 0.203274 0.139427 0.0279978 -0.145887 -0.398267 -0.738066 -1.15054 -1.58419 -1.97166 -2.27253 -2.48219 -2.61226 -2.67759 -2.69464 -2.67033 -2.6074 -2.50719 -2.37184 -2.20646 -2.0192 -1.82072 -1.62445 -1.44358 -1.28731 -1.15996 -1.06235 -0.992307 -0.945469 -0.916397 -0.898767 -0.883446 -0.85341 -0.796881 -0.704293 -0.564676 -0.367513 -0.110125 0.192743 0.501789 0.860928 1.29163 1.64339 1.89623 2.08098 0.171258
19.9858 11.3636 -38.5345 18.698 14.474 -36.4731 17.1191 17.1402 -34.0275 15.3103 19.3223 -31.2799 13.3303 21.0023 -28.3066 11.2226 22.1839 -25.1593 9.04707 22.8684 -21.9123 6.848 23.075 -18.616 4.66456 22.8276 -15.3121 2.53013 22.1518 -12.0326 0.477579 21.0743 -8.80867 -1.46436 19.6218 -5.6643 -3.26871 17.8198 -2.62057 -4.90459 15.7008 0.294176 -6.35328 13.2833 3.07252 -7.58925 10.5912 5.69695 -8.58703 7.64965 8.14926 -9.31751 4.50549 10.3966 -9.7631 1.1707 12.4339 -9.90019 -2.3213 14.2385 -9.70692 -5.93186 15.7865 -9.18075 -9.59667 17.0439 -8.34231 -13.2965 17.9908 -7.21527 -16.9908 18.5994 -5.82628 -20.6377 18.8438 -4.19197 -24.22 18.6982 -2.35648 -27.6613 18.1383 -0.358588 -30.9097 17.1478 1.75795 -33.9091 15.7164 3.95722 -36.6144 13.8293 6.16968 -38.9407 11.5031 8.33172 -40.82 8.76259 10.3738 -42.185 5.65061 12.2245 -42.9739 2.22618 13.8034 -43.1318 -1.41484 15.0358 -42.6249 -5.15632 15.8554 -41.4451 -8.85911 16.2106 -39.6227 -12.3589 16.0742 -37.2171 -15.5037 15.4439 -34.327 -18.1392 14.3469 -31.0838 -20.1325 12.8501 -27.6635 -21.38 11.0262 -24.2062 -21.8437 8.96914 -20.866 -21.5172 6.77878 -17.7785 -20.4373 4.57108 -15.0737 -18.6939 2.412 -12.7968 -16.3739 0.391795 -10.9585 -13.5865 -1.437 -9.52752 -10.45 -3.07064 -8.43707 -7.04382 -4.49905 -7.62213 -3.47237 -5.73982 -6.99807 0.206163 -6.81823 -6.47775 3.95131 -7.76991 -5.97031 7.7615 -8.61819 -5.39119 11.5859 -9.39436 -4.65334 15.3981 -10.1278 -3.67179 19.1638 -10.8096 -2.35736 22.8488 -11.4233 -0.636546 26.3749 -11.9507 1.54885 29.6486 -12.3705 4.22861 32.5493 -12.6593 7.38574 34.9315 -12.796 10.958 36.6478 -12.764 14.8179 37.5565 -12.5562 18.778 37.5515 -12.1817 22.5815 36.597 -11.6601 26.0105 34.7296 -11.0245 28.8396 32.0631 -10.3164 30.8945 28.7777 -9.58693 32.0666 25.1313 -8.86711 32.3592 21.3105 -8.18633 31.8166 17.5099 -7.56286 30.5304 13.8823 -7.00031 28.6033 10.5099 -6.49986 26.1678 7.47312 -6.05023 23.3426 4.78629 -5.63388 20.2308 2.43125 -5.22583 16.8918 0.352935 -4.80348 13.4175 -1.48666 -4.33911 9.86241 -3.15406 -3.80338 6.27176 -4.72082 -3.16271 2.67195 -6.26735 -2.38722 -0.879603 -7.86302 -1.44569 -4.33209 -9.58205 -0.309776 -7.62074 -11.494 1.04186 -10.6604 -13.6583 2.61951 -13.345 -16.1188 4.42901 -15.5479 -18.88 6.46166 -17.1409 -21.8932 8.65614 -18.0279 -25.0633 10.9436 -18.1422 -28.2891 13.2318 -17.4447 -31.4402 15.4171 -15.9393 -34.3743 17.3825 -13.6949 -36.9363 19.0448 -10.8041 -39.0204 20.3244 -7.40546 -40.5289 21.1659 -3.66412 -41.3993 21.5413 0.240924 -41.6077 21.4512 4.14375 -41.1675 20.919 7.89303 -40.1216 1.85095 1.98408 2.09198 2.18056 2.25413 2.31606 2.36924 2.41599 2.45749 2.49399 2.52472 2.54873 2.5652 2.57371 2.57427 2.56651 2.54966 2.52203 2.48118 2.42418 2.34561 2.24609 2.12751 1.99125 1.83799 1.66921 1.48802 1.29797 1.10285 0.907174 0.715421 0.530417 0.353755 0.18656 0.0302934 -0.112951 -0.240167 -0.347974 -0.433582 -0.49513 -0.532384 -0.547028 -0.542106 -0.521507 -0.471717 -0.387596 -0.285389 -0.177835 -0.0740116 0.0208076 0.103475 0.172563 0.227164 0.265702 0.285685 0.283355 0.250237 0.175648 0.0450381 -0.160789 -0.462602 -0.868721 -1.34865 -1.8244 -2.21886 -2.50503 -2.69414 -2.80616 -2.85863 -2.86677 -2.83577 -2.76676 -2.65933 -2.51379 -2.33359 -2.12607 -1.90242 -1.67834 -1.47029 -1.29033 -1.14441 -1.03382 -0.956062 -0.906153 -0.878054 -0.865034 -0.855246 -0.832856 -0.786379 -0.707568 -0.587281 -0.416787 -0.193317 0.0729512 0.351522 0.70408 1.16764 1.56426 1.85629 2.07368 0.108257
19.0452 14.8946 -37.3176 17.4453 17.7198 -35.0726 15.6245 20.0604 -32.4669 13.642 21.8886 -29.5841 11.5525 23.1974 -26.5013 9.39392 23.998 -23.2696 7.22042 24.3018 -19.9639 5.06967 24.135 -16.6336 2.97392 23.5276 -13.3195 0.959732 22.5101 -10.0522 -0.946972 21.1139 -6.86116 -2.72436 19.369 -3.76851 -4.35239 17.3041 -0.793164 -5.80773 14.9543 2.03917 -7.07718 12.3382 4.72379 -8.13681 9.48049 7.24828 -8.96262 6.40591 9.59931 -9.52779 3.16117 11.7492 -9.81468 -0.244114 13.6964 -9.80035 -3.77844 15.4221 -9.46321 -7.40559 16.9053 -8.81308 -11.0679 18.1108 -7.86402 -14.751 19.0181 -6.63387 -18.4169 19.5977 -5.14379 -22.025 19.8216 -3.4047 -25.557 19.6607 -1.4577 -28.9343 19.0879 0.660782 -32.1012 18.0843 2.90759 -34.997 16.6382 5.24636 -37.5704 14.7345 7.60352 -39.7328 12.3923 9.91045 -41.4128 9.6405 12.0914 -42.543 6.52867 14.0687 -43.0647 3.12386 15.7551 -42.9315 -0.469578 17.0714 -42.1221 -4.12839 17.9484 -40.6452 -7.70945 18.334 -38.5501 -11.0497 18.2036 -35.9131 -14.0034 17.5577 -32.8472 -16.4281 16.4273 -29.4924 -18.2064 14.8825 -26.0262 -19.2526 12.9973 -22.5827 -19.5416 10.8657 -19.3062 -19.0773 8.5866 -16.3198 -17.9013 6.27601 -13.7395 -16.1034 4.0008 -11.5994 -13.7641 1.85287 -9.90153 -10.9832 -0.12016 -8.60523 -7.87566 -1.9192 -7.63936 -4.51551 -3.53634 -6.93479 -1.00151 -4.99215 -6.40546 2.61249 -6.31468 -5.96355 6.28883 -7.54415 -5.5181 10.0266 -8.70441 -4.98317 13.7747 -9.82808 -4.27053 17.5043 -10.9306 -3.29094 21.1794 -12.0067 -1.95212 24.7601 -13.0379 -0.178611 28.1605 -14.0007 2.08692 31.2768 -14.8629 4.86841 33.9771 -15.5839 8.1357 36.1056 -16.1217 11.8054 37.5091 -16.4353 15.7213 38.0499 -16.4941 19.6651 37.6391 -16.2875 23.355 36.2755 -15.8266 26.5614 34.034 -15.1436 29.0653 31.0706 -14.2877 30.7177 27.5986 -13.3266 31.4522 23.892 -12.3067 31.3072 20.1315 -11.2736 30.3609 16.4929 -10.2602 28.7281 13.1003 -9.2788 26.5214 10.0066 -8.34159 23.8774 7.26164 -7.44289 20.9096 4.8558 -6.56815 17.713 2.75364 -5.68989 14.338 0.890148 -4.79027 10.87 -0.782344 -3.84571 7.35899 -2.33645 -2.83072 3.84883 -3.84742 -1.7143 0.368792 -5.39785 -0.474639 -3.01766 -7.05805 0.910615 -6.2497 -8.90092 2.457 -9.24935 -10.9918 4.16788 -11.9166 -13.3812 6.04097 -14.1328 -16.0886 8.07298 -15.7776 -19.0748 10.2171 -16.7618 -22.2659 12.4013 -17.0142 -25.5548 14.5533 -16.4941 -28.8335 16.5847 -15.1923 -31.9688 18.4043 -13.1426 -34.8217 19.9178 -10.4414 -37.2458 21.0656 -7.19606 -39.1469 21.7962 -3.55526 -40.4409 22.0821 0.314451 -41.0789 21.921 4.23961 -41.0494 21.3334 8.06519 -40.3759 20.3578 11.6536 -39.1085 2.18822 2.32095 2.42625 2.51056 2.57832 2.63295 2.67744 2.71422 2.74457 2.76891 2.78671 2.79735 2.80033 2.7957 2.78458 2.7666 2.74093 2.7058 2.65862 2.59631 2.51162 2.4077 2.28564 2.14604 1.98882 1.81476 1.62648 1.42728 1.22104 1.01273 0.807525 0.608954 0.419219 0.239959 0.0730767 -0.0790062 -0.2131 -0.325847 -0.414684 -0.478074 -0.516085 -0.530565 -0.524544 -0.501756 -0.447454 -0.356646 -0.246944 -0.132529 -0.0225572 0.0776096 0.164833 0.237745 0.295453 0.336268 0.35738 0.353581 0.315579 0.2306 0.0802246 -0.161097 -0.521264 -1.00623 -1.55839 -2.06576 -2.45185 -2.71261 -2.87517 -2.96532 -3.0014 -2.99722 -2.95627 -2.87837 -2.76202 -2.60679 -2.41581 -2.19667 -1.96148 -1.72726 -1.51201 -1.32946 -1.18622 -1.0835 -1.01842 -0.985616 -0.978862 -0.988291 -0.994751 -0.986017 -0.954973 -0.893001 -0.789097 -0.62925 -0.399946 -0.0974778 0.252325 0.731596 1.35446 1.84212 2.17045 2.40056 0.101373
16.2234 16.5766 -36.7299 14.319 19.2032 -34.4813 12.271 21.3313 -31.8621 10.1371 22.9379 -28.9556 7.9685 24.02 -25.8396 5.7982 24.5903 -22.5672 3.67495 24.6641 -19.216 1.6296 24.2703 -15.8388 -0.31283 23.4414 -12.4795 -2.13331 22.2105 -9.17222 -3.81398 20.612 -5.94919 -5.3412 18.6787 -2.83507 -6.70335 16.4414 0.149283 -7.88659 13.938 2.97683 -8.88281 11.1888 5.64361 -9.67236 8.22102 8.13983 -10.2355 5.06129 10.4553 -10.5513 1.75756 12.5661 -10.6042 -1.68134 14.4743 -10.3751 -5.22521 16.1649 -9.84826 -8.84115 17.6199 -9.03774 -12.4781 18.8051 -7.95124 -16.1255 19.7017 -6.60087 -19.749 20.2811 -5.0018 -23.3095 20.515 -3.15831 -26.7889 20.3736 -1.10679 -30.1084 19.8284 1.12105 -33.2102 18.8587 3.48549 -36.0303 17.4511 5.95286 -38.5133 15.59 8.44892 -40.5666 13.2941 10.9031 -42.116 10.5935 13.2358 -43.0923 7.54016 15.3642 -43.4375 4.20476 17.1949 -43.1099 0.695333 18.6421 -42.0965 -2.86178 19.6314 -40.4174 -6.32239 20.1063 -38.1353 -9.52593 20.0397 -35.3396 -12.3322 19.4311 -32.1544 -14.6081 18.3108 -28.7264 -16.2479 16.7487 -25.2352 -17.1788 14.8181 -21.8111 -17.3851 12.6116 -18.591 -16.8772 10.227 -15.689 -15.6992 7.78028 -13.2107 -13.9382 5.33699 -11.1826 -11.6697 3.00256 -9.58992 -8.9783 0.825514 -8.38627 -5.97135 -1.19934 -7.49766 -2.72013 -3.06565 -6.85293 0.680006 -4.79728 -6.36623 4.17646 -6.42554 -5.9508 7.73118 -7.99631 -5.51716 11.3403 -9.53404 -4.9807 14.9497 -11.0729 -4.25488 18.5254 -12.6245 -3.25085 22.0277 -14.1887 -1.87867 25.4103 -15.745 -0.0660872 28.5827 -17.2639 2.2398 31.437 -18.6996 5.05681 33.84 -19.9896 8.34665 35.6396 -21.064 12.0162 36.691 -21.8482 15.8992 36.8724 -22.2772 19.7685 36.1177 -22.3099 23.3393 34.4546 -21.942 26.3838 31.982 -21.2009 28.6924 28.8773 -20.1449 30.1309 25.3655 -18.8655 30.6525 21.7195 -17.4328 30.3093 18.1095 -15.9193 29.1918 14.6944 -14.382 27.4222 11.5786 -12.8495 25.1157 8.79746 -11.3526 22.4092 6.38124 -9.89548 19.4135 4.30619 -8.46959 16.2196 2.52608 -7.04606 12.8748 0.970404 -5.6158 9.46051 -0.41897 -4.15881 6.02314 -1.72152 -2.653 2.60482 -3.01848 -1.06964 -0.764557 -4.39729 0.605098 -4.01939 -5.93429 2.38469 -7.09396 -7.70667 4.27186 -9.90317 -9.78223 6.2524 -12.3387 -12.2104 8.32457 -14.2777 -14.9847 10.468 -15.6074 -18.0488 12.619 -16.2508 -21.3212 14.6964 -16.1532 -24.6867 16.6252 -15.2914 -28.0316 18.322 -13.6763 -31.2196 19.7086 -11.3599 -34.1115 20.7143 -8.45451 -36.5632 21.3021 -5.07402 -38.4843 21.4481 -1.36917 -39.7944 21.1516 2.49724 -40.4474 20.4352 6.35992 -40.4327 19.3385 10.0742 -39.7729 17.9144 13.5132 -38.5161 2.47021 2.61537 2.7286 2.81814 2.88921 2.94546 2.98987 3.02472 3.05113 3.06947 3.07929 3.08014 3.0718 3.05511 3.03167 3.00141 2.96374 2.91708 2.85903 2.78628 2.69207 2.58101 2.45351 2.30951 2.1482 1.96968 1.77586 1.5695 1.35419 1.13493 0.917309 0.705443 0.502173 0.309773 0.130741 -0.0320005 -0.174916 -0.294535 -0.388419 -0.455286 -0.495453 -0.510899 -0.504588 -0.480015 -0.421714 -0.324682 -0.206818 -0.0844762 0.0324076 0.138393 0.230423 0.307291 0.368229 0.411524 0.434114 0.42976 0.388273 0.294284 0.123932 -0.15852 -0.594128 -1.18501 -1.82488 -2.35791 -2.72577 -2.95698 -3.09367 -3.16536 -3.19031 -3.1801 -3.13612 -3.0563 -2.93703 -2.77541 -2.57206 -2.33304 -2.07116 -1.80666 -1.56391 -1.36226 -1.21076 -1.11054 -1.05726 -1.04393 -1.06313 -1.09611 -1.12642 -1.14536 -1.14747 -1.12672 -1.07509 -0.98034 -0.824468 -0.584468 -0.247288 0.349922 1.25988 1.95406 2.37498 2.64692 0.0870885
15.6318 17.2758 -36.5495 13.3813 19.6766 -34.3692 11.0338 21.5528 -31.8095 8.65349 22.8937 -28.9601 6.29341 23.7088 -25.9026 3.98395 24.0218 -22.6912 1.77032 23.8594 -19.4022 -0.322626 23.2574 -16.0854 -2.27629 22.2528 -12.781 -4.07768 20.8798 -9.51957 -5.71413 19.172 -6.32997 -7.17617 17.1598 -3.2346 -8.45518 14.8703 -0.253109 -9.53954 12.337 2.58741 -10.4192 9.57709 5.28403 -11.0766 6.61491 7.82484 -11.4937 3.47455 10.1969 -11.6518 0.201818 12.3727 -11.5361 -3.19547 14.3513 -11.1287 -6.68752 16.1146 -10.4267 -10.2459 17.6361 -9.43985 -13.8192 18.8796 -8.17063 -17.3946 19.8253 -6.62808 -20.9338 20.4439 -4.82576 -24.3938 20.707 -2.76618 -27.7506 20.5865 -0.488764 -30.9219 20.056 1.97177 -33.8467 19.0989 4.57155 -36.4599 17.707 7.27332 -38.706 15.8708 9.99613 -40.4988 13.6146 12.6645 -41.7722 10.9736 15.1948 -42.4689 8.00219 17.5021 -42.5444 4.77028 19.4911 -41.9721 1.38041 21.0758 -40.7524 -2.05112 22.1819 -38.9152 -5.39407 22.7521 -36.5282 -8.5042 22.7577 -33.6788 -11.2566 22.1945 -30.484 -13.5309 21.0877 -27.0797 -15.2282 19.5018 -23.6323 -16.2752 17.506 -20.2603 -16.6502 15.1903 -17.0911 -16.3524 12.6527 -14.2324 -15.4118 10.0147 -11.7869 -13.8986 7.34492 -9.78281 -11.8775 4.74275 -8.21482 -9.42804 2.27296 -7.04142 -6.64356 -0.0643366 -6.19479 -3.5972 -2.25535 -5.60855 -0.385427 -4.32109 -5.20093 2.93529 -6.29208 -4.88858 6.32313 -8.21751 -4.58597 9.77015 -10.1211 -4.21034 13.2221 -12.0391 -3.6769 16.6451 -13.9937 -2.8982 19.9999 -15.9943 -1.78285 23.2442 -18.0258 -0.252256 26.2941 -20.0602 1.75693 29.0501 -22.0479 4.27851 31.3872 -23.9126 7.29582 33.1604 -25.5631 10.7398 34.2284 -26.8929 14.468 34.4681 -27.7989 18.2716 33.807 -28.1996 21.873 32.2621 -28.0631 25.039 29.9221 -27.3988 27.5444 26.9557 -26.2637 29.233 23.5826 -24.766 30.0316 20.0724 -22.9999 29.9754 16.5967 -21.0668 29.1405 13.3152 -19.0527 27.6404 10.3327 -17.008 25.5875 7.68539 -14.9871 23.1157 5.40276 -13.0099 20.3365 3.46106 -11.0784 17.343 1.81463 -9.1674 14.1858 0.395175 -7.27082 10.9481 -0.851208 -5.36966 7.67721 -2.00096 -3.44235 4.41525 -3.13216 -1.45869 1.19113 -4.32842 0.593419 -1.93381 -5.66434 2.72742 -4.89999 -7.21645 4.94589 -7.63108 -9.05511 7.23418 -10.0296 -11.2372 9.57555 -11.98 -13.7796 11.947 -13.3626 -16.646 14.2821 -14.0971 -19.7696 16.4951 -14.1207 -23.0489 18.5056 -13.3983 -26.3787 20.2233 -11.9265 -29.6243 21.5629 -9.74375 -32.6397 22.4488 -6.95273 -35.2644 22.8422 -3.66654 -37.3881 22.7229 -0.0418588 -38.9083 22.1004 3.7465 -39.7593 21.0138 7.51853 -39.9169 19.5228 11.1159 -39.3977 17.7018 14.4027 -38.2509 2.6609 2.83101 2.95569 3.04832 3.11717 3.16801 3.20535 3.2326 3.25166 3.26343 3.26779 3.26442 3.2531 3.23484 3.21005 3.17834 3.1388 3.08945 3.0275 2.94735 2.84564 2.72691 2.59088 2.4369 2.26366 2.0709 1.86061 1.63597 1.40133 1.16284 0.927214 0.699409 0.48273 0.279624 0.092553 -0.0757847 -0.222239 -0.343832 -0.438616 -0.505639 -0.545288 -0.55933 -0.55029 -0.521156 -0.457289 -0.353368 -0.227594 -0.0944207 0.0343227 0.152525 0.256622 0.345186 0.417444 0.471765 0.505229 0.512203 0.482629 0.400703 0.239851 -0.0448198 -0.516935 -1.2026 -1.95643 -2.55055 -2.93056 -3.15577 -3.28404 -3.3503 -3.37452 -3.36761 -3.33014 -3.25918 -3.14974 -2.99641 -2.79592 -2.5495 -2.26623 -1.96783 -1.68317 -1.44003 -1.25359 -1.12723 -1.05618 -1.03196 -1.04563 -1.08124 -1.12047 -1.15168 -1.17108 -1.17532 -1.16087 -1.12234 -1.05078 -0.931117 -0.742667 -0.282068 0.741487 1.74793 2.36285 2.73064 0.0287675
13.136 20.3568 -35.1649 10.66 22.5878 -33.0498 8.1369 24.3043 -30.5456 5.63041 25.4934 -27.7374 3.19277 26.1608 -24.705 0.853656 26.3253 -21.5041 -1.34222 26.0115 -18.2141 -3.37161 25.2537 -14.8897 -5.21837 24.0889 -11.5765 -6.87268 22.5532 -8.30972 -8.32622 20.683 -5.12262 -9.57463 18.5125 -2.04069 -10.6151 16.073 0.914527 -11.4434 13.4026 3.71546 -12.0554 10.5227 6.36005 -12.4396 7.46207 8.83942 -12.5837 4.24838 11.1446 -12.4767 0.92991 13.2532 -12.1072 -2.48524 15.1689 -11.4622 -5.96796 16.879 -10.5377 -9.49097 18.3634 -9.34469 -13.0066 19.5906 -7.88307 -16.5056 20.5439 -6.16001 -19.9544 21.1963 -4.18641 -23.3142 21.5207 -1.9604 -26.5652 21.4888 0.480704 -29.6299 21.072 3.10542 -32.4512 20.2498 5.87244 -34.9667 19.0087 8.74703 -37.1225 17.3335 11.647 -38.8335 15.2407 14.4947 -40.034 12.7575 17.2024 -40.6658 9.93134 19.6789 -40.6839 6.82638 21.8212 -40.062 3.54031 23.5355 -38.8016 0.186624 24.7397 -36.9348 -3.10564 25.371 -34.5327 -6.19231 25.3974 -31.6863 -8.94773 24.8146 -28.5157 -11.2506 23.6497 -25.1581 -13.0014 21.9723 -21.779 -14.1253 19.8561 -18.494 -14.5997 17.3966 -15.4258 -14.4217 14.6967 -12.6761 -13.6178 11.884 -10.3407 -12.2526 9.02918 -8.4441 -10.3866 6.22715 -6.99129 -8.09147 3.55896 -5.94419 -5.44301 1.02639 -5.2331 -2.5206 -1.35571 -4.78854 0.575811 -3.61108 -4.52766 3.78608 -5.7743 -4.36728 7.06551 -7.90067 -4.22412 10.403 -10.0175 -4.01623 13.7431 -12.1658 -3.66088 17.0506 -14.3762 -3.07378 20.2833 -16.6653 -2.16483 23.3987 -19.0216 -0.854128 26.3144 -21.4189 0.924846 28.9335 -23.8046 3.21219 31.1354 -26.0932 6.00156 32.7807 -28.1787 9.23679 33.7345 -29.932 12.7907 33.88 -31.2222 16.4687 33.15 -31.9361 20.0039 31.5654 -32.0186 23.1653 29.2167 -31.4622 25.7236 26.2734 -30.3181 27.5124 22.9555 -28.7032 28.4436 19.531 -26.7279 28.5405 16.1707 -24.5146 27.8688 13.0319 -22.1709 26.5352 10.2156 -19.7645 24.6494 7.75467 -17.3674 22.3428 5.67195 -15.0102 19.7274 3.93797 -12.7016 16.8973 2.5015 -10.4166 13.9061 1.29047 -8.15579 10.8366 0.241743 -5.90029 7.73696 -0.727662 -3.62796 4.65127 -1.70212 -1.30732 1.61271 -2.77107 1.07032 -1.31273 -4.01595 3.51307 -4.05793 -5.51862 6.01341 -6.53707 -7.35254 8.54047 -8.64231 -9.57342 11.0644 -10.2565 -12.1762 13.5389 -11.2743 -15.1075 15.8836 -11.6298 -18.2894 18.0052 -11.2802 -21.6103 19.8228 -10.2122 -24.958 21.2534 -8.44598 -28.1961 22.227 -6.04075 -31.1825 22.6926 -3.11324 -33.7664 22.6341 0.221474 -35.8496 22.0558 3.81338 -37.3421 20.9888 7.50271 -38.187 19.489 11.1294 -38.3638 17.6262 14.5553 -37.8872 15.4808 17.6615 -36.7995 2.69043 2.86365 2.99044 3.08602 3.15885 3.2143 3.25622 3.2873 3.3088 3.32114 3.32393 3.31681 3.29968 3.27368 3.23979 3.19805 3.148 3.08807 3.0158 2.92662 2.81699 2.69192 2.55067 2.392 2.21388 2.01527 1.79738 1.56285 1.31591 1.06315 0.812272 0.569335 0.338663 0.123479 -0.0732437 -0.248585 -0.399431 -0.523055 -0.617871 -0.683273 -0.719883 -0.729557 -0.714764 -0.678415 -0.60614 -0.492582 -0.356012 -0.20914 -0.0675814 0.0619196 0.175658 0.272465 0.352027 0.413212 0.453599 0.468382 0.447678 0.375522 0.223169 -0.0631468 -0.573701 -1.36968 -2.24688 -2.88512 -3.25954 -3.46894 -3.58394 -3.64202 -3.66332 -3.65779 -3.62497 -3.56112 -3.46015 -3.31482 -3.11875 -2.86901 -2.57101 -2.24596 -1.93034 -1.66214 -1.46273 -1.3365 -1.27683 -1.2729 -1.3139 -1.37487 -1.43817 -1.49512 -1.54301 -1.58047 -1.60665 -1.61948 -1.61318 -1.57455 -1.47882 -1.11894 0.0275903 1.50245 2.31701 2.73378 0.0137586
12.0317 22.1505 -32.9621 9.29418 24.1505 -30.9402 6.54134 25.6386 -28.5338 3.83935 26.606 -25.8235 1.24192 27.0615 -22.886 -1.22142 27.0249 -19.7756 -3.50555 26.5225 -16.5702 -5.58854 25.5896 -13.3244 -7.45621 24.2634 -10.0844 -9.1013 22.5798 -6.88649 -10.5184 20.5758 -3.76507 -11.7066 18.2852 -0.746886 -12.6665 15.7394 2.14528 -13.3979 12.9767 4.88292 -13.9001 10.0189 7.46395 -14.1646 6.89631 9.88091 -14.1824 3.63765 12.1266 -13.9461 0.292054 14.1811 -13.4465 -3.13235 16.0503 -12.6727 -6.60651 17.7239 -11.6201 -10.1029 19.1857 -10.2999 -13.5751 20.4063 -8.71027 -17.0147 21.3709 -6.85714 -20.3892 22.0546 -4.74976 -23.6611 22.4318 -2.3833 -26.8112 22.4763 0.205964 -29.7643 22.1597 2.98857 -32.4651 21.4616 5.925 -34.8535 20.3673 8.98298 -36.8771 18.8604 12.0799 -38.4544 16.9528 15.1376 -39.5225 14.6666 18.0663 -40.0265 12.0425 20.7721 -39.9245 9.13688 23.1462 -39.1935 6.03789 25.088 -37.8379 2.84944 26.5075 -35.8925 -0.308843 27.332 -33.4305 -3.30125 27.5213 -30.5439 -6.0081 27.062 -27.3537 -8.31181 25.9743 -23.9973 -10.1137 24.3222 -20.6399 -11.336 22.1778 -17.3968 -11.9513 19.6364 -14.3907 -11.95 16.8038 -11.7235 -11.351 13.8144 -9.49019 -10.2088 10.7444 -7.71638 -8.57854 7.69138 -6.41578 -6.52498 4.76194 -5.53382 -4.10206 1.96881 -5.00114 -1.38642 -0.668019 -4.74706 1.51914 -3.17249 -4.68922 4.5498 -5.58162 -4.74542 7.6567 -7.95636 -4.83559 10.8242 -10.327 -4.87796 13.9959 -12.7392 -4.79133 17.135 -15.2328 -4.49428 20.1968 -17.8311 -3.89649 23.1402 -20.5256 -2.91355 25.8871 -23.2911 -1.47176 28.3455 -26.0719 0.48048 30.4017 -28.7726 2.95334 31.9237 -31.2716 5.90985 32.7837 -33.417 9.24376 32.8711 -35.0498 12.7792 32.1229 -36.0266 16.2614 30.5615 -36.2713 19.4608 28.2765 -35.7621 22.141 25.4347 -34.5492 24.1201 22.252 -32.7626 25.2885 18.9894 -30.5313 25.6526 15.8127 -28.0003 25.2623 12.8726 -25.2996 24.2127 10.2636 -22.5128 22.6078 8.01387 -19.7284 20.5732 6.13984 -16.9866 18.2195 4.6083 -14.3011 15.6414 3.36559 -11.6464 12.8964 2.33977 -9.02836 10.0662 1.46293 -6.42769 7.20068 0.650349 -3.82158 4.34641 -0.183836 -1.17749 1.54026 -1.12998 1.50996 -1.14962 -2.27156 4.2443 -3.65313 -3.69177 7.00996 -5.88202 -5.46496 9.76401 -7.72757 -7.64659 12.4795 -9.06302 -10.2143 15.0987 -9.78837 -13.1065 17.5299 -9.85014 -16.2424 19.6714 -9.22159 -19.5091 21.4384 -7.90467 -22.7946 22.7484 -5.93495 -25.9656 23.5368 -3.38439 -28.8853 23.7636 -0.378023 -31.41 23.4234 2.96768 -33.4482 22.5338 6.50581 -34.9157 21.139 10.0843 -35.7599 19.3076 13.554 -35.9612 17.1195 16.7887 -35.5329 14.6642 19.6812 -34.5135 2.41836 2.58902 2.71127 2.80247 2.87168 2.92439 2.96436 2.99408 3.01453 3.02589 3.02754 3.01896 2.99992 2.97143 2.93451 2.88936 2.83565 2.77196 2.69595 2.60359 2.4911 2.36377 2.22053 2.05972 1.87873 1.67574 1.45116 1.20691 0.946902 0.678018 0.408952 0.147045 -0.102128 -0.334324 -0.545867 -0.733481 -0.894017 -1.02497 -1.12513 -1.19423 -1.23302 -1.24327 -1.22707 -1.18678 -1.1083 -0.985286 -0.835268 -0.6703 -0.509793 -0.362709 -0.233285 -0.12263 -0.0306333 0.0421195 0.0938364 0.121018 0.11419 0.0579345 -0.0774329 -0.353612 -0.895276 -1.83112 -2.867 -3.54017 -3.8952 -4.08114 -4.17884 -4.22642 -4.24334 -4.23799 -4.209 -4.1521 -4.0607 -3.9264 -3.74034 -3.49503 -3.18958 -2.83976 -2.48737 -2.18294 -1.95802 -1.82 -1.76062 -1.76624 -1.82362 -1.90106 -1.98164 -2.0573 -2.12627 -2.18885 -2.24663 -2.3007 -2.34893 -2.38253 -2.3813 -2.18756 -1.2865 0.758437 1.96364 2.44927 0.0100886
12.805 25.4889 -32.241 9.87435 27.263 -30.2801 6.94711 28.5225 -27.9502 4.09028 29.2638 -25.3288 1.35755 29.4993 -22.4899 -1.22261 29.2505 -19.4857 -3.60539 28.5466 -16.392 -5.77019 27.4239 -13.2619 -7.70436 25.92 -10.1407 -9.40228 24.071 -7.0641 -10.8601 21.9136 -4.06609 -12.0782 19.4813 -1.17327 -13.0587 16.8053 1.5916 -13.8024 13.9237 4.20031 -14.3105 10.8576 6.65043 -14.5748 7.6383 8.9371 -14.5867 4.29571 11.0559 -14.3387 0.880245 12.9906 -13.8216 -2.59963 14.7493 -13.0243 -6.11402 16.3251 -11.9387 -9.6326 17.7073 -10.5744 -13.1079 18.8692 -8.92831 -16.5308 19.7978 -7.00494 -19.868 20.4706 -4.81247 -23.0815 20.8644 -2.34424 -26.1514 20.9558 0.363676 -29.0038 20.7183 3.28255 -31.5848 20.1327 6.37342 -33.8371 19.1846 9.60552 -35.7105 17.8579 12.8955 -37.1291 16.1602 16.1645 -38.0348 14.1085 19.3218 -38.3782 11.7355 22.2709 -38.1221 9.08757 24.8985 -37.2484 6.24024 27.0972 -35.7651 3.28388 28.7682 -33.7094 0.324852 29.8278 -31.1561 -2.51311 30.2248 -28.1981 -5.11836 29.9345 -24.9568 -7.37794 28.9675 -21.5709 -9.19347 27.381 -18.207 -10.4827 25.2452 -14.9817 -11.2113 22.6572 -12.0195 -11.3612 19.7283 -9.42303 -10.9416 16.6026 -7.28637 -9.99619 13.3659 -5.63437 -8.57368 10.1202 -4.48853 -6.73449 6.9775 -3.80195 -4.525 3.96297 -3.50193 -2.01848 1.10524 -3.50961 0.682085 -1.61688 -3.73694 3.51033 -4.24066 -4.09751 6.41647 -6.83071 -4.51064 9.38325 -9.41895 -4.89032 12.3561 -12.0546 -5.15335 15.2996 -14.7805 -5.21577 18.1714 -17.6279 -4.98676 20.9304 -20.5894 -4.37461 23.5045 -23.639 -3.29629 25.8084 -26.7161 -1.68742 27.7358 -29.7155 0.478735 29.1629 -32.5018 3.1828 29.9694 -34.9045 6.33649 30.0511 -36.7442 9.7786 29.3491 -37.8581 13.2619 27.8849 -38.1585 16.5551 25.7443 -37.6194 19.4118 23.086 -36.2956 21.6333 20.1145 -34.3316 23.0864 17.0759 -31.8722 23.7596 14.1262 -29.08 23.6857 11.4058 -26.1004 22.9469 9.00194 -23.0273 21.6409 6.93943 -19.9595 19.8871 5.23142 -16.9417 17.7958 3.84497 -13.9893 15.4636 2.72836 -11.074 12.9538 1.81336 -8.20521 10.3483 1.02972 -5.36072 7.70203 0.294137 -2.51517 5.06733 -0.477716 0.366957 2.48855 -1.37445 3.29067 0.0401175 -2.47814 6.2578 -2.2005 -3.86988 9.24778 -4.13822 -5.62098 12.2084 -5.65943 -7.7822 15.0974 -6.64774 -10.3174 17.8402 -7.02546 -13.161 20.3401 -6.7515 -16.2308 22.4931 -5.81354 -19.4146 24.2154 -4.22593 -22.6028 25.4279 -2.03625 -25.6666 26.0723 0.67433 -28.4753 26.118 3.77505 -30.8934 25.5684 7.14965 -32.836 24.4506 10.6545 -34.2254 22.8181 14.144 -35.0137 20.7476 17.4783 -35.1843 18.3256 20.541 -34.7508 15.6468 23.2351 -33.7509 1.78521 1.93403 2.04043 2.1198 2.17993 2.22556 2.26 2.28536 2.30231 2.31079 2.31 2.2993 2.27838 2.24798 2.20937 2.16292 2.10845 2.04465 1.96929 1.87908 1.76927 1.64499 1.50488 1.34689 1.16776 0.964793 0.737281 0.486041 0.214231 -0.0712144 -0.360527 -0.644644 -0.91615 -1.16925 -1.3992 -1.6022 -1.77508 -1.91565 -2.02321 -2.09791 -2.14071 -2.15326 -2.13724 -2.09439 -2.01079 -1.87908 -1.71614 -1.533 -1.35111 -1.18266 -1.03344 -0.905192 -0.797742 -0.711306 -0.647085 -0.607766 -0.601075 -0.641986 -0.759781 -1.02046 -1.57838 -2.64701 -3.82926 -4.5125 -4.8411 -5.00436 -5.08681 -5.12522 -5.13787 -5.13143 -5.10381 -5.05059 -4.96515 -4.839 -4.66245 -4.42579 -4.12361 -3.76388 -3.38975 -3.05991 -2.81525 -2.66741 -2.60817 -2.62252 -2.69602 -2.78817 -2.88212 -2.97245 -3.05811 -3.14067 -3.22337 -3.30922 -3.39763 -3.48115 -3.54092 -3.463 -2.90736 -0.44231 1.3824 1.87043 0.0362381
13.927 29.6314 -31.4382 10.9167 31.3103 -29.5145 7.89826 32.4677 -27.249 4.93948 33.102 -24.714 2.09551 33.2265 -21.9792 -0.603776 32.863 -19.0938 -3.11056 32.042 -16.1296 -5.40177 30.8006 -13.1374 -7.46239 29.1775 -10.1601 -9.28474 27.2099 -7.23184 -10.863 24.9361 -4.38465 -12.1962 22.3912 -1.64339 -13.2851 19.608 0.971009 -14.1293 16.6266 3.43288 -14.7335 13.4663 5.73714 -15.09 10.1592 7.88157 -15.1902 6.7358 9.86462 -15.0265 3.24729 11.6739 -14.5903 -0.298221 13.3198 -13.8705 -3.87093 14.7987 -12.8562 -7.43913 16.1059 -11.5529 -10.9532 17.2202 -9.95748 -14.4052 18.1294 -8.07389 -17.763 18.8122 -5.90911 -20.9901 19.2462 -3.45497 -24.0683 19.409 -0.745201 -26.9256 19.2739 2.19384 -29.5104 18.8206 5.32587 -31.7674 18.0326 8.62342 -33.6492 16.8916 12.0057 -35.0816 15.3996 15.3966 -36.0085 13.5666 18.7069 -36.3813 11.4171 21.8414 -36.1631 8.98782 24.6854 -35.3341 6.34222 27.1283 -33.8994 3.55864 29.0651 -31.8914 0.731823 30.4022 -29.3792 -2.02447 31.0768 -26.4497 -4.60477 31.0503 -23.2193 -6.89825 30.3183 -19.8239 -8.80361 28.9234 -16.4304 -10.2297 26.9271 -13.1598 -11.1311 24.4211 -10.1437 -11.4756 21.5169 -7.49526 -11.2586 18.3649 -5.31983 -10.5093 15.0619 -3.65234 -9.26884 11.7223 -2.52576 -7.59324 8.45925 -1.9088 -5.54336 5.3198 -1.72149 -3.18354 2.34353 -1.87839 -0.618983 -0.485535 -2.28518 2.08129 -3.20307 -2.84985 4.86626 -5.87507 -3.48888 7.71808 -8.53519 -4.11105 10.5847 -11.236 -4.62961 13.4337 -14.0244 -4.95674 16.2264 -16.9402 -5.00029 18.9224 -19.979 -4.66023 21.4565 -23.1163 -3.84349 23.7501 -26.2918 -2.47318 25.7023 -29.397 -0.507941 27.1925 -32.2906 2.04698 28.101 -34.7929 5.11542 28.3204 -36.7139 8.54307 27.7851 -37.8804 12.0816 26.5062 -38.1987 15.4914 24.5595 -37.6413 18.5119 22.093 -36.2666 20.9276 19.3015 -34.2276 22.5863 16.4217 -31.6776 23.4651 13.6061 -28.7871 23.5874 10.9922 -25.708 23.0297 8.66607 -22.5377 21.8884 6.6538 -19.3772 20.2817 4.97023 -16.2715 18.3219 3.58563 -13.2349 16.109 2.452 -10.2401 13.7089 1.50072 -7.29497 11.207 0.663952 -4.37455 8.66482 -0.138046 -1.45087 6.14141 -0.986021 1.51376 3.68924 -1.96515 4.52475 1.39044 -3.1528 7.58299 -0.66924 -4.62455 10.6648 -2.3872 -6.44453 13.7168 -3.6443 -8.64794 16.6862 -4.32124 -11.1925 19.4823 -4.36747 -14.0087 22.0071 -3.75727 -17.009 24.1585 -2.4958 -20.0801 25.8573 -0.612005 -23.1161 27.0305 1.83331 -25.9962 27.6261 4.74982 -28.6021 27.6198 8.00158 -30.8134 27.0183 11.4741 -32.5581 25.8506 15.0278 -33.7709 24.1697 18.5242 -34.4136 22.0501 21.8314 -34.4756 19.5755 24.841 -33.973 16.8374 27.4631 -32.9426 0.557365 0.692587 0.792656 0.869009 0.927715 0.972755 1.00709 1.03263 1.04989 1.05875 1.05833 1.04801 1.02758 0.997346 0.959126 0.913493 0.860485 0.799004 0.727018 0.642029 0.539199 0.422241 0.289858 0.139889 -0.0311568 -0.226557 -0.447955 -0.695733 -0.967957 -1.25851 -1.55752 -1.85491 -2.14171 -2.41055 -2.65547 -2.87194 -3.05655 -3.20718 -3.32345 -3.40574 -3.45514 -3.4732 -3.46126 -3.42046 -3.33764 -3.20403 -3.03444 -2.84086 -2.64323 -2.45787 -2.29243 -2.14968 -2.02975 -1.93275 -1.85946 -1.81191 -1.79585 -1.8259 -1.92936 -2.16907 -2.69989 -3.77919 -5.03946 -5.75702 -6.09084 -6.25296 -6.33346 -6.37028 -6.38196 -6.37473 -6.34647 -6.29294 -6.20787 -6.0833 -5.91037 -5.68026 -5.38623 -5.037 -4.67339 -4.35073 -4.10936 -3.96294 -3.90569 -3.92453 -4.00371 -4.10895 -4.21332 -4.31313 -4.40809 -4.50073 -4.5953 -4.69571 -4.80154 -4.90428 -4.98247 -4.93045 -4.44179 -1.50682 0.29706 0.701112 0.0633346
15.8563 31.2909 -30.5712 12.7195 32.9272 -28.8203 9.55959 34.0435 -26.7343 6.44692 34.6386 -24.3806 3.43992 34.7262 -21.8247 0.570379 34.3277 -19.1133 -2.11035 33.474 -16.3153 -4.57711 32.2021 -13.4795 -6.81294 30.5507 -10.6478 -8.80895 28.5569 -7.85344 -10.5579 26.2589 -5.1281 -12.0577 23.6914 -2.49612 -13.308 20.887 0.0214959 -14.3068 17.8855 2.39974 -15.0595 14.7052 4.6314 -15.5601 11.376 6.71223 -15.7991 7.9295 8.64232 -15.7669 4.41689 10.4121 -15.4547 0.847402 12.0336 -14.8503 -2.74951 13.5063 -13.9416 -6.34061 14.8275 -12.726 -9.8721 15.986 -11.2008 -13.3351 16.9695 -9.36858 -16.6986 17.7573 -7.2363 -19.9259 18.3274 -4.7944 -23.0006 18.6592 -2.07584 -25.8516 18.7248 0.895119 -28.4305 18.5031 4.08361 -30.6842 17.9759 7.46579 -32.5686 17.1229 10.9631 -34.0126 15.9395 14.5027 -34.9627 14.4274 17.9975 -35.3715 12.601 21.3542 -35.2018 10.4847 24.4561 -34.4316 8.12692 27.1884 -33.0615 5.59071 29.4375 -31.1182 2.95646 31.0966 -28.6642 0.325623 32.0882 -25.7807 -2.20359 32.3564 -22.5801 -4.52313 31.8796 -19.197 -6.52872 30.6847 -15.8005 -8.1198 28.8253 -12.5166 -9.23934 26.389 -9.48384 -9.8408 23.4888 -6.82286 -9.90433 20.283 -4.64583 -9.44266 16.8797 -2.99243 -8.48752 13.406 -1.89812 -7.08551 9.98242 -1.34763 -5.29501 6.67133 -1.26156 -3.17619 3.52528 -1.54806 -0.835271 0.53431 -2.10692 1.65521 -2.3352 -2.84141 4.24098 -5.151 -3.66593 6.90038 -7.94802 -4.48569 9.58095 -10.7821 -5.21213 12.2494 -13.7036 -5.75554 14.8668 -16.7589 -6.02398 17.3897 -19.9455 -5.91239 19.7572 -23.2391 -5.32098 21.8958 -26.5765 -4.1639 23.7108 -29.8435 -2.38851 25.0892 -32.8895 0.0114752 25.9184 -35.5229 2.97094 26.0979 -37.5404 6.34352 25.5679 -38.7574 9.88373 24.3418 -39.0749 13.3486 22.4947 -38.4653 16.4697 20.1699 -36.9934 19.0204 17.5536 -34.8244 20.8349 14.8694 -32.1226 21.8807 12.26 -29.0697 22.1724 9.85234 -25.8261 21.7805 7.72444 -22.494 20.7984 5.898 -19.1787 19.3419 4.3839 -15.9262 17.5233 3.1522 -12.75 15.4441 2.15651 -9.62243 13.1714 1.32741 -6.54963 10.7926 0.597931 -3.50345 8.3727 -0.109182 -0.45301 5.97529 -0.871894 2.64231 3.65807 -1.77211 5.78881 1.50786 -2.88437 8.9872 -0.3846 -4.28082 12.2114 -1.91258 -6.0218 15.4056 -2.9565 -8.13312 18.5037 -3.41606 -10.5704 21.4116 -3.25322 -13.2666 24.031 -2.45063 -16.1377 26.2605 -1.02127 -19.0768 28.0221 1.00093 -21.9852 29.244 3.55204 -24.751 29.8749 6.54123 -27.2646 29.89 9.83444 -29.4136 29.2954 13.3217 -31.1311 28.1183 16.8686 -32.3547 26.4099 20.3423 -33.0462 24.2432 23.6162 -33.1927 21.701 26.5862 -32.8056 18.8745 29.1658 -31.916 -1.63762 -1.47676 -1.36146 -1.27512 -1.20942 -1.15914 -1.12055 -1.09126 -1.07046 -1.0581 -1.05496 -1.06152 -1.07794 -1.10396 -1.13813 -1.17932 -1.22734 -1.28319 -1.34881 -1.42671 -1.52023 -1.62813 -1.7516 -1.89289 -2.05572 -2.24394 -2.46024 -2.70639 -2.98199 -3.28205 -3.59671 -3.91451 -4.22425 -4.51613 -4.78225 -5.01701 -5.21661 -5.37922 -5.50493 -5.59469 -5.64986 -5.67203 -5.66227 -5.62114 -5.53673 -5.39901 -5.22072 -5.01293 -4.79613 -4.59057 -4.40614 -4.24679 -4.11288 -4.00423 -3.92106 -3.86455 -3.83867 -3.85784 -3.9487 -4.1756 -4.71234 -5.89896 -7.2714 -7.97354 -8.27919 -8.42235 -8.49105 -8.52082 -8.52884 -8.51984 -8.49116 -8.43837 -8.35512 -8.23334 -8.06377 -7.83643 -7.54024 -7.18267 -6.80481 -6.46674 -6.21409 -6.06292 -6.00756 -6.0345 -6.12441 -6.23787 -6.34869 -6.45405 -6.55384 -6.65094 -6.74996 -6.85486 -6.96459 -7.06942 -7.14728 -7.10018 -6.70433 -4.69442 -2.10266 -1.52364 0.0863743
16.3448 30.1849 -31.5685 13.1742 31.9678 -30.0356 9.9657 33.2523 -28.128 6.79408 34.0311 -25.9107 3.72194 34.3101 -23.4476 0.785952 34.1034 -20.7865 -1.95694 33.4336 -17.9987 -4.4769 32.3325 -15.1384 -6.75408 30.8358 -12.2541 -8.77839 28.9792 -9.38659 -10.5433 26.801 -6.57459 -12.0491 24.3368 -3.84913 -13.2987 21.6198 -1.23694 -14.2942 18.6906 1.23098 -15.0456 15.5675 3.54274 -15.5492 12.2849 5.69515 -15.7975 8.87667 7.69135 -15.7834 5.39663 9.52414 -15.5003 1.85436 11.21 -14.9381 -1.7198 12.7525 -14.0855 -5.29424 14.1546 -12.9381 -8.81465 15.4113 -11.4904 -12.2747 16.5164 -9.74571 -15.6477 17.4477 -7.70864 -18.9034 18.1823 -5.36759 -22.0301 18.6999 -2.74852 -24.9614 18.9698 0.130962 -27.6509 18.9689 3.24516 -30.0469 18.6764 6.57894 -32.1049 18.0703 10.0639 -33.75 17.1397 13.6357 -34.923 15.8815 17.2147 -35.5699 14.3036 20.7127 -35.6452 12.4241 24.0163 -35.117 10.2835 27.0105 -33.9755 7.93696 29.5793 -32.2368 5.4566 31.6094 -29.9524 2.93543 33.0154 -27.1941 0.463496 33.7294 -24.0654 -1.85968 33.7145 -20.6929 -3.93847 32.9752 -17.2403 -5.67855 31.5444 -13.8304 -7.02772 29.4832 -10.6029 -7.93871 26.8781 -7.6854 -8.38351 23.8648 -5.20578 -8.35414 20.543 -3.21792 -7.86127 17.0421 -1.772 -6.92197 13.4933 -0.884077 -5.56273 9.9952 -0.534279 -3.80181 6.64882 -0.662388 -1.74153 3.47577 -1.17081 0.524152 0.459418 -1.95148 2.92245 -2.46472 -2.90272 5.41746 -5.33651 -3.91175 7.95029 -8.22371 -4.87458 10.4835 -11.1907 -5.68933 12.9763 -14.298 -6.25583 15.3837 -17.5628 -6.46704 17.635 -20.9667 -6.21461 19.6647 -24.4516 -5.40571 21.389 -27.9084 -3.97998 22.7091 -31.1963 -1.92033 23.5296 -34.1372 0.729278 23.7664 -36.5413 3.85765 23.3676 -38.2243 7.26716 22.3379 -39.073 10.7606 20.7274 -39.0184 14.1009 18.6399 -38.066 17.061 16.2216 -36.3157 19.4313 13.6682 -33.8949 21.1196 11.1203 -30.9709 22.0681 8.72175 -27.7191 22.284 6.58129 -24.2764 21.8218 4.75455 -20.7925 20.7741 3.2818 -17.3548 19.2542 2.15279 -14.0073 17.3774 1.33094 -10.7358 15.2326 0.755211 -7.55543 12.9195 0.345637 -4.43551 10.5139 0.00898665 -1.33562 8.08601 -0.351809 1.79709 5.69638 -0.838336 4.97996 3.43269 -1.54966 8.22098 1.38481 -2.58064 11.4957 -0.343586 -4.0123 14.7377 -1.63884 -5.89961 17.8663 -2.40336 -8.2184 20.8012 -2.56974 -10.8848 23.4555 -2.10093 -13.7975 25.7365 -0.998194 -16.8361 27.5739 0.709047 -19.8956 28.9007 2.96253 -22.8643 29.6651 5.68146 -25.6345 29.8336 8.74783 -28.0907 29.3981 12.0649 -30.1574 28.3675 15.5076 -31.754 26.7771 18.9425 -32.8198 24.6914 22.2337 -33.3218 22.1928 25.2646 -33.2596 19.3775 27.9383 -32.6596 -3.37863 -3.12859 -2.97748 -2.8796 -2.81278 -2.76532 -2.73145 -2.70867 -2.69654 -2.69541 -2.70605 -2.72905 -2.76444 -2.81183 -2.86887 -2.93291 -3.00226 -3.07698 -3.15907 -3.25156 -3.35835 -3.47528 -3.60418 -3.74752 -3.90971 -4.09541 -4.30787 -4.5492 -4.81986 -5.11685 -5.43278 -5.75762 -6.0794 -6.38605 -6.66797 -6.91919 -7.13571 -7.31494 -7.45538 -7.55683 -7.62075 -7.65014 -7.64776 -7.61521 -7.54207 -7.41535 -7.24567 -7.04076 -6.80974 -6.5754 -6.35351 -6.15338 -5.98047 -5.83799 -5.72655 -5.64557 -5.5956 -5.58375 -5.63431 -5.80174 -6.25057 -7.45569 -9.11607 -9.88506 -10.1768 -10.2968 -10.3425 -10.3512 -10.3425 -10.3215 -10.283 -10.2219 -10.1317 -10.0045 -9.82791 -9.58334 -9.24405 -8.79246 -8.28446 -7.83559 -7.52859 -7.37244 -7.34113 -7.40603 -7.54446 -7.70916 -7.86834 -8.01456 -8.14174 -8.24878 -8.34065 -8.426 -8.51353 -8.60453 -8.6849 -8.63479 -8.2163 -7.04589 -5.08522 -4.00727 -0.442235
