# num_vectors 190
# vector_size 101
-13.6029 -20.7531 -18.4913 2.14489 -20.8188 -19.5339 16.196 -13.708 -17.6207 25.7982 -3.18057 -10.6163 28.8336 5.63945 2.17126 24.9876 6.83267 17.3647 16.459 -2.3995 26.646 6.69696 -14.7131 25.4722 -2.11778 -23.9947 16.1331 -10.1639 -26.9397 2.76181 -18.3545 -21.4374 -9.6338 -25.7996 -8.42981 -14.4567 -29.6577 5.29635 -8.10201 -26.3401 12.9829 5.21174 -16.9468 13.4255 17.9494 -3.45585 9.57226 25.3863 11.8459 5.41028 25.4803 25.2007 5.93496 17.1455 30.6823 13.2035 4.50774 24.6896 20.3391 -8.1196 11.2128 24.765 -15.0982 -4.57184 24.6912 -16.8326 -18.8308 17.8116 -15.6668 -26.8723 4.32434 -13.7118 -25.1183 -11.2958 -13.511 0.320141 1.05855 1.70566 0.482036 1.22086 0.790058 1.3422 0.673742 1.00179 0.875927 0.716286 0.308751 0.651202 0.215522 0.462552 5.49967 5.983 6.11533 7.0022 5.00378 1.72589 0.064014 2.25768 0.338465 -3.39149 -4.45094
-13.6325 -20.8045 -18.5829 2.10948 -20.7829 -19.7003 16.1175 -13.6125 -17.7017 25.6675 -3.0928 -10.616 28.7145 5.68161 2.19992 25.0001 6.78823 17.4309 16.613 -2.53587 26.7463 6.8242 -14.8233 25.5245 -2.04334 -23.9853 16.1197 -10.1144 -26.8405 2.74454 -18.3687 -21.3395 -9.60893 -25.8642 -8.36598 -14.4447 -29.6862 5.36741 -8.08402 -26.3419 13.0475 5.22668 -16.9795 13.3946 17.9893 -3.53941 9.48495 25.4876 11.7825 5.40092 25.6273 25.1424 5.8091 17.2957 30.633 12.9009 4.56465 24.6712 20.1314 -8.02244 11.2073 24.6642 -14.9551 -4.57818 24.5844 -16.6824 -18.8362 17.7038 -15.5113 -26.906 4.22813 -13.5945 -25.1543 -11.3922 -13.5338 0.237548 0.950349 1.582 0.344515 1.06981 0.630201 1.18466 0.525526 0.854761 0.732769 0.582092 0.183759 0.53693 0.112094 0.374111 5.42701 5.92839 6.06972 6.9674 4.95487 1.6534 -0.0300259 2.13903 0.174894 -3.57352 -4.58353
-13.6621 -20.8559 -18.6746 2.07408 -20.747 -19.8667 16.039 -13.5169 -17.7827 25.5368 -3.00504 -10.6157 28.5955 5.72377 2.22858 25.0125 6.74379 17.4972 16.7669 -2.67223 26.8466 6.95144 -14.9335 25.5769 -1.96891 -23.976 16.1063 -10.0649 -26.7412 2.72727 -18.3829 -21.2416 -9.58406 -25.9289 -8.30215 -14.4328 -29.7148 5.43847 -8.06603 -26.3436 13.1122 5.24162 -17.0122 13.3636 18.0292 -3.62297 9.39765 25.5888 11.719 5.39156 25.7744 25.0841 5.68323 17.4458 30.5838 12.5983 4.62156 24.6528 19.9237 -7.92528 11.2017 24.5635 -14.8121 -4.58452 24.4775 -16.5321 -18.8416 17.596 -15.3557 -26.9397 4.13192 -13.4773 -25.1903 -11.4887 -13.5566 0.154955 0.842152 1.45834 0.206993 0.918755 0.470344 1.02712 0.37731 0.707734 0.589612 0.447897 0.0587665 0.422658 0.00866538 0.285669 5.35434 5.87378 6.02411 6.93261 4.90596 1.5809 -0.124066 2.02037 0.0113223 -3.75555 -4.71611
-13.6917 -20.9073 -18.7662 2.03867 -20.7111 -20.0331 15.9605 -13.4213 -17.8637 25.4061 -2.91728 -10.6154 28.4764 5.76593 2.25724 25.025 6.69935 17.5635 16.9208 -2.8086 26.9469 7.07869 -15.0436 25.6292 -1.89447 -23.9666 16.0929 -10.0154 -26.642 2.71 -18.3971 -21.1437 -9.5592 -25.9935 -8.23832 -14.4209 -29.7434 5.50953 -8.04804 -26.3454 13.1768 5.25656 -17.0449 13.3326 18.0691 -3.70653 9.31035 25.69 11.6556 5.38221 25.9214 25.0258 5.55736 17.596 30.5345 12.2957 4.67847 24.6343 19.716 -7.82811 11.1961 24.4628 -14.6691 -4.59086 24.3707 -16.3819 -18.8471 17.4883 -15.2002 -26.9733 4.03571 -13.36 -25.2263 -11.5851 -13.5794 0.0723623 0.733954 1.33469 0.0694718 0.767704 0.310486 0.869585 0.229094 0.560707 0.446454 0.313703 -0.0662261 0.308386 -0.0947629 0.197228 5.28167 5.81917 5.9785 6.89781 4.85705 1.50841 -0.218106 1.90172 -0.152249 -3.93759 -4.8487
-13.7213 -20.9587 -18.8579 2.00326 -20.6751 -20.1995 15.882 -13.3258 -17.9447 25.2754 -2.82952 -10.6151 28.3574 5.80809 2.2859 25.0374 6.65491 17.6298 17.0748 -2.94496 27.0472 7.20593 -15.1538 25.6815 -1.82003 -23.9573 16.0795 -9.96594 -26.5428 2.69273 -18.4114 -21.0459 -9.53433 -26.0581 -8.17449 -14.4089 -29.772 5.58059 -8.03005 -26.3471 13.2415 5.2715 -17.0775 13.3017 18.109 -3.7901 9.22305 25.7912 11.5922 5.37285 26.0684 24.9675 5.43149 17.7461 30.4852 11.9931 4.73538 24.6159 19.5083 -7.73095 11.1905 24.362 -14.5261 -4.59721 24.2639 -16.2316 -18.8525 17.3805 -15.0446 -27.007 3.9395 -13.2428 -25.2623 -11.6816 -13.6022 -0.0102305 0.625756 1.21103 -0.0680496 0.616653 0.150629 0.712048 0.0808776 0.41368 0.303297 0.179508 -0.191219 0.194114 -0.198191 0.108786 5.209 5.76456 5.93289 6.86302 4.80815 1.43591 -0.312146 1.78306 -0.31582 -4.11962 -4.98129
-13.1781 -19.7454 -21.8677 2.47066 -18.1656 -23.2561 15.5189 -10.201 -18.9925 21.5095 1.50201 -10.1046 21.9834 9.69715 3.41234 21.7559 7.45891 18.9807 18.6463 -4.96489 27.9252 9.58776 -17.6651 25.7574 -1.26919 -23.9264 16.0464 -9.96796 -25.1375 2.81319 -17.6624 -19.6539 -9.90795 -25.7073 -7.48945 -15.8458 -31.5976 5.83435 -10.2385 -29.2123 14.3131 2.78568 -18.2454 16.7553 13.9392 -4.18269 12.8222 20.1906 9.2305 4.4144 20.253 22.1092 1.39725 11.6982 28.6204 9.07713 -0.211058 23.6446 21.359 -8.62144 9.81204 27.0198 -13.7807 -5.58533 23.601 -15.5485 -19.1155 15.675 -13.0817 -27.6866 2.50663 -11.2603 -25.4468 -12.5293 -15.218 -0.926561 -0.459144 0.287262 -1.06981 -0.67734 -1.32848 -0.827993 -1.27685 -0.900947 -1.03687 -1.06977 -1.27539 -0.755015 -1.10817 -0.912566 3.91819 4.9929 5.07881 6.13657 3.3103 -0.213267 -2.07793 0.137296 -2.27861 -5.66527 -5.74595
-13.1589 -19.5875 -22.0708 2.49134 -18.0064 -23.4415 15.5294 -10.0347 -19.1602 21.3802 1.74578 -10.2773 21.6824 9.91526 3.26333 21.4776 7.61414 18.8232 18.5566 -4.86048 27.7667 9.60831 -17.6443 25.6201 -1.25318 -23.9546 15.9454 -10.0154 -25.1931 2.75589 -17.7361 -19.7028 -9.94651 -25.784 -7.54559 -15.8953 -31.6764 5.79681 -10.3339 -29.3196 14.2001 2.74531 -18.3498 16.5243 13.923 -4.28008 12.6214 20.1779 9.27074 4.42617 20.2594 22.184 1.50873 11.72 28.7317 9.12754 -0.209069 23.7839 21.3658 -8.70072 9.90546 26.9821 -13.7875 -5.50736 23.5594 -15.4228 -19.0567 15.6722 -12.9354 -27.6925 2.53071 -11.2165 -25.4527 -12.4548 -15.3754 -0.924889 -0.456798 0.300828 -1.05542 -0.672077 -1.33448 -0.845077 -1.30174 -0.924717 -1.06143 -1.09727 -1.30398 -0.78497 -1.13384 -0.920075 3.93801 4.99112 5.09048 6.15449 3.32095 -0.202507 -2.05654 0.166686 -2.25565 -5.63005 -5.71865
-13.1396 -19.4295 -22.2739 2.51203 -17.8472 -23.6269 15.54 -9.86834 -19.3278 21.2509 1.98954 -10.45 21.3815 10.1334 3.11432 21.1992 7.76936 18.6658 18.467 -4.75607 27.6083 9.62887 -17.6235 25.4828 -1.23716 -23.9828 15.8444 -10.0628 -25.2487 2.69858 -17.8099 -19.7516 -9.98508 -25.8608 -7.60172 -15.9447 -31.7552 5.75927 -10.4292 -29.4269 14.0872 2.70494 -18.4541 16.2933 13.9067 -4.37746 12.4206 20.1652 9.31099 4.43793 20.2657 22.2587 1.62021 11.7419 28.843 9.17794 -0.20708 23.9232 21.3726 -8.78001 9.99887 26.9443 -13.7942 -5.42939 23.5178 -15.297 -18.9979 15.6694 -12.7892 -27.6985 2.55479 -11.1727 -25.4586 -12.3804 -15.5328 -0.923216 -0.454453 0.314394 -1.04103 -0.666814 -1.34048 -0.862161 -1.32662 -0.948486 -1.08599 -1.12476 -1.33258 -0.814925 -1.15951 -0.927584 3.95784 4.98935 5.10215 6.17241 3.3316 -0.191747 -2.03514 0.196076 -2.23269 -5.59484 -5.69135
-13.0629 -19.1623 -22.5633 2.57944 -17.5379 -23.9596 15.6408 -9.65089 -19.6033 21.1829 2.20218 -10.6105 20.9665 10.3638 2.94433 20.6717 8.04383 18.4944 18.2097 -4.55575 27.4272 9.68631 -17.6143 25.2336 -1.12509 -24.1004 15.62 -10.1414 -25.3631 2.60783 -17.9942 -19.8048 -9.98021 -26.0036 -7.62126 -15.9246 -31.881 5.74631 -10.4073 -29.5082 13.9275 2.81103 -18.5201 15.8635 14.0471 -4.40994 12.0393 20.2586 9.5415 4.52772 20.2521 22.5079 1.9305 11.6875 29.1532 9.22985 -0.376495 24.2669 21.185 -9.26857 10.2241 26.6276 -14.0802 -5.24235 23.2869 -15.1287 -18.8798 15.5953 -12.5335 -27.7134 2.54543 -11.1103 -25.4457 -12.3185 -15.7302 -0.909752 -0.461332 0.321815 -1.02063 -0.655962 -1.345 -0.884456 -1.37131 -0.984498 -1.12033 -1.16552 -1.37647 -0.861834 -1.20145 -0.936094 4.0189 4.98053 5.11224 6.18836 3.34013 -0.189372 -1.99297 0.250531 -2.19767 -5.53743 -5.64275
-13.0082 -19.0761 -22.6198 2.62313 -17.4111 -24.0796 15.7296 -9.62422 -19.6865 21.2631 2.13527 -10.573 20.8967 10.3441 2.94522 20.4634 8.1403 18.5037 18.0552 -4.47516 27.4277 9.72016 -17.6289 25.1419 -1.03139 -24.1857 15.5115 -10.1657 -25.4137 2.5828 -18.094 -19.8019 -9.93112 -26.0585 -7.57642 -15.8478 -31.9165 5.77639 -10.2761 -29.4664 13.8973 2.96341 -18.4664 15.6986 14.2062 -4.33074 11.8882 20.3666 9.72587 4.60401 20.2314 22.6713 2.11294 11.6082 29.3357 9.22396 -0.548191 24.4508 20.9896 -9.66621 10.3422 26.3542 -14.3585 -5.14473 23.1037 -15.1046 -18.8292 15.5245 -12.4454 -27.7215 2.50846 -11.0981 -25.426 -12.3418 -15.747 -0.898207 -0.470901 0.313679 -1.01674 -0.651145 -1.34265 -0.887159 -1.38745 -0.993252 -1.12649 -1.17474 -1.38757 -0.874392 -1.21396 -0.935992 4.05722 4.97374 5.10895 6.18376 3.33645 -0.199338 -1.97533 0.271282 -2.18898 -5.52041 -5.62546
-12.5472 -18.1382 -23.5122 3.04041 -16.2852 -25.189 16.4157 -9.44763 -20.1542 21.7699 1.50897 -10.0037 20.3288 10.1175 3.19639 18.8583 8.8818 18.8004 16.7608 -3.79164 27.7221 9.88763 -17.6356 24.7168 -0.245214 -24.7052 14.7941 -10.0895 -25.6279 2.36146 -18.5327 -19.5967 -9.61325 -26.2256 -7.13679 -15.4031 -32.1553 6.00699 -9.43499 -29.2952 13.4631 4.10088 -18.1935 14.2442 15.3649 -3.82459 10.7513 21.1502 11.0029 5.26692 20.1226 23.8953 3.60683 11.2219 30.8624 9.40815 -1.46296 25.9998 19.7236 -12.229 11.3931 24.3358 -16.1326 -4.18749 21.6009 -14.8078 -18.2133 14.8532 -11.6993 -27.6636 2.19152 -10.9563 -25.2387 -12.3853 -16.271 -0.81294 -0.53235 0.266662 -0.981709 -0.609094 -1.31641 -0.896306 -1.49827 -1.0629 -1.18129 -1.25186 -1.47241 -0.965584 -1.29645 -0.907886 4.31508 4.90342 5.06311 6.11986 3.28243 -0.283196 -1.85573 0.433744 -2.1044 -5.35547 -5.50152
-12.4819 -17.9294 -23.7879 3.1171 -16.105 -25.3812 16.4908 -9.43991 -20.1368 21.7808 1.39788 -9.83241 20.2559 10.0637 3.31927 18.685 8.96121 18.9209 16.5804 -3.69325 27.8676 9.86911 -17.5949 24.7812 -0.135108 -24.7073 14.7631 -9.97822 -25.5822 2.3264 -18.4508 -19.503 -9.60258 -26.1435 -7.0524 -15.4126 -32.1677 6.03142 -9.41091 -29.3359 13.337 4.2094 -18.2192 14.0151 15.4638 -3.81071 10.639 21.2159 11.0846 5.36793 20.131 24.0138 3.80276 11.2685 31.0746 9.51804 -1.40179 26.2189 19.6807 -12.3094 11.5619 24.1525 -16.1791 -4.00371 21.4028 -14.732 -18.0583 14.7315 -11.5922 -27.6102 2.14471 -10.9222 -25.2043 -12.3364 -16.4821 -0.805176 -0.534175 0.267727 -0.975947 -0.602617 -1.31041 -0.892717 -1.50491 -1.07129 -1.19006 -1.26257 -1.48132 -0.973253 -1.29991 -0.894143 4.32828 4.88875 5.05012 6.1018 3.26655 -0.295029 -1.84922 0.452303 -2.08836 -5.3244 -5.49177
-12.4166 -17.7206 -24.0636 3.19379 -15.9249 -25.5734 16.5659 -9.43218 -20.1195 21.7918 1.28679 -9.66111 20.183 10.0099 3.44216 18.5116 9.04062 19.0413 16.3999 -3.59486 28.0131 9.85059 -17.5541 24.8456 -0.0250024 -24.7094 14.7322 -9.86696 -25.5364 2.29135 -18.3689 -19.4093 -9.59191 -26.0614 -6.96801 -15.4221 -32.1802 6.05586 -9.38682 -29.3766 13.2109 4.31793 -18.2449 13.7859 15.5628 -3.79683 10.5267 21.2816 11.1664 5.46895 20.1394 24.1323 3.9987 11.315 31.2867 9.62793 -1.34062 26.438 19.6377 -12.3898 11.7308 23.9692 -16.2257 -3.81992 21.2046 -14.6563 -17.9032 14.6098 -11.485 -27.5569 2.0979 -10.8881 -25.1699 -12.2876 -16.6932 -0.797413 -0.535999 0.268793 -0.970185 -0.59614 -1.30441 -0.889127 -1.51155 -1.07967 -1.19884 -1.27329 -1.49022 -0.980923 -1.30337 -0.880399 4.34148 4.87408 5.03714 6.08375 3.25068 -0.306861 -1.8427 0.470862 -2.07232 -5.29333 -5.48202
-12.3513 -17.5118 -24.3392 3.27048 -15.7447 -25.7656 16.641 -9.42446 -20.1021 21.8027 1.1757 -9.48981 20.1101 9.95612 3.56505 18.3382 9.12003 19.1618 16.2194 -3.49648 28.1586 9.83208 -17.5134 24.9101 0.0851032 -24.7115 14.7012 -9.7557 -25.4907 2.2563 -18.287 -19.3156 -9.58124 -25.9793 -6.88363 -15.4317 -32.1926 6.08029 -9.36273 -29.4173 13.0848 4.42645 -18.2706 13.5568 15.6618 -3.78295 10.4145 21.3473 11.2481 5.56997 20.1478 24.2509 4.19464 11.3616 31.4989 9.73782 -1.27945 26.657 19.5948 -12.4703 11.8996 23.786 -16.2723 -3.63614 21.0065 -14.5806 -17.7482 14.488 -11.3779 -27.5035 2.05109 -10.8541 -25.1355 -12.2387 -16.9043 -0.789649 -0.537823 0.269858 -0.964423 -0.589663 -1.29841 -0.885538 -1.51818 -1.08806 -1.20761 -1.28401 -1.49912 -0.988593 -1.30683 -0.866655 4.35468 4.85941 5.02415 6.06569 3.2348 -0.318693 -1.83618 0.489421 -2.05629 -5.26227 -5.47228
-12.286 -17.3029 -24.6149 3.34718 -15.5646 -25.9579 16.7161 -9.41673 -20.0848 21.8137 1.06461 -9.31851 20.0372 9.90233 3.68794 18.1648 9.19944 19.2822 16.0389 -3.39809 28.3041 9.81356 -17.4727 24.9745 0.195209 -24.7137 14.6703 -9.64444 -25.4449 2.22125 -18.2051 -19.2218 -9.57058 -25.8972 -6.79924 -15.4412 -32.205 6.10472 -9.33864 -29.458 12.9587 4.53498 -18.2963 13.3277 15.7608 -3.76908 10.3022 21.4129 11.3298 5.67099 20.1561 24.3694 4.39058 11.4081 31.711 9.8477 -1.21828 26.8761 19.5519 -12.5507 12.0685 23.6027 -16.3189 -3.45235 20.8083 -14.5049 -17.5931 14.3663 -11.2708 -27.4502 2.00427 -10.82 -25.1011 -12.1898 -17.1154 -0.781885 -0.539647 0.270924 -0.958661 -0.583186 -1.29241 -0.881948 -1.52482 -1.09644 -1.21639 -1.29473 -1.50802 -0.996263 -1.31029 -0.852911 4.36788 4.84474 5.01117 6.04764 3.21893 -0.330525 -1.82966 0.507979 -2.04025 -5.2312 -5.46253
-11.0617 -12.7798 -29.1121 4.50954 -10.4106 -30.0984 17.7868 -7.33965 -21.972 21.2717 -0.608757 -8.02233 16.6202 8.62832 3.95568 12.1526 10.7333 18.8922 10.9474 -1.43816 28.6373 9.0422 -16.4645 24.2881 1.52085 -25.3032 13.4851 -9.42425 -25.988 1.99608 -18.5299 -18.4319 -8.54455 -24.943 -5.21185 -14.2016 -32.1697 6.64246 -7.06731 -29.558 10.1399 8.0369 -17.6862 8.207 18.3415 -2.32747 6.99902 22.208 13.26 7.21565 19.2884 26.3669 8.83104 10.6941 34.5369 12.477 -2.07936 29.319 17.4985 -16.0068 13.7197 18.5946 -18.3501 -1.10878 15.718 -13.4758 -15.3441 10.4447 -8.83785 -26.6993 -0.541307 -9.72556 -24.2188 -11.6121 -20.6047 -0.420763 -0.494821 0.29298 -0.78769 -0.406172 -1.17793 -0.867028 -1.74414 -1.24396 -1.30933 -1.46936 -1.71794 -1.21409 -1.47259 -0.673385 4.50839 4.4688 4.65731 5.6029 2.94649 -0.571318 -1.72319 0.883862 -1.62067 -4.44635 -4.94771
-10.9252 -12.7837 -29.2194 4.67173 -10.5823 -30.0896 17.8862 -7.55492 -21.8502 21.2298 -0.719818 -7.92145 16.4661 8.56591 3.9705 11.99 10.7047 18.8996 10.8513 -1.42917 28.6975 8.98616 -16.4709 24.386 1.52764 -25.361 13.5829 -9.36913 -26.1537 2.0577 -18.4646 -18.6156 -8.50445 -24.7895 -5.34767 -14.1446 -31.9579 6.56033 -7.04312 -29.4447 9.93799 8.10139 -17.5761 7.96596 18.4018 -2.22056 6.82013 22.2973 13.3752 7.13548 19.4415 26.4844 8.85987 10.8752 34.6114 12.6248 -1.88842 29.3126 17.6737 -15.7739 13.7185 18.6536 -18.1859 -1.13184 15.6545 -13.4728 -15.3675 10.3251 -8.9037 -26.7484 -0.631909 -9.81674 -24.1392 -11.5423 -20.816 -0.436498 -0.487624 0.309314 -0.769318 -0.393867 -1.1707 -0.861877 -1.74127 -1.2464 -1.30734 -1.46891 -1.72062 -1.21877 -1.4724 -0.666294 4.49988 4.46014 4.64776 5.58568 2.93307 -0.566571 -1.73188 0.882407 -1.61548 -4.44242 -4.94517
-10.7887 -12.7876 -29.3266 4.83391 -10.7539 -30.0809 17.9855 -7.7702 -21.7284 21.1879 -0.830879 -7.82058 16.3119 8.50349 3.98532 11.8275 10.6761 18.9069 10.7553 -1.42019 28.7577 8.93012 -16.4774 24.4838 1.53444 -25.4187 13.6806 -9.314 -26.3193 2.11932 -18.3994 -18.7994 -8.46434 -24.6361 -5.48348 -14.0877 -31.746 6.4782 -7.01892 -29.3315 9.73604 8.16588 -17.4659 7.72491 18.4621 -2.11364 6.64125 22.3867 13.4903 7.0553 19.5947 26.6018 8.88869 11.0563 34.6858 12.7726 -1.69749 29.3061 17.8489 -15.5411 13.7172 18.7127 -18.0217 -1.15491 15.5909 -13.4698 -15.3908 10.2055 -8.96954 -26.7974 -0.722511 -9.90793 -24.0595 -11.4725 -21.0273 -0.452234 -0.480426 0.325649 -0.750946 -0.381563 -1.16346 -0.856727 -1.73839 -1.24885 -1.30536 -1.46847 -1.72331 -1.22346 -1.47221 -0.659202 4.49137 4.45149 4.63821 5.56847 2.91965 -0.561823 -1.74056 0.880953 -1.6103 -4.43849 -4.94263
-10.6522 -12.7914 -29.4339 4.99609 -10.9256 -30.0721 18.0849 -7.98548 -21.6066 21.146 -0.94194 -7.7197 16.1577 8.44107 4.00015 11.665 10.6474 18.9143 10.6593 -1.4112 28.8179 8.87409 -16.4838 24.5817 1.54123 -25.4764 13.7783 -9.25888 -26.4849 2.18095 -18.3342 -18.9831 -8.42423 -24.4826 -5.6193 -14.0307 -31.5341 6.39606 -6.99473 -29.2183 9.53408 8.23037 -17.3558 7.48387 18.5224 -2.00673 6.46236 22.476 13.6054 6.97512 19.7478 26.7193 8.91751 11.2374 34.7603 12.9204 -1.50655 29.2997 18.0241 -15.3082 13.716 18.7718 -17.8575 -1.17798 15.5273 -13.4668 -15.4142 10.0859 -9.03539 -26.8464 -0.813114 -9.99911 -23.9798 -11.4027 -21.2386 -0.467969 -0.473229 0.341984 -0.732574 -0.369258 -1.15623 -0.851576 -1.73552 -1.2513 -1.30337 -1.46802 -1.726 -1.22814 -1.47202 -0.652111 4.48285 4.44283 4.62866 5.55125 2.90623 -0.557076 -1.74925 0.879498 -1.60511 -4.43456 -4.94009
-10.5157 -12.7953 -29.5412 5.15828 -11.0973 -30.0634 18.1842 -8.20076 -21.4847 21.1041 -1.053 -7.61882 16.0035 8.37865 4.01497 11.5025 10.6188 18.9216 10.5632 -1.40221 28.8781 8.81805 -16.4902 24.6796 1.54803 -25.5342 13.876 -9.20375 -26.6505 2.24257 -18.269 -19.1669 -8.38412 -24.3292 -5.75512 -13.9738 -31.3223 6.31393 -6.97054 -29.105 9.33213 8.29486 -17.2456 7.24283 18.5826 -1.89982 6.28347 22.5654 13.7205 6.89494 19.901 26.8367 8.94634 11.4185 34.8348 13.0682 -1.31562 29.2932 18.1993 -15.0754 13.7148 18.8308 -17.6933 -1.20104 15.4638 -13.4638 -15.4375 9.96626 -9.10124 -26.8955 -0.903716 -10.0903 -23.9002 -11.3329 -21.4499 -0.483705 -0.466032 0.358319 -0.714201 -0.356953 -1.14899 -0.846426 -1.73264 -1.25374 -1.30139 -1.46758 -1.72869 -1.23283 -1.47183 -0.645019 4.47434 4.43418 4.61911 5.53404 2.89281 -0.552328 -1.75793 0.878044 -1.59992 -4.43063 -4.93756
-10.3792 -12.7992 -29.6485 5.32046 -11.269 -30.0546 18.2836 -8.41603 -21.3629 21.0622 -1.16406 -7.51794 15.8494 8.31624 4.02979 11.3399 10.5902 18.929 10.4672 -1.39322 28.9382 8.76201 -16.4966 24.7775 1.55483 -25.5919 13.9738 -9.14862 -26.8162 2.30419 -18.2037 -19.3506 -8.34402 -24.1757 -5.89094 -13.9169 -31.1104 6.2318 -6.94635 -28.9918 9.13017 8.35935 -17.1354 7.00179 18.6429 -1.79291 6.10458 22.6547 13.8357 6.81477 20.0541 26.9542 8.97516 11.5997 34.9093 13.216 -1.12468 29.2868 18.3746 -14.8425 13.7136 18.8899 -17.5291 -1.22411 15.4002 -13.4608 -15.4609 9.84665 -9.16709 -26.9445 -0.994318 -10.1815 -23.8205 -11.2631 -21.6612 -0.49944 -0.458835 0.374653 -0.695829 -0.344648 -1.14176 -0.841275 -1.72977 -1.25619 -1.2994 -1.46713 -1.73137 -1.23751 -1.47164 -0.637928 4.46583 4.42553 4.60956 5.51682 2.87939 -0.547581 -1.76662 0.876589 -1.59473 -4.4267 -4.93502
-10.2427 -12.8031 -29.7557 5.48264 -11.4407 -30.0459 18.3829 -8.63131 -21.2411 21.0203 -1.27512 -7.41707 15.6952 8.25382 4.04461 11.1774 10.5616 18.9363 10.3711 -1.38424 28.9984 8.70597 -16.5031 24.8753 1.56162 -25.6496 14.0715 -9.0935 -26.9818 2.36581 -18.1385 -19.5344 -8.30391 -24.0223 -6.02675 -13.8599 -30.8986 6.14967 -6.92216 -28.8786 8.92822 8.42384 -17.0253 6.76075 18.7032 -1.686 5.9257 22.7441 13.9508 6.73459 20.2073 27.0716 9.00398 11.7808 34.9837 13.3638 -0.933747 29.2803 18.5498 -14.6097 13.7124 18.949 -17.3649 -1.24718 15.3366 -13.4579 -15.4842 9.72704 -9.23294 -26.9935 -1.08492 -10.2727 -23.7408 -11.1933 -21.8725 -0.515176 -0.451638 0.390988 -0.677457 -0.332343 -1.13452 -0.836125 -1.72689 -1.25864 -1.29742 -1.46669 -1.73406 -1.2422 -1.47144 -0.630836 4.45732 4.41687 4.60001 5.49961 2.86597 -0.542833 -1.7753 0.875135 -1.58955 -4.42277 -4.93248
-10.2645 -11.0372 -31.2566 5.47299 -9.78229 -31.206 18.0633 -7.55718 -21.8039 19.8441 -0.960566 -7.46979 13.683 8.13017 3.92886 8.97301 10.7081 18.7153 8.86274 -1.01833 29.0634 7.95501 -16.2251 25.0381 1.18372 -25.7864 14.3556 -9.50763 -27.4706 2.73254 -18.3545 -19.7337 -7.89333 -23.6312 -5.90569 -13.2431 -30.6728 5.93659 -5.92506 -28.4505 7.9813 9.50538 -16.1398 6.03031 19.2748 -0.643609 5.78059 22.7462 14.9722 6.67291 20.1415 28.2859 9.18638 12.0958 36.3193 13.7802 -0.45707 30.4348 18.2822 -14.2859 14.865 17.7701 -17.0119 0.00598021 13.7815 -13.1058 -14.1276 8.14663 -8.58392 -26.1867 -1.99664 -10.034 -23.6973 -10.3369 -23.1353 -0.430305 -0.372572 0.469238 -0.593067 -0.274941 -1.11873 -0.848684 -1.77303 -1.29861 -1.31984 -1.51306 -1.80097 -1.31324 -1.51203 -0.614586 4.38572 4.30529 4.4911 5.3525 2.76008 -0.602856 -1.86027 0.927217 -1.35224 -4.09212 -4.72736
-10.2086 -10.9281 -31.3508 5.51904 -9.57108 -31.3249 18.1063 -7.3338 -21.9215 19.9041 -0.845951 -7.54202 13.7706 8.19007 3.91366 8.99734 10.7454 18.6831 8.87473 -1.01234 28.9949 8.0766 -16.2104 24.9214 1.35483 -25.73 14.1722 -9.34321 -27.2734 2.53926 -18.2351 -19.4733 -7.99992 -23.7015 -5.68913 -13.2535 -30.8522 5.99836 -5.80807 -28.5331 7.93162 9.61964 -16.1717 5.93415 19.3132 -0.656529 5.76156 22.6946 14.93 6.80224 19.9956 28.211 9.37936 11.9179 36.2956 13.8641 -0.63926 30.4819 18.1575 -14.5557 14.9055 17.5891 -17.2282 0.0787094 13.6755 -13.1472 -14.0506 8.10166 -8.54189 -26.0943 -2.04903 -10.0593 -23.6235 -10.3405 -23.1944 -0.418917 -0.371682 0.463545 -0.601562 -0.27673 -1.11967 -0.853071 -1.78072 -1.30597 -1.33124 -1.52237 -1.80706 -1.31761 -1.51567 -0.604719 4.39215 4.29718 4.48325 5.34838 2.76828 -0.605006 -1.84678 0.939447 -1.34071 -4.07274 -4.70567
-10.1528 -10.8189 -31.4449 5.56508 -9.35988 -31.4437 18.1493 -7.11043 -22.0392 19.9642 -0.731337 -7.61424 13.8583 8.24996 3.89846 9.02167 10.7826 18.6508 8.88672 -1.00634 28.9265 8.19819 -16.1958 24.8047 1.52594 -25.6736 13.9888 -9.1788 -27.0763 2.34597 -18.1156 -19.2129 -8.10651 -23.7717 -5.47258 -13.2639 -31.0315 6.06013 -5.69107 -28.6158 7.88193 9.73391 -16.2037 5.83798 19.3515 -0.669448 5.74253 22.6429 14.8877 6.93158 19.8498 28.1361 9.57235 11.7399 36.2719 13.9479 -0.82145 30.5289 18.0329 -14.8256 14.9461 17.4082 -17.4444 0.151439 13.5695 -13.1887 -13.9735 8.05669 -8.49985 -26.0019 -2.10143 -10.0846 -23.5496 -10.3442 -23.2536 -0.407529 -0.370792 0.457851 -0.610058 -0.27852 -1.12062 -0.857457 -1.7884 -1.31332 -1.34265 -1.53169 -1.81315 -1.32198 -1.5193 -0.594853 4.39858 4.28906 4.47539 5.34427 2.77648 -0.607156 -1.83329 0.951676 -1.32917 -4.05337 -4.68398
-10.0969 -10.7097 -31.5391 5.61112 -9.14867 -31.5626 18.1923 -6.88705 -22.1568 20.0242 -0.616722 -7.68647 13.946 8.30986 3.88327 9.046 10.8199 18.6186 8.89871 -1.00034 28.858 8.31978 -16.1811 24.688 1.69704 -25.6172 13.8054 -9.01438 -26.8792 2.15269 -17.9961 -18.9526 -8.2131 -23.8419 -5.25602 -13.2744 -31.2108 6.1219 -5.57408 -28.6985 7.83224 9.84817 -16.2356 5.74181 19.3899 -0.682367 5.72349 22.5913 14.8454 7.06092 19.704 28.0612 9.76534 11.562 36.2482 14.0318 -1.00364 30.5759 17.9082 -15.0955 14.9866 17.2272 -17.6607 0.224168 13.4635 -13.2301 -13.8965 8.01172 -8.45782 -25.9095 -2.15382 -10.1099 -23.4758 -10.3478 -23.3127 -0.396142 -0.369902 0.452157 -0.618553 -0.280309 -1.12157 -0.861843 -1.79609 -1.32068 -1.35405 -1.541 -1.81924 -1.32635 -1.52293 -0.584987 4.40501 4.28095 4.46753 5.34015 2.78468 -0.609306 -1.8198 0.963906 -1.31764 -4.03399 -4.6623
-10.041 -10.6006 -31.6333 5.65717 -8.93746 -31.6814 18.2353 -6.66368 -22.2745 20.0843 -0.502108 -7.75869 14.0336 8.36976 3.86807 9.07034 10.8572 18.5863 8.9107 -0.994346 28.7896 8.44138 -16.1665 24.5713 1.86815 -25.5608 13.622 -8.84997 -26.6821 1.9594 -17.8767 -18.6922 -8.31968 -23.9121 -5.03947 -13.2848 -31.3902 6.18367 -5.45708 -28.7811 7.78255 9.96243 -16.2676 5.64564 19.4282 -0.695287 5.70446 22.5396 14.8031 7.19026 19.5581 27.9863 9.95832 11.384 36.2245 14.1157 -1.18583 30.623 17.7835 -15.3653 15.0271 17.0463 -17.8769 0.296897 13.3574 -13.2715 -13.8195 7.96675 -8.41578 -25.8171 -2.20621 -10.1352 -23.4019 -10.3514 -23.3719 -0.384754 -0.369012 0.446463 -0.627049 -0.282098 -1.12251 -0.866229 -1.80378 -1.32804 -1.36546 -1.55031 -1.82533 -1.33072 -1.52657 -0.57512 4.41144 4.27283 4.45968 5.33604 2.79288 -0.611455 -1.80631 0.976135 -1.30611 -4.01461 -4.64061
-9.9851 -10.4914 -31.7275 5.70321 -8.72625 -31.8003 18.2783 -6.4403 -22.3921 20.1443 -0.387493 -7.83092 14.1213 8.42966 3.85287 9.09467 10.8945 18.5541 8.92269 -0.988349 28.7211 8.56297 -16.1518 24.4545 2.03926 -25.5045 13.4386 -8.68556 -26.4849 1.76611 -17.7572 -18.4318 -8.42627 -23.9824 -4.82291 -13.2952 -31.5695 6.24544 -5.34009 -28.8638 7.73287 10.0767 -16.2995 5.54948 19.4666 -0.708206 5.68543 22.488 14.7609 7.31959 19.4123 27.9115 10.1513 11.206 36.2008 14.1996 -1.36802 30.67 17.6588 -15.6352 15.0676 16.8653 -18.0932 0.369626 13.2514 -13.3129 -13.7425 7.92178 -8.37375 -25.7247 -2.2586 -10.1605 -23.328 -10.355 -23.4311 -0.373366 -0.368122 0.44077 -0.635544 -0.283887 -1.12346 -0.870616 -1.81147 -1.3354 -1.37686 -1.55962 -1.83142 -1.33509 -1.5302 -0.565254 4.41787 4.26472 4.45182 5.33193 2.80108 -0.613605 -1.79282 0.988365 -1.29458 -3.99523 -4.61892
-10.032 -10.5318 -31.5714 5.63293 -8.58479 -31.7728 18.285 -6.29448 -22.4757 20.3484 -0.372189 -7.89101 14.4872 8.50525 3.82297 9.36222 11.0078 18.4838 9.01994 -0.929203 28.5759 8.70104 -16.0789 24.2505 2.15272 -25.42 13.2406 -8.66362 -26.2767 1.6413 -17.7816 -18.215 -8.50548 -24.1166 -4.68129 -13.448 -31.7386 6.30574 -5.39891 -28.9368 7.79968 10.0015 -16.4328 5.50524 19.4382 -0.83911 5.65018 22.4492 14.5826 7.49122 19.2272 27.6645 10.3606 10.9246 36.031 14.175 -1.67181 30.6577 17.4031 -16.0639 15.0391 16.7018 -18.4218 0.389447 13.3105 -13.336 -13.7366 8.10487 -8.30074 -25.6492 -2.15783 -10.0604 -23.3069 -10.4946 -23.1629 -0.362351 -0.385548 0.412903 -0.66292 -0.296979 -1.12632 -0.872606 -1.81666 -1.33164 -1.3777 -1.55937 -1.83188 -1.33551 -1.53524 -0.561986 4.43528 4.26547 4.45332 5.34601 2.82709 -0.616251 -1.76089 0.999933 -1.30461 -4.00155 -4.61697
-10.1391 -10.6896 -31.314 5.51313 -8.67052 -31.6174 18.2456 -6.38893 -22.4326 20.488 -0.480174 -7.87341 14.7588 8.51641 3.80943 9.6036 11.081 18.4482 9.10428 -0.876508 28.5042 8.70831 -16.0216 24.1721 2.08212 -25.3963 13.2398 -8.81854 -26.2805 1.7244 -17.9345 -18.2782 -8.47003 -24.1753 -4.7726 -13.5897 -31.7148 6.29959 -5.58357 -28.921 7.91993 9.80343 -16.5317 5.56445 19.3686 -0.956118 5.63539 22.4659 14.4499 7.52371 19.199 27.4982 10.3622 10.8345 35.8867 14.0603 -1.77963 30.5948 17.2816 -16.2023 14.9669 16.7329 -18.5178 0.331035 13.4836 -13.3145 -13.8136 8.33632 -8.27295 -25.673 -2.0007 -9.93308 -23.3652 -10.6302 -22.831 -0.363586 -0.403932 0.39116 -0.681157 -0.308145 -1.12816 -0.869878 -1.81357 -1.31998 -1.36628 -1.5491 -1.82579 -1.33122 -1.53637 -0.569331 4.44577 4.27496 4.46327 5.36452 2.84427 -0.616583 -1.74347 0.998346 -1.32705 -4.0287 -4.63835
-10.2461 -10.8474 -31.0565 5.39332 -8.75625 -31.4621 18.2061 -6.48339 -22.3896 20.6275 -0.588159 -7.85582 15.0304 8.52757 3.79588 9.84498 11.1541 18.4126 9.18863 -0.823813 28.4326 8.71559 -15.9644 24.0936 2.01153 -25.3725 13.2391 -8.97346 -26.2842 1.8075 -18.0874 -18.3415 -8.43458 -24.2339 -4.86392 -13.7313 -31.691 6.29344 -5.76824 -28.9051 8.04019 9.60534 -16.6307 5.62365 19.299 -1.07313 5.62061 22.4827 14.3171 7.55621 19.1708 27.3318 10.3639 10.7445 35.7424 13.9455 -1.88744 30.5319 17.16 -16.3407 14.8948 16.764 -18.6139 0.272622 13.6567 -13.293 -13.8906 8.56778 -8.24516 -25.6969 -1.84357 -9.80577 -23.4235 -10.7659 -22.4992 -0.364822 -0.422315 0.369418 -0.699394 -0.319312 -1.13 -0.86715 -1.81049 -1.30831 -1.35485 -1.53883 -1.8197 -1.32694 -1.53749 -0.576676 4.45626 4.28444 4.47323 5.38303 2.86146 -0.616916 -1.72605 0.99676 -1.34949 -4.05586 -4.65973
-10.3532 -11.0052 -30.7991 5.27351 -8.84198 -31.3068 18.1666 -6.57785 -22.3465 20.7671 -0.696143 -7.83822 15.302 8.53873 3.78234 10.0864 11.2273 18.377 9.27297 -0.771118 28.3609 8.72287 -15.9071 24.0152 1.94093 -25.3488 13.2383 -9.12838 -26.288 1.8906 -18.2404 -18.4048 -8.39913 -24.2926 -4.95524 -13.8729 -31.6672 6.28729 -5.95291 -28.8892 8.16044 9.40725 -16.7296 5.68286 19.2294 -1.19013 5.60582 22.4994 14.1843 7.58871 19.1426 27.1655 10.3656 10.6544 35.5981 13.8308 -1.99525 30.469 17.0385 -16.4792 14.8226 16.7951 -18.7099 0.21421 13.8298 -13.2714 -13.9676 8.79923 -8.21737 -25.7208 -1.68644 -9.67846 -23.4818 -10.9016 -22.1674 -0.366057 -0.440698 0.347675 -0.717632 -0.330478 -1.13184 -0.864421 -1.8074 -1.29664 -1.34342 -1.52856 -1.81361 -1.32266 -1.53862 -0.584021 4.46675 4.29393 4.48318 5.40154 2.87865 -0.617249 -1.70863 0.995173 -1.37192 -4.08301 -4.68111
-10.4602 -11.163 -30.5417 5.1537 -8.92771 -31.1515 18.1272 -6.67231 -22.3035 20.9066 -0.804128 -7.82062 15.5736 8.54989 3.76879 10.3277 11.3005 18.3414 9.35732 -0.718423 28.2893 8.73014 -15.8499 23.9367 1.87033 -25.325 13.2376 -9.2833 -26.2918 1.9737 -18.3933 -18.468 -8.36368 -24.3513 -5.04656 -14.0146 -31.6434 6.28114 -6.13757 -28.8734 8.2807 9.20917 -16.8285 5.74207 19.1598 -1.30714 5.59104 22.5162 14.0516 7.62121 19.1143 26.9991 10.3672 10.5644 35.4538 13.716 -2.10306 30.4061 16.9169 -16.6176 14.7505 16.8262 -18.8059 0.155797 14.0029 -13.2499 -14.0446 9.03069 -8.18959 -25.7447 -1.52931 -9.55115 -23.5401 -11.0372 -21.8356 -0.367292 -0.459082 0.325933 -0.735869 -0.341645 -1.13369 -0.861693 -1.80432 -1.28498 -1.332 -1.51829 -1.80752 -1.31838 -1.53975 -0.591366 4.47724 4.30341 4.49313 5.42005 2.89584 -0.617582 -1.69121 0.993586 -1.39436 -4.11017 -4.70249
-10.5672 -11.3208 -30.2843 5.0339 -9.01345 -30.9961 18.0877 -6.76676 -22.2604 21.0462 -0.912113 -7.80302 15.8453 8.56105 3.75525 10.5691 11.3737 18.3058 9.44166 -0.665728 28.2176 8.73742 -15.7926 23.8583 1.79973 -25.3013 13.2368 -9.43822 -26.2956 2.0568 -18.5462 -18.5313 -8.32823 -24.41 -5.13787 -14.1562 -31.6196 6.27499 -6.32224 -28.8575 8.40096 9.01108 -16.9274 5.80128 19.0902 -1.42415 5.57626 22.5329 13.9188 7.6537 19.0861 26.8328 10.3689 10.4744 35.3096 13.6013 -2.21088 30.3433 16.7954 -16.756 14.6783 16.8573 -18.9019 0.0973846 14.176 -13.2284 -14.1216 9.26215 -8.1618 -25.7685 -1.37218 -9.42384 -23.5983 -11.1729 -21.5037 -0.368527 -0.477465 0.304191 -0.754106 -0.352812 -1.13553 -0.858965 -1.80124 -1.27331 -1.32057 -1.50802 -1.80143 -1.31409 -1.54088 -0.598711 4.48773 4.31289 4.50308 5.43856 2.91302 -0.617914 -1.67379 0.991999 -1.4168 -4.13732 -4.72387
-10.5616 -15.3816 -25.6859 5.16747 -15.0795 -26.9159 18.3654 -14.3111 -18.15 20.5126 -7.82817 -3.8166 14.4207 3.51581 5.37249 9.81166 8.54843 19.5427 9.85903 -2.7839 30.3208 9.81075 -17.6572 25.1213 3.367 -25.6117 13.0147 -7.19483 -25.8232 1.15087 -16.7311 -18.9588 -9.48148 -24.606 -6.6286 -15.2965 -31.2605 5.90177 -8.78481 -28.4822 9.89293 6.17172 -17.7044 6.17685 17.1652 -2.87583 3.94797 22.4063 12.6732 6.31851 20.4244 25.5696 10.0768 12.1987 33.7637 14.0469 -0.464472 28.5981 18.9981 -14.4359 13.0312 20.7531 -16.6031 -1.86282 18.8312 -11.4431 -16.3134 13.3065 -7.88898 -26.4445 1.23778 -9.2825 -23.523 -11.8122 -17.5538 -0.549396 -0.600352 0.312603 -0.623523 -0.369796 -1.16349 -0.840667 -1.73166 -1.30608 -1.37404 -1.45878 -1.66061 -1.17233 -1.47466 -0.668959 4.56666 4.51707 4.73662 5.68867 3.04429 -0.517353 -1.57822 0.761441 -1.79383 -4.7436 -5.4484
-8.51203 -15.2687 -25.1908 7.24504 -15.8895 -24.4039 19.0676 -15.9823 -13.8188 19.5176 -9.01942 0.443891 12.3453 2.95963 7.89998 5.54256 8.53585 20.9431 4.38943 -2.55702 31.901 5.72746 -17.4313 26.8794 1.31109 -25.5323 13.9838 -7.65636 -25.9172 0.877291 -16.2241 -19.027 -10.5325 -23.7468 -6.44192 -16.2653 -30.1448 6.13821 -9.60087 -27.531 9.74037 5.48148 -17.0613 5.82271 16.7019 -2.35737 4.74451 22.6138 12.7054 9.38171 20.8188 25.017 13.8013 12.036 33.0549 16.6995 -1.00566 27.8724 20.2766 -15.3851 12.2519 21.5126 -17.4894 -2.47372 19.5116 -11.903 -16.7957 13.6666 -8.33779 -26.2838 1.14303 -10.2188 -22.1763 -11.6973 -18.3134 -0.765389 -0.639849 0.312359 -0.569758 -0.237755 -0.990231 -0.675495 -1.62328 -1.30764 -1.40501 -1.48837 -1.69993 -1.2022 -1.47538 -0.577718 4.51641 4.43083 4.64733 5.62495 3.10144 -0.47146 -1.51082 0.786162 -1.83828 -4.94089 -5.44974
-8.28298 -15.0832 -25.3769 7.47489 -15.6582 -24.5732 19.271 -15.8072 -13.9596 19.6706 -8.94158 0.35107 12.5095 3.00715 7.86608 5.71407 8.58186 20.9136 4.42743 -2.49872 31.8681 5.67121 -17.3988 26.9005 1.26505 -25.5345 14.0234 -7.66498 -25.9243 0.891619 -16.1623 -18.9998 -10.5495 -23.5804 -6.3633 -16.3042 -30.0653 6.16582 -9.62848 -27.5225 9.72036 5.477 -17.071 5.78853 16.7093 -2.37712 4.69705 22.6437 12.6956 9.30394 20.8548 25.0237 13.6247 12.0466 33.1014 16.3702 -1.00232 27.987 19.9312 -15.4099 12.383 21.314 -17.5376 -2.35885 19.4296 -11.9549 -16.6976 13.62 -8.39969 -26.1781 1.09911 -10.3354 -21.9916 -11.6612 -18.5141 -0.753693 -0.636107 0.31252 -0.576849 -0.244272 -0.993259 -0.676294 -1.6223 -1.30723 -1.40739 -1.49518 -1.70714 -1.20535 -1.47667 -0.580994 4.51354 4.43227 4.6489 5.63298 3.11427 -0.470002 -1.50723 0.785716 -1.84248 -4.93775 -5.44386
-8.05393 -14.8977 -25.563 7.70474 -15.4269 -24.7424 19.4745 -15.6322 -14.1004 19.8235 -8.86374 0.258249 12.6738 3.05468 7.83217 5.88559 8.62787 20.8841 4.46542 -2.44041 31.8352 5.61497 -17.3663 26.9217 1.21901 -25.5367 14.063 -7.6736 -25.9314 0.905947 -16.1005 -18.9725 -10.5666 -23.414 -6.28469 -16.3431 -29.9857 6.19343 -9.65608 -27.5141 9.70035 5.47251 -17.0806 5.75435 16.7167 -2.39686 4.64958 22.6735 12.6859 9.22617 20.8907 25.0304 13.448 12.0572 33.1479 16.0408 -0.998989 28.1017 19.5857 -15.4347 12.5141 21.1154 -17.5859 -2.24398 19.3476 -12.0068 -16.5995 13.5734 -8.46159 -26.0724 1.05519 -10.452 -21.807 -11.6252 -18.7148 -0.741996 -0.632365 0.312681 -0.583939 -0.25079 -0.996286 -0.677094 -1.62133 -1.30681 -1.40976 -1.50199 -1.71434 -1.20849 -1.47795 -0.58427 4.51067 4.43371 4.65047 5.641 3.1271 -0.468543 -1.50364 0.785269 -1.84668 -4.93462 -5.43798
-8.06414 -15.3037 -25.0796 7.58569 -16.6825 -23.5018 18.7112 -17.3943 -12.2067 18.1804 -10.203 1.94354 9.87526 1.70765 8.24652 2.20162 7.01129 20.9142 3.33261 -4.31405 31.6405 7.21912 -18.3836 25.7003 3.67524 -26.3667 12.4657 -5.49834 -26.9473 -0.490698 -14.7601 -19.9749 -11.2945 -23.1969 -7.6297 -16.2319 -29.5085 4.93906 -9.45787 -26.9934 8.75619 5.58916 -16.462 4.7708 16.7254 -1.66975 3.60506 22.3918 12.9395 9.60174 21.1585 24.606 15.6797 12.487 31.6957 19.9322 -0.736281 25.5614 23.6135 -14.6999 9.85378 23.6134 -16.5192 -4.74353 20.496 -11.1005 -18.7923 13.7954 -7.98077 -27.2474 0.673185 -10.5765 -21.9763 -11.7139 -18.7131 -0.886116 -0.677359 0.317142 -0.476136 -0.140932 -0.879798 -0.636097 -1.67774 -1.37374 -1.41498 -1.46308 -1.64429 -1.12012 -1.39551 -0.481605 4.57089 4.44848 4.65223 5.56009 3.00251 -0.447192 -1.54102 0.696678 -1.9581 -5.0342 -5.46665
-8.06466 -15.3076 -25.0541 7.58539 -16.6824 -23.4746 18.7023 -17.3685 -12.1696 18.1466 -10.1638 1.97271 9.81791 1.71872 8.29726 2.09952 7.01252 20.9416 3.24679 -4.34096 31.6361 7.18408 -18.388 25.6768 3.6433 -26.3682 12.4396 -5.54832 -26.9512 -0.503778 -14.8202 -19.9999 -11.3126 -23.243 -7.65311 -16.2695 -29.5473 4.91577 -9.48907 -26.9456 8.76209 5.53496 -16.3363 4.81041 16.6078 -1.52825 3.7414 22.2493 12.9415 10.0637 21.1723 24.5425 16.2655 12.504 31.6225 20.3818 -0.765372 25.4699 23.8142 -14.778 9.76381 23.6665 -16.588 -4.81457 20.5184 -11.1369 -18.8479 13.7944 -7.9985 -27.2782 0.653415 -10.5793 -21.9869 -11.7358 -18.6995 -0.889408 -0.679073 0.315809 -0.478548 -0.139407 -0.870544 -0.628412 -1.67179 -1.36712 -1.40803 -1.45572 -1.63739 -1.11619 -1.3946 -0.473543 4.55325 4.42858 4.63261 5.54073 3.00308 -0.442068 -1.53615 0.700999 -1.95527 -5.03179 -5.45766
-8.06518 -15.3116 -25.0285 7.58509 -16.6822 -23.4475 18.6935 -17.3428 -12.1326 18.1128 -10.1247 2.00189 9.76055 1.72978 8.34801 1.99742 7.01375 20.969 3.16097 -4.36788 31.6317 7.14905 -18.3924 25.6534 3.61135 -26.3697 12.4136 -5.59829 -26.955 -0.516857 -14.8802 -20.0249 -11.3306 -23.2891 -7.67653 -16.3072 -29.5862 4.89247 -9.52028 -26.8977 8.76798 5.48075 -16.2107 4.85001 16.4902 -1.38675 3.87773 22.1068 12.9434 10.5257 21.1862 24.4791 16.8514 12.5209 31.5494 20.8315 -0.794463 25.3784 24.0149 -14.856 9.67385 23.7195 -16.6569 -4.88562 20.5408 -11.1732 -18.9036 13.7935 -8.01622 -27.3089 0.633646 -10.5822 -21.9974 -11.7577 -18.6859 -0.8927 -0.680786 0.314477 -0.48096 -0.137882 -0.861289 -0.620727 -1.66583 -1.36049 -1.40107 -1.44837 -1.6305 -1.11226 -1.39369 -0.465481 4.5356 4.40867 4.61298 5.52138 3.00365 -0.436944 -1.53129 0.70532 -1.95243 -5.02937 -5.44868
-8.0657 -15.3156 -25.003 7.58479 -16.6821 -23.4203 18.6847 -17.3171 -12.0956 18.079 -10.0855 2.03106 9.7032 1.74085 8.39875 1.89532 7.01499 20.9964 3.07515 -4.3948 31.6273 7.11401 -18.3968 25.63 3.57941 -26.3711 12.3876 -5.64827 -26.9588 -0.529936 -14.9402 -20.0499 -11.3487 -23.3351 -7.69994 -16.3449 -29.6251 4.86917 -9.55148 -26.8499 8.77388 5.42654 -16.0851 4.88961 16.3726 -1.24526 4.01406 21.9643 12.9454 10.9877 21.2 24.4157 17.4373 12.5379 31.4762 21.2812 -0.823555 25.2869 24.2157 -14.9341 9.58388 23.7725 -16.7257 -4.95667 20.5631 -11.2095 -18.9593 13.7926 -8.03395 -27.3397 0.613876 -10.585 -22.008 -11.7796 -18.6723 -0.895993 -0.682499 0.313144 -0.483372 -0.136356 -0.852034 -0.613042 -1.65988 -1.35387 -1.39412 -1.44101 -1.62361 -1.10833 -1.39278 -0.457419 4.51796 4.38876 4.59335 5.50203 3.00422 -0.43182 -1.52642 0.709641 -1.9496 -5.02695 -5.43969
-8.06623 -15.3196 -24.9775 7.58449 -16.6819 -23.3932 18.6758 -17.2914 -12.0586 18.0452 -10.0464 2.06024 9.64585 1.75191 8.44949 1.79322 7.01622 21.0237 2.98933 -4.42172 31.6229 7.07897 -18.4012 25.6065 3.54747 -26.3726 12.3616 -5.69825 -26.9627 -0.543015 -15.0002 -20.0749 -11.3667 -23.3812 -7.72335 -16.3826 -29.6639 4.84588 -9.58268 -26.802 8.77977 5.37233 -15.9594 4.92921 16.255 -1.10376 4.1504 21.8218 12.9473 11.4496 21.2138 24.3522 18.0231 12.5549 31.4031 21.7309 -0.852646 25.1954 24.4164 -15.0121 9.49392 23.8256 -16.7946 -5.02771 20.5855 -11.2458 -19.015 13.7917 -8.05167 -27.3704 0.594106 -10.5879 -22.0186 -11.8015 -18.6588 -0.899285 -0.684213 0.311812 -0.485784 -0.134831 -0.842779 -0.605357 -1.65393 -1.34725 -1.38716 -1.43365 -1.61672 -1.1044 -1.39187 -0.449358 4.50031 4.36885 4.57372 5.48268 3.00479 -0.426696 -1.52156 0.713963 -1.94676 -5.02453 -5.4307
-8.99802 -12.7188 -28.6764 6.6054 -13.9979 -26.6436 16.3547 -15.7995 -14.2517 13.7463 -9.85872 0.244323 5.14934 1.74798 6.72104 -1.64736 7.31392 19.7714 0.701419 -3.74021 30.5833 5.46016 -17.4223 24.3775 2.90978 -24.8353 10.5946 -5.31335 -25.0621 -2.99468 -14.2812 -18.2105 -14.1192 -23.6823 -6.40948 -18.6241 -31.2796 4.28976 -10.1696 -28.5525 6.3618 5.18015 -17.1353 3.53536 15.7878 -2.29912 4.48516 21.3834 11.5267 12.2546 21.0754 23.385 18.6524 12.9048 30.9673 22.2739 -0.236399 25.2156 24.9156 -14.599 9.57239 24.38 -16.7977 -5.0593 21.0886 -11.5832 -18.996 14.0802 -8.65852 -27.5563 1.15389 -11.8017 -22.7687 -10.2251 -21.5422 -0.651641 -0.488669 0.479239 -0.422466 -0.175469 -0.924344 -0.710472 -1.78145 -1.54802 -1.62091 -1.63264 -1.75765 -1.13655 -1.29939 -0.290403 4.44864 4.31313 4.53752 5.45829 3.01267 -0.427007 -1.56489 0.720478 -1.80498 -4.73302 -5.5042
-8.86357 -12.7925 -28.7992 6.72369 -14.0518 -26.6435 16.4484 -15.8357 -14.2297 13.8335 -9.89617 0.265623 5.20959 1.69356 6.73667 -1.62975 7.2531 19.7673 0.711018 -3.7974 30.5846 5.50425 -17.4662 24.3764 3.00525 -24.8478 10.5676 -5.16411 -25.0369 -3.05414 -14.1173 -18.1661 -14.1785 -23.5751 -6.40337 -18.6635 -31.2374 4.25966 -10.2228 -28.5461 6.3185 5.13493 -17.1364 3.49339 15.751 -2.3022 4.44409 21.3518 11.5028 12.2494 21.0287 23.3142 18.6932 12.8272 30.8867 22.3208 -0.317977 25.1725 24.8046 -14.7211 9.54998 24.0099 -16.9492 -5.03758 20.6324 -11.6697 -19.043 13.7589 -8.76381 -27.6693 0.921059 -12.07 -22.7353 -10.3555 -21.8521 -0.652115 -0.485099 0.481045 -0.419632 -0.170925 -0.920935 -0.708739 -1.78179 -1.55252 -1.62824 -1.6395 -1.76201 -1.13967 -1.30312 -0.295924 4.44283 4.30305 4.52483 5.4431 3.01169 -0.426176 -1.53606 0.749948 -1.79254 -4.74149 -5.48014
-8.72911 -12.8663 -28.9219 6.84199 -14.1058 -26.6433 16.542 -15.8718 -14.2078 13.9207 -9.93363 0.286924 5.26983 1.63914 6.75229 -1.61214 7.19227 19.7631 0.720618 -3.85458 30.5859 5.54834 -17.5101 24.3752 3.10071 -24.8604 10.5406 -5.01488 -25.0118 -3.11359 -13.9535 -18.1217 -14.2379 -23.4679 -6.39725 -18.703 -31.1952 4.22956 -10.276 -28.5396 6.27519 5.0897 -17.1375 3.45141 15.7143 -2.30529 4.40301 21.3202 11.479 12.2443 20.982 23.2435 18.7341 12.7496 30.8062 22.3677 -0.399554 25.1293 24.6936 -14.8433 9.52758 23.6398 -17.1006 -5.01587 20.1763 -11.7562 -19.0901 13.4375 -8.86911 -27.7822 0.688223 -12.3382 -22.7018 -10.4859 -22.1619 -0.65259 -0.481529 0.482851 -0.416799 -0.166382 -0.917527 -0.707006 -1.78212 -1.55701 -1.63556 -1.64637 -1.76638 -1.14278 -1.30685 -0.301445 4.43702 4.29297 4.51213 5.4279 3.0107 -0.425345 -1.50724 0.779417 -1.78009 -4.74996 -5.45609
-8.59465 -12.94 -29.0446 6.96029 -14.1598 -26.6431 16.6357 -15.908 -14.1858 14.0079 -9.97108 0.308224 5.33007 1.58472 6.76791 -1.59453 7.13144 19.759 0.730218 -3.91176 30.5872 5.59242 -17.554 24.3741 3.19618 -24.8729 10.5137 -4.86564 -24.9866 -3.17304 -13.7896 -18.0773 -14.2972 -23.3607 -6.39113 -18.7425 -31.153 4.19946 -10.3292 -28.5331 6.23188 5.04447 -17.1385 3.40943 15.6775 -2.30837 4.36194 21.2886 11.4551 12.2392 20.9353 23.1727 18.7749 12.6721 30.7256 22.4146 -0.481132 25.0862 24.5826 -14.9655 9.50518 23.2697 -17.252 -4.99415 19.7202 -11.8427 -19.1371 13.1162 -8.9744 -27.8951 0.455388 -12.6064 -22.6684 -10.6162 -22.4718 -0.653065 -0.477958 0.484657 -0.413966 -0.161838 -0.914118 -0.705273 -1.78246 -1.56151 -1.64288 -1.65323 -1.77074 -1.1459 -1.31057 -0.306966 4.43121 4.28288 4.49943 5.4127 3.00971 -0.424514 -1.47842 0.808887 -1.76765 -4.75842 -5.43203
-8.4602 -13.0138 -29.1673 7.07858 -14.2138 -26.643 16.7293 -15.9442 -14.1639 14.0952 -10.0085 0.329524 5.39031 1.5303 6.78354 -1.57692 7.07062 19.7548 0.739817 -3.96894 30.5885 5.63651 -17.5979 24.3729 3.29164 -24.8855 10.4867 -4.7164 -24.9614 -3.2325 -13.6258 -18.0329 -14.3565 -23.2535 -6.38502 -18.7819 -31.1108 4.16936 -10.3824 -28.5267 6.18858 4.99925 -17.1396 3.36746 15.6407 -2.31146 4.32087 21.257 11.4312 12.234 20.8886 23.102 18.8158 12.5945 30.645 22.4616 -0.56271 25.0431 24.4716 -15.0876 9.48278 22.8995 -17.4034 -4.97243 19.264 -11.9291 -19.1842 12.7948 -9.07969 -28.0081 0.222552 -12.8747 -22.6349 -10.7466 -22.7816 -0.65354 -0.474388 0.486463 -0.411132 -0.157294 -0.91071 -0.70354 -1.7828 -1.566 -1.65021 -1.6601 -1.77511 -1.14901 -1.3143 -0.312487 4.4254 4.2728 4.48673 5.3975 3.00873 -0.423682 -1.4496 0.838356 -1.75521 -4.76689 -5.40798
-6.86872 -13.9768 -37.3738 7.44214 -14.1001 -30.7075 14.0711 -16.2003 -16.4436 10.4058 -11.7039 -1.65922 1.7194 -1.32969 6.55448 -4.10292 4.33843 20.021 -0.24705 -5.80767 31.2725 5.37301 -19.1562 25.0656 3.29897 -25.7849 10.8125 -4.23881 -25.0095 -3.14879 -12.5759 -17.6556 -14.4421 -22.0732 -6.04184 -19.2249 -30.2923 4.07728 -10.638 -27.9764 5.43613 4.85835 -16.7015 2.17261 15.491 -2.022 3.27474 21.4536 11.3818 11.7546 21.5112 22.0109 20.2842 13.6063 27.7302 26.459 0.47532 21.166 27.9901 -13.7027 6.65641 22.6089 -16.9556 -6.51508 14.5413 -13.27 -18.8014 4.55606 -12.1121 -26.573 -7.48162 -18.8288 -21.5767 -14.6891 -31.8866 -0.400623 -0.13516 0.710872 -0.312617 -0.0910515 -0.964774 -0.769984 -1.84143 -1.63711 -1.75766 -1.76597 -1.85273 -1.17942 -1.31182 -0.277133 4.41862 4.20533 4.3683 5.12512 2.86427 -0.360349 -1.72368 0.762456 -1.56284 -4.51061 -5.20424
-6.91208 -14.1109 -37.2977 7.44285 -14.2236 -30.7286 14.1619 -16.3762 -16.5159 10.5155 -11.9086 -1.71822 1.77496 -1.5265 6.42666 -4.08116 4.29238 19.8114 -0.193369 -5.68607 31.1962 5.44358 -19.0792 25.1047 3.38224 -25.8088 10.898 -4.14318 -25.1177 -3.07372 -12.4956 -17.7672 -14.358 -22.0138 -6.14718 -19.0827 -30.2611 3.98471 -10.5384 -27.9837 5.36873 4.96126 -16.716 2.01303 15.5719 -2.00965 2.99855 21.4853 11.3371 11.5664 21.5647 21.8821 20.2335 13.701 27.5557 26.4843 0.586849 20.9888 27.944 -13.5971 6.52198 22.4389 -16.8266 -6.61553 14.3317 -13.108 -18.9132 4.35606 -11.9896 -26.6587 -7.67456 -18.7485 -21.6062 -14.885 -31.7826 -0.392973 -0.135467 0.712695 -0.30426 -0.0874322 -0.972538 -0.776943 -1.84759 -1.64091 -1.75724 -1.76487 -1.85074 -1.17729 -1.31451 -0.280658 4.4236 4.20317 4.36445 5.11665 2.86082 -0.360805 -1.7166 0.765636 -1.5639 -4.50228 -5.20247
-6.95543 -14.2451 -37.2217 7.44357 -14.3471 -30.7498 14.2526 -16.5522 -16.5882 10.6253 -12.1134 -1.77721 1.83051 -1.7233 6.29885 -4.05939 4.24634 19.6018 -0.139688 -5.56448 31.12 5.51414 -19.0021 25.1437 3.46551 -25.8327 10.9836 -4.04755 -25.2259 -2.99865 -12.4152 -17.8788 -14.2738 -21.9543 -6.25251 -18.9404 -30.23 3.89215 -10.4387 -27.9909 5.30134 5.06417 -16.7305 1.85346 15.6528 -1.99729 2.72237 21.5171 11.2923 11.3781 21.6183 21.7532 20.1827 13.7956 27.3812 26.5097 0.698379 20.8116 27.898 -13.4914 6.38756 22.2689 -16.6977 -6.71597 14.1221 -12.9459 -19.0249 4.15606 -11.8671 -26.7444 -7.86751 -18.6681 -21.6356 -15.0809 -31.6786 -0.385322 -0.135773 0.714519 -0.295903 -0.083813 -0.980303 -0.783903 -1.85374 -1.64472 -1.75683 -1.76377 -1.84875 -1.17516 -1.31721 -0.284182 4.42857 4.20102 4.3606 5.10818 2.85738 -0.361262 -1.70952 0.768815 -1.56496 -4.49396 -5.2007
-6.99878 -14.3792 -37.1456 7.44429 -14.4706 -30.7709 14.3434 -16.7281 -16.6605 10.735 -12.3181 -1.83621 1.88607 -1.92011 6.17103 -4.03762 4.20029 19.3922 -0.0860076 -5.44289 31.0438 5.58471 -18.9251 25.1828 3.54878 -25.8566 11.0691 -3.95192 -25.3341 -2.92359 -12.3349 -17.9904 -14.1896 -21.8949 -6.35785 -18.7982 -30.1989 3.79958 -10.3391 -27.9982 5.23395 5.16708 -16.745 1.69388 15.7337 -1.98494 2.44619 21.5489 11.2475 11.1899 21.6718 21.6243 20.132 13.8903 27.2067 26.535 0.809908 20.6344 27.8519 -13.3857 6.25313 22.0988 -16.5688 -6.81642 13.9126 -12.7838 -19.1366 3.95606 -11.7446 -26.8301 -8.06045 -18.5877 -21.665 -15.2768 -31.5746 -0.377671 -0.13608 0.716343 -0.287546 -0.0801937 -0.988067 -0.790862 -1.8599 -1.64852 -1.75642 -1.76266 -1.84676 -1.17303 -1.31991 -0.287707 4.43354 4.19887 4.35675 5.09972 2.85393 -0.361719 -1.70244 0.771995 -1.56602 -4.48564 -5.19892
-7.05682 -14.6226 -37.0297 7.46932 -14.6313 -30.8446 14.5338 -17.0062 -16.8341 10.9663 -12.6503 -1.98384 2.02698 -2.21286 5.87128 -3.96774 4.17357 18.9383 -0.0149389 -5.20708 30.8109 5.59684 -18.7656 25.0662 3.53254 -25.7894 11.0007 -3.97287 -25.4089 -2.9952 -12.4298 -18.0679 -14.2067 -22.0134 -6.3746 -18.599 -30.2767 3.79689 -10.1193 -28.1147 5.21938 5.39353 -16.8968 1.47979 15.9297 -2.06956 1.91801 21.5987 11.0851 10.7813 21.7377 21.3216 19.9599 14.0384 26.8717 26.5066 1.01463 20.3267 27.7308 -13.2027 6.01587 21.7649 -16.3223 -6.94511 13.4637 -12.4213 -19.2111 3.43863 -11.4197 -26.828 -8.60334 -18.3035 -21.6485 -15.7544 -31.3197 -0.365953 -0.145164 0.710824 -0.280613 -0.0819968 -1.00646 -0.797271 -1.86208 -1.64977 -1.74912 -1.75544 -1.84352 -1.17202 -1.32665 -0.300975 4.44695 4.19876 4.35416 5.09008 2.84851 -0.366717 -1.70051 0.770005 -1.56395 -4.45109 -5.17558
-7.05918 -14.6937 -37.0116 7.49343 -14.6335 -30.891 14.6077 -17.0584 -16.9149 11.0568 -12.7195 -2.05571 2.09654 -2.25286 5.73567 -3.92581 4.20598 18.7535 -0.0128099 -5.12742 30.6759 5.51834 -18.7049 24.8995 3.40937 -25.6915 10.8223 -4.11662 -25.3447 -3.16322 -12.628 -18.0021 -14.3319 -22.2081 -6.25609 -18.5826 -30.3946 3.91306 -10.0273 -28.2218 5.29136 5.48782 -17.0301 1.47062 16.0218 -2.17005 1.74452 21.6077 10.9801 10.6145 21.7348 21.1845 19.8528 14.0651 26.7608 26.4457 1.07613 20.2466 27.6687 -13.1553 5.95124 21.6494 -16.2413 -6.94481 13.284 -12.2668 -19.142 3.17804 -11.2521 -26.7158 -8.89844 -18.1226 -21.5942 -15.9804 -31.1982 -0.36406 -0.153855 0.702963 -0.284412 -0.088448 -1.01488 -0.794742 -1.85636 -1.64613 -1.74235 -1.74963 -1.84284 -1.17374 -1.32994 -0.309718 4.45398 4.20143 4.35652 5.09132 2.84752 -0.371128 -1.70767 0.763933 -1.56053 -4.42723 -5.1545
-7.06154 -14.7648 -36.9934 7.51754 -14.6356 -30.9375 14.6815 -17.1106 -16.9956 11.1472 -12.7888 -2.12759 2.16609 -2.29286 5.60007 -3.88388 4.23838 18.5688 -0.0106808 -5.04777 30.5409 5.43984 -18.6443 24.7328 3.28619 -25.5936 10.644 -4.26038 -25.2805 -3.33124 -12.8261 -17.9364 -14.4571 -22.4029 -6.13757 -18.5661 -30.5124 4.02924 -9.93536 -28.329 5.36333 5.58211 -17.1633 1.46146 16.1139 -2.27053 1.57103 21.6167 10.8752 10.4478 21.7319 21.0473 19.7458 14.0917 26.6498 26.3848 1.13762 20.1665 27.6067 -13.108 5.88661 21.5338 -16.1604 -6.94451 13.1043 -12.1124 -19.073 2.91746 -11.0846 -26.6036 -9.19354 -17.9416 -21.5398 -16.2063 -31.0768 -0.362168 -0.162545 0.695103 -0.288211 -0.0948991 -1.0233 -0.792214 -1.85064 -1.6425 -1.73559 -1.74383 -1.84216 -1.17546 -1.33322 -0.31846 4.461 4.20409 4.35888 5.09256 2.84654 -0.37554 -1.71483 0.75786 -1.5571 -4.40337 -5.13343
-7.0639 -14.8359 -36.9752 7.54166 -14.6378 -30.984 14.7554 -17.1628 -17.0764 11.2377 -12.858 -2.19946 2.23565 -2.33286 5.46447 -3.84195 4.27079 18.3841 -0.00855178 -4.96812 30.4059 5.36134 -18.5836 24.5661 3.16302 -25.4957 10.4657 -4.40414 -25.2164 -3.49926 -13.0242 -17.8706 -14.5823 -22.5976 -6.01906 -18.5496 -30.6303 4.14542 -9.84341 -28.4362 5.43531 5.6764 -17.2966 1.4523 16.206 -2.37101 1.39754 21.6257 10.7703 10.281 21.729 20.9101 19.6388 14.1183 26.5389 26.3239 1.19912 20.0864 27.5446 -13.0606 5.82198 21.4182 -16.0795 -6.94421 12.9246 -11.958 -19.0039 2.65687 -10.917 -26.4914 -9.48864 -17.7607 -21.4855 -16.4323 -30.9554 -0.360275 -0.171236 0.687242 -0.29201 -0.10135 -1.03173 -0.789685 -1.84492 -1.63886 -1.72882 -1.73802 -1.84148 -1.17718 -1.3365 -0.327202 4.46802 4.20675 4.36125 5.09379 2.84555 -0.379952 -1.72199 0.751787 -1.55367 -4.37951 -5.11236
-7.14857 -14.9538 -36.9101 7.51318 -14.7015 -31.0574 14.8768 -17.3414 -17.2511 11.394 -13.132 -2.33937 2.24102 -2.63777 5.18183 -3.94911 4.19376 17.9238 0.0124908 -4.67704 30.1545 5.37659 -18.3378 24.4243 3.11005 -25.368 10.398 -4.47591 -25.2424 -3.55739 -13.1569 -17.919 -14.6085 -22.7327 -6.00724 -18.4001 -30.6903 4.15944 -9.62477 -28.5381 5.44161 5.90113 -17.4949 1.33653 16.4855 -2.52548 0.936685 21.7772 10.5665 9.89143 21.8613 20.5922 19.3807 14.2629 26.2477 26.1379 1.3922 19.8802 27.3588 -12.9055 5.64745 21.1619 -15.9319 -7.06515 12.6204 -11.7372 -19.099 2.31992 -10.7129 -26.5373 -9.8445 -17.5771 -21.5214 -16.7168 -30.806 -0.353566 -0.181906 0.678959 -0.285117 -0.101321 -1.05903 -0.798591 -1.84998 -1.63968 -1.72084 -1.72987 -1.83868 -1.17574 -1.33893 -0.346946 4.48234 4.21143 4.36385 5.09621 2.84842 -0.382465 -1.72054 0.749951 -1.55198 -4.35599 -5.09374
-7.23023 -14.9812 -36.8682 7.45403 -14.7626 -31.0718 14.9043 -17.4535 -17.3229 11.4353 -13.318 -2.38784 2.15789 -2.8918 5.0717 -4.10961 4.07549 17.6985 0.0308249 -4.4873 30.0749 5.4917 -18.1691 24.4946 3.21378 -25.3647 10.5572 -4.36479 -25.3501 -3.40179 -13.0374 -18.051 -14.4754 -22.62 -6.14618 -18.2715 -30.6005 4.02567 -9.5231 -28.5037 5.35634 6.00592 -17.5237 1.23242 16.6478 -2.55213 0.69654 21.9172 10.4962 9.71405 21.9973 20.4488 19.2588 14.3736 26.0977 26.0293 1.50705 19.7759 27.2518 -12.8106 5.55515 21.0527 -15.8873 -7.18647 12.5448 -11.7129 -19.2818 2.31447 -10.7221 -26.726 -9.82494 -17.6237 -21.6264 -16.7137 -30.8112 -0.349265 -0.181521 0.680676 -0.273391 -0.0930842 -1.07562 -0.810712 -1.86233 -1.64511 -1.72148 -1.72912 -1.83673 -1.1721 -1.33718 -0.355568 4.48772 4.21272 4.36346 5.09705 2.85256 -0.379365 -1.70998 0.75584 -1.55464 -4.36282 -5.10193
-7.3119 -15.0085 -36.8262 7.39488 -14.8236 -31.0861 14.9317 -17.5657 -17.3948 11.4766 -13.5039 -2.43632 2.07477 -3.14582 4.96158 -4.27012 3.95723 17.4731 0.049159 -4.29755 29.9953 5.60681 -18.0003 24.5649 3.31751 -25.3615 10.7163 -4.25368 -25.4578 -3.24618 -12.918 -18.1831 -14.3424 -22.5074 -6.28513 -18.1429 -30.5106 3.8919 -9.42143 -28.4693 5.27107 6.1107 -17.5526 1.12831 16.81 -2.57877 0.456395 22.0571 10.4259 9.53668 22.1333 20.3053 19.1368 14.4843 25.9476 25.9208 1.6219 19.6716 27.1449 -12.7157 5.46284 20.9434 -15.8427 -7.30778 12.4692 -11.6887 -19.4647 2.30902 -10.7312 -26.9148 -9.80539 -17.6702 -21.7314 -16.7107 -30.8163 -0.344964 -0.181137 0.682393 -0.261665 -0.0848477 -1.09221 -0.822834 -1.87467 -1.65055 -1.72211 -1.72836 -1.83479 -1.16847 -1.33543 -0.36419 4.49311 4.21401 4.36306 5.09789 2.85669 -0.376266 -1.69942 0.761729 -1.55731 -4.36965 -5.11013
-7.39357 -15.0359 -36.7843 7.33573 -14.8847 -31.1004 14.9591 -17.6779 -17.4666 11.5179 -13.6899 -2.4848 1.99165 -3.39985 4.85145 -4.43062 3.83896 17.2478 0.0674931 -4.10781 29.9157 5.72192 -17.8316 24.6351 3.42124 -25.3583 10.8755 -4.14256 -25.5655 -3.09057 -12.7985 -18.3152 -14.2093 -22.3947 -6.42408 -18.0143 -30.4207 3.75814 -9.31976 -28.4349 5.1858 6.21549 -17.5814 1.0242 16.9723 -2.60542 0.216251 22.1971 10.3557 9.35931 22.2692 20.1619 19.0149 14.595 25.7976 25.8123 1.73674 19.5672 27.0379 -12.6208 5.37054 20.8342 -15.7981 -7.4291 12.3936 -11.6644 -19.6476 2.30357 -10.7403 -27.1035 -9.78584 -17.7168 -21.8364 -16.7076 -30.8214 -0.340663 -0.180752 0.68411 -0.249939 -0.0766113 -1.1088 -0.834955 -1.88702 -1.65599 -1.72274 -1.7276 -1.83285 -1.16483 -1.33368 -0.372812 4.49849 4.2153 4.36266 5.09872 2.86082 -0.373166 -1.68886 0.767618 -1.55997 -4.37648 -5.11832
-6.76539 -15.2314 -36.9933 7.98109 -15.313 -31.3525 15.4837 -18.0891 -17.6482 12.0237 -13.9037 -2.72452 2.80367 -3.37578 4.67067 -3.62539 3.81093 17.094 0.0761189 -4.69195 29.6747 5.5282 -18.4199 24.2058 3.3295 -25.4147 10.1514 -4.21688 -25.1266 -3.82183 -12.8069 -17.7162 -14.8853 -22.3977 -5.86035 -18.8097 -30.4569 4.18448 -9.9898 -28.1391 5.10648 5.53455 -16.9281 0.753484 15.8382 -1.98175 0.671353 21.2056 10.9994 9.78718 21.2302 20.946 19.3312 13.5944 26.4833 26.1375 0.698517 19.9589 27.5675 -13.5091 5.61875 21.5977 -16.486 -7.14463 13.1289 -12.297 -19.1749 2.82957 -11.201 -26.4889 -9.44999 -17.9938 -21.2192 -16.5965 -30.9778 -0.386801 -0.211609 0.654765 -0.298856 -0.107188 -1.07815 -0.788367 -1.83327 -1.62156 -1.71146 -1.72276 -1.82736 -1.16584 -1.32428 -0.287749 4.51484 4.23576 4.38622 5.11559 2.84919 -0.383402 -1.72646 0.733416 -1.59225 -4.4224 -5.15583
-6.76651 -15.1697 -37.0508 7.95624 -15.2232 -31.3491 15.3741 -17.9352 -17.5871 11.8341 -13.7495 -2.68278 2.58388 -3.29232 4.77342 -3.87139 3.70801 17.2854 -0.102828 -5.0055 29.6938 5.43538 -18.6107 24.0217 3.22182 -25.4282 9.8859 -4.38497 -25.0175 -4.04989 -13.0012 -17.5633 -15.063 -22.5686 -5.67284 -18.9379 -30.5554 4.35353 -10.0331 -28.139 5.13616 5.48171 -16.8753 0.712971 15.6959 -1.95801 0.774937 21.1382 11.005 9.91599 21.2065 20.9824 19.4258 13.5687 26.534 26.1986 0.661417 20.0045 27.6086 -13.5458 5.66413 21.6343 -16.5128 -7.1011 13.1656 -12.3293 -19.1323 2.86638 -11.2416 -26.4634 -9.40007 -18.0395 -21.2219 -16.5376 -31.0397 -0.389937 -0.208976 0.656026 -0.302623 -0.104777 -1.05649 -0.776247 -1.82659 -1.61876 -1.71194 -1.72525 -1.83341 -1.1753 -1.33082 -0.279314 4.50592 4.22998 4.38134 5.11168 2.8462 -0.385003 -1.72788 0.733622 -1.58994 -4.42152 -5.14941
-6.76764 -15.108 -37.1083 7.93139 -15.1333 -31.3456 15.2645 -17.7813 -17.526 11.6444 -13.5953 -2.64105 2.36408 -3.20887 4.87618 -4.1174 3.60508 17.4767 -0.281775 -5.31905 29.713 5.34256 -18.8016 23.8377 3.11413 -25.4417 9.62035 -4.55307 -24.9085 -4.27795 -13.1954 -17.4105 -15.2407 -22.7395 -5.48533 -19.0661 -30.6538 4.52257 -10.0765 -28.1388 5.16584 5.42887 -16.8225 0.672459 15.5537 -1.93428 0.87852 21.0708 11.0106 10.0448 21.1828 21.0189 19.5205 13.5431 26.5846 26.2598 0.624317 20.05 27.6498 -13.5825 5.7095 21.671 -16.5395 -7.05757 13.2022 -12.3616 -19.0896 2.9032 -11.2822 -26.4379 -9.35016 -18.0852 -21.2246 -16.4787 -31.1017 -0.393074 -0.206343 0.657286 -0.30639 -0.102365 -1.03483 -0.764126 -1.81991 -1.61595 -1.71241 -1.72775 -1.83946 -1.18475 -1.33735 -0.270879 4.49701 4.2242 4.37645 5.10778 2.84322 -0.386604 -1.72931 0.733828 -1.58762 -4.42065 -5.143
-6.76877 -15.0464 -37.1658 7.90654 -15.0435 -31.3421 15.1549 -17.6274 -17.4648 11.4548 -13.4411 -2.59932 2.14428 -3.12542 4.97893 -4.3634 3.50216 17.6681 -0.460723 -5.6326 29.7321 5.24974 -18.9925 23.6537 3.00645 -25.4552 9.3548 -4.72116 -24.7995 -4.50601 -13.3896 -17.2576 -15.4184 -22.9104 -5.29782 -19.1944 -30.7523 4.69161 -10.1198 -28.1387 5.19552 5.37603 -16.7698 0.631946 15.4114 -1.91055 0.982103 21.0034 11.0161 10.1736 21.1591 21.0554 19.6152 13.5174 26.6353 26.3209 0.587217 20.0956 27.691 -13.6193 5.75488 21.7076 -16.5662 -7.01404 13.2389 -12.3939 -19.047 2.94002 -11.3228 -26.4124 -9.30025 -18.1309 -21.2273 -16.4199 -31.1636 -0.396211 -0.20371 0.658547 -0.310157 -0.099953 -1.01317 -0.752005 -1.81322 -1.61315 -1.71289 -1.73025 -1.8455 -1.1942 -1.34389 -0.262444 4.4881 4.21842 4.37157 5.10387 2.84024 -0.388205 -1.73073 0.734034 -1.58531 -4.41977 -5.13659
-6.77757 -14.9136 -37.2572 7.83497 -14.8544 -31.2787 14.8986 -17.3295 -17.2856 11.0088 -13.2094 -2.45064 1.55799 -3.12746 5.26073 -5.02317 3.12675 18.1051 -0.793122 -6.24346 29.8793 5.24029 -19.3484 23.5567 3.01826 -25.6331 9.16927 -4.7992 -24.802 -4.6351 -13.4571 -17.195 -15.5112 -22.9381 -5.21496 -19.3203 -30.7502 4.7607 -10.2034 -28.0291 5.09 5.28331 -16.5851 0.46565 15.2086 -1.83336 1.19754 21.0309 11.0352 10.4696 21.2161 21.117 19.8014 13.4981 26.7153 26.4163 0.529336 20.166 27.7488 -13.6764 5.82452 21.7609 -16.6103 -6.95276 13.295 -12.4579 -18.9963 3.00596 -11.4129 -26.4001 -9.20043 -18.2401 -21.2534 -16.2983 -31.2999 -0.392155 -0.187152 0.672097 -0.303767 -0.08182 -0.970494 -0.740489 -1.81615 -1.61685 -1.72199 -1.74154 -1.85759 -1.20884 -1.35288 -0.244477 4.46877 4.20396 4.35778 5.09354 2.83272 -0.392332 -1.7331 0.735112 -1.58103 -4.42132 -5.13315
-6.78497 -14.8577 -37.277 7.79435 -14.7772 -31.2196 14.7788 -17.2234 -17.1824 10.7992 -13.1698 -2.35395 1.24556 -3.23349 5.4145 -5.37645 2.87956 18.3037 -0.902567 -6.46366 30.0028 5.34648 -19.4666 23.6889 3.16422 -25.7943 9.3146 -4.66779 -24.9404 -4.48005 -13.2826 -17.3229 -15.3827 -22.7528 -5.36572 -19.2866 -30.6254 4.61917 -10.233 -27.9198 4.94749 5.25642 -16.4663 0.349831 15.183 -1.78574 1.28392 21.1424 11.0472 10.6051 21.3026 21.1331 19.8697 13.5108 26.7321 26.4354 0.517679 20.1797 27.7553 -13.6877 5.83762 21.7686 -16.6211 -6.9457 13.3056 -12.4816 -18.9987 3.02604 -11.4524 -26.4196 -9.16279 -18.2923 -21.276 -16.2501 -31.3591 -0.38419 -0.173874 0.684075 -0.292684 -0.0666919 -0.954799 -0.744073 -1.8274 -1.62404 -1.7305 -1.74971 -1.86214 -1.21171 -1.35372 -0.237019 4.46054 4.19671 4.35008 5.08807 2.82891 -0.394464 -1.7337 0.735934 -1.57964 -4.42396 -5.1377
-6.79238 -14.8018 -37.2968 7.75374 -14.7001 -31.1606 14.659 -17.1173 -17.0793 10.5895 -13.1301 -2.25727 0.933118 -3.33951 5.56828 -5.72972 2.63238 18.5023 -1.01201 -6.68386 30.1262 5.45268 -19.5847 23.8212 3.31019 -25.9554 9.45993 -4.53639 -25.0789 -4.325 -13.1082 -17.4507 -15.2541 -22.5676 -5.51647 -19.2528 -30.5007 4.47764 -10.2626 -27.8104 4.80499 5.22953 -16.3474 0.234011 15.1575 -1.73812 1.37031 21.2539 11.0593 10.7406 21.389 21.1493 19.938 13.5236 26.749 26.4546 0.506021 20.1934 27.7619 -13.6991 5.85073 21.7763 -16.632 -6.93865 13.3161 -12.5053 -19.0011 3.04611 -11.4919 -26.4391 -9.12516 -18.3444 -21.2987 -16.2019 -31.4182 -0.376226 -0.160596 0.696054 -0.2816 -0.0515637 -0.939104 -0.747658 -1.83864 -1.63123 -1.73901 -1.75789 -1.8667 -1.21457 -1.35457 -0.229562 4.45232 4.18945 4.34238 5.08261 2.82511 -0.396596 -1.7343 0.736755 -1.57825 -4.4266 -5.14226
-6.79978 -14.7459 -37.3166 7.71313 -14.6229 -31.1015 14.5392 -17.0112 -16.9762 10.3799 -13.0905 -2.16059 0.620681 -3.44554 5.72205 -6.08299 2.38519 18.701 -1.12146 -6.90407 30.2497 5.55887 -19.7028 23.9535 3.45615 -26.1166 9.60526 -4.40498 -25.2173 -4.16996 -12.9337 -17.5785 -15.1256 -22.3823 -5.66723 -19.219 -30.376 4.33612 -10.2922 -27.7011 4.66249 5.20263 -16.2285 0.118192 15.1319 -1.6905 1.45669 21.3654 11.0713 10.876 21.4755 21.1654 20.0063 13.5363 26.7659 26.4737 0.494364 20.2071 27.7684 -13.7105 5.86383 21.784 -16.6428 -6.9316 13.3267 -12.529 -19.0035 3.06618 -11.5314 -26.4586 -9.08753 -18.3966 -21.3214 -16.1537 -31.4774 -0.368261 -0.147318 0.708032 -0.270517 -0.0364355 -0.923409 -0.751242 -1.84989 -1.63842 -1.74751 -1.76607 -1.87125 -1.21743 -1.35542 -0.222104 4.44409 4.18219 4.33467 5.07714 2.8213 -0.398728 -1.7349 0.737576 -1.57686 -4.42924 -5.14681
-6.82256 -14.5278 -37.4938 7.6015 -14.3536 -31.0778 14.2233 -16.6945 -16.8482 9.85815 -12.9607 -2.04429 -0.110965 -3.63993 5.96743 -6.91886 1.95392 18.9997 -1.44986 -7.37852 30.2813 5.6513 -19.9328 23.9444 3.60709 -26.3648 9.59556 -4.34682 -25.3473 -4.11564 -12.8428 -17.6536 -15.058 -22.263 -5.74484 -19.2284 -30.2443 4.24796 -10.2808 -27.4893 4.44503 5.19849 -16.0302 -0.113079 15.1365 -1.68401 1.68778 21.6893 11.0168 11.189 21.6767 21.1546 20.1323 13.5831 26.7866 26.4969 0.504104 20.2554 27.7813 -13.7142 5.9178 21.806 -16.6908 -6.89264 13.3441 -12.6345 -18.9778 3.09459 -11.6852 -26.4803 -8.99667 -18.6079 -21.3741 -15.9839 -31.742 -0.371391 -0.139833 0.709609 -0.274049 -0.0313643 -0.868872 -0.738427 -1.85464 -1.63596 -1.74964 -1.77053 -1.87638 -1.22567 -1.35762 -0.204047 4.43074 4.16766 4.31907 5.06678 2.81493 -0.403385 -1.73924 0.737949 -1.57301 -4.43267 -5.13396
-6.83616 -14.3791 -37.6464 7.54032 -14.1802 -31.1275 14.0563 -16.5096 -16.8483 9.5968 -12.8801 -2.04806 -0.454615 -3.70266 6.02186 -7.31603 1.82962 19.0518 -1.64234 -7.57953 30.1595 5.61185 -20.0161 23.7712 3.57676 -26.4128 9.4054 -4.45184 -25.3054 -4.25386 -12.9685 -17.5699 -15.15 -22.3736 -5.63524 -19.2797 -30.2675 4.33556 -10.2328 -27.4134 4.40454 5.22774 -15.9794 -0.200519 15.1729 -1.73666 1.81159 21.8748 10.9473 11.3336 21.7704 21.1237 20.1735 13.6141 26.7865 26.4963 0.52832 20.2867 27.7861 -13.7038 5.95549 21.8184 -16.7255 -6.86245 13.3484 -12.7105 -18.949 3.09808 -11.7901 -26.4777 -8.95255 -18.7543 -21.3987 -15.8738 -31.9332 -0.38441 -0.148838 0.69631 -0.291346 -0.0450797 -0.833826 -0.721161 -1.84543 -1.62457 -1.7412 -1.76484 -1.87586 -1.23035 -1.35876 -0.19525 4.42761 4.16213 4.31304 5.0632 2.81328 -0.405395 -1.74285 0.737302 -1.57089 -4.43281 -5.11546
-6.84975 -14.2303 -37.7991 7.47913 -14.0067 -31.1772 13.8892 -16.3247 -16.8484 9.33545 -12.7995 -2.05182 -0.798265 -3.7654 6.07628 -7.71319 1.70531 19.1038 -1.83483 -7.78053 30.0378 5.5724 -20.0994 23.5979 3.54643 -26.4609 9.21523 -4.55687 -25.2635 -4.39209 -13.0943 -17.4862 -15.2421 -22.4843 -5.52563 -19.3309 -30.2907 4.42317 -10.1847 -27.3374 4.36405 5.25698 -15.9287 -0.28796 15.2092 -1.7893 1.93541 22.0603 10.8778 11.4783 21.8642 21.0929 20.2147 13.6451 26.7863 26.4957 0.552536 20.318 27.7909 -13.6934 5.99319 21.8309 -16.7601 -6.83225 13.3527 -12.7866 -18.9203 3.10156 -11.8949 -26.4752 -8.90844 -18.9008 -21.4234 -15.7638 -32.1244 -0.39743 -0.157842 0.683012 -0.308642 -0.0587952 -0.798779 -0.703894 -1.83621 -1.61318 -1.73277 -1.75915 -1.87534 -1.23503 -1.35991 -0.186454 4.42447 4.15661 4.307 5.05963 2.81162 -0.407405 -1.74645 0.736655 -1.56876 -4.43296 -5.09696
-6.86335 -14.0816 -37.9517 7.41794 -13.8332 -31.227 13.7222 -16.1397 -16.8486 9.0741 -12.7188 -2.05559 -1.14192 -3.82813 6.1307 -8.11036 1.58101 19.1559 -2.02732 -7.98153 29.9161 5.53295 -20.1827 23.4246 3.5161 -26.509 9.02507 -4.66189 -25.2216 -4.53031 -13.2201 -17.4025 -15.3342 -22.5949 -5.41603 -19.3822 -30.3138 4.51077 -10.1367 -27.2614 4.32356 5.28623 -15.878 -0.375401 15.2456 -1.84195 2.05922 22.2457 10.8083 11.623 21.958 21.062 20.256 13.6761 26.7862 26.4951 0.576752 20.3493 27.7958 -13.683 6.03088 21.8433 -16.7947 -6.80205 13.357 -12.8626 -18.8915 3.10504 -11.9997 -26.4726 -8.86432 -19.0473 -21.448 -15.6538 -32.3157 -0.410449 -0.166847 0.669713 -0.325939 -0.0725107 -0.763732 -0.686628 -1.827 -1.60179 -1.72433 -1.75346 -1.87481 -1.23971 -1.36105 -0.177658 4.42134 4.15109 4.30097 5.05606 2.80997 -0.409416 -1.75006 0.736009 -1.56664 -4.4331 -5.07846
5.33361 -4.46756 -39.1868 15.0028 -2.08051 -26.9347 18.2562 -8.52308 -12.8003 10.5673 -11.3364 0.808295 -1.49853 -5.49981 9.22525 -8.0083 -2.03703 23.1189 0.115118 -12.0398 31.9736 10.5058 -20.884 24.0936 12.2173 -23.9987 8.64045 6.61368 -21.6213 -6.03297 -1.7546 -13.6407 -16.8677 -12.9096 -3.14643 -20.5099 -24.734 2.89762 -12.3482 -26.4985 -0.224473 2.94475 -17.733 -5.60967 14.9692 -5.68323 -1.81588 24.5511 2.18373 11.868 26.0754 9.60115 24.0745 19.4192 17.2027 30.6919 7.51543 18.3596 26.2382 -7.4933 11.8852 12.615 -12.2505 4.89075 -1.31175 -9.20262 -1.21471 -15.5636 -12.6099 -5.02045 -23.9756 -25.4624 -3.55114 -17.42 -39.6854 0.189706 0.389987 1.08855 -0.070436 0.10196 -0.488999 -0.605356 -1.9722 -2.03857 -2.24608 -2.25321 -2.21022 -1.28645 -1.27087 -0.209306 4.00443 3.45104 3.57989 4.49123 2.90933 -0.181688 -1.77619 0.703602 -1.14007 -3.16008 -3.49872
5.33542 -4.47228 -39.1986 14.998 -2.08565 -26.9412 18.2554 -8.52421 -12.8059 10.5619 -11.3612 0.795213 -1.56143 -5.61062 9.18829 -8.14093 -2.24227 23.072 0.0633102 -12.129 31.9816 10.5248 -20.8887 24.1016 12.21 -23.966 8.63812 6.58274 -21.5927 -6.02689 -1.79084 -13.6534 -16.8878 -13.0361 -3.25935 -20.5383 -24.9324 2.49096 -12.2734 -26.5132 -0.857235 2.99009 -17.6135 -6.03416 15.0059 -5.69995 -1.91143 24.6181 2.05146 11.845 26.0758 9.48671 24.0202 19.3826 17.139 30.6382 7.51173 18.3627 26.2028 -7.49702 11.9003 12.5788 -12.2679 4.8831 -1.33497 -9.21306 -1.2344 -15.5796 -12.6293 -5.03181 -23.9843 -25.489 -3.54956 -17.4242 -39.7086 0.19661 0.397713 1.09645 -0.0601301 0.117038 -0.496254 -0.617693 -1.98771 -2.05443 -2.2621 -2.26506 -2.2143 -1.28248 -1.25391 -0.188292 4.00256 3.44486 3.57493 4.49003 2.90997 -0.181155 -1.77411 0.705165 -1.13892 -3.15876 -3.50322
5.33723 -4.477 -39.2104 14.9932 -2.0908 -26.9476 18.2547 -8.52533 -12.8115 10.5565 -11.3859 0.782131 -1.62433 -5.72143 9.15133 -8.27355 -2.44751 23.0251 0.0115019 -12.2181 31.9897 10.5439 -20.8934 24.1097 12.2027 -23.9334 8.6358 6.55179 -21.5641 -6.02081 -1.82708 -13.6661 -16.9078 -13.1626 -3.37228 -20.5668 -25.1308 2.0843 -12.1986 -26.528 -1.49 3.03543 -17.494 -6.45864 15.0426 -5.71667 -2.00698 24.6852 1.91919 11.8219 26.0762 9.37228 23.966 19.3459 17.0752 30.5845 7.50803 18.3659 26.1675 -7.50074 11.9154 12.5426 -12.2853 4.87545 -1.3582 -9.2235 -1.2541 -15.5955 -12.6488 -5.04318 -23.993 -25.5156 -3.54798 -17.4283 -39.7318 0.203513 0.405439 1.10434 -0.0498241 0.132117 -0.50351 -0.630031 -2.00322 -2.07029 -2.27811 -2.2769 -2.21838 -1.27851 -1.23695 -0.167278 4.00068 3.43868 3.56997 4.48882 2.91061 -0.180622 -1.77203 0.706729 -1.13778 -3.15745 -3.50772
9.10358 2.10085 -39.3511 16.1893 5.75162 -25.722 19.5911 -0.92398 -11.7334 11.1904 -7.1968 0.189573 -3.04631 -5.32787 6.8426 -11.3537 -6.25432 20.1633 -2.94567 -15.76 29.291 8.54403 -23.005 21.3211 12.8365 -25.7572 6.32306 11.6172 -24.9597 -9.48424 5.19692 -17.3839 -21.8268 -6.42997 -6.89372 -23.4344 -17.6793 -3.70594 -13.0923 -19.2037 -8.60529 1.77201 -12.5477 -10.4371 16.0238 -7.23807 -1.11334 27.734 -4.18674 14.4418 28.2898 2.59791 26.3003 20.4371 11.6821 32.0179 9.1199 15.3325 27.0711 -5.32434 10.8189 12.9878 -10.9277 5.30984 -1.84035 -9.53292 2.45928 -16.1546 -15.7757 2.51378 -22.0357 -30.4665 4.14575 -12.4057 -42.7959 0.413796 0.657807 1.29934 0.143381 0.442045 -0.443503 -0.561258 -1.98467 -2.17655 -2.3779 -2.29182 -2.20376 -1.13841 -0.927421 0.0131096 3.73642 3.06334 3.23334 4.30092 2.89487 -0.121985 -1.80033 0.479423 -1.40898 -3.24122 -3.41277
9.25542 2.16232 -39.3556 16.3835 5.79615 -25.7442 19.7038 -0.886561 -11.7395 11.191 -7.07297 0.148463 -3.09108 -5.14864 6.68656 -11.5332 -6.05917 19.9228 -3.25068 -15.5495 29.1793 8.36601 -22.7798 21.384 12.9078 -25.5695 6.46802 11.8845 -24.8837 -9.35738 5.45509 -17.4384 -21.7739 -6.25106 -7.04685 -23.4413 -17.5426 -3.85691 -13.1462 -19.1252 -8.67336 1.73887 -12.5219 -10.4154 16.0261 -7.28781 -1.04125 27.7299 -4.30005 14.5262 28.284 2.46246 26.4096 20.4498 11.563 32.1244 9.14431 15.2637 27.1341 -5.27201 10.7972 13.0246 -10.8473 5.3004 -1.80793 -9.45156 2.45162 -16.1106 -15.7215 2.52721 -21.95 -30.4287 4.21171 -12.3251 -42.7549 0.412992 0.657552 1.30211 0.148418 0.450046 -0.442067 -0.562875 -1.99186 -2.19024 -2.38859 -2.29359 -2.19898 -1.13132 -0.921473 0.0156074 3.73355 3.05859 3.22971 4.29963 2.89739 -0.117729 -1.79491 0.483818 -1.40906 -3.24672 -3.42382
9.40726 2.22379 -39.3601 16.5778 5.84068 -25.7663 19.8166 -0.849142 -11.7456 11.1916 -6.94914 0.107354 -3.13585 -4.96941 6.53051 -11.7126 -5.86401 19.6823 -3.5557 -15.3389 29.0676 8.18799 -22.5547 21.4468 12.9791 -25.3818 6.61298 12.1518 -24.8076 -9.23053 5.71327 -17.493 -21.721 -6.07215 -7.19998 -23.4482 -17.406 -4.00788 -13.2001 -19.0468 -8.74143 1.70573 -12.4962 -10.3936 16.0284 -7.33755 -0.969163 27.7258 -4.41335 14.6106 28.2782 2.32702 26.5188 20.4625 11.4439 32.2309 9.16872 15.1949 27.197 -5.21968 10.7755 13.0615 -10.7668 5.29095 -1.77551 -9.3702 2.44397 -16.0667 -15.6672 2.54064 -21.8644 -30.3909 4.27767 -12.2446 -42.714 0.412187 0.657297 1.30489 0.153456 0.458047 -0.440631 -0.564493 -1.99904 -2.20394 -2.39929 -2.29536 -2.19421 -1.12423 -0.915524 0.0181051 3.73068 3.05385 3.22608 4.29834 2.8999 -0.113473 -1.78948 0.488213 -1.40915 -3.25223 -3.43487
9.54434 2.21561 -40.0515 16.2817 5.84866 -26.2418 19.3227 -0.727465 -12.122 10.8604 -6.59344 -0.0302304 -3.3687 -4.93217 6.70105 -13.071 -7.86214 18.7231 -6.92845 -19.5614 27.0746 5.30176 -26.8607 20.3546 12.4781 -28.4196 6.30288 13.4128 -26.1428 -9.38956 7.07645 -17.6981 -21.1988 -5.00129 -7.66119 -22.3039 -16.8594 -4.56762 -12.6346 -19.649 -8.8706 2.2327 -13.4358 -10.3909 16.7218 -8.15313 -0.902924 28.3123 -4.40056 14.5067 28.5788 2.52932 26.3077 20.7658 11.4431 32.1492 9.37636 15.1909 27.2822 -5.07108 11.2482 13.1192 -10.8992 6.3737 -1.96389 -9.98866 3.91129 -16.2456 -16.4647 3.89212 -22.0676 -31.1797 5.05145 -12.4289 -43.5551 0.335665 0.59807 1.24141 0.0836959 0.523181 -0.300195 -0.385278 -1.86109 -2.15911 -2.43029 -2.35883 -2.24745 -1.14686 -0.950411 -0.0226331 3.71964 3.0566 3.22282 4.28698 2.89473 -0.111622 -1.81618 0.457494 -1.41324 -3.2171 -3.28784
9.61389 2.22833 -40.1889 16.3261 5.87089 -26.3694 19.3371 -0.716535 -12.2484 10.8564 -6.58259 -0.169711 -3.36937 -4.98667 6.58435 -13.0285 -8.09622 18.5951 -6.71952 -19.763 26.8662 5.61344 -26.8717 20.132 12.8086 -28.3372 6.08006 13.6586 -26.0557 -9.61634 7.17318 -17.6609 -21.3793 -4.9745 -7.70117 -22.4088 -16.8068 -4.62306 -12.703 -19.5703 -8.88309 2.18143 -13.3565 -10.3644 16.6742 -8.14542 -0.877574 28.2979 -4.41672 14.5375 28.5805 2.5107 26.3411 20.7691 11.4291 32.1706 9.37717 15.2042 27.2908 -5.05885 11.3281 13.1184 -10.9083 6.52815 -1.99229 -10.065 4.11761 -16.2656 -16.5788 4.09336 -22.0745 -31.2989 5.18515 -12.4381 -43.6821 0.337032 0.600143 1.24377 0.0852247 0.529611 -0.292214 -0.385081 -1.86743 -2.16703 -2.43287 -2.35632 -2.24383 -1.14393 -0.948274 -0.0236893 3.7156 3.05247 3.21868 4.28371 2.89415 -0.110418 -1.81805 0.454702 -1.41331 -3.21263 -3.28201
9.68343 2.24105 -40.3262 16.3705 5.89312 -26.497 19.3515 -0.705605 -12.3749 10.8523 -6.57174 -0.309192 -3.37003 -5.04116 6.46765 -12.9859 -8.33029 18.4671 -6.51059 -19.9647 26.6577 5.92512 -26.8828 19.9094 13.1391 -28.2548 5.85725 13.9044 -25.9686 -9.84312 7.2699 -17.6237 -21.5598 -4.94771 -7.74114 -22.5136 -16.7541 -4.67849 -12.7715 -19.4915 -8.89558 2.13017 -13.2771 -10.3378 16.6267 -8.1377 -0.852223 28.2835 -4.43288 14.5684 28.5823 2.49208 26.3744 20.7724 11.4151 32.1919 9.37797 15.2175 27.2994 -5.04662 11.408 13.1175 -10.9175 6.68261 -2.02069 -10.1412 4.32392 -16.2855 -16.6928 4.29461 -22.0813 -31.4181 5.31886 -12.4473 -43.8091 0.338399 0.602216 1.24612 0.0867535 0.53604 -0.284232 -0.384885 -1.87378 -2.17496 -2.43546 -2.3538 -2.2402 -1.14101 -0.946136 -0.0247454 3.71155 3.04834 3.21454 4.28044 2.89357 -0.109215 -1.81992 0.45191 -1.41337 -3.20817 -3.27618
9.23509 2.04443 -40.9017 15.2547 5.41113 -26.7004 18.3506 -1.5427 -12.7806 9.95615 -7.7705 -0.833831 -4.34848 -5.82179 5.65428 -13.6155 -7.8493 18.1797 -6.55251 -18.8398 26.7539 5.76433 -26.0178 20.0356 12.8311 -27.7027 5.94058 13.8654 -25.5667 -9.76695 7.50165 -17.3855 -21.7536 -4.98407 -7.85803 -22.8887 -16.7445 -5.02163 -13.0223 -19.314 -8.59996 2.07537 -13.6284 -9.19665 16.8444 -9.32325 1.13156 28.1173 -6.24516 16.6502 29.2362 0.678682 28.9047 22.15 9.55762 33.6897 10.252 13.3657 27.7843 -3.78705 11.074 13.4762 -10.1246 8.04984 -2.08965 -10.9756 6.53416 -16.3284 -17.8288 6.28488 -22.4275 -32.4287 6.19174 -12.8392 -44.8937 0.385605 0.66788 1.3049 0.147544 0.525708 -0.290708 -0.414132 -1.89088 -2.1831 -2.44683 -2.34318 -2.20785 -1.10616 -0.92068 -0.0162636 3.61752 2.96332 3.13862 4.2061 2.88803 -0.0743012 -1.86061 0.40245 -1.39657 -3.09641 -3.13878
8.30849 2.4518 -40.1246 13.2949 6.47748 -25.7157 16.5663 -0.340665 -11.7693 8.37737 -8.46402 -0.897148 -6.36366 -7.51577 4.72965 -14.7735 -8.68094 17.9707 -6.80083 -18.6496 26.9996 5.60085 -25.6693 20.2704 12.5636 -27.5107 6.14318 13.6566 -25.5027 -9.5774 7.39404 -17.3644 -21.6467 -5.05192 -7.78703 -22.7977 -16.776 -4.95787 -12.886 -19.5324 -8.60727 2.162 -14.3187 -9.28825 17.1022 -9.67048 1.06496 28.216 -6.16793 16.5034 29.2172 0.841213 28.7448 22.1925 9.78241 33.694 10.4093 13.731 27.8817 -3.62962 11.4573 13.5766 -9.98062 8.28266 -1.96165 -10.7799 6.55711 -16.2443 -17.4879 6.33266 -22.3437 -32.0882 6.20342 -12.5287 -44.3748 0.53229 0.830894 1.43274 0.254754 0.527024 -0.351977 -0.506209 -1.97756 -2.25681 -2.51125 -2.3988 -2.25811 -1.14998 -0.961446 -0.055001 3.60128 2.95494 3.13555 4.20795 2.89063 -0.0728258 -1.85493 0.41161 -1.38143 -3.04334 -3.14074
8.3334 2.702 -39.7009 12.926 7.1534 -25.2655 16.1875 0.619623 -11.1754 8.10664 -8.12559 -0.667713 -6.78975 -7.70521 4.66714 -15.0307 -8.86697 18.0173 -6.83869 -18.6554 27.0557 5.5864 -25.6264 20.3186 12.5385 -27.5113 6.19179 13.6086 -25.5559 -9.53689 7.32338 -17.4599 -21.6225 -5.09428 -7.84737 -22.785 -16.7991 -4.97208 -12.864 -19.569 -8.61556 2.18298 -14.4115 -9.31082 17.1424 -9.71872 1.06515 28.2166 -6.19396 16.5009 29.1788 0.784357 28.723 22.0951 9.67282 33.6057 10.2502 13.5523 27.6896 -3.76014 11.2669 13.3189 -9.94933 8.15186 -2.23618 -10.5551 6.49212 -16.5203 -17.2673 6.41347 -22.3631 -31.9646 6.44395 -12.2837 -44.0323 0.563666 0.870463 1.45914 0.273373 0.525419 -0.365576 -0.526395 -1.99673 -2.27226 -2.52146 -2.40582 -2.26435 -1.15551 -0.965684 -0.055875 3.60412 2.95823 3.13673 4.2078 2.89137 -0.0721925 -1.85048 0.414575 -1.39311 -3.05944 -3.15582
8.3184 2.71444 -39.6281 12.87 7.21876 -25.1966 16.1416 0.725799 -11.0902 8.07459 -8.08783 -0.629954 -6.8384 -7.72487 4.66116 -15.0687 -8.89685 18.0169 -6.8605 -18.6683 27.0589 5.57381 -25.6314 20.3308 12.5348 -27.5234 6.20934 13.59 -25.5951 -9.52362 7.28016 -17.5328 -21.6187 -5.12208 -7.90245 -22.7974 -16.8235 -4.99353 -12.8824 -19.5895 -8.62465 2.16828 -14.4219 -9.32099 17.1242 -9.72504 1.05108 28.2003 -6.22099 16.4936 29.1249 0.720317 28.6686 21.9277 9.52667 33.4347 9.97797 13.2732 27.4129 -4.0207 10.9498 12.9949 -10.08 7.95189 -2.58487 -10.5589 6.46264 -16.8541 -17.3359 6.49133 -22.4916 -32.1077 6.50247 -12.2562 -44.0385 0.566637 0.874059 1.46134 0.274781 0.525478 -0.366672 -0.527936 -1.99821 -2.27305 -2.51969 -2.40257 -2.26094 -1.1522 -0.96192 -0.050889 3.61122 2.96446 3.13776 4.20467 2.88723 -0.0761367 -1.85428 0.408528 -1.40294 -3.06873 -3.16097
8.3034 2.72687 -39.5552 12.8141 7.28413 -25.1276 16.0956 0.831975 -11.0049 8.04255 -8.05007 -0.592196 -6.88704 -7.74452 4.65517 -15.1068 -8.92674 18.0165 -6.88232 -18.6811 27.0621 5.56122 -25.6365 20.343 12.5312 -27.5354 6.22689 13.5713 -25.6342 -9.51034 7.23694 -17.6057 -21.615 -5.14987 -7.95754 -22.8098 -16.848 -5.01497 -12.9008 -19.6099 -8.63373 2.15359 -14.4322 -9.33116 17.1059 -9.73136 1.03701 28.184 -6.24802 16.4864 29.0709 0.656278 28.6143 21.7603 9.38051 33.2636 9.70575 12.9942 27.1363 -4.28127 10.6328 12.671 -10.2106 7.75193 -2.93355 -10.5628 6.43317 -17.1878 -17.4044 6.5692 -22.6202 -32.2509 6.561 -12.2287 -44.0447 0.569607 0.877656 1.46353 0.27619 0.525538 -0.367768 -0.529476 -1.99969 -2.27383 -2.51792 -2.39932 -2.25753 -1.14888 -0.958157 -0.0459029 3.61831 2.97068 3.1388 4.20153 2.88309 -0.0800808 -1.85808 0.402482 -1.41277 -3.07801 -3.16611
8.2884 2.73931 -39.4824 12.7581 7.3495 -25.0587 16.0497 0.938152 -10.9196 8.0105 -8.0123 -0.554437 -6.93568 -7.76417 4.64919 -15.1449 -8.95662 18.0162 -6.90414 -18.694 27.0653 5.54864 -25.6415 20.3552 12.5275 -27.5475 6.24444 13.5527 -25.6734 -9.49706 7.19371 -17.6786 -21.6113 -5.17767 -8.01262 -22.8222 -16.8724 -5.03642 -12.9192 -19.6303 -8.64281 2.13889 -14.4425 -9.34133 17.0877 -9.73769 1.02294 28.1677 -6.27505 16.4792 29.017 0.592239 28.5599 21.5929 9.23435 33.0925 9.43354 12.7151 26.8596 -4.54183 10.3157 12.347 -10.3412 7.55196 -3.28224 -10.5667 6.40369 -17.5216 -17.4729 6.64707 -22.7487 -32.394 6.61952 -12.2013 -44.051 0.572577 0.881252 1.46572 0.277598 0.525597 -0.368864 -0.531016 -2.00117 -2.27461 -2.51615 -2.39607 -2.25413 -1.14557 -0.954393 -0.0409168 3.6254 2.9769 3.13984 4.1984 2.87895 -0.084025 -1.86187 0.396436 -1.4226 -3.08729 -3.17126
8.27341 2.75175 -39.4096 12.7021 7.41486 -24.9897 16.0037 1.04433 -10.8343 7.97845 -7.97454 -0.516679 -6.98433 -7.78383 4.64321 -15.183 -8.9865 18.0158 -6.92596 -18.7068 27.0685 5.53605 -25.6466 20.3674 12.5238 -27.5595 6.262 13.534 -25.7126 -9.48379 7.15049 -17.7516 -21.6076 -5.20546 -8.06771 -22.8346 -16.8968 -5.05786 -12.9376 -19.6507 -8.6519 2.12419 -14.4528 -9.3515 17.0694 -9.74401 1.00887 28.1514 -6.30207 16.472 28.963 0.528199 28.5056 21.4256 9.0882 32.9215 9.16132 12.4361 26.5829 -4.8024 9.9987 12.0231 -10.4718 7.35199 -3.63092 -10.5705 6.37422 -17.8553 -17.5415 6.72494 -22.8773 -32.5372 6.67805 -12.1738 -44.0572 0.575548 0.884849 1.46792 0.279007 0.525656 -0.36996 -0.532557 -2.00265 -2.27539 -2.51438 -2.39282 -2.25072 -1.14225 -0.95063 -0.0359308 3.6325 2.98313 3.14087 4.19527 2.87481 -0.0879691 -1.86567 0.39039 -1.43244 -3.09658 -3.1764
8.20944 3.06373 -39.3609 12.5322 7.68844 -24.8983 15.9104 1.25374 -10.7927 7.95255 -7.87904 -0.523734 -7.00574 -7.75103 4.65159 -15.1612 -8.96298 18.0494 -6.86847 -18.6674 27.0865 5.58884 -25.5993 20.3686 12.5757 -27.505 6.26178 13.5962 -25.6316 -9.47993 7.21206 -17.6398 -21.5826 -5.14385 -7.95321 -22.7866 -16.8426 -4.96653 -12.8917 -19.6254 -8.60717 2.1529 -14.454 -9.34564 17.105 -9.74731 0.997486 28.2039 -6.31476 16.4656 28.9588 0.483105 28.4341 21.2868 8.95923 32.727 8.91715 12.1897 26.3009 -5.03779 9.7545 11.7019 -10.613 7.29927 -3.98496 -10.6546 6.63207 -18.1308 -17.8083 7.19006 -22.763 -32.9172 6.94947 -11.819 -44.199 0.582692 0.893108 1.47265 0.281445 0.527131 -0.370199 -0.532979 -2.00247 -2.27486 -2.51418 -2.39313 -2.25038 -1.13983 -0.946621 -0.0315978 3.64001 2.98939 3.14115 4.19162 2.87104 -0.090772 -1.87164 0.375636 -1.44829 -3.09891 -3.16772
8.15615 3.36686 -39.3641 12.4023 7.91545 -24.856 15.8499 1.3875 -10.8119 7.94949 -7.81043 -0.557689 -6.99251 -7.70424 4.66424 -15.1122 -8.91818 18.0834 -6.79543 -18.6189 27.1021 5.6506 -25.5484 20.3611 12.6301 -27.4418 6.24906 13.6718 -25.5227 -9.48554 7.30442 -17.4761 -21.5602 -5.06244 -7.79946 -22.7299 -16.7709 -4.85992 -12.8327 -19.5856 -8.55596 2.19208 -14.4477 -9.33254 17.1536 -9.7461 0.996122 28.2681 -6.30818 16.4644 28.9929 0.483634 28.4014 21.2673 8.93438 32.6543 8.86691 12.142 26.2159 -5.08756 9.73617 11.6116 -10.661 7.389 -4.09058 -10.736 6.91092 -18.1684 -18.0263 7.59972 -22.5571 -33.1952 7.17921 -11.4838 -44.3364 0.58772 0.898805 1.47582 0.28288 0.528563 -0.369656 -0.532304 -2.00125 -2.27377 -2.51524 -2.39575 -2.25248 -1.13977 -0.945294 -0.030817 3.64246 2.99121 3.1407 4.19021 2.87022 -0.090765 -1.8749 0.365189 -1.45714 -3.09463 -3.15537
8.10287 3.66998 -39.3673 12.2723 8.14246 -24.8137 15.7893 1.52127 -10.831 7.94642 -7.74183 -0.591644 -6.97927 -7.65744 4.67688 -15.0633 -8.87337 18.1173 -6.7224 -18.5703 27.1178 5.71236 -25.4974 20.3536 12.6846 -27.3787 6.23634 13.7473 -25.4138 -9.49114 7.39678 -17.3124 -21.5379 -4.98103 -7.64572 -22.6731 -16.6993 -4.75331 -12.7736 -19.5457 -8.50476 2.23126 -14.4415 -9.31944 17.2022 -9.7449 0.994758 28.3322 -6.30161 16.4632 29.0271 0.484163 28.3686 21.2478 8.90954 32.5817 8.81667 12.0944 26.131 -5.13732 9.71783 11.5212 -10.7091 7.47874 -4.19621 -10.8173 7.18977 -18.2061 -18.2443 8.00937 -22.3512 -33.4732 7.40894 -11.1487 -44.4738 0.592748 0.904502 1.47899 0.284315 0.529996 -0.369114 -0.531628 -2.00002 -2.27268 -2.5163 -2.39838 -2.25457 -1.13972 -0.943966 -0.0300361 3.64492 2.99304 3.14024 4.18879 2.8694 -0.090758 -1.87816 0.354743 -1.46599 -3.09035 -3.14302
8.04958 3.9731 -39.3705 12.1423 8.36947 -24.7715 15.7288 1.65503 -10.8502 7.94336 -7.67323 -0.625599 -6.96604 -7.61064 4.68952 -15.0144 -8.82856 18.1513 -6.64937 -18.5218 27.1334 5.77412 -25.4465 20.3462 12.7391 -27.3155 6.22362 13.8228 -25.3049 -9.49674 7.48914 -17.1487 -21.5156 -4.89962 -7.49197 -22.6163 -16.6276 -4.64671 -12.7146 -19.5059 -8.45355 2.27044 -14.4352 -9.30634 17.2508 -9.7437 0.993394 28.3963 -6.29504 16.462 29.0612 0.484693 28.3358 21.2283 8.88469 32.509 8.76643 12.0468 26.0461 -5.18709 9.6995 11.4309 -10.7571 7.56847 -4.30184 -10.8986 7.46862 -18.2438 -18.4623 8.41903 -22.1453 -33.7512 7.63867 -10.8135 -44.6113 0.597776 0.910199 1.48216 0.28575 0.531428 -0.368572 -0.530953 -1.9988 -2.27159 -2.51736 -2.40101 -2.25667 -1.13966 -0.942639 -0.0292553 3.64737 2.99486 3.13978 4.18737 2.86858 -0.090751 -1.88142 0.344296 -1.47483 -3.08607 -3.13067
8.35993 5.12531 -40.0754 11.7098 9.43398 -25.2595 13.7762 3.02637 -10.8894 5.46554 -3.68212 0.859742 -8.36647 -2.57666 8.46689 -16.1694 -7.52787 21.1929 -8.59003 -19.6172 27.5854 3.79168 -26.154 20.3531 11.6768 -27.4189 6.65405 13.7547 -25.189 -8.93674 7.87776 -17.2363 -21.3195 -5.06308 -8.44391 -23.1015 -17.1585 -5.92259 -13.5601 -20.0803 -8.95852 1.59266 -15.4251 -9.1654 16.7288 -11.8088 0.960149 28.41 -9.16295 16.5581 29.533 -2.26038 28.4837 21.8866 6.63073 32.4021 9.68523 10.6526 25.921 -4.03439 9.31358 11.3253 -9.96461 7.76025 -4.46068 -10.6625 8.04925 -18.0477 -18.8666 9.34033 -21.1778 -34.325 8.40717 -9.76222 -45.1069 0.373139 0.736831 1.35747 0.148849 0.583544 -0.244487 -0.357144 -1.85571 -2.19097 -2.48254 -2.34647 -2.16156 -1.03988 -0.868758 -0.0298922 3.58569 2.92649 3.08628 4.16696 2.88799 -0.0644746 -1.86908 0.321879 -1.52942 -3.13473 -2.93551
8.34212 5.11999 -40.0462 11.7178 9.42479 -25.235 13.8668 2.98253 -10.8935 5.56253 -3.8608 0.779345 -8.35294 -2.78817 8.23156 -16.2287 -7.58505 20.9686 -8.60167 -19.5657 27.5001 3.80737 -26.1201 20.3319 11.6958 -27.4264 6.63874 13.7735 -25.1997 -8.95257 7.89414 -17.2313 -21.324 -5.05156 -8.43851 -23.0668 -17.123 -5.91998 -13.4947 -20.0541 -8.95067 1.65733 -15.4967 -9.18022 16.8219 -12.111 0.975296 28.5396 -9.5757 16.5905 29.6631 -2.66569 28.5077 22.0104 6.26937 32.386 9.82884 10.4053 25.908 -3.85687 9.22966 11.3276 -9.85182 7.75899 -4.46077 -10.6393 8.0652 -18.039 -18.8572 9.35758 -21.1787 -34.3136 8.40826 -9.76222 -45.093 0.382254 0.74337 1.36201 0.155341 0.583998 -0.243999 -0.360377 -1.85847 -2.19145 -2.48155 -2.34446 -2.15938 -1.03719 -0.865976 -0.0313173 3.57435 2.91352 3.07507 4.16098 2.88929 -0.0611384 -1.86813 0.322267 -1.5276 -3.13139 -2.94068
8.32431 5.11466 -40.0169 11.7258 9.41561 -25.2106 13.9574 2.93869 -10.8975 5.65951 -4.03948 0.698947 -8.3394 -2.99968 7.99623 -16.288 -7.64222 20.7443 -8.6133 -19.5143 27.4149 3.82306 -26.0863 20.3106 11.7148 -27.4338 6.62342 13.7923 -25.2105 -8.96839 7.91051 -17.2264 -21.3286 -5.04004 -8.43312 -23.0322 -17.0876 -5.91736 -13.4293 -20.0279 -8.94281 1.72199 -15.5683 -9.19504 16.915 -12.4132 0.990442 28.6691 -9.98845 16.6228 29.7933 -3.07101 28.5316 22.1343 5.908 32.3699 9.97244 10.158 25.8949 -3.67936 9.14575 11.3299 -9.73904 7.75773 -4.46087 -10.6161 8.08114 -18.0303 -18.8478 9.37482 -21.1797 -34.3021 8.40935 -9.76221 -45.079 0.391369 0.749909 1.36656 0.161832 0.584452 -0.24351 -0.36361 -1.86124 -2.19193 -2.48056 -2.34244 -2.15721 -1.0345 -0.863195 -0.0327424 3.563 2.90054 3.06385 4.155 2.8906 -0.0578021 -1.86717 0.322654 -1.52579 -3.12805 -2.94585
8.3065 5.10934 -39.9877 11.7338 9.40643 -25.1861 14.048 2.89485 -10.9015 5.75649 -4.21817 0.618549 -8.32586 -3.21119 7.76089 -16.3474 -7.6994 20.52 -8.62494 -19.4629 27.3296 3.83874 -26.0525 20.2894 11.7338 -27.4412 6.6081 13.811 -25.2213 -8.98421 7.92689 -17.2215 -21.3331 -5.02852 -8.42772 -22.9975 -17.0521 -5.91475 -13.3639 -20.0017 -8.93495 1.78666 -15.6398 -9.20986 17.0081 -12.7154 1.00559 28.7987 -10.4012 16.6552 29.9234 -3.47632 28.5556 22.2581 5.54663 32.3538 10.116 9.91064 25.8819 -3.50185 9.06183 11.3322 -9.62625 7.75648 -4.46097 -10.5929 8.09709 -18.0216 -18.8385 9.39206 -21.1806 -34.2907 8.41044 -9.76221 -45.0651 0.400484 0.756449 1.37111 0.168323 0.584906 -0.243021 -0.366843 -1.86401 -2.19241 -2.47958 -2.34043 -2.15503 -1.03182 -0.860413 -0.0341675 3.55165 2.88757 3.05263 4.14901 2.89191 -0.0544658 -1.86622 0.323041 -1.52398 -3.12471 -2.95102
8.28869 5.10402 -39.9584 11.7418 9.39725 -25.1617 14.1386 2.85102 -10.9056 5.85348 -4.39685 0.538152 -8.31233 -3.42271 7.52556 -16.4067 -7.75658 20.2957 -8.63657 -19.4114 27.2443 3.85443 -26.0187 20.2681 11.7528 -27.4486 6.59279 13.8298 -25.232 -9.00004 7.94326 -17.2165 -21.3377 -5.017 -8.42233 -22.9629 -17.0167 -5.91213 -13.2985 -19.9754 -8.9271 1.85133 -15.7114 -9.22468 17.1011 -13.0176 1.02073 28.9282 -10.8139 16.6875 30.0535 -3.88164 28.5796 22.382 5.18526 32.3377 10.2596 9.66332 25.8689 -3.32434 8.97791 11.3345 -9.51346 7.75522 -4.46106 -10.5697 8.11303 -18.0129 -18.8291 9.40931 -21.1816 -34.2792 8.41153 -9.76221 -45.0512 0.409599 0.762988 1.37565 0.174815 0.58536 -0.242532 -0.370076 -1.86677 -2.19289 -2.47859 -2.33841 -2.15285 -1.02913 -0.857632 -0.0355926 3.54031 2.87459 3.04142 4.14303 2.89322 -0.0511295 -1.86526 0.323428 -1.52217 -3.12137 -2.95619
8.24446 5.03944 -39.8198 11.7605 9.40462 -25.0594 14.2165 2.86298 -10.8102 5.88136 -4.46362 0.550417 -8.39264 -3.4686 7.31827 -16.6202 -7.72297 20.0335 -8.75896 -19.265 27.0761 3.7803 -25.8777 20.191 11.747 -27.3901 6.56465 13.9121 -25.1722 -9.01554 8.06346 -17.1412 -21.361 -4.96354 -8.44095 -22.9522 -16.9309 -5.97231 -13.237 -19.8723 -8.87381 1.9375 -15.7806 -8.96068 17.2347 -13.6716 1.53053 28.9551 -11.8346 17.2425 30.0629 -4.96308 29.2022 22.4435 4.13344 32.7429 10.2803 8.8307 26.0339 -3.10638 8.74159 11.4809 -9.26411 7.91228 -4.32722 -10.4369 8.25997 -17.9333 -18.6056 9.43838 -21.2189 -34.0391 8.36219 -9.84685 -44.8529 0.411968 0.760731 1.37294 0.175678 0.585434 -0.232485 -0.364582 -1.86187 -2.18685 -2.47308 -2.32837 -2.13887 -1.01456 -0.842693 -0.0284145 3.51264 2.83712 3.006 4.11668 2.89126 -0.045899 -1.8667 0.328748 -1.50903 -3.1058 -2.94467
8.22925 5.00921 -39.7619 11.7667 9.41187 -25.0178 14.2204 2.88598 -10.761 5.85766 -4.42766 0.587751 -8.43805 -3.40947 7.30595 -16.7039 -7.68398 19.9894 -8.81564 -19.2118 27.025 3.73715 -25.8203 20.1607 11.7367 -27.3579 6.55652 13.946 -25.1381 -9.01715 8.11721 -17.1055 -21.3709 -4.94128 -8.45236 -22.9603 -16.9017 -6.00341 -13.2317 -19.8308 -8.85022 1.95549 -15.7873 -8.82292 17.2653 -13.8813 1.77955 28.9182 -12.1847 17.5075 30.017 -5.34651 29.5042 22.4262 3.74776 32.9518 10.2349 8.51036 26.1215 -3.0663 8.65599 11.5532 -9.1832 7.9913 -4.26026 -10.3795 8.32725 -17.8969 -18.4975 9.44622 -21.2372 -33.9235 8.33709 -9.88917 -44.7591 0.409616 0.757065 1.36983 0.17359 0.585295 -0.227651 -0.36058 -1.85835 -2.18364 -2.47071 -2.32413 -2.13273 -1.00832 -0.836303 -0.0242723 3.50321 2.82342 2.99264 4.10583 2.88978 -0.0445784 -1.8678 0.331258 -1.50317 -3.0993 -2.93691
8.21404 4.97898 -39.7039 11.7729 9.41913 -24.9761 14.2242 2.90898 -10.7117 5.83397 -4.39171 0.625084 -8.48345 -3.35033 7.29363 -16.7876 -7.64499 19.9454 -8.87232 -19.1585 26.974 3.69399 -25.763 20.1304 11.7265 -27.3257 6.54839 13.9798 -25.104 -9.01876 8.17096 -17.0698 -21.3809 -4.91901 -8.46376 -22.9685 -16.8725 -6.03452 -13.2263 -19.7894 -8.82663 1.97348 -15.7941 -8.68517 17.2959 -14.091 2.02857 28.8813 -12.5348 17.7724 29.9712 -5.72994 29.8062 22.4089 3.36209 33.1606 10.1896 8.19003 26.209 -3.02621 8.5704 11.6255 -9.10229 8.07032 -4.1933 -10.3221 8.39453 -17.8604 -18.3894 9.45407 -21.2555 -33.8079 8.31199 -9.93149 -44.6654 0.407263 0.7534 1.36671 0.171503 0.585156 -0.222816 -0.356579 -1.85483 -2.18044 -2.46834 -2.31989 -2.12658 -1.00208 -0.829912 -0.0201302 3.49377 2.80973 2.97929 4.09497 2.8883 -0.0432579 -1.86889 0.333767 -1.4973 -3.09281 -2.92915
8.14056 4.71607 -39.4048 11.8325 9.37821 -24.7807 14.3183 2.97387 -10.4749 5.83292 -4.33477 0.785479 -8.55521 -3.2512 7.29418 -16.9454 -7.57275 19.8806 -8.96856 -19.0646 26.8755 3.62565 -25.6462 20.061 11.7453 -27.2205 6.53174 14.116 -24.9629 -9.01313 8.29501 -16.9714 -21.397 -4.89458 -8.51658 -22.976 -16.8541 -6.13642 -13.229 -19.7794 -8.84465 1.98506 -15.8894 -8.55787 17.3359 -14.485 2.28734 28.8558 -13.031 18.0402 29.997 -6.09731 30.0424 22.5059 3.08338 33.0101 10.2546 8.05271 25.7158 -2.72739 8.94881 11.1036 -8.7116 8.80329 -4.72307 -9.99897 8.91854 -18.3897 -18.069 9.65849 -21.6199 -33.5357 8.23833 -10.2239 -44.2777 0.411338 0.747903 1.36084 0.16598 0.580802 -0.215511 -0.352084 -1.85272 -2.18182 -2.47261 -2.31882 -2.12203 -0.998566 -0.828937 -0.0272236 3.4658 2.78194 2.95485 4.07598 2.88829 -0.0393079 -1.86254 0.358235 -1.46362 -3.05617 -2.89893
8.11735 4.61152 -39.3068 11.8568 9.3513 -24.7201 14.3619 2.98586 -10.4004 5.85348 -4.3383 0.832459 -8.55069 -3.25425 7.30542 -16.9498 -7.57132 19.8874 -8.96626 -19.065 26.8716 3.62987 -25.6389 20.0532 11.7638 -27.1965 6.53064 14.1539 -24.9227 -9.00888 8.30922 -16.954 -21.3962 -4.90217 -8.53284 -22.9726 -16.8708 -6.1597 -13.2351 -19.8112 -8.87465 1.97485 -15.931 -8.61679 17.3286 -14.4954 2.19515 28.8759 -12.9676 17.9384 30.0507 -5.93984 29.8918 22.5698 3.28718 32.749 10.3275 8.26908 25.3912 -2.61366 9.21417 10.7783 -8.58824 9.09947 -5.04753 -9.8885 9.12068 -18.6867 -18.005 9.75372 -21.7858 -33.5025 8.22384 -10.3324 -44.1673 0.41547 0.748416 1.36068 0.165076 0.578749 -0.216159 -0.353398 -1.8548 -2.18536 -2.47686 -2.32207 -2.12523 -1.00236 -0.834135 -0.0344558 3.4602 2.78024 2.95452 4.07615 2.8896 -0.0385079 -1.85839 0.368236 -1.452 -3.04362 -2.89073
8.09413 4.50696 -39.2088 11.8811 9.32439 -24.6594 14.4056 2.99785 -10.3258 5.87403 -4.34183 0.879439 -8.54617 -3.25729 7.31666 -16.9542 -7.56989 19.8942 -8.96395 -19.0654 26.8677 3.63409 -25.6315 20.0454 11.7824 -27.1725 6.52955 14.1919 -24.8825 -9.00463 8.32342 -16.9366 -21.3955 -4.90976 -8.54911 -22.9692 -16.8875 -6.18297 -13.2412 -19.8431 -8.90466 1.96463 -15.9726 -8.67571 17.3214 -14.5058 2.10297 28.8959 -12.9041 17.8366 30.1044 -5.78237 29.7412 22.6337 3.49098 32.4879 10.4004 8.48545 25.0667 -2.49992 9.47953 10.453 -8.46487 9.39565 -5.37199 -9.77803 9.32283 -18.9838 -17.941 9.84895 -21.9517 -33.4693 8.20934 -10.4409 -44.057 0.419601 0.74893 1.36052 0.164172 0.576696 -0.216808 -0.354711 -1.85688 -2.18891 -2.48111 -2.32531 -2.12842 -1.00615 -0.839333 -0.041688 3.45461 2.77854 2.95419 4.07631 2.89091 -0.0377079 -1.85424 0.378236 -1.44037 -3.03108 -2.88253
8.07673 4.32371 -39.0494 11.9481 9.2393 -24.553 14.5077 2.98327 -10.1941 5.96734 -4.37232 0.994264 -8.45734 -3.32907 7.42823 -16.8664 -7.65918 19.999 -8.89576 -19.1843 26.9459 3.6904 -25.734 20.0861 11.8395 -27.2466 6.5674 14.3301 -24.9787 -8.95707 8.57413 -16.9993 -21.3772 -4.54247 -8.42793 -22.8859 -16.4361 -5.93283 -13.0907 -19.4989 -8.72206 2.08103 -15.9881 -8.84162 17.5125 -14.7991 1.53007 29.4582 -13.1373 17.2437 30.8383 -5.82004 28.9423 23.2319 3.56572 31.4894 11.037 8.74377 24.1741 -1.84734 9.97932 9.66353 -8.00474 10.0267 -6.14199 -9.51625 9.82918 -19.6111 -17.9117 10.1334 -22.2515 -33.5112 8.22964 -10.6155 -43.923 0.431451 0.756099 1.36708 0.170067 0.58296 -0.208247 -0.343227 -1.84409 -2.17689 -2.47093 -2.32016 -2.13242 -1.01386 -0.850749 -0.0768226 3.42288 2.7596 2.93608 4.06581 2.88717 -0.0416935 -1.85273 0.388815 -1.42499 -3.0112 -2.87348
8.0888 4.32565 -39.0575 11.9599 9.22084 -24.5541 14.5197 2.96525 -10.195 5.99559 -4.3844 1.00963 -8.41697 -3.36223 7.47396 -16.8185 -7.7051 20.0454 -8.86373 -19.2435 26.9884 3.71477 -25.7918 20.1134 11.8515 -27.3052 6.58731 14.3653 -25.0627 -8.93708 8.68677 -17.0462 -21.3687 -4.35203 -8.35279 -22.8474 -16.1954 -5.78693 -13.0101 -19.2983 -8.6039 2.14837 -15.9587 -8.87185 17.6146 -14.9365 1.32612 29.7214 -13.3106 17.0384 31.1572 -5.9798 28.6776 23.4738 3.4207 31.2239 11.2901 8.6793 24.0182 -1.62283 9.99174 9.55987 -7.88506 10.0772 -6.23663 -9.48421 9.90145 -19.6589 -17.9544 10.1904 -22.2528 -33.5619 8.25277 -10.6057 -43.9548 0.433679 0.759224 1.3705 0.173823 0.587929 -0.203387 -0.33631 -1.83584 -2.1677 -2.46204 -2.31468 -2.13156 -1.01432 -0.851805 -0.0879177 3.41202 2.75165 2.92733 4.06041 2.88413 -0.0444023 -1.85568 0.385155 -1.4277 -3.0125 -2.87628
8.10087 4.32759 -39.0655 11.9718 9.20238 -24.5551 14.5317 2.94724 -10.1959 6.02384 -4.39649 1.025 -8.37661 -3.39538 7.51969 -16.7707 -7.75102 20.0917 -8.8317 -19.3026 27.031 3.73914 -25.8496 20.1406 11.8634 -27.3638 6.60721 14.4005 -25.1467 -8.9171 8.7994 -17.0931 -21.3602 -4.16159 -8.27765 -22.8089 -15.9547 -5.64103 -12.9294 -19.0977 -8.48575 2.21571 -15.9292 -8.90208 17.7167 -15.0738 1.12218 29.9845 -13.484 16.8331 31.4762 -6.13956 28.413 23.7156 3.27569 30.9583 11.5431 8.61483 23.8623 -1.39833 10.0042 9.45621 -7.76539 10.1276 -6.33127 -9.45218 9.97373 -19.7068 -17.9971 10.2474 -22.2542 -33.6126 8.27589 -10.5958 -43.9865 0.435907 0.762349 1.37392 0.177579 0.592898 -0.198527 -0.329393 -1.82759 -2.15852 -2.45315 -2.30921 -2.13071 -1.01478 -0.852861 -0.0990128 3.40117 2.74371 2.91858 4.05501 2.88108 -0.047111 -1.85864 0.381495 -1.43041 -3.01379 -2.87909
8.17433 4.34484 -39.0582 12.0346 9.13123 -24.516 14.5808 2.89646 -10.1456 6.10405 -4.37614 1.14403 -8.28336 -3.43303 7.67674 -16.6664 -7.87592 20.2247 -8.76551 -19.4626 27.149 3.78772 -26.0072 20.2241 11.8815 -27.532 6.67361 14.4999 -25.3773 -8.84596 9.17553 -17.2152 -21.3378 -3.54324 -8.05608 -22.804 -15.2632 -5.2406 -12.8845 -18.5265 -8.18417 2.21597 -15.7006 -8.87378 17.7852 -15.2139 0.863248 30.3251 -13.8196 16.5755 31.9698 -6.57941 28.1575 24.1202 2.75537 30.7233 11.8935 8.1481 23.754 -1.09747 9.76307 9.43477 -7.61301 10.1418 -6.32829 -9.45309 10.1702 -19.6451 -18.0875 10.4106 -22.2057 -33.7006 8.36758 -10.55 -44.0639 0.435946 0.76706 1.38077 0.187962 0.6082 -0.183982 -0.309648 -1.80453 -2.13322 -2.43119 -2.29836 -2.1296 -1.0144 -0.850741 -0.113872 3.38133 2.72603 2.89763 4.03654 2.86996 -0.0554323 -1.87327 0.365792 -1.43985 -3.01913 -2.88268
8.2261 4.35859 -39.0365 12.0761 9.09329 -24.4749 14.6084 2.87808 -10.0937 6.13346 -4.33405 1.23542 -8.2627 -3.41106 7.75157 -16.6481 -7.91824 20.2745 -8.75691 -19.5164 27.1905 3.79247 -26.0608 20.2585 11.878 -27.5949 6.7042 14.536 -25.4567 -8.81074 9.34912 -17.2529 -21.3306 -3.26733 -7.96962 -22.8684 -15.0045 -5.10251 -12.9848 -18.3159 -8.09505 2.09514 -15.5248 -8.79113 17.6703 -15.1071 0.971059 30.1924 -13.8435 16.6869 31.89 -6.73197 28.3778 24.0898 2.49581 30.9658 11.7888 7.79728 23.9261 -1.20032 9.49964 9.59971 -7.67582 10.0653 -6.15513 -9.51161 10.2366 -19.4974 -18.1012 10.4714 -22.1547 -33.6973 8.41769 -10.5219 -44.0842 0.431979 0.766151 1.38146 0.19159 0.614565 -0.178177 -0.302342 -1.79631 -2.12442 -2.42522 -2.29737 -2.13003 -1.01319 -0.846722 -0.10878 3.38101 2.72265 2.89242 4.02776 2.86432 -0.0588827 -1.88258 0.35667 -1.44441 -3.02215 -2.88122
8.27786 4.37234 -39.0148 12.1177 9.05534 -24.4339 14.6359 2.8597 -10.0418 6.16286 -4.29196 1.32681 -8.24204 -3.38908 7.8264 -16.6299 -7.96056 20.3242 -8.74832 -19.5701 27.232 3.79723 -26.1143 20.293 11.8746 -27.6578 6.7348 14.5722 -25.5362 -8.77553 9.5227 -17.2906 -21.3234 -2.99142 -7.88316 -22.9328 -14.7458 -4.96443 -13.085 -18.1054 -8.00592 1.97431 -15.3491 -8.70847 17.5553 -15.0003 1.07887 30.0597 -13.8673 16.7984 31.8101 -6.88454 28.5982 24.0593 2.23626 31.2084 11.684 7.44647 24.0982 -1.30317 9.23621 9.76466 -7.73863 9.98869 -5.98198 -9.57014 10.3031 -19.3497 -18.115 10.5321 -22.1037 -33.6941 8.46779 -10.4939 -44.1044 0.428012 0.765243 1.38216 0.195218 0.620931 -0.172371 -0.295035 -1.78809 -2.11563 -2.41925 -2.29637 -2.13046 -1.01198 -0.842702 -0.103688 3.38069 2.71926 2.88721 4.01899 2.85867 -0.0623332 -1.8919 0.347549 -1.44897 -3.02516 -2.87975
11.3631 4.02888 -39.737 13.2715 7.42629 -24.436 14.5071 1.89718 -9.61136 6.32741 -3.34466 2.95238 -7.78157 -2.78449 10.1072 -16.5613 -8.79789 21.691 -8.94477 -20.9973 27.8355 3.72622 -26.7992 20.4845 12.1354 -27.0359 7.05715 15.598 -24.268 -8.19213 11.3591 -15.8835 -20.9417 -0.498148 -5.65216 -22.3674 -11.5732 -2.56922 -11.8164 -15.1268 -6.37634 3.02377 -14.5793 -8.73108 18.67 -16.7126 -0.466044 32.0606 -15.9452 15.2468 34.0881 -9.10289 26.6419 25.6236 -0.685768 29.6518 12.842 4.32544 23.6021 -0.748898 6.67141 9.86452 -8.22323 9.01387 -5.54811 -11.2318 11.9008 -18.511 -19.9223 14.1229 -21.8453 -35.2308 12.739 -10.3641 -45.8931 0.223644 0.693016 1.34622 0.206958 0.732731 -0.00483964 -0.0924964 -1.59394 -1.95825 -2.29987 -2.19502 -2.05651 -0.940411 -0.764959 -0.119263 3.33638 2.69769 2.84312 3.97297 2.82984 -0.0724574 -1.99801 0.121273 -1.69142 -3.21639 -2.76835
11.3225 4.01368 -39.6886 13.2217 7.41494 -24.3874 14.4554 1.89557 -9.55888 6.28237 -3.35081 3.00731 -7.83211 -2.80217 10.1522 -16.6816 -8.81874 21.6808 -9.11613 -21.0414 27.842 3.62365 -26.8069 20.5827 12.1767 -26.9006 7.24639 15.6664 -23.9899 -7.96942 11.251 -15.6873 -20.7114 -0.773183 -5.6703 -22.2315 -11.9584 -2.66769 -11.7752 -15.4776 -6.48449 3.07067 -14.7621 -8.83358 18.7102 -16.7661 -0.516978 32.0881 -15.978 15.2008 34.0681 -9.17727 26.6052 25.5828 -0.80721 29.6308 12.7741 4.13358 23.5321 -0.82043 6.45215 9.75294 -8.22591 8.89341 -5.6507 -11.2001 11.8946 -18.5808 -19.9 14.1455 -21.8685 -35.2143 12.7286 -10.3717 -45.8555 0.220033 0.689468 1.34208 0.202664 0.7311 -0.00582714 -0.095946 -1.60264 -1.97416 -2.31659 -2.20216 -2.05249 -0.932633 -0.75754 -0.106015 3.35245 2.70994 2.85196 3.97772 2.8325 -0.0696401 -1.99858 0.118117 -1.69496 -3.21886 -2.76584
10.9536 4.28983 -39.0389 12.9219 7.56028 -23.718 14.3194 1.89176 -8.96057 6.14201 -3.5394 3.5239 -8.07853 -3.00502 10.4553 -17.1155 -8.68442 22.0098 -9.85338 -20.8856 28.5616 2.84217 -27.0824 21.5835 11.5181 -27.635 8.33282 15.4181 -24.9052 -6.81894 11.6584 -16.4285 -19.6642 -0.305392 -6.38864 -21.6411 -11.8692 -3.20215 -11.6519 -15.8003 -6.77089 3.15037 -15.1309 -8.93044 18.8258 -17.2115 -0.437405 32.0868 -17.4542 15.3428 33.6228 -12.089 27.174 24.7171 -4.41959 30.7365 11.6138 0.911903 24.2872 -1.6684 4.45085 10.3388 -8.21521 8.23601 -4.84592 -10.8548 11.748 -17.8462 -19.2523 14.2073 -21.3989 -34.4755 12.5806 -10.0546 -45.2464 0.241821 0.708861 1.36052 0.224817 0.743337 -0.00802314 -0.0937474 -1.59125 -1.95556 -2.30945 -2.19753 -2.02684 -0.88958 -0.71048 -0.0513203 3.38639 2.67023 2.77022 3.89681 2.79471 -0.0889391 -2.03531 0.0777272 -1.71051 -3.2069 -2.76776
10.88 4.36797 -39.0479 12.8659 7.653 -23.7324 14.2789 1.97168 -8.98134 6.10996 -3.47478 3.50199 -8.09118 -2.94759 10.4735 -17.0941 -8.70758 22.0143 -9.81437 -20.9478 28.4723 2.90854 -27.0455 21.4577 11.6453 -27.4208 8.24212 15.553 -24.5674 -6.88437 11.6753 -16.1338 -19.7223 -0.364548 -6.18574 -21.6979 -11.9281 -3.0678 -11.687 -15.786 -6.69063 3.12117 -15.0491 -8.86362 18.7916 -17.1484 -0.357887 32.0415 -17.5341 15.4234 33.5287 -12.3352 27.2814 24.562 -4.75883 30.8398 11.4041 0.581375 24.325 -1.8424 4.24928 10.3668 -8.29473 8.21534 -4.78085 -10.8741 11.8583 -17.7587 -19.2495 14.2752 -21.3073 -34.4803 12.548 -9.97506 -45.2476 0.241999 0.707561 1.35873 0.22144 0.742704 -0.00491906 -0.0895126 -1.58955 -1.95893 -2.31316 -2.19567 -2.0205 -0.88176 -0.701227 -0.0398723 3.39397 2.66854 2.76232 3.88753 2.78957 -0.0929778 -2.04332 0.0715181 -1.71118 -3.20329 -2.76322
10.8065 4.44611 -39.0568 12.8099 7.74573 -23.7467 14.2383 2.05159 -9.00212 6.07791 -3.41016 3.48008 -8.10383 -2.89017 10.4916 -17.0727 -8.73074 22.0189 -9.77536 -21.01 28.3829 2.97492 -27.0087 21.3318 11.7725 -27.2065 8.15141 15.6878 -24.2297 -6.9498 11.6921 -15.8392 -19.7804 -0.423705 -5.98285 -21.7546 -11.9869 -2.93344 -11.722 -15.7716 -6.61037 3.09197 -14.9673 -8.7968 18.7573 -17.0853 -0.27837 31.9961 -17.6139 15.5041 33.4346 -12.5814 27.3888 24.4069 -5.09807 30.9432 11.1943 0.250846 24.3628 -2.0164 4.04771 10.3947 -8.37426 8.19467 -4.71578 -10.8933 11.9686 -17.6711 -19.2466 14.343 -21.2158 -34.4851 12.5155 -9.89548 -45.2489 0.242176 0.70626 1.35694 0.218063 0.742071 -0.00181498 -0.0852778 -1.58785 -1.96229 -2.31687 -2.19382 -2.01416 -0.873939 -0.691973 -0.0284242 3.40154 2.66685 2.75442 3.87825 2.78443 -0.0970165 -2.05133 0.0653091 -1.71185 -3.19968 -2.75867
8.41055 7.21845 -38.3303 10.3592 9.20879 -22.791 12.2868 2.54054 -8.52028 4.55665 -3.66947 3.88544 -9.40121 -3.64202 11.3503 -17.454 -9.86644 23.3396 -9.50808 -21.9433 29.3016 3.14557 -27.5547 21.7705 11.7031 -27.3521 8.4227 15.6956 -23.9363 -6.56914 12.2539 -15.2787 -19.3874 -0.00289121 -5.62274 -21.4905 -11.74 -2.79706 -11.594 -15.544 -6.60358 3.18361 -14.5585 -8.85595 18.8302 -16.7455 -0.336279 32.057 -17.2895 15.4602 33.3938 -12.2859 27.0975 24.0201 -5.12416 30.1622 10.5067 -0.190358 23.5398 -2.84563 3.65931 9.69843 -9.45952 8.05461 -5.33746 -12.0612 12.1854 -17.5828 -21.2788 14.3657 -18.6242 -36.9168 11.2375 -6.18689 -46.0247 0.297398 0.769004 1.40546 0.247603 0.753279 -0.0116493 -0.0999152 -1.59747 -1.97285 -2.35346 -2.22956 -2.03047 -0.875845 -0.688397 -0.018222 3.4129 2.67635 2.74531 3.85415 2.7597 -0.122187 -2.06992 0.0535376 -1.73048 -3.17427 -2.73274
8.34215 7.00205 -38.2286 10.1735 8.97602 -22.6744 12.0381 2.35557 -8.37388 4.30745 -3.81696 4.04999 -9.61925 -3.81009 11.5718 -17.5225 -10.0948 23.6251 -9.47399 -22.1347 29.5197 3.16619 -27.6821 21.9207 11.6924 -27.438 8.55397 15.6894 -23.9924 -6.42971 12.2968 -15.3095 -19.2435 0.107104 -5.58147 -21.3951 -11.6592 -2.73047 -11.5412 -15.4898 -6.59802 3.2131 -14.5034 -8.88972 18.8538 -16.7162 -0.358666 32.0688 -17.2791 15.4387 33.3862 -12.2968 27.0788 24.0046 -5.16019 30.1363 10.4764 -0.2361 23.5034 -2.87421 3.62869 9.65972 -9.47429 8.04444 -5.3763 -12.0393 12.2128 -17.6532 -21.1967 14.4158 -18.7857 -36.8243 11.2653 -6.36637 -45.949 0.298685 0.776018 1.41344 0.255216 0.758495 -0.00964587 -0.0990763 -1.59612 -1.97134 -2.35374 -2.2335 -2.03497 -0.878604 -0.689519 -0.0182346 3.41176 2.67393 2.74197 3.85035 2.75654 -0.125318 -2.07472 0.0483659 -1.73094 -3.16907 -2.72178
8.27376 6.78566 -38.1269 9.98771 8.74325 -22.5577 11.7895 2.17059 -8.22748 4.05826 -3.96446 4.21454 -9.8373 -3.97817 11.7934 -17.5909 -10.3233 23.9106 -9.43989 -22.3261 29.7378 3.18682 -27.8096 22.071 11.6817 -27.524 8.68524 15.6833 -24.0486 -6.29029 12.3396 -15.3403 -19.0996 0.217098 -5.5402 -21.2996 -11.5785 -2.66387 -11.4885 -15.4355 -6.59246 3.24259 -14.4482 -8.92348 18.8773 -16.6868 -0.381053 32.0806 -17.2686 15.4172 33.3785 -12.3078 27.0601 23.9892 -5.19622 30.1104 10.4462 -0.281842 23.467 -2.90279 3.59807 9.621 -9.48906 8.03427 -5.41514 -12.0173 12.2403 -17.7237 -21.1146 14.4658 -18.9471 -36.7317 11.2932 -6.54584 -45.8732 0.299973 0.783032 1.42143 0.262828 0.76371 -0.00764245 -0.0982375 -1.59476 -1.96982 -2.35403 -2.23744 -2.03946 -0.881363 -0.69064 -0.0182471 3.41063 2.67152 2.73863 3.84656 2.75339 -0.128449 -2.07952 0.0431941 -1.73141 -3.16388 -2.71081
8.20536 6.56926 -38.0252 9.80195 8.51048 -22.4411 11.5408 1.98562 -8.08108 3.80907 -4.11195 4.37909 -10.0553 -4.14624 12.015 -17.6593 -10.5517 24.1961 -9.40579 -22.5175 29.9559 3.20744 -27.937 22.2212 11.6709 -27.61 8.81652 15.6771 -24.1047 -6.15086 12.3825 -15.371 -18.9557 0.327093 -5.49894 -21.2042 -11.4978 -2.59728 -11.4358 -15.3813 -6.5869 3.27209 -14.3931 -8.95724 18.9009 -16.6575 -0.40344 32.0923 -17.2581 15.3957 33.3709 -12.3188 27.0414 23.9737 -5.23225 30.0845 10.416 -0.327584 23.4306 -2.93136 3.56745 9.58228 -9.50383 8.0241 -5.45397 -11.9954 12.2677 -17.7941 -21.0325 14.5159 -19.1085 -36.6392 11.321 -6.72531 -45.7974 0.301261 0.790046 1.42941 0.27044 0.768926 -0.00563904 -0.0973986 -1.59341 -1.96831 -2.35431 -2.24138 -2.04395 -0.884122 -0.691762 -0.0182596 3.4095 2.6691 2.73529 3.84276 2.75023 -0.13158 -2.08431 0.0380223 -1.73187 -3.15868 -2.69984
8.13696 6.35286 -37.9235 9.61618 8.27771 -22.3245 11.2921 1.80064 -7.93467 3.55988 -4.25945 4.54365 -10.2734 -4.31431 12.2366 -17.7277 -10.7801 24.4817 -9.3717 -22.7088 30.1739 3.22806 -28.0644 22.3715 11.6602 -27.6959 8.94779 15.6709 -24.1609 -6.01144 12.4253 -15.4018 -18.8118 0.437088 -5.45767 -21.1088 -11.417 -2.53069 -11.383 -15.327 -6.58134 3.30158 -14.338 -8.991 18.9244 -16.6281 -0.425827 32.1041 -17.2476 15.3742 33.3633 -12.3298 27.0227 23.9583 -5.26828 30.0586 10.3857 -0.373326 23.3942 -2.95994 3.53682 9.54356 -9.5186 8.01393 -5.49281 -11.9735 12.2952 -17.8645 -20.9504 14.566 -19.27 -36.5467 11.3488 -6.90479 -45.7216 0.302548 0.79706 1.43739 0.278052 0.774142 -0.00363562 -0.0965598 -1.59205 -1.96679 -2.3546 -2.24532 -2.04845 -0.886881 -0.692884 -0.0182722 3.40836 2.66669 2.73195 3.83896 2.74707 -0.134711 -2.08911 0.0328505 -1.73234 -3.15349 -2.68888
8.18329 6.10945 -37.8506 9.49789 7.99685 -22.2298 11.0822 1.57915 -7.80165 3.34182 -4.41412 4.70416 -10.4577 -4.46379 12.4589 -17.7846 -10.9752 24.7631 -9.35623 -22.8803 30.4049 3.24387 -28.1889 22.5688 11.6954 -27.7713 9.15885 15.779 -24.155 -5.75998 12.6831 -15.239 -18.4834 0.930438 -5.03408 -20.8044 -11.0123 -2.08365 -11.1959 -15.1085 -6.37716 3.35783 -14.253 -8.98168 18.9507 -16.6219 -0.452228 32.1388 -17.2414 15.3487 33.3873 -12.3365 27.0021 23.9815 -5.31467 30.0497 10.391 -0.452895 23.3919 -2.96992 3.4728 9.54869 -9.5349 8.06209 -5.45169 -11.993 12.5222 -17.8057 -20.9026 14.8319 -19.4008 -36.4754 11.5492 -7.08545 -45.6935 0.304666 0.807625 1.44988 0.290987 0.785813 0.00637316 -0.0863603 -1.58113 -1.95672 -2.35093 -2.25761 -2.06564 -0.89617 -0.696668 -0.0227886 3.40355 2.66244 2.72741 3.8335 2.74232 -0.138728 -2.09991 0.0184604 -1.73545 -3.14493 -2.67149
8.30955 6.11891 -37.8965 9.59668 7.988 -22.2713 11.1628 1.57382 -7.83971 3.41497 -4.39644 4.67237 -10.3873 -4.41685 12.4223 -17.7615 -10.9035 24.7109 -9.38062 -22.8282 30.381 3.23557 -28.1646 22.5904 11.743 -27.7461 9.2165 15.8944 -24.0834 -5.67146 12.8907 -15.0402 -18.3232 1.29525 -4.65871 -20.6115 -10.7019 -1.71444 -11.0705 -14.9535 -6.17948 3.37962 -14.2325 -8.93291 18.9494 -16.65 -0.452468 32.1597 -17.2475 15.3483 33.4203 -12.3304 27.0033 24.0228 -5.31896 30.0711 10.4315 -0.479009 23.4322 -2.94651 3.44456 9.59905 -9.53393 8.12213 -5.36518 -12.0381 12.7172 -17.6645 -20.9509 15.0392 -19.3431 -36.5123 11.7171 -7.05639 -45.7539 0.305278 0.809994 1.45303 0.295027 0.791389 0.0140407 -0.0771412 -1.57179 -1.94843 -2.34693 -2.2653 -2.07757 -0.902234 -0.699141 -0.0272904 3.40006 2.66101 2.72676 3.83248 2.74126 -0.139086 -2.10509 0.0101139 -1.73802 -3.14244 -2.66692
8.4358 6.12838 -37.9425 9.69547 7.97915 -22.3129 11.2435 1.56848 -7.87777 3.48812 -4.37875 4.64059 -10.3168 -4.36992 12.3857 -17.7384 -10.8317 24.6587 -9.405 -22.776 30.3571 3.22728 -28.1402 22.6121 11.7907 -27.721 9.27416 16.0097 -24.0119 -5.58293 13.0984 -14.8415 -18.163 1.66006 -4.28335 -20.4186 -10.3916 -1.34522 -10.945 -14.7984 -5.9818 3.40141 -14.2119 -8.88413 18.9482 -16.678 -0.452707 32.1806 -17.2535 15.3479 33.4532 -12.3243 27.0045 24.0641 -5.32324 30.0925 10.4721 -0.505124 23.4724 -2.92309 3.41632 9.64942 -9.53297 8.18217 -5.27866 -12.0832 12.9121 -17.5234 -20.9991 15.2466 -19.2853 -36.5491 11.8849 -7.02732 -45.8142 0.305891 0.812362 1.45619 0.299066 0.796966 0.0217083 -0.067922 -1.56244 -1.94013 -2.34292 -2.27298 -2.08951 -0.908299 -0.701614 -0.0317922 3.39657 2.65957 2.72612 3.83146 2.74019 -0.139444 -2.11028 0.0017675 -1.74059 -3.13995 -2.66236
8.56206 6.13785 -37.9884 9.79425 7.9703 -22.3544 11.3241 1.56315 -7.91583 3.56128 -4.36107 4.6088 -10.2463 -4.32298 12.3491 -17.7153 -10.76 24.6064 -9.42938 -22.7238 30.3332 3.21898 -28.1159 22.6337 11.8384 -27.6959 9.33181 16.125 -23.9403 -5.49441 13.3061 -14.6427 -18.0028 2.02487 -3.90798 -20.2258 -10.0812 -0.976005 -10.8195 -14.6433 -5.78412 3.4232 -14.1913 -8.83536 18.947 -16.7061 -0.452947 32.2014 -17.2596 15.3474 33.4862 -12.3183 27.0057 24.1054 -5.32752 30.114 10.5126 -0.531238 23.5126 -2.89967 3.38809 9.69979 -9.532 8.2422 -5.19215 -12.1282 13.107 -17.3823 -21.0473 15.454 -19.2276 -36.5859 12.0528 -6.99825 -45.8746 0.306503 0.814731 1.45934 0.303105 0.802542 0.0293759 -0.0587029 -1.5531 -1.93183 -2.33892 -2.28067 -2.10144 -0.914364 -0.704087 -0.0362941 3.39307 2.65814 2.72547 3.83044 2.73913 -0.139802 -2.11546 -0.00657893 -1.74316 -3.13746 -2.65779
11.2737 5.54968 -38.3001 10.9523 7.13047 -22.5943 11.7201 0.854822 -8.03842 3.76309 -4.70271 4.53086 -10.1199 -4.52518 12.1303 -17.973 -10.8554 24.2005 -9.65024 -22.6939 30.1296 3.12576 -28.042 22.6119 11.8604 -27.6805 9.38252 16.3419 -23.8615 -5.37186 13.6855 -14.3515 -17.7662 2.19238 -3.75731 -19.644 -9.8568 -1.27156 -10.0406 -14.6233 -6.23518 4.10133 -14.9014 -9.47414 19.5931 -18.0413 -1.26197 32.8143 -18.2476 14.5331 34.2363 -13.0479 26.2164 25.0299 -6.18929 29.7375 11.4716 -1.35512 23.6444 -2.16084 2.7153 10.0969 -9.21718 7.73255 -4.69069 -12.0958 13.5979 -16.8517 -20.4437 18.1167 -19.3055 -35.4081 15.9713 -7.53703 -45.6218 0.230607 0.798867 1.45426 0.308536 0.820995 0.0668903 -0.0286769 -1.52836 -1.9087 -2.32385 -2.26535 -2.08115 -0.884478 -0.674205 -0.0324254 3.39097 2.68193 2.76086 3.87036 2.7851 -0.0898152 -2.10575 -0.102987 -1.90022 -3.2434 -2.60908
11.1621 5.60766 -38.2691 10.9024 7.20377 -22.564 11.7178 0.911587 -8.01795 3.77742 -4.71216 4.53206 -10.1359 -4.57637 12.0761 -18.0601 -10.8871 24.1096 -9.70656 -22.6806 30.0843 3.09928 -28.0097 22.6043 11.8565 -27.6723 9.38932 16.3575 -23.8679 -5.36288 13.6873 -14.3469 -17.7457 2.1527 -3.78277 -19.5326 -9.8563 -1.37646 -9.85986 -14.651 -6.35797 4.26614 -15.1115 -9.63234 19.7445 -18.3968 -1.47622 32.9638 -18.5218 14.3165 34.4168 -13.2616 25.9843 25.2254 -6.42755 29.5624 11.6698 -1.53328 23.578 -1.98844 2.67032 10.1091 -9.11387 7.73416 -4.65347 -12.0377 13.5513 -16.82 -20.4111 17.9923 -19.2686 -35.3993 15.8133 -7.49221 -45.5966 0.23139 0.797053 1.4516 0.306961 0.820864 0.0709625 -0.0270573 -1.52795 -1.90813 -2.32261 -2.26279 -2.0791 -0.882455 -0.673371 -0.0394774 3.38154 2.67704 2.75661 3.86759 2.78545 -0.0894808 -2.10456 -0.0980739 -1.89336 -3.23863 -2.6082
11.0505 5.66565 -38.2382 10.8524 7.27707 -22.5336 11.7156 0.968352 -7.99748 3.79176 -4.7216 4.53326 -10.1519 -4.62757 12.022 -18.1472 -10.9187 24.0188 -9.76288 -22.6673 30.039 3.0728 -27.9774 22.5966 11.8527 -27.6642 9.39612 16.3731 -23.8742 -5.35391 13.689 -14.3422 -17.7252 2.11303 -3.80822 -19.4213 -9.8558 -1.48136 -9.67915 -14.6787 -6.48076 4.43096 -15.3215 -9.79053 19.8959 -18.7522 -1.69046 33.1133 -18.796 14.0999 34.5973 -13.4753 25.7522 25.421 -6.66581 29.3872 11.8681 -1.71143 23.5116 -1.81605 2.62534 10.1213 -9.01056 7.73577 -4.61626 -11.9795 13.5047 -16.7882 -20.3785 17.8679 -19.2317 -35.3905 15.6553 -7.4474 -45.5714 0.232174 0.795238 1.44894 0.305387 0.820732 0.0750347 -0.0254376 -1.52755 -1.90755 -2.32138 -2.26022 -2.07706 -0.880433 -0.672536 -0.0465294 3.37211 2.67215 2.75235 3.86482 2.7858 -0.0891464 -2.10337 -0.0931612 -1.8865 -3.23386 -2.60732
12.6695 8.43035 -36.1018 10.9666 9.7877 -20.4634 11.2639 3.00374 -6.11923 2.98509 -3.86267 5.56191 -11.1956 -4.35676 12.5726 -18.8294 -10.9567 24.6413 -10.0022 -22.6077 30.2001 2.75958 -27.7338 22.5044 11.5016 -27.3615 9.28027 16.2394 -23.4144 -5.3601 13.7886 -13.6992 -17.6371 1.91596 -3.45149 -19.0362 -9.87944 -1.48896 -9.00234 -14.6381 -6.30008 5.19364 -15.9927 -9.399 20.6629 -21.1655 -1.43028 33.3587 -22.9038 14.2769 34.6089 -18.067 26.0034 25.2636 -10.658 29.0718 11.906 -4.14455 23.1114 -1.065 2.02902 10.4606 -8.27398 7.75739 -3.98214 -11.5458 13.7001 -16.0304 -20.0033 19.2852 -17.0655 -34.7714 18.1515 -4.17715 -43.714 0.218409 0.825658 1.46965 0.302691 0.805776 0.0869835 -0.0095336 -1.50295 -1.87805 -2.29719 -2.21885 -2.01685 -0.811074 -0.600607 -0.013521 3.30674 2.55643 2.6509 3.83419 2.83194 -0.0274767 -2.04547 -0.0870815 -1.99179 -3.38895 -2.67815
12.5759 8.3675 -36.1239 10.8956 9.71322 -20.4822 11.1817 2.94111 -6.1322 2.9013 -3.83911 5.59722 -11.2587 -4.25602 12.6534 -18.8789 -10.872 24.7219 -10.0511 -22.554 30.2135 2.7013 -27.7018 22.5169 11.4592 -27.3545 9.30264 16.2055 -23.4101 -5.33571 13.7408 -13.6896 -17.6057 1.85563 -3.4513 -18.9658 -9.89836 -1.48318 -8.8848 -14.6262 -6.23889 5.3398 -16.0655 -9.25628 20.8167 -21.4878 -1.22137 33.3593 -23.3956 14.4687 34.5529 -18.4704 26.1914 25.25 -10.8713 29.1378 11.976 -4.24116 23.0981 -0.896729 1.97685 10.4722 -8.11103 7.72445 -3.94508 -11.4586 13.6468 -15.9929 -19.9308 19.1928 -17.1019 -34.7078 18.0371 -4.26132 -43.7155 0.213758 0.821043 1.46636 0.300479 0.805407 0.0915772 -0.0033184 -1.49595 -1.87074 -2.28934 -2.2102 -2.0091 -0.805134 -0.595414 -0.0131062 3.29094 2.53717 2.63918 3.82941 2.83014 -0.0286587 -2.04688 -0.0870399 -1.98792 -3.38269 -2.66874
12.4822 8.30464 -36.1461 10.8245 9.63874 -20.501 11.0996 2.87847 -6.14517 2.81751 -3.81556 5.63253 -11.3219 -4.15527 12.7343 -18.9283 -10.7872 24.8025 -10.1 -22.5003 30.2269 2.64302 -27.6699 22.5294 11.4168 -27.3475 9.325 16.1715 -23.4058 -5.31131 13.6929 -13.68 -17.5743 1.79529 -3.45111 -18.8953 -9.91727 -1.4774 -8.76727 -14.6144 -6.1777 5.48597 -16.1383 -9.11357 20.9706 -21.8101 -1.01246 33.3599 -23.8874 14.6604 34.497 -18.8737 26.3793 25.2365 -11.0847 29.2037 12.0459 -4.33777 23.0847 -0.728462 1.92468 10.4838 -7.94808 7.69152 -3.90802 -11.3713 13.5936 -15.9554 -19.8583 19.1005 -17.1382 -34.6443 17.9227 -4.34549 -43.717 0.209107 0.816428 1.46306 0.298267 0.805037 0.0961709 0.0028968 -1.48894 -1.86344 -2.28148 -2.20155 -2.00136 -0.799195 -0.590221 -0.0126915 3.27515 2.51791 2.62747 3.82464 2.82835 -0.0298407 -2.04829 -0.0869984 -1.98404 -3.37643 -2.65934
12.3886 8.24179 -36.1682 10.7534 9.56426 -20.5197 11.0174 2.81584 -6.15814 2.73371 -3.792 5.66784 -11.385 -4.05452 12.8151 -18.9778 -10.7025 24.8831 -10.1489 -22.4466 30.2404 2.58475 -27.6379 22.5419 11.3744 -27.3405 9.34737 16.1376 -23.4015 -5.28692 13.6451 -13.6705 -17.543 1.73496 -3.45092 -18.8248 -9.93619 -1.47161 -8.64973 -14.6026 -6.1165 5.63213 -16.211 -8.97085 21.1244 -22.1324 -0.803548 33.3604 -24.3792 14.8522 34.441 -19.277 26.5672 25.2229 -11.298 29.2697 12.1159 -4.43439 23.0714 -0.560195 1.87251 10.4955 -7.78513 7.65858 -3.87096 -11.2841 13.5404 -15.9179 -19.7858 19.0081 -17.1745 -34.5808 17.8083 -4.42966 -43.7185 0.204456 0.811813 1.45977 0.296055 0.804668 0.100765 0.009112 -1.48194 -1.85613 -2.27363 -2.19291 -1.99362 -0.793255 -0.585028 -0.0122767 3.25936 2.49864 2.61575 3.81986 2.82655 -0.0310227 -2.0497 -0.0869568 -1.98016 -3.37017 -2.64993
12.1163 8.10163 -36.0829 10.4133 9.33322 -20.4374 10.5183 2.65684 -6.0447 2.22334 -3.65955 5.93028 -11.764 -3.88126 13.3199 -19.1082 -10.7654 25.3863 -10.1856 -22.5473 30.4898 2.48673 -27.6641 22.6542 11.2198 -27.3219 9.42711 15.9848 -23.3622 -5.20087 13.5184 -13.6322 -17.4622 1.60989 -3.41054 -18.7366 -9.99505 -1.40199 -8.49013 -14.5543 -5.95803 5.85583 -16.2571 -8.65005 21.3704 -22.6144 -0.453098 33.3968 -25.189 15.1678 34.3856 -19.9543 26.8939 25.2517 -11.6542 29.4156 12.2891 -4.59211 23.0919 -0.225697 1.78921 10.5552 -7.45525 7.60051 -3.77291 -11.0758 13.4339 -15.8297 -19.5971 18.8299 -17.2234 -34.4084 17.5653 -4.55096 -43.6405 0.19588 0.80955 1.46182 0.298397 0.812919 0.107968 0.0191102 -1.47005 -1.8438 -2.26207 -2.18053 -1.98196 -0.784881 -0.577327 -0.0137783 3.2306 2.46283 2.59299 3.80894 2.82064 -0.0358822 -2.05452 -0.0887064 -1.9731 -3.35505 -2.62392
12.0192 8.079 -35.9563 10.2061 9.24145 -20.32 10.1729 2.61497 -5.90702 1.86965 -3.57116 6.12669 -12.025 -3.89639 13.6735 -19.146 -10.9867 25.7388 -10.1307 -22.7483 30.714 2.4977 -27.75 22.7431 11.1446 -27.3163 9.46503 15.8955 -23.331 -5.16045 13.4812 -13.6117 -17.4401 1.59765 -3.37051 -18.7801 -10.0185 -1.34318 -8.55032 -14.5281 -5.91398 5.80621 -16.1671 -8.59613 21.3288 -22.4938 -0.493314 33.4321 -25.0791 15.1248 34.4347 -19.8775 26.8691 25.3058 -11.6113 29.4382 12.3314 -4.56917 23.1373 -0.205861 1.80345 10.5932 -7.43008 7.60403 -3.74416 -11.0306 13.4269 -15.8117 -19.544 18.8244 -17.2044 -34.3547 17.5362 -4.51486 -43.5596 0.196003 0.815916 1.47003 0.304876 0.82186 0.10658 0.0174858 -1.47124 -1.84512 -2.26519 -2.18431 -1.98478 -0.787616 -0.579336 -0.0160555 3.23137 2.46303 2.59214 3.80696 2.81809 -0.0385312 -2.0567 -0.0905337 -1.97329 -3.35163 -2.61549
11.922 8.05638 -35.8296 9.99891 9.14968 -20.2026 9.82741 2.5731 -5.76933 1.51597 -3.48276 6.32309 -12.286 -3.91153 14.0272 -19.1839 -11.208 26.0912 -10.0759 -22.9494 30.9383 2.50866 -27.8358 22.8321 11.0693 -27.3107 9.50295 15.8063 -23.2999 -5.12002 13.444 -13.5913 -17.4181 1.58541 -3.33048 -18.8237 -10.042 -1.28438 -8.61052 -14.5019 -5.86994 5.75658 -16.0771 -8.54221 21.2871 -22.3731 -0.533529 33.4674 -24.9693 15.0819 34.4839 -19.8006 26.8444 25.36 -11.5685 29.4609 12.3737 -4.54623 23.1828 -0.186025 1.8177 10.6313 -7.40492 7.60755 -3.71541 -10.9855 13.4199 -15.7936 -19.4908 18.819 -17.1855 -34.3011 17.5071 -4.47877 -43.4788 0.196125 0.822283 1.47824 0.311355 0.830802 0.105193 0.0158615 -1.47244 -1.84645 -2.2683 -2.1881 -1.9876 -0.79035 -0.581346 -0.0183327 3.23214 2.46324 2.59129 3.80498 2.81554 -0.0411803 -2.05888 -0.0923611 -1.97348 -3.34822 -2.60707
11.8248 8.03375 -35.703 9.79172 9.05791 -20.0853 9.48195 2.53124 -5.63165 1.16228 -3.39436 6.5195 -12.547 -3.92666 14.3808 -19.2217 -11.4293 26.4437 -10.021 -23.1505 31.1625 2.51963 -27.9217 22.921 10.994 -27.3052 9.54087 15.717 -23.2687 -5.07959 13.4068 -13.5708 -17.396 1.57317 -3.29045 -18.8673 -10.0655 -1.22557 -8.67072 -14.4757 -5.82589 5.70696 -15.9872 -8.48829 21.2454 -22.2525 -0.573744 33.5026 -24.8594 15.0389 34.533 -19.7238 26.8197 25.4141 -11.5256 29.4835 12.4159 -4.52329 23.2283 -0.166189 1.83194 10.6693 -7.37975 7.61107 -3.68665 -10.9403 13.413 -15.7755 -19.4376 18.8135 -17.1665 -34.2474 17.478 -4.44267 -43.398 0.196247 0.82865 1.48644 0.317835 0.839743 0.103806 0.0142371 -1.47363 -1.84777 -2.27142 -2.19189 -1.99042 -0.793084 -0.583355 -0.0206099 3.23291 2.46344 2.59044 3.803 2.81299 -0.0438293 -2.06105 -0.0941885 -1.97367 -3.34481 -2.59864
11.7277 8.01112 -35.5763 9.58452 8.96614 -19.9679 9.13649 2.48937 -5.49396 0.808599 -3.30596 6.7159 -12.808 -3.9418 14.7345 -19.2596 -11.6506 26.7961 -9.96618 -23.3515 31.3868 2.53059 -28.0076 23.01 10.9187 -27.2996 9.57879 15.6277 -23.2375 -5.03917 13.3696 -13.5504 -17.3739 1.56093 -3.25042 -18.9108 -10.089 -1.16676 -8.73092 -14.4495 -5.78185 5.65733 -15.8972 -8.43438 21.2038 -22.1318 -0.613959 33.5379 -24.7495 14.9959 34.5822 -19.6469 26.7949 25.4682 -11.4828 29.5061 12.4582 -4.50034 23.2738 -0.146352 1.84619 10.7073 -7.35458 7.61459 -3.6579 -10.8952 13.406 -15.7574 -19.3845 18.8081 -17.1475 -34.1938 17.4489 -4.40657 -43.3171 0.19637 0.835016 1.49465 0.324314 0.848685 0.102419 0.0126128 -1.47483 -1.8491 -2.27454 -2.19567 -1.99324 -0.795819 -0.585365 -0.0228871 3.23368 2.46365 2.58959 3.80102 2.81044 -0.0464784 -2.06323 -0.0960158 -1.97386 -3.3414 -2.59022
11.6305 7.98849 -35.4497 9.37732 8.87438 -19.8505 8.79102 2.4475 -5.35628 0.454915 -3.21757 6.91231 -13.069 -3.95694 15.0881 -19.2974 -11.8719 27.1486 -9.91134 -23.5526 31.6111 2.54155 -28.0935 23.0989 10.8435 -27.294 9.61671 15.5384 -23.2063 -4.99874 13.3324 -13.5299 -17.3518 1.54869 -3.21039 -18.9544 -10.1125 -1.10795 -8.79111 -14.4233 -5.73781 5.60771 -15.8072 -8.38046 21.1621 -22.0111 -0.654175 33.5732 -24.6396 14.9529 34.6313 -19.5701 26.7702 25.5223 -11.4399 29.5287 12.5005 -4.4774 23.3192 -0.126516 1.86044 10.7453 -7.32941 7.61811 -3.62915 -10.85 13.399 -15.7394 -19.3313 18.8026 -17.1285 -34.1401 17.4198 -4.37047 -43.2363 0.196492 0.841383 1.50286 0.330793 0.857626 0.101031 0.0109884 -1.47602 -1.85043 -2.27766 -2.19946 -1.99606 -0.798553 -0.587374 -0.0251643 3.23445 2.46386 2.58874 3.79903 2.80789 -0.0491275 -2.06541 -0.0978432 -1.97405 -3.33798 -2.58179
10.9414 9.18921 -34.9976 8.38098 10.8548 -19.5254 7.45009 4.82407 -4.89705 -0.619677 -1.63298 7.14991 -13.745 -3.87909 15.5921 -18.9138 -12.5662 27.6106 -9.08341 -24.0732 31.5355 3.26658 -28.4393 22.7764 11.3576 -27.4617 9.17555 15.7812 -23.169 -5.46397 13.2299 -13.3546 -17.6387 1.45941 -3.00687 -19.1629 -10.201 -0.780621 -9.025 -14.4326 -5.35225 5.41646 -15.6215 -8.10495 20.9687 -21.9622 -0.996849 33.6802 -24.9959 14.4183 35.8657 -20.0333 26.9811 27.7495 -11.5444 30.4041 15.1195 -4.20601 24.5514 2.53462 2.25347 12.2168 -4.96787 7.87831 -2.04626 -9.10339 13.1263 -14.178 -17.8944 18.0923 -15.9909 -32.8102 16.6414 -3.51345 -42.2762 0.253734 0.895393 1.54249 0.346797 0.867038 0.0800941 -0.0183223 -1.50392 -1.87536 -2.29857 -2.22724 -2.02849 -0.833566 -0.624171 -0.075008 3.17252 2.42904 2.59045 3.81638 2.82599 -0.0330424 -2.04037 -0.0570884 -1.91872 -3.28595 -2.58849
10.8006 9.24193 -35.0885 8.09063 11.0733 -19.6649 7.06386 5.25037 -4.96399 -0.874914 -1.28977 7.12253 -13.8383 -3.90563 15.6808 -18.7913 -12.762 27.6584 -8.89475 -24.2438 31.4852 3.43876 -28.5603 22.6792 11.4935 -27.5316 9.06107 15.8691 -23.1907 -5.57829 13.2597 -13.3487 -17.7177 1.48931 -2.99683 -19.214 -10.1673 -0.775755 -9.07056 -14.3886 -5.35079 5.37282 -15.5763 -8.08737 20.928 -21.9366 -1.0009 33.6417 -24.9934 14.4072 35.8439 -20.0439 26.986 27.7448 -11.5572 30.4324 15.1198 -4.22016 24.5909 2.52889 2.23209 12.2547 -4.97695 7.86105 -2.00549 -9.11702 13.133 -14.1202 -17.9169 18.0924 -15.9295 -32.8353 16.5866 -3.45851 -42.3008 0.260785 0.9057 1.55032 0.351421 0.872266 0.0787221 -0.0212235 -1.50697 -1.87816 -2.30081 -2.23021 -2.03149 -0.835958 -0.6258 -0.0769248 3.17018 2.42702 2.58913 3.81527 2.82474 -0.0342537 -2.04217 -0.0594047 -1.91875 -3.2833 -2.58658
10.6598 9.29465 -35.1794 7.80029 11.2918 -19.8044 6.67763 5.67667 -5.03094 -1.13015 -0.946563 7.09515 -13.9315 -3.93216 15.7696 -18.6687 -12.9579 27.7061 -8.70609 -24.4143 31.435 3.61094 -28.6814 22.582 11.6294 -27.6014 8.94659 15.957 -23.2124 -5.6926 13.2895 -13.3427 -17.7967 1.51921 -2.9868 -19.2651 -10.1335 -0.770889 -9.11612 -14.3445 -5.34932 5.32918 -15.5311 -8.06978 20.8873 -21.911 -1.00494 33.6031 -24.991 14.3961 35.8222 -20.0545 26.991 27.7401 -11.57 30.4608 15.12 -4.23431 24.6305 2.52316 2.21072 12.2925 -4.98602 7.84379 -1.96471 -9.13065 13.1397 -14.0625 -17.9394 18.0925 -15.868 -32.8604 16.5318 -3.40356 -42.3255 0.267837 0.916006 1.55814 0.356046 0.877494 0.0773501 -0.0241248 -1.51002 -1.88096 -2.30304 -2.23317 -2.03448 -0.83835 -0.62743 -0.0788416 3.16785 2.42499 2.58781 3.81415 2.82348 -0.035465 -2.04398 -0.0617211 -1.91877 -3.28064 -2.58467
10.519 9.34738 -35.2704 7.50995 11.5103 -19.944 6.2914 6.10297 -5.09788 -1.38539 -0.603356 7.06776 -14.0248 -3.95869 15.8583 -18.5462 -13.1538 27.7539 -8.51743 -24.5849 31.3847 3.78312 -28.8024 22.4848 11.7653 -27.6712 8.8321 16.0448 -23.2341 -5.80691 13.3192 -13.3368 -17.8758 1.54911 -2.97676 -19.3162 -10.0998 -0.766023 -9.16168 -14.3005 -5.34786 5.28553 -15.486 -8.05219 20.8466 -21.8855 -1.00899 33.5646 -24.9885 14.385 35.8004 -20.065 26.9959 27.7354 -11.5828 30.4891 15.1202 -4.24845 24.67 2.51743 2.18935 12.3303 -4.9951 7.82654 -1.92394 -9.14427 13.1464 -14.0048 -17.9618 18.0926 -15.8066 -32.8855 16.477 -3.34861 -42.3501 0.274888 0.926312 1.56596 0.36067 0.882721 0.0759782 -0.027026 -1.51307 -1.88375 -2.30527 -2.23614 -2.03748 -0.840741 -0.629059 -0.0807585 3.16551 2.42297 2.58648 3.81304 2.82223 -0.0366763 -2.04579 -0.0640374 -1.91879 -3.27799 -2.58276
10.3782 9.4001 -35.3613 7.21961 11.7288 -20.0835 5.90517 6.52927 -5.16482 -1.64063 -0.260149 7.04038 -14.1181 -3.98522 15.9471 -18.4236 -13.3497 27.8016 -8.32876 -24.7555 31.3345 3.9553 -28.9234 22.3877 11.9013 -27.741 8.71762 16.1327 -23.2558 -5.92122 13.349 -13.3308 -17.9548 1.57901 -2.96673 -19.3673 -10.0661 -0.761156 -9.20723 -14.2564 -5.34639 5.24189 -15.4408 -8.0346 20.8058 -21.8599 -1.01304 33.526 -24.986 14.3739 35.7787 -20.0756 27.0009 27.7307 -11.5955 30.5175 15.1204 -4.2626 24.7096 2.51169 2.16798 12.3681 -5.00418 7.80928 -1.88316 -9.1579 13.1531 -13.9471 -17.9843 18.0927 -15.7452 -32.9107 16.4221 -3.29366 -42.3748 0.281939 0.936618 1.57378 0.365294 0.887949 0.0746062 -0.0299272 -1.51611 -1.88655 -2.3075 -2.23911 -2.04047 -0.843133 -0.630688 -0.0826753 3.16318 2.42095 2.58516 3.81192 2.82098 -0.0378877 -2.0476 -0.0663538 -1.91881 -3.27533 -2.58085
10.2047 9.40765 -35.3263 6.85053 11.7927 -20.0869 5.30677 6.81185 -5.09925 -2.10365 0.0370821 7.20342 -14.1609 -4.33191 16.474 -17.7905 -14.316 28.042 -7.53986 -25.732 30.9813 4.70212 -29.637 21.8643 12.5752 -28.1803 8.18117 16.5927 -23.4454 -6.43583 13.5512 -13.3937 -18.2969 1.78151 -3.01036 -19.5496 -9.80493 -0.787684 -9.32737 -13.8812 -5.39303 5.14691 -15.0604 -8.06185 20.7146 -21.6153 -1.07499 33.3832 -24.9139 14.2747 35.6328 -20.0802 26.9595 27.6299 -11.6092 30.5193 15.0254 -4.28788 24.7066 2.41216 2.1336 12.3514 -5.08872 7.83294 -1.87808 -9.23689 13.2602 -13.8964 -18.0747 18.1658 -15.6883 -33.0129 16.3668 -3.19616 -42.3995 0.282496 0.945207 1.58115 0.364455 0.897357 0.083627 -0.0165633 -1.50516 -1.8781 -2.2985 -2.23514 -2.04081 -0.844651 -0.63055 -0.0836814 3.15413 2.40788 2.57374 3.80132 2.81118 -0.0465494 -2.05768 -0.0755146 -1.91909 -3.26984 -2.56701
10.2305 9.36927 -35.236 6.89812 11.6499 -19.9771 5.31636 6.61231 -5.01294 -2.1311 -0.0887008 7.30683 -14.1077 -4.48404 16.6665 -17.5719 -14.6425 28.1239 -7.29624 -26.084 30.8449 4.93786 -29.8971 21.6803 12.8035 -28.3441 8.00447 16.7525 -23.5228 -6.60174 13.6285 -13.4299 -18.4048 1.85886 -3.0402 -19.5999 -9.70135 -0.804839 -9.35102 -13.7288 -5.41752 5.13431 -14.9063 -8.08954 20.7016 -21.5135 -1.10274 33.3426 -24.8797 14.234 35.5773 -20.074 26.9349 27.5833 -11.6058 30.4975 14.9778 -4.28921 24.6735 2.36698 2.1335 12.3128 -5.12373 7.85857 -1.90814 -9.26549 13.3083 -13.9172 -18.1019 18.2023 -15.709 -33.0439 16.383 -3.19134 -42.3922 0.277136 0.941262 1.57858 0.360339 0.897881 0.0892343 -0.00756174 -1.49725 -1.87164 -2.29222 -2.23079 -2.03859 -0.843497 -0.629178 -0.0826519 3.15148 2.40296 2.56909 3.79692 2.80728 -0.0499119 -2.06128 -0.0782431 -1.91921 -3.26922 -2.56163
10.337 9.28117 -34.7682 7.08236 11.0958 -19.4249 5.21859 5.8471 -4.56527 -2.35972 -0.523541 7.853 -13.7019 -5.362 17.7526 -16.1668 -16.6561 28.3964 -5.87108 -28.3388 29.6718 6.27561 -31.6961 20.2098 14.1981 -29.5676 6.64247 17.8917 -24.1749 -7.83268 14.3986 -13.7535 -19.2439 2.73674 -3.20816 -20.0233 -8.61073 -0.797785 -9.58077 -12.4761 -5.3153 4.97721 -13.9136 -7.98546 20.5155 -20.9372 -1.16485 33.0174 -24.7557 14.0663 35.2488 -20.0928 26.8523 27.3051 -11.6151 30.424 14.7087 -4.32325 24.541 2.11081 2.08576 12.1326 -5.31245 8.00664 -2.02806 -9.38348 13.6571 -13.9475 -18.2141 18.4167 -15.713 -33.2018 16.4233 -3.06914 -42.3435 0.24471 0.917239 1.56064 0.331076 0.899983 0.128584 0.0622136 -1.42875 -1.81416 -2.2413 -2.19786 -2.02467 -0.838369 -0.624788 -0.089138 3.12214 2.36466 2.53488 3.76583 2.77946 -0.0740969 -2.08811 -0.0974308 -1.92083 -3.26655 -2.5295
10.3267 9.33149 -34.7562 7.05744 11.1698 -19.4189 5.14612 5.95516 -4.55366 -2.40654 -0.43166 7.8718 -13.6297 -5.42689 17.8223 -16.0018 -16.8599 28.331 -5.75754 -28.6008 29.4206 6.36477 -31.956 19.927 14.3339 -29.7765 6.39597 18.0685 -24.3105 -8.04018 14.5935 -13.8262 -19.3983 2.98548 -3.21876 -20.1113 -8.32013 -0.752076 -9.6375 -12.2244 -5.20398 4.92964 -13.796 -7.86534 20.4545 -20.8994 -1.12768 32.9547 -24.7777 14.0826 35.2212 -20.1173 26.8716 27.2807 -11.628 30.4407 14.6914 -4.337 24.5562 2.09383 2.06214 12.1375 -5.32072 8.01765 -2.01411 -9.37214 13.7129 -13.9114 -18.2032 18.4342 -15.6641 -33.2044 16.4037 -3.01989 -42.3372 0.241674 0.914929 1.55799 0.326567 0.899744 0.134471 0.0749664 -1.41397 -1.8013 -2.2313 -2.19211 -2.02317 -0.838642 -0.625965 -0.0949126 3.114 2.35761 2.52921 3.76112 2.77514 -0.0779212 -2.09269 -0.100315 -1.92134 -3.26674 -2.52668
10.3165 9.38181 -34.7441 7.03253 11.2438 -19.4129 5.07364 6.06322 -4.54206 -2.45336 -0.339779 7.8906 -13.5575 -5.49178 17.892 -15.8369 -17.0636 28.2656 -5.64401 -28.8628 29.1694 6.45394 -32.216 19.6442 14.4698 -29.9854 6.14947 18.2452 -24.4462 -8.24767 14.7885 -13.899 -19.5526 3.23422 -3.22936 -20.1993 -8.02953 -0.706366 -9.69422 -11.9727 -5.09265 4.88206 -13.6785 -7.74522 20.3936 -20.8616 -1.09052 32.892 -24.7996 14.099 35.1935 -20.1419 26.891 27.2563 -11.6409 30.4575 14.6742 -4.35074 24.5713 2.07685 2.03851 12.1423 -5.32898 8.02865 -2.00015 -9.3608 13.7688 -13.8754 -18.1923 18.4516 -15.6152 -33.207 16.3842 -2.97065 -42.3308 0.238639 0.912618 1.55535 0.322058 0.899505 0.140357 0.0877191 -1.39919 -1.78844 -2.22129 -2.18635 -2.02167 -0.838915 -0.627142 -0.100687 3.10587 2.35056 2.52355 3.75642 2.77082 -0.0817454 -2.09726 -0.1032 -1.92185 -3.26694 -2.52386
10.3062 9.43213 -34.7321 7.00761 11.3177 -19.4069 5.00117 6.17128 -4.53045 -2.50017 -0.247897 7.9094 -13.4853 -5.55666 17.9617 -15.6719 -17.2674 28.2003 -5.53048 -29.1249 28.9182 6.5431 -32.476 19.3614 14.6057 -30.1942 5.90296 18.4219 -24.5818 -8.45517 14.9834 -13.9717 -19.7069 3.48296 -3.23996 -20.2873 -7.73893 -0.660656 -9.75095 -11.7211 -4.98133 4.83449 -13.561 -7.6251 20.3326 -20.8239 -1.05336 32.8292 -24.8215 14.1153 35.1658 -20.1664 26.9103 27.2319 -11.6539 30.4743 14.6569 -4.36449 24.5864 2.05987 2.01489 12.1472 -5.33725 8.03966 -1.9862 -9.34947 13.8247 -13.8394 -18.1815 18.4691 -15.5664 -33.2096 16.3646 -2.9214 -42.3245 0.235604 0.910308 1.5527 0.317549 0.899266 0.146244 0.100472 -1.38441 -1.77557 -2.21129 -2.18059 -2.02018 -0.839188 -0.62832 -0.106462 3.09773 2.34351 2.51788 3.75171 2.7665 -0.0855697 -2.10183 -0.106084 -1.92236 -3.26714 -2.52105
10.2959 9.48244 -34.72 6.98269 11.3917 -19.4008 4.92869 6.27934 -4.51885 -2.54699 -0.156016 7.9282 -13.4131 -5.62155 18.0314 -15.507 -17.4712 28.1349 -5.41695 -29.3869 28.667 6.63227 -32.736 19.0786 14.7416 -30.4031 5.65646 18.5986 -24.7174 -8.66267 15.1784 -14.0444 -19.8612 3.73171 -3.25056 -20.3754 -7.44833 -0.614946 -9.80768 -11.4694 -4.87 4.78692 -13.4435 -7.50497 20.2716 -20.7861 -1.0162 32.7665 -24.8434 14.1316 35.1381 -20.191 26.9296 27.2075 -11.6668 30.4911 14.6396 -4.37824 24.6015 2.04289 1.99127 12.1521 -5.34552 8.05067 -1.97225 -9.33813 13.8806 -13.8034 -18.1706 18.4865 -15.5175 -33.2122 16.345 -2.87216 -42.3181 0.232569 0.907998 1.55006 0.31304 0.899028 0.15213 0.113225 -1.36962 -1.76271 -2.20128 -2.17483 -2.01868 -0.83946 -0.629497 -0.112237 3.08959 2.33646 2.51221 3.74701 2.76219 -0.089394 -2.1064 -0.108969 -1.92288 -3.26734 -2.51823
10.2857 9.53276 -34.708 6.95778 11.4657 -19.3948 4.85622 6.3874 -4.50724 -2.59381 -0.0641346 7.947 -13.3409 -5.68644 18.1011 -15.342 -17.675 28.0696 -5.30341 -29.6489 28.4159 6.72143 -32.996 18.7958 14.8775 -30.612 5.40996 18.7754 -24.853 -8.87016 15.3733 -14.1172 -20.0155 3.98045 -3.26116 -20.4634 -7.15772 -0.569236 -9.8644 -11.2177 -4.75868 4.73935 -13.3259 -7.38485 20.2107 -20.7483 -0.979036 32.7037 -24.8653 14.148 35.1104 -20.2155 26.9489 27.1831 -11.6797 30.5078 14.6223 -4.39199 24.6167 2.02591 1.96764 12.1569 -5.35378 8.06168 -1.95829 -9.32679 13.9365 -13.7674 -18.1597 18.504 -15.4686 -33.2148 16.3254 -2.82291 -42.3118 0.229533 0.905688 1.54741 0.308531 0.898789 0.158017 0.125977 -1.35484 -1.74985 -2.19128 -2.16907 -2.01719 -0.839733 -0.630674 -0.118011 3.08145 2.32941 2.50655 3.7423 2.75787 -0.0932183 -2.11097 -0.111853 -1.92339 -3.26754 -2.51541
10.2802 16.7956 -33.9882 3.93142 22.0979 -20.5417 -0.797577 20.5267 -5.47447 -7.3771 13.0948 6.92333 -13.1885 1.95224 16.5463 -13.1581 -12.348 23.0972 -5.1312 -25.7477 22.3289 7.19509 -32.0555 14.8363 18.5613 -31.659 3.80269 25.7326 -26.0568 -9.21422 23.8098 -14.3692 -19.727 12.3251 -3.61054 -19.7372 0.406713 -0.866617 -10.0401 -6.66165 -3.1123 3.82221 -11.7758 -5.40199 18.6076 -21.2445 -1.67407 30.7974 -27.7158 12.4379 34.0046 -23.9422 25.664 26.3216 -14.9443 29.1613 14.0725 -7.20786 22.901 1.93766 0.777994 10.7912 -4.32798 9.36934 -2.25035 -7.13837 15.5042 -12.1558 -17.9089 18.8433 -9.9794 -33.2222 16.5781 3.87116 -40.3262 0.650185 1.39163 2.02621 0.747057 1.385 0.69841 0.742975 -0.729289 -1.19207 -1.71166 -1.71634 -1.53733 -0.31005 -0.106606 0.304382 3.41155 2.64401 2.85728 4.13462 3.20857 0.369109 -1.63661 0.380861 -1.55065 -2.97257 -2.56226
10.3736 16.9355 -34.0117 3.96139 22.2424 -20.5985 -0.790964 20.7141 -5.53481 -7.41103 13.3041 6.85385 -13.2377 2.13035 16.43 -13.1482 -12.1876 22.9386 -5.11226 -25.5842 22.2258 7.19562 -32.0232 14.8266 18.5965 -31.7526 3.83044 25.8334 -26.1721 -9.158 24.023 -14.4418 -19.6384 12.6256 -3.59544 -19.6694 0.693711 -0.794521 -10.0068 -6.46203 -3.04336 3.80783 -11.77 -5.35711 18.5112 -21.3005 -1.69608 30.6706 -27.8567 12.357 33.9476 -24.1255 25.6252 26.3194 -15.0879 29.0864 14.0901 -7.29602 22.7767 2.01911 0.821099 10.7368 -4.19995 9.50653 -2.22312 -7.07502 15.6613 -12.0403 -17.9111 19.0065 -9.8186 -33.216 16.735 4.02986 -40.322 0.701527 1.44447 2.07993 0.801781 1.44018 0.751907 0.79425 -0.677338 -1.13923 -1.66159 -1.67136 -1.49405 -0.265655 -0.0616021 0.345917 3.4494 2.68277 2.89943 4.17995 3.25818 0.419615 -1.58778 0.427291 -1.50521 -2.92464 -2.56225
10.467 17.0753 -34.0352 3.99137 22.3869 -20.6553 -0.784352 20.9015 -5.59514 -7.44496 13.5134 6.78436 -13.287 2.30847 16.3138 -13.1382 -12.0273 22.78 -5.09331 -25.4208 22.1228 7.19614 -31.991 14.8168 18.6318 -31.8463 3.85819 25.9342 -26.2873 -9.10177 24.2363 -14.5144 -19.5498 12.9262 -3.58034 -19.6015 0.980708 -0.722425 -9.97345 -6.26241 -2.97441 3.79344 -11.7642 -5.31223 18.4147 -21.3564 -1.71808 30.5439 -27.9976 12.2761 33.8906 -24.3088 25.5863 26.3171 -15.2316 29.0115 14.1077 -7.38418 22.6523 2.10057 0.864203 10.6825 -4.07192 9.64373 -2.19589 -7.01166 15.8183 -11.9249 -17.9132 19.1698 -9.6578 -33.2097 16.8918 4.18855 -40.3178 0.752869 1.49732 2.13365 0.856504 1.49536 0.805403 0.845525 -0.625386 -1.08639 -1.61151 -1.62639 -1.45077 -0.22126 -0.0165978 0.387452 3.48725 2.72153 2.94157 4.22529 3.30779 0.470121 -1.53895 0.473721 -1.45977 -2.8767 -2.56223
10.5604 17.2151 -34.0586 4.02134 22.5315 -20.7121 -0.777739 21.0888 -5.65548 -7.47888 13.7226 6.71487 -13.3363 2.48658 16.1975 -13.1283 -11.8669 22.6214 -5.07437 -25.2573 22.0197 7.19666 -31.9587 14.807 18.667 -31.94 3.88593 26.0351 -26.4026 -9.04555 24.4495 -14.587 -19.4611 13.2267 -3.56525 -19.5337 1.26771 -0.650328 -9.94013 -6.0628 -2.90547 3.77906 -11.7584 -5.26735 18.3182 -21.4124 -1.74009 30.4171 -28.1385 12.1951 33.8336 -24.4921 25.5474 26.3149 -15.3752 28.9366 14.1253 -7.47235 22.528 2.18203 0.907308 10.6281 -3.94389 9.78093 -2.16866 -6.94831 15.9753 -11.8095 -17.9153 19.3331 -9.497 -33.2035 17.0487 4.34724 -40.3136 0.804212 1.55017 2.18738 0.911227 1.55053 0.8589 0.8968 -0.573434 -1.03354 -1.56143 -1.58141 -1.40749 -0.176865 0.0284065 0.428987 3.5251 2.76029 2.98372 4.27062 3.35739 0.520627 -1.49012 0.520151 -1.41433 -2.82877 -2.56222
10.6538 17.3549 -34.0821 4.05132 22.676 -20.7688 -0.771126 21.2762 -5.71581 -7.51281 13.9319 6.64538 -13.3856 2.66469 16.0813 -13.1183 -11.7066 22.4628 -5.05543 -25.0939 21.9166 7.19718 -31.9265 14.7972 18.7023 -32.0337 3.91368 26.1359 -26.5178 -8.98933 24.6628 -14.6596 -19.3725 13.5273 -3.55015 -19.4658 1.5547 -0.578232 -9.90682 -5.86318 -2.83653 3.76467 -11.7526 -5.22247 18.2217 -21.4683 -1.76209 30.2904 -28.2795 12.1142 33.7765 -24.6753 25.5085 26.3127 -15.5189 28.8617 14.1429 -7.56051 22.4037 2.26349 0.950413 10.5738 -3.81585 9.91813 -2.14144 -6.88496 16.1323 -11.6941 -17.9174 19.4964 -9.3362 -33.1973 17.2055 4.50593 -40.3094 0.855554 1.60302 2.2411 0.96595 1.60571 0.912397 0.948075 -0.521482 -0.980699 -1.51135 -1.53644 -1.36421 -0.13247 0.0734108 0.470522 3.56294 2.79905 3.02586 4.31595 3.407 0.571133 -1.44129 0.566581 -1.36889 -2.78083 -2.5622
10.7472 17.4947 -34.1056 4.08129 22.8205 -20.8256 -0.764513 21.4635 -5.77615 -7.54674 14.1412 6.5759 -13.4348 2.84281 15.965 -13.1084 -11.5462 22.3042 -5.03649 -24.9304 21.8136 7.19771 -31.8942 14.7875 18.7375 -32.1273 3.94143 26.2368 -26.6331 -8.93311 24.876 -14.7322 -19.2839 13.8278 -3.53505 -19.398 1.8417 -0.506136 -9.87351 -5.66356 -2.76758 3.75029 -11.7468 -5.17759 18.1253 -21.5243 -1.7841 30.1636 -28.4204 12.0333 33.7195 -24.8586 25.4697 26.3105 -15.6625 28.7868 14.1605 -7.64867 22.2793 2.34495 0.993517 10.5194 -3.68782 10.0553 -2.11421 -6.82161 16.2893 -11.5787 -17.9195 19.6596 -9.17541 -33.1911 17.3624 4.66463 -40.3052 0.906896 1.65587 2.29482 1.02067 1.66089 0.965893 0.99935 -0.469531 -0.927855 -1.46127 -1.49146 -1.32093 -0.0880755 0.118415 0.512058 3.60079 2.83781 3.06801 4.36129 3.45661 0.621639 -1.39246 0.61301 -1.32345 -2.7329 -2.56219
10.8406 17.6345 -34.1291 4.11127 22.9651 -20.8824 -0.7579 21.6509 -5.83648 -7.58066 14.3505 6.50641 -13.4841 3.02092 15.8488 -13.0984 -11.3858 22.1456 -5.01755 -24.767 21.7105 7.19823 -31.862 14.7777 18.7727 -32.221 3.96918 26.3376 -26.7483 -8.87689 25.0893 -14.8049 -19.1953 14.1284 -3.51996 -19.3301 2.1287 -0.43404 -9.84019 -5.46394 -2.69864 3.7359 -11.741 -5.13271 18.0288 -21.5803 -1.8061 30.0368 -28.5613 11.9524 33.6625 -25.0419 25.4308 26.3083 -15.8062 28.7119 14.1781 -7.73684 22.155 2.4264 1.03662 10.4651 -3.55979 10.1925 -2.08698 -6.75826 16.4464 -11.4633 -17.9217 19.8229 -9.01461 -33.1849 17.5192 4.82332 -40.301 0.958239 1.70872 2.34855 1.0754 1.71606 1.01939 1.05062 -0.417579 -0.875012 -1.4112 -1.44648 -1.27765 -0.0436805 0.163419 0.553593 3.63864 2.87657 3.11016 4.40662 3.50622 0.672145 -1.34363 0.65944 -1.27801 -2.68496 -2.56217
10.934 17.7744 -34.1525 4.14124 23.1096 -20.9392 -0.751287 21.8383 -5.89682 -7.61459 14.5597 6.43692 -13.5334 3.19904 15.7325 -13.0885 -11.2255 21.9871 -4.99861 -24.6035 21.6074 7.19875 -31.8297 14.7679 18.808 -32.3147 3.99692 26.4384 -26.8636 -8.82067 25.3025 -14.8775 -19.1067 14.4289 -3.50486 -19.2623 2.4157 -0.361943 -9.80688 -5.26432 -2.62969 3.72152 -11.7352 -5.08783 17.9323 -21.6362 -1.82811 29.9101 -28.7023 11.8714 33.6055 -25.2251 25.3919 26.3061 -15.9498 28.637 14.1957 -7.825 22.0306 2.50786 1.07973 10.4107 -3.43176 10.3297 -2.05975 -6.69491 16.6034 -11.3478 -17.9238 19.9862 -8.85381 -33.1787 17.6761 4.98201 -40.2968 1.00958 1.76156 2.40227 1.13012 1.77124 1.07289 1.1019 -0.365627 -0.822168 -1.36112 -1.40151 -1.23437 0.000714383 0.208424 0.595128 3.67649 2.91533 3.1523 4.45195 3.55583 0.722651 -1.29481 0.70587 -1.23257 -2.63703 -2.56216
11.3611 18.4142 -34.0674 4.31586 23.6377 -20.9423 -0.891176 22.3433 -6.02272 -7.81151 15.1495 6.32969 -13.6967 3.75201 15.6011 -13.1874 -10.7722 21.6135 -5.18546 -24.2011 21.26 6.93992 -31.8839 14.7666 18.7446 -32.9309 4.25545 26.7464 -27.6774 -8.40824 26.1341 -15.5476 -18.5714 15.6212 -3.8354 -18.8296 3.50813 -0.441102 -9.59461 -4.57954 -2.58119 3.71138 -11.6676 -5.0311 17.658 -21.7676 -1.98915 29.5342 -29.2651 11.4437 33.3597 -26.0897 25.0756 26.1351 -16.6929 28.1892 14.0815 -8.15999 21.443 2.78983 1.32526 10.1452 -2.86294 10.8447 -2.04349 -6.44419 17.2642 -10.9189 -17.9221 20.6956 -8.13214 -33.111 18.3217 5.71906 -40.1758 1.28158 2.04468 2.68951 1.41879 2.06475 1.36945 1.3982 -0.0669581 -0.522367 -1.07345 -1.1338 -0.971663 0.269159 0.479702 0.856783 3.92141 3.15121 3.39464 4.71234 3.83525 1.00446 -1.02139 0.966771 -0.978209 -2.37492 -2.56006
11.4575 18.5587 -33.9955 4.36558 23.7205 -20.8727 -0.969415 22.3609 -6.00999 -7.86742 15.1819 6.36323 -13.7166 3.80508 15.6812 -13.2493 -10.7467 21.6256 -5.30265 -24.2048 21.2155 6.80985 -31.9515 14.7782 18.6687 -33.1215 4.34991 26.7738 -27.9397 -8.27255 26.2824 -15.7916 -18.4149 15.8403 -4.0196 -18.6984 3.69437 -0.571114 -9.53026 -4.48753 -2.64342 3.72436 -11.6411 -5.05904 17.6418 -21.763 -2.04207 29.5052 -29.3697 11.3313 33.3083 -26.2921 24.9662 26.0524 -16.8842 28.0593 14.0023 -8.2169 21.3052 2.82864 1.39396 10.0806 -2.73912 10.9301 -2.06952 -6.39829 17.3976 -10.8492 -17.9186 20.8455 -7.973 -33.085 18.4477 5.88853 -40.1206 1.35318 2.11995 2.76574 1.49448 2.14229 1.45064 1.48204 0.0172124 -0.438749 -0.992432 -1.05636 -0.894595 0.347696 0.558892 0.935513 3.99641 3.22053 3.46295 4.78567 3.91273 1.08201 -0.945935 1.03898 -0.908024 -2.30399 -2.55903
11.5539 18.7033 -33.9235 4.41529 23.8033 -20.8031 -1.04765 22.3784 -5.99727 -7.92332 15.2144 6.39678 -13.7365 3.85815 15.7613 -13.3112 -10.7213 21.6378 -5.41984 -24.2086 21.171 6.67978 -32.019 14.7898 18.5928 -33.3121 4.44437 26.8013 -28.202 -8.13685 26.4307 -16.0356 -18.2583 16.0595 -4.2038 -18.5672 3.8806 -0.701125 -9.46591 -4.39552 -2.70565 3.73733 -11.6146 -5.08697 17.6256 -21.7585 -2.09499 29.4763 -29.4743 11.2189 33.257 -26.4946 24.8568 25.9697 -17.0756 27.9293 13.9232 -8.27381 21.1673 2.86745 1.46265 10.016 -2.6153 11.0154 -2.09554 -6.3524 17.531 -10.7795 -17.9151 20.9955 -7.81386 -33.059 18.5738 6.05801 -40.0654 1.42477 2.19523 2.84197 1.57018 2.21984 1.53182 1.56588 0.101383 -0.355131 -0.911412 -0.97892 -0.817527 0.426233 0.638082 1.01424 4.0714 3.28985 3.53125 4.859 3.99021 1.15957 -0.870476 1.1112 -0.837838 -2.23306 -2.558
11.6503 18.8478 -33.8515 4.465 23.8861 -20.7334 -1.12589 22.3959 -5.98454 -7.97923 15.2468 6.43032 -13.7563 3.91122 15.8413 -13.3731 -10.6958 21.6499 -5.53703 -24.2124 21.1266 6.54971 -32.0866 14.8014 18.517 -33.5028 4.53883 26.8288 -28.4643 -8.00116 26.579 -16.2795 -18.1018 16.2786 -4.388 -18.436 4.06683 -0.831136 -9.40156 -4.30351 -2.76788 3.75031 -11.588 -5.1149 17.6095 -21.754 -2.14792 29.4473 -29.5789 11.1066 33.2056 -26.697 24.7474 25.887 -17.2669 27.7994 13.844 -8.33071 21.0295 2.90626 1.53135 9.95144 -2.49149 11.1008 -2.12156 -6.3065 17.6644 -10.7098 -17.9116 21.1454 -7.65472 -33.0329 18.6998 6.22748 -40.0102 1.49637 2.2705 2.9182 1.64587 2.29738 1.613 1.64971 0.185553 -0.271513 -0.830393 -0.90148 -0.740459 0.50477 0.717272 1.09297 4.14639 3.35917 3.59956 4.93233 4.0677 1.23712 -0.795018 1.18341 -0.767653 -2.16213 -2.55697
11.7466 18.9924 -33.7795 4.51471 23.9688 -20.6638 -1.20413 22.4134 -5.97181 -8.03513 15.2792 6.46387 -13.7762 3.9643 15.9214 -13.4351 -10.6703 21.662 -5.65421 -24.2162 21.0821 6.41964 -32.1541 14.813 18.4411 -33.6934 4.63328 26.8563 -28.7267 -7.86546 26.7273 -16.5235 -17.9453 16.4977 -4.57221 -18.3047 4.25306 -0.961147 -9.33721 -4.21151 -2.8301 3.76328 -11.5615 -5.14283 17.5933 -21.7495 -2.20084 29.4184 -29.6836 10.9942 33.1543 -26.8994 24.638 25.8043 -17.4583 27.6694 13.7648 -8.38762 20.8916 2.94507 1.60005 9.88685 -2.36767 11.1862 -2.14758 -6.26061 17.7979 -10.6401 -17.9081 21.2953 -7.49558 -33.0069 18.8259 6.39696 -39.9551 1.56797 2.34577 2.99444 1.72156 2.37493 1.69418 1.73355 0.269724 -0.187895 -0.749374 -0.82404 -0.66339 0.583306 0.796461 1.1717 4.22138 3.42849 3.66787 5.00565 4.14518 1.31468 -0.71956 1.25562 -0.697467 -2.0912 -2.55594
11.843 19.1369 -33.7075 4.56443 24.0516 -20.5942 -1.28237 22.431 -5.95908 -8.09104 15.3116 6.49741 -13.7961 4.01737 16.0015 -13.497 -10.6448 21.6742 -5.7714 -24.2199 21.0377 6.28957 -32.2217 14.8246 18.3652 -33.884 4.72774 26.8837 -28.989 -7.72977 26.8756 -16.7675 -17.7888 16.7169 -4.75641 -18.1735 4.4393 -1.09116 -9.27286 -4.1195 -2.89233 3.77626 -11.535 -5.17077 17.5771 -21.745 -2.25376 29.3894 -29.7882 10.8819 33.1029 -27.1018 24.5286 25.7217 -17.6496 27.5395 13.6856 -8.44453 20.7538 2.98388 1.66875 9.82225 -2.24385 11.2716 -2.17361 -6.21471 17.9313 -10.5704 -17.9045 21.4452 -7.33644 -32.9809 18.9519 6.56643 -39.8999 1.63957 2.42104 3.07067 1.79726 2.45247 1.77537 1.81739 0.353894 -0.104277 -0.668354 -0.7466 -0.586322 0.661843 0.875651 1.25043 4.29637 3.49781 3.73617 5.07898 4.22266 1.39223 -0.644101 1.32783 -0.627282 -2.02027 -2.55491
11.9394 19.2815 -33.6356 4.61414 24.1344 -20.5246 -1.36061 22.4485 -5.94635 -8.14694 15.344 6.53096 -13.8159 4.07044 16.0816 -13.5589 -10.6193 21.6863 -5.88859 -24.2237 20.9932 6.1595 -32.2892 14.8361 18.2893 -34.0746 4.8222 26.9112 -29.2513 -7.59408 27.0239 -17.0115 -17.6323 16.936 -4.94061 -18.0423 4.62553 -1.22117 -9.20851 -4.02749 -2.95456 3.78924 -11.5085 -5.1987 17.5609 -21.7404 -2.30668 29.3605 -29.8928 10.7695 33.0515 -27.3042 24.4192 25.639 -17.841 27.4095 13.6064 -8.50144 20.616 3.02269 1.73745 9.75766 -2.12004 11.357 -2.19963 -6.16882 18.0647 -10.5007 -17.901 21.5951 -7.1773 -32.9548 19.078 6.73591 -39.8447 1.71117 2.49631 3.1469 1.87295 2.53002 1.85655 1.90123 0.438065 -0.0206592 -0.587335 -0.66916 -0.509254 0.74038 0.954841 1.32916 4.37136 3.56713 3.80448 5.15231 4.30015 1.46978 -0.568643 1.40005 -0.557096 -1.94934 -2.55388
12.0358 19.426 -33.5636 4.66385 24.2172 -20.4549 -1.43885 22.466 -5.93362 -8.20285 15.3764 6.5645 -13.8358 4.12352 16.1617 -13.6209 -10.5938 21.6985 -6.00577 -24.2275 20.9487 6.02943 -32.3568 14.8477 18.2134 -34.2652 4.91666 26.9387 -29.5137 -7.45838 27.1722 -17.2555 -17.4758 17.1552 -5.12481 -17.9111 4.81176 -1.35118 -9.14416 -3.93548 -3.01679 3.80221 -11.4819 -5.22663 17.5448 -21.7359 -2.3596 29.3315 -29.9975 10.6571 33.0002 -27.5066 24.3099 25.5563 -18.0323 27.2796 13.5272 -8.55835 20.4781 3.0615 1.80615 9.69307 -1.99622 11.4424 -2.22565 -6.12292 18.1982 -10.431 -17.8975 21.745 -7.01816 -32.9288 19.204 6.90538 -39.7895 1.78277 2.57158 3.22313 1.94865 2.60756 1.93773 1.98506 0.522235 0.0629588 -0.506315 -0.59172 -0.432186 0.818917 1.03403 1.40789 4.44636 3.63645 3.87278 5.22564 4.37763 1.54734 -0.493185 1.47226 -0.486911 -1.87841 -2.55285
12.1322 19.5706 -33.4916 4.71356 24.2999 -20.3853 -1.51709 22.4835 -5.92089 -8.25875 15.4088 6.59804 -13.8557 4.17659 16.2418 -13.6828 -10.5683 21.7106 -6.12296 -24.2313 20.9043 5.89936 -32.4243 14.8593 18.1375 -34.4558 5.01112 26.9662 -29.776 -7.32269 27.3205 -17.4995 -17.3192 17.3743 -5.30902 -17.7798 4.99799 -1.48119 -9.07981 -3.84348 -3.07901 3.81519 -11.4554 -5.25456 17.5286 -21.7314 -2.41252 29.3026 -30.1021 10.5448 32.9488 -27.7091 24.2005 25.4736 -18.2236 27.1496 13.4481 -8.61526 20.3403 3.10031 1.87484 9.62848 -1.8724 11.5277 -2.25167 -6.07703 18.3316 -10.3613 -17.894 21.895 -6.85902 -32.9028 19.3301 7.07485 -39.7343 1.85437 2.64686 3.29937 2.02434 2.6851 2.01891 2.0689 0.606406 0.146577 -0.425296 -0.51428 -0.355117 0.897454 1.11322 1.48662 4.52135 3.70577 3.94109 5.29897 4.45511 1.62489 -0.417726 1.54447 -0.416726 -1.80747 -2.55182
12.6287 20.6287 -33.0409 4.70511 24.9521 -20.1017 -2.30221 22.5979 -6.08589 -8.85928 15.4594 6.49398 -14.0376 4.28182 16.4231 -13.6638 -10.5439 21.6592 -6.22948 -24.2749 20.7502 5.72436 -32.875 15.1627 18.2194 -35.5327 5.78704 27.4213 -31.1321 -6.38922 28.0584 -18.7984 -16.3183 18.3708 -6.4044 -16.9778 5.8731 -2.14196 -8.66566 -3.35952 -3.1998 4.01093 -11.4435 -4.97141 17.5018 -22.0148 -2.18069 29.0171 -31.0045 10.4026 32.4993 -29.1032 23.9573 24.7054 -19.4903 26.3877 12.6802 -9.19736 19.2729 3.25285 1.97028 9.00752 -1.15947 11.8493 -2.49702 -5.83845 19.1732 -9.85637 -17.8161 23.0039 -5.64145 -32.5609 20.2103 8.33362 -39.2136 2.67275 3.49128 4.1498 2.86696 3.52749 2.86606 2.91993 1.45672 0.995241 0.419656 0.324306 0.486756 1.74451 1.96408 2.33397 5.34245 4.49618 4.72732 6.11474 5.29326 2.46254 0.400153 2.33043 0.352073 -1.02541 -2.56596
12.6845 20.775 -32.9833 4.68098 25.0451 -20.0764 -2.42391 22.6129 -6.12464 -8.95414 15.4549 6.45803 -14.065 4.2789 16.4232 -13.632 -10.5505 21.6435 -6.19787 -24.2819 20.7394 5.74809 -32.9346 15.2181 18.27 -35.6621 5.89957 27.4999 -31.2849 -6.26379 28.139 -18.9481 -16.1888 18.4711 -6.54031 -16.8767 5.96403 -2.21541 -8.61188 -3.30428 -3.19586 4.04422 -11.4531 -4.90217 17.5037 -22.0736 -2.11043 28.9731 -31.1378 10.4249 32.4325 -29.2907 23.9581 24.5891 -19.6572 26.294 12.5623 -9.28808 19.1217 3.26584 1.95835 8.91249 -1.07278 11.875 -2.53434 -5.81146 19.2813 -9.78686 -17.8021 23.1579 -5.46979 -32.5042 20.3294 8.50886 -39.1344 2.8041 3.62618 4.28547 3.00131 3.66095 2.99884 3.05229 1.58878 1.12722 0.552066 0.457059 0.620334 1.87847 2.0985 2.46789 5.47281 4.62296 4.85373 6.24478 5.42591 2.59505 0.529659 2.45502 0.474145 -0.901017 -2.56925
12.7403 20.9214 -32.9257 4.65684 25.1382 -20.0512 -2.54561 22.6279 -6.16338 -9.04901 15.4503 6.42207 -14.0924 4.27599 16.4234 -13.6002 -10.5572 21.6277 -6.16626 -24.2889 20.7287 5.77182 -32.9943 15.2736 18.3206 -35.7914 6.01211 27.5785 -31.4377 -6.13836 28.2196 -19.0977 -16.0593 18.5715 -6.67622 -16.7755 6.05497 -2.28886 -8.55811 -3.24903 -3.19192 4.07751 -11.4627 -4.83293 17.5056 -22.1323 -2.04017 28.9291 -31.271 10.4472 32.3658 -29.4781 23.9588 24.4728 -19.8242 26.2003 12.4445 -9.37881 18.9704 3.27883 1.94643 8.81746 -0.9861 11.9008 -2.57165 -5.78446 19.3894 -9.71736 -17.7881 23.312 -5.29813 -32.4476 20.4485 8.6841 -39.0552 2.93545 3.76108 4.42114 3.13566 3.79442 3.13161 3.18464 1.72084 1.2592 0.684477 0.589812 0.753913 2.01242 2.23292 2.60182 5.60317 4.74974 4.98014 6.37483 5.55856 2.72757 0.659166 2.57961 0.596216 -0.776628 -2.57254
12.7961 21.0678 -32.8681 4.63271 25.2313 -20.0259 -2.66731 22.6429 -6.20213 -9.14387 15.4458 6.38611 -14.1198 4.27307 16.4235 -13.5684 -10.5638 21.612 -6.13466 -24.2959 20.7179 5.79554 -33.0539 15.329 18.3713 -35.9207 6.12464 27.6571 -31.5904 -6.01293 28.3002 -19.2473 -15.9298 18.6718 -6.81213 -16.6744 6.14591 -2.36232 -8.50433 -3.19378 -3.18799 4.1108 -11.4723 -4.76369 17.5076 -22.191 -1.96991 28.8851 -31.4042 10.4695 32.2991 -29.6656 23.9596 24.3565 -19.9911 26.1066 12.3267 -9.46954 18.8192 3.29182 1.9345 8.72243 -0.899416 11.9265 -2.60897 -5.75747 19.4974 -9.64785 -17.7741 23.4661 -5.12647 -32.391 20.5677 8.85934 -38.976 3.06681 3.89598 4.55681 3.27001 3.92788 3.26439 3.317 1.8529 1.39118 0.816887 0.722566 0.887491 2.14637 2.36734 2.73574 5.73354 4.87653 5.10655 6.50487 5.6912 2.86008 0.788672 2.7042 0.718287 -0.652239 -2.57584
12.7139 22.6042 -34.5142 2.4927 26.7994 -23.238 -5.10364 23.6042 -9.68983 -9.94314 15.188 2.87618 -12.3531 3.42604 13.1839 -11.0177 -10.706 19.9659 -4.5912 -24.8844 21.4865 6.44389 -35.4805 17.7028 18.9929 -39.7916 9.02094 28.7069 -35.6181 -2.83498 30.1456 -22.9356 -12.2254 21.8453 -9.61079 -13.4528 8.86006 -3.59274 -7.21838 -1.72919 -2.54695 4.36338 -11.5003 -2.83605 16.8264 -22.5567 -0.25417 27.9359 -32.8786 11.1704 31.7404 -32.6282 24.3922 23.1749 -22.639 25.3844 11.2384 -12.249 16.3608 3.70631 -1.86434 5.3754 -0.939649 9.36867 -4.30882 -6.59012 18.663 -9.07318 -18.5385 24.3978 -3.31905 -32.1191 21.879 10.6359 -38.9146 8.77663 9.66112 10.3194 9.00163 9.61312 8.90393 8.94413 7.50395 7.06273 6.47403 6.33728 6.51124 7.79493 8.03461 8.40748 11.385 10.4876 10.7274 12.1514 11.3216 8.4934 6.34593 8.13079 6.06907 4.75022 -2.7801
12.7868 22.7544 -34.4934 2.59718 26.9251 -23.181 -5.02015 23.6194 -9.67698 -9.88906 15.1686 2.85292 -12.3759 3.42791 13.1634 -11.0605 -10.696 19.9654 -4.63559 -24.8736 21.4994 6.40015 -35.4691 17.7157 18.9511 -39.7651 9.02947 28.6704 -35.5727 -2.81524 30.128 -22.8792 -12.1874 21.8133 -9.56251 -13.4041 8.82225 -3.53207 -7.19452 -1.7863 -2.47533 4.3681 -11.5527 -2.7753 16.8344 -22.6207 -0.206761 27.9352 -32.9794 11.1791 31.7515 -32.7801 24.3987 23.183 -22.7693 25.3611 11.2628 -12.3338 16.3115 3.83559 -1.9189 5.34335 -0.781064 9.30625 -4.29112 -6.52127 18.5744 -8.99456 -18.5112 24.2985 -3.24332 -32.0975 21.8578 10.7215 -38.8964 8.94543 9.8303 10.49 9.17311 9.78497 9.07567 9.11575 7.67557 7.23388 6.64387 6.50678 6.68117 7.96541 8.20528 8.57813 11.5542 10.6545 10.8958 12.3226 11.4936 8.66498 6.51771 8.30242 6.23792 4.91405 -2.78821
12.8597 22.9047 -34.4726 2.70166 27.0508 -23.1239 -4.93665 23.6346 -9.66412 -9.83498 15.1491 2.82967 -12.3988 3.42978 13.1429 -11.1032 -10.686 19.965 -4.67997 -24.8628 21.5123 6.35641 -35.4576 17.7286 18.9094 -39.7385 9.038 28.6339 -35.5272 -2.7955 30.1103 -22.8228 -12.1495 21.7813 -9.51422 -13.3553 8.78444 -3.47141 -7.17067 -1.84341 -2.40372 4.37282 -11.6051 -2.71454 16.8425 -22.6846 -0.159352 27.9346 -33.0802 11.1878 31.7626 -32.932 24.4052 23.1911 -22.8997 25.3379 11.2872 -12.4186 16.2622 3.96487 -1.97346 5.3113 -0.622479 9.24383 -4.27342 -6.45242 18.4859 -8.91593 -18.484 24.1992 -3.16759 -32.0759 21.8365 10.807 -38.8782 9.11423 9.99948 10.6606 9.3446 9.95683 9.2474 9.28738 7.8472 7.40502 6.8137 6.67628 6.8511 8.1359 8.37594 8.74877 11.7235 10.8214 11.0642 12.4937 11.6657 8.83656 6.68949 8.47405 6.40678 5.07787 -2.79631
12.9326 23.0549 -34.4519 2.80613 27.1765 -23.0669 -4.85316 23.6498 -9.65127 -9.7809 15.1296 2.80641 -12.4216 3.43165 13.1224 -11.1459 -10.676 19.9646 -4.72436 -24.8521 21.5252 6.31266 -35.4462 17.7416 18.8677 -39.712 9.04654 28.5974 -35.4817 -2.77576 30.0926 -22.7663 -12.1115 21.7492 -9.46594 -13.3066 8.74662 -3.41074 -7.14681 -1.90052 -2.33211 4.37754 -11.6575 -2.65379 16.8505 -22.7486 -0.111942 27.934 -33.181 11.1965 31.7738 -33.0839 24.4117 23.1991 -23.03 25.3146 11.3116 -12.5033 16.2128 4.09415 -2.02802 5.27925 -0.463894 9.18141 -4.25572 -6.38357 18.3973 -8.83731 -18.4567 24.0999 -3.09186 -32.0544 21.8153 10.8926 -38.8599 9.28303 10.1687 10.8311 9.51608 10.1287 9.41914 9.45901 8.01882 7.57617 6.98354 6.84578 7.02103 8.30638 8.54661 8.91942 11.8927 10.9884 11.2326 12.6649 11.8377 9.00814 6.86127 8.64568 6.57564 5.2417 -2.80442
13.0054 23.2051 -34.4311 2.91061 27.3022 -23.0098 -4.76967 23.665 -9.63841 -9.72682 15.1101 2.78315 -12.4444 3.43353 13.1018 -11.1886 -10.666 19.9642 -4.76874 -24.8413 21.5381 6.26892 -35.4348 17.7545 18.826 -39.6854 9.05507 28.5609 -35.4362 -2.75602 30.0749 -22.7099 -12.0736 21.7172 -9.41766 -13.2578 8.70881 -3.35008 -7.12295 -1.95763 -2.2605 4.38225 -11.7099 -2.59303 16.8586 -22.8126 -0.0645328 27.9334 -33.2818 11.2051 31.7849 -33.2357 24.4181 23.2072 -23.1604 25.2913 11.336 -12.5881 16.1635 4.22343 -2.08257 5.2472 -0.305308 9.11899 -4.23803 -6.31472 18.3087 -8.75869 -18.4294 24.0006 -3.01612 -32.0328 21.794 10.9782 -38.8417 9.45184 10.3378 11.0017 9.68757 10.3005 9.59087 9.63064 8.19044 7.74732 7.15337 7.01527 7.19096 8.47687 8.71727 9.09007 12.062 11.1553 11.4011 12.8361 12.0097 9.17972 7.03306 8.81731 6.7445 5.40552 -2.81252
13.0783 23.3554 -34.4103 3.01508 27.4279 -22.9528 -4.68617 23.6802 -9.62556 -9.67274 15.0907 2.75989 -12.4672 3.4354 13.0813 -11.2314 -10.656 19.9638 -4.81313 -24.8305 21.551 6.22517 -35.4233 17.7674 18.7843 -39.6589 9.0636 28.5245 -35.3907 -2.73628 30.0573 -22.6535 -12.0356 21.6852 -9.36938 -13.2091 8.671 -3.28941 -7.09909 -2.01474 -2.18889 4.38697 -11.7623 -2.53228 16.8666 -22.8766 -0.0171234 27.9327 -33.3825 11.2138 31.7961 -33.3876 24.4246 23.2153 -23.2907 25.268 11.3604 -12.6729 16.1142 4.35271 -2.13713 5.21515 -0.146723 9.05657 -4.22033 -6.24588 18.2202 -8.68006 -18.4021 23.9013 -2.94039 -32.0112 21.7728 11.0637 -38.8235 9.62064 10.507 11.1723 9.85905 10.4724 9.76261 9.80227 8.36207 7.91847 7.32321 7.18477 7.36089 8.64735 8.88794 9.26071 12.2312 11.3222 11.5695 13.0073 12.1818 9.3513 7.20484 8.98895 6.91335 5.56935 -2.82063
13.1512 23.5056 -34.3895 3.11956 27.5536 -22.8957 -4.60268 23.6954 -9.61271 -9.61866 15.0712 2.73663 -12.49 3.43727 13.0608 -11.2741 -10.646 19.9633 -4.85751 -24.8198 21.5639 6.18143 -35.4119 17.7803 18.7426 -39.6323 9.07213 28.488 -35.3453 -2.71654 30.0396 -22.597 -11.9976 21.6531 -9.3211 -13.1604 8.63318 -3.22875 -7.07523 -2.07185 -2.11728 4.39169 -11.8147 -2.47152 16.8746 -22.9406 0.030286 27.9321 -33.4833 11.2225 31.8072 -33.5395 24.4311 23.2233 -23.4211 25.2447 11.3848 -12.7577 16.0648 4.48199 -2.19169 5.1831 0.0118621 8.99415 -4.20263 -6.17703 18.1316 -8.60144 -18.3748 23.802 -2.86466 -31.9896 21.7516 11.1493 -38.8053 9.78944 10.6762 11.3429 10.0305 10.6442 9.93435 9.9739 8.53369 8.08962 7.49304 7.35427 7.53082 8.81784 9.0586 9.43136 12.4005 11.4892 11.7379 13.1785 12.3538 9.52288 7.37662 9.16058 7.08221 5.73317 -2.82873
13.2241 23.6559 -34.3687 3.22404 27.6793 -22.8387 -4.51918 23.7106 -9.59985 -9.56458 15.0517 2.71337 -12.5128 3.43914 13.0403 -11.3168 -10.636 19.9629 -4.9019 -24.809 21.5768 6.13769 -35.4005 17.7932 18.7008 -39.6058 9.08066 28.4515 -35.2998 -2.6968 30.0219 -22.5406 -11.9597 21.6211 -9.27282 -13.1116 8.59537 -3.16808 -7.05137 -2.12896 -2.04566 4.3964 -11.8671 -2.41077 16.8827 -23.0046 0.0776954 27.9315 -33.5841 11.2311 31.8183 -33.6914 24.4375 23.2314 -23.5514 25.2214 11.4093 -12.8425 16.0155 4.61127 -2.24625 5.15105 0.170447 8.93173 -4.18493 -6.10818 18.043 -8.52281 -18.3475 23.7027 -2.78893 -31.968 21.7303 11.2349 -38.787 9.95824 10.8454 11.5135 10.202 10.8161 10.1061 10.1455 8.70532 8.26077 7.66288 7.52377 7.70075 8.98832 9.22927 9.602 12.5697 11.6561 11.9063 13.3497 12.5259 9.69446 7.54841 9.33221 7.25107 5.897 -2.83684
13.297 23.8061 -34.3479 3.32851 27.805 -22.7816 -4.43569 23.7258 -9.587 -9.5105 15.0322 2.69011 -12.5356 3.44101 13.0197 -11.3595 -10.626 19.9625 -4.94628 -24.7982 21.5897 6.09394 -35.389 17.8061 18.6591 -39.5793 9.08919 28.415 -35.2543 -2.67706 30.0042 -22.4842 -11.9217 21.5891 -9.22454 -13.0629 8.55755 -3.10742 -7.02751 -2.18607 -1.97405 4.40112 -11.9195 -2.35001 16.8907 -23.0686 0.125105 27.9309 -33.6849 11.2398 31.8295 -33.8432 24.444 23.2395 -23.6818 25.1981 11.4337 -12.9273 15.9662 4.74055 -2.3008 5.119 0.329033 8.8693 -4.16723 -6.03933 17.9545 -8.44419 -18.3202 23.6034 -2.71319 -31.9464 21.7091 11.3204 -38.7688 10.127 11.0146 11.684 10.3735 10.9879 10.2778 10.3172 8.87694 8.43191 7.83271 7.69327 7.87068 9.1588 9.39994 9.77265 12.739 11.8231 12.0748 13.5209 12.6979 9.86604 7.72019 9.50384 7.41993 6.06082 -2.84494
13.3699 23.9563 -34.3271 3.43299 27.9307 -22.7246 -4.3522 23.741 -9.57414 -9.45642 15.0128 2.66685 -12.5585 3.44288 12.9992 -11.4023 -10.616 19.9621 -4.99067 -24.7875 21.6026 6.0502 -35.3776 17.819 18.6174 -39.5527 9.09772 28.3785 -35.2088 -2.65732 29.9866 -22.4277 -11.8838 21.557 -9.17625 -13.0141 8.51974 -3.04675 -7.00365 -2.24318 -1.90244 4.40584 -11.9719 -2.28926 16.8988 -23.1325 0.172514 27.9303 -33.7857 11.2485 31.8406 -33.9951 24.4505 23.2475 -23.8121 25.1748 11.4581 -13.0121 15.9168 4.86983 -2.35536 5.08695 0.487618 8.80688 -4.14953 -5.97048 17.8659 -8.36556 -18.293 23.5041 -2.63746 -31.9248 21.6878 11.406 -38.7506 10.2958 11.1838 11.8546 10.545 11.1598 10.4496 10.4888 9.04856 8.60306 8.00255 7.86277 8.04061 9.32929 9.5706 9.9433 12.9082 11.99 12.2432 13.692 12.87 10.0376 7.89197 9.67547 7.58878 6.22465 -2.85305
13.4428 24.1066 -34.3063 3.53747 28.0564 -22.6675 -4.2687 23.7562 -9.56129 -9.40234 14.9933 2.6436 -12.5813 3.44475 12.9787 -11.445 -10.606 19.9616 -5.03505 -24.7767 21.6155 6.00646 -35.3661 17.8319 18.5757 -39.5262 9.10625 28.342 -35.1634 -2.63758 29.9689 -22.3713 -11.8458 21.525 -9.12797 -12.9654 8.48193 -2.98609 -6.9798 -2.30029 -1.83083 4.41055 -12.0243 -2.2285 16.9068 -23.1965 0.219923 27.9296 -33.8865 11.2572 31.8517 -34.147 24.457 23.2556 -23.9425 25.1516 11.4825 -13.0969 15.8675 4.99911 -2.40992 5.0549 0.646203 8.74446 -4.13183 -5.90163 17.7774 -8.28694 -18.2657 23.4049 -2.56173 -31.9032 21.6666 11.4915 -38.7323 10.4646 11.3529 12.0252 10.7165 11.3316 10.6213 10.6604 9.22019 8.77421 8.17239 8.03227 8.21054 9.49977 9.74127 10.1139 13.0775 12.1569 12.4116 13.8632 13.042 10.2092 8.06376 9.8471 7.75764 6.38848 -2.86115
13.5157 24.2568 -34.2855 3.64194 28.1821 -22.6105 -4.18521 23.7714 -9.54843 -9.34826 14.9738 2.62034 -12.6041 3.44662 12.9582 -11.4877 -10.596 19.9612 -5.07944 -24.7659 21.6285 5.96271 -35.3547 17.8448 18.534 -39.4996 9.11478 28.3055 -35.1179 -2.61784 29.9512 -22.3149 -11.8079 21.493 -9.07969 -12.9166 8.44411 -2.92542 -6.95594 -2.3574 -1.75922 4.41527 -12.0766 -2.16775 16.9149 -23.2605 0.267333 27.929 -33.9873 11.2658 31.8629 -34.2989 24.4634 23.2637 -24.0728 25.1283 11.5069 -13.1816 15.8182 5.12839 -2.46448 5.02285 0.804788 8.68204 -4.11413 -5.83278 17.6888 -8.20832 -18.2384 23.3056 -2.48599 -31.8816 21.6453 11.5771 -38.7141 10.6334 11.5221 12.1958 10.888 11.5035 10.793 10.832 9.39181 8.94536 8.34222 8.20177 8.38048 9.67026 9.91193 10.2846 13.2467 12.3239 12.58 14.0344 13.214 10.3808 8.23554 10.0187 7.9265 6.5523 -2.86926
13.5886 24.407 -34.2647 3.74642 28.3078 -22.5534 -4.10171 23.7866 -9.53558 -9.29418 14.9543 2.59708 -12.6269 3.44849 12.9376 -11.5304 -10.586 19.9608 -5.12382 -24.7552 21.6414 5.91897 -35.3433 17.8577 18.4922 -39.4731 9.12331 28.269 -35.0724 -2.5981 29.9335 -22.2584 -11.7699 21.4609 -9.03141 -12.8679 8.4063 -2.86475 -6.93208 -2.41451 -1.6876 4.41999 -12.129 -2.10699 16.9229 -23.3245 0.314742 27.9284 -34.0881 11.2745 31.874 -34.4507 24.4699 23.2718 -24.2032 25.105 11.5313 -13.2664 15.7688 5.25767 -2.51903 4.9908 0.963374 8.61962 -4.09643 -5.76393 17.6002 -8.12969 -18.2111 23.2063 -2.41026 -31.8601 21.6241 11.6627 -38.6959 10.8022 11.6913 12.3664 11.0594 11.6753 10.9648 11.0037 9.56343 9.11651 8.51206 8.37127 8.55041 9.84074 10.0826 10.4552 13.416 12.4908 12.7485 14.2056 13.3861 10.5524 8.40732 10.1904 8.09536 6.71613 -2.87736
14.1945 27.0859 -33.3317 3.83799 30.677 -21.9695 -4.69446 25.6714 -9.56105 -10.6148 15.748 1.327 -12.9478 3.43744 10.995 -10.569 -10.6182 17.6463 -3.58455 -24.5438 19.0268 7.75355 -34.5813 14.6615 20.2522 -37.6064 5.38574 29.2872 -32.2409 -6.5224 28.879 -19.1412 -15.4291 18.4347 -7.37726 -15.1183 5.66817 -2.66838 -7.4927 -4.46311 -2.01042 4.51656 -13.3141 -2.15689 17.6478 -24.3039 1.19109 28.6175 -35.1398 12.569 30.7714 -35.9611 24.4397 20.4457 -26.1048 24.5923 8.35762 -14.641 15.4165 2.80277 -3.81196 4.40945 -0.621326 7.38293 -4.5405 -7.45307 17.8234 -6.76652 -19.1936 24.4809 0.369641 -31.6455 22.8148 14.7364 -37.8182 25.7454 26.6659 27.3736 26.0791 26.6855 25.959 25.9911 24.5481 24.0993 23.5281 23.45 23.6351 24.9173 25.1588 25.5544 28.5134 27.4835 27.6334 29.1038 28.3052 25.4774 23.3066 25.0056 22.8589 21.4919 -3.01343
14.2054 27.1158 -33.3084 3.86713 30.7112 -21.9312 -4.64883 25.6912 -9.51747 -10.5846 15.7447 1.34049 -12.9458 3.42719 10.9924 -10.5874 -10.6269 17.6539 -3.61196 -24.5557 19.0469 7.72033 -34.601 14.6846 20.2081 -37.6373 5.39799 29.2174 -32.28 -6.53291 28.7996 -19.1831 -15.4432 18.4005 -7.38059 -15.1227 5.66545 -2.62363 -7.47598 -4.47862 -1.98539 4.52336 -13.326 -2.15921 17.6565 -24.3077 1.18829 28.6344 -35.1236 12.5872 30.7756 -35.9163 24.4501 20.4389 -26.0591 24.5986 8.35152 -14.5941 15.431 2.78574 -3.76765 4.41917 -0.631106 7.41866 -4.55153 -7.44932 17.8894 -6.75648 -19.1663 24.5376 0.411167 -31.6046 22.8347 14.7694 -37.7861 25.9397 26.8595 27.5674 26.2734 26.8799 26.1534 26.1854 24.7426 24.2948 23.7248 23.6452 23.8278 25.1092 25.3509 25.7464 28.7063 27.6772 27.8268 29.2969 28.4984 25.6707 23.4995 25.1975 23.0515 21.6858 -3.01405
14.2163 27.1457 -33.2852 3.89628 30.7455 -21.893 -4.6032 25.711 -9.47389 -10.5545 15.7414 1.35397 -12.9438 3.41694 10.9898 -10.6059 -10.6356 17.6614 -3.63938 -24.5677 19.0671 7.68711 -34.6206 14.7077 20.164 -37.6682 5.41025 29.1476 -32.3191 -6.54341 28.7202 -19.2249 -15.4572 18.3662 -7.38392 -15.127 5.66273 -2.57887 -7.45925 -4.49414 -1.96036 4.53015 -13.3379 -2.16154 17.6652 -24.3115 1.18549 28.6513 -35.1074 12.6055 30.7798 -35.8714 24.4605 20.4322 -26.0134 24.6049 8.34542 -14.5473 15.4454 2.76872 -3.72333 4.42888 -0.640887 7.45439 -4.56256 -7.44557 17.9555 -6.74644 -19.1389 24.5944 0.452694 -31.5637 22.8547 14.8025 -37.7539 26.1341 27.0531 27.7611 26.4676 27.0744 26.3478 26.3797 24.9371 24.4904 23.9214 23.8403 24.0204 25.3012 25.5429 25.9385 28.8991 27.871 28.0201 29.49 28.6915 25.864 23.6924 25.3895 23.2441 21.8797 -3.01468
14.2272 27.1756 -33.262 3.92542 30.7797 -21.8547 -4.55757 25.7307 -9.43031 -10.5244 15.7381 1.36746 -12.9418 3.4067 10.9872 -10.6243 -10.6444 17.669 -3.6668 -24.5796 19.0873 7.65388 -34.6403 14.7307 20.1199 -37.6991 5.42251 29.0778 -32.3583 -6.55392 28.6408 -19.2668 -15.4713 18.332 -7.38725 -15.1314 5.66001 -2.53412 -7.44252 -4.50965 -1.93533 4.53695 -13.3497 -2.16386 17.6739 -24.3153 1.18269 28.6682 -35.0912 12.6237 30.784 -35.8266 24.4709 20.4255 -25.9678 24.6112 8.33931 -14.5004 15.4598 2.7517 -3.67901 4.4386 -0.650667 7.49012 -4.5736 -7.44182 18.0215 -6.7364 -19.1115 24.6511 0.49422 -31.5229 22.8747 14.8356 -37.7218 26.3284 27.2468 27.9548 26.6618 27.2689 26.5422 26.574 25.1317 24.6859 24.1181 24.0354 24.2131 25.4932 25.735 26.1305 29.0919 28.0647 28.2135 29.6831 28.8847 26.0573 23.8853 25.5814 23.4368 22.0736 -3.0153
14.2381 27.2056 -33.2387 3.95457 30.814 -21.8164 -4.51195 25.7505 -9.38673 -10.4943 15.7348 1.38095 -12.9398 3.39645 10.9845 -10.6427 -10.6531 17.6766 -3.69421 -24.5915 19.1074 7.62066 -34.66 14.7538 20.0758 -37.73 5.43476 29.008 -32.3974 -6.56443 28.5614 -19.3087 -15.4854 18.2977 -7.39059 -15.1357 5.65729 -2.48936 -7.42579 -4.52517 -1.9103 4.54375 -13.3616 -2.16618 17.6826 -24.319 1.17989 28.6852 -35.075 12.642 30.7882 -35.7817 24.4813 20.4187 -25.9221 24.6175 8.33321 -14.4536 15.4743 2.73468 -3.6347 4.44831 -0.660447 7.52584 -4.58463 -7.43807 18.0875 -6.72637 -19.0842 24.7078 0.535747 -31.482 22.8947 14.8687 -37.6896 26.5227 27.4404 28.1485 26.8561 27.4634 26.7366 26.7682 25.3262 24.8815 24.3148 24.2305 24.4057 25.6851 25.927 26.3225 29.2847 28.2585 28.4068 29.8761 29.0779 26.2506 24.0783 25.7733 23.6294 22.2675 -3.01592
14.249 27.2355 -33.2155 3.98371 30.8482 -21.7782 -4.46632 25.7702 -9.34315 -10.4641 15.7315 1.39444 -12.9378 3.3862 10.9819 -10.6611 -10.6618 17.6841 -3.72163 -24.6034 19.1276 7.58744 -34.6796 14.7769 20.0317 -37.7609 5.44702 28.9382 -32.4365 -6.57494 28.482 -19.3506 -15.4995 18.2635 -7.39392 -15.14 5.65457 -2.44461 -7.40907 -4.54068 -1.88527 4.55055 -13.3735 -2.1685 17.6914 -24.3228 1.1771 28.7021 -35.0588 12.6603 30.7924 -35.7369 24.4917 20.412 -25.8764 24.6237 8.32711 -14.4067 15.4887 2.71766 -3.59038 4.45803 -0.670227 7.56157 -4.59566 -7.43432 18.1535 -6.71633 -19.0568 24.7646 0.577274 -31.4411 22.9146 14.9018 -37.6575 26.7171 27.634 28.3423 27.0503 27.6578 26.931 26.9625 25.5207 25.0771 24.5115 24.4256 24.5983 25.8771 26.1191 26.5146 29.4775 28.4522 28.6001 30.0692 29.271 26.444 24.2712 25.9652 23.822 22.4614 -3.01654
14.2599 27.2654 -33.1923 4.01286 30.8825 -21.7399 -4.42069 25.79 -9.29957 -10.434 15.7283 1.40793 -12.9358 3.37595 10.9793 -10.6795 -10.6705 17.6917 -3.74904 -24.6153 19.1478 7.55421 -34.6993 14.7999 19.9876 -37.7918 5.45927 28.8684 -32.4756 -6.58545 28.4026 -19.3925 -15.5136 18.2292 -7.39725 -15.1444 5.65185 -2.39986 -7.39234 -4.5562 -1.86024 4.55735 -13.3854 -2.17083 17.7001 -24.3266 1.1743 28.719 -35.0426 12.6785 30.7965 -35.692 24.5021 20.4052 -25.8307 24.63 8.32101 -14.3599 15.5032 2.70064 -3.54607 4.46774 -0.680007 7.5973 -4.6067 -7.43057 18.2195 -6.70629 -19.0294 24.8213 0.6188 -31.4002 22.9346 14.9348 -37.6253 26.9114 27.8277 28.536 27.2445 27.8523 27.1255 27.1568 25.7153 25.2726 24.7081 24.6208 24.791 26.0691 26.3111 26.7066 29.6704 28.646 28.7935 30.2623 29.4642 26.6373 24.4641 26.1571 24.0147 22.6553 -3.01717
