# num_vectors 31
# vector_size 401
-14.966 -19.8512 -16.5138 -11.2155 -20.8945 -17.1672 -7.3417 -21.3644 -17.7639 -3.4264 -21.2928 -18.2618 0.462475 -20.7149 -18.6159 4.28515 -19.664 -18.7801 7.96803 -18.1892 -18.7056 11.4636 -16.346 -18.3484 14.7296 -14.1975 -17.6688 17.7291 -11.8111 -16.6319 20.4226 -9.26261 -15.2114 22.7727 -6.63033 -13.3904 24.7417 -3.99659 -11.1648 26.2889 -1.45545 -8.55508 27.3895 0.913391 -5.58195 28.0187 3.01773 -2.28983 28.1618 4.76156 1.25992 27.8204 6.03913 4.96411 27.0099 6.76479 8.74382 25.7632 6.84814 12.4732 24.1384 6.21929 15.9994 22.2158 4.88973 19.1338 20.0559 2.97277 21.7698 17.7257 0.599599 23.8257 15.2849 -2.09794 25.259 12.7655 -5.01925 26.0612 10.2303 -8.03081 26.2289 7.71546 -11.0319 25.7889 5.24905 -13.9344 24.7804 2.83542 -16.6774 23.2419 0.499508 -19.175 21.2361 -1.75865 -21.3686 18.8266 -3.94715 -23.2076 16.0796 -6.08287 -24.6486 13.0569 -8.17659 -25.6441 9.83199 -10.2404 -26.1509 6.47663 -12.2801 -26.128 3.06878 -14.2884 -25.5426 -0.295761 -16.2601 -24.3759 -3.52787 -18.1807 -22.6313 -6.52182 -20.0366 -20.3424 -9.16981 -21.8105 -17.5925 -11.3577 -23.5175 -14.4575 -13.0169 -25.1696 -11.0453 -14.0764 -26.7825 -7.47742 -14.4827 -28.1649 -3.84723 -14.1086 -29.131 -0.267246 -12.8923 -29.6369 3.09288 -10.9731 -29.685 6.11871 -8.50896 -29.2926 8.76259 -5.62524 -28.4866 10.9666 -2.47052 -27.2949 12.7164 0.842851 -25.7429 14.0093 4.21618 -23.84 14.858 7.58356 -21.6205 15.2721 10.8367 -19.1096 15.2855 13.8986 -16.3328 14.9448 16.7012 -13.3064 14.3037 19.1915 -10.0636 13.4246 21.3088 -6.63161 12.3713 23.0067 -3.04185 11.2072 24.2438 0.66167 9.99692 24.9819 4.43706 8.80187 25.1921 8.22766 7.68795 24.8511 11.967 6.72592 23.9468 15.5546 5.99673 22.4923 18.9284 5.57351 20.5032 21.9884 5.53693 18.0226 24.623 5.95965 15.1246 26.6914 6.87383 11.9484 28.1381 8.20613 8.58168 28.9217 9.85474 5.13631 29.0336 11.7167 1.71237 28.4858 13.709 -1.62437 27.3134 15.7328 -4.7762 25.5688 17.7127 -7.68128 23.3139 19.5844 -10.2918 20.5946 21.3043 -12.59 17.4984 22.8081 -14.5355 14.0973 24.0519 -16.123 10.4624 24.9968 -17.3595 6.64618 25.6108 -18.2651 2.72882 25.8597 -18.8594 -1.22629 25.7181 -19.1726 -5.15695 25.1643 -19.2371 -8.99879 24.1806 -19.0857 -12.6868 22.7538 -18.7495 -16.1496 20.878 -18.2577 -19.3101 18.559 -17.6393 -22.0816 15.8266 -16.9288 -24.3992 12.7129 -16.1639 -26.1978 9.27374 -15.3967 -27.4283 5.58013 -14.6934 -28.0585 1.73854 -14.1376 -28.0864 -2.18039 -13.8133 -27.5187 -6.0716 -13.8119 -26.2876 -9.79327 -14.1236 -24.2968 -13.1448 -14.6113 -21.6367 -15.9754 -15.1992 -18.4757 -18.2168 -15.8463 -1.30808 -1.30812 -1.30825 -1.30827 -1.3081 -1.30778 -1.30737 -1.30696 -1.30658 -1.30619 -1.30569 -1.30495 -1.30388 -1.30253 -1.3011 -1.29994 -1.29932 -1.29927 -1.29946 -1.29927 -1.29841 -1.29728 -1.29641 -1.29606 -1.29621 -1.29665 -1.29709 -1.29733 -1.29732 -1.29715 -1.29692 -1.29672 -1.29654 -1.29636 -1.29618 -1.29612 -1.29635 -1.29696 -1.29779 -1.29841 -1.29825 -1.29711 -1.29541 -1.29428 -1.29393 -1.29376 -1.29333 -1.29259 -1.29161 -1.2905 -1.28943 -1.28852 -1.2878 -1.28727 -1.28688 -1.28659 -1.28635 -1.28615 -1.28592 -1.28556 -1.28495 -1.28409 -1.2831 -1.28231 -1.28206 -1.28251 -1.28341 -1.28413 -1.28397 -1.28317 -1.28257 -1.28268 -1.28358 -1.285 -1.2865 -1.28774 -1.28862 -1.28919 -1.28962 -1.29008 -1.29064 -1.29129 -1.29193 -1.29248 -1.29289 -1.29325 -1.2938 -1.29481 -1.29642 -1.29842 -1.30021 -1.30106 -1.30057 -1.29911 -1.29788 -1.29777 -1.29805 -1.29769 -1.29692 -1.2963 -0.271636
-12.987 -20.0577 -17.4425 -9.17904 -20.827 -18.1424 -5.28197 -21.0145 -18.743 -1.37728 -20.6611 -19.2023 2.46787 -19.8113 -19.4767 6.21498 -18.5069 -19.5218 9.79342 -16.8079 -19.2933 13.1595 -14.7778 -18.7527 16.2752 -12.4862 -17.8664 19.1088 -10.0061 -16.6064 21.6257 -7.41759 -14.9537 23.7949 -4.80213 -12.8989 25.5848 -2.24393 -10.4456 26.9623 0.163319 -7.62251 27.9085 2.34175 -4.45687 28.4048 4.20339 -0.999973 28.4414 5.65876 2.68006 28.0236 6.61299 6.47277 27.168 6.98979 10.2932 25.9082 6.71259 14.0088 24.302 5.72839 17.4614 22.4351 4.06832 20.4694 20.3652 1.85591 22.9411 18.1526 -0.771979 24.8085 15.8491 -3.68137 26.0405 13.4797 -6.7728 26.6353 11.0986 -9.91192 26.5973 8.73593 -12.9995 25.9575 6.41478 -15.949 24.7588 4.13698 -18.7022 23.0417 1.92436 -21.176 20.8733 -0.224235 -23.3161 18.3198 -2.31744 -25.0772 15.4502 -4.37227 -26.4211 12.3283 -6.40021 -27.3071 9.03026 -8.41455 -27.6989 5.62974 -10.4234 -27.5622 2.20624 -12.4225 -26.8715 -1.14377 -14.4099 -25.6131 -4.33161 -16.3733 -23.7951 -7.25321 -18.2992 -21.4539 -9.80375 -20.1662 -18.6749 -11.8741 -21.9839 -15.5345 -13.4003 -23.756 -12.1413 -14.3175 -25.4891 -8.61646 -14.5782 -27.0251 -5.06424 -14.0763 -28.1646 -1.57497 -12.7514 -28.8462 1.69413 -10.732 -29.065 4.63172 -8.17217 -28.8344 7.19018 -5.19543 -28.1768 9.31296 -1.95182 -27.1184 10.9876 1.44456 -25.6833 12.2147 4.89339 -23.8805 13.0099 8.32823 -21.7428 13.3865 11.6402 -19.2955 13.3806 14.7532 -16.5645 13.0397 17.6004 -13.5676 12.4183 20.1311 -10.3394 11.5791 22.2865 -6.90868 10.5861 24.0228 -3.3078 9.50284 25.3003 0.4184 8.39393 26.0823 4.2273 7.32073 26.34 8.06087 6.34854 26.0497 11.8501 5.54699 25.1982 15.4904 4.9938 23.7981 18.9155 4.75988 21.866 22.0208 4.92078 19.4474 24.6914 5.54191 16.619 26.7894 6.65049 13.5252 28.2608 8.16749 10.2486 29.0608 9.98599 6.89364 29.1776 11.9985 3.55612 28.6211 14.1185 0.300508 27.4263 16.2424 -2.77612 25.6478 18.2921 -5.61135 23.3513 20.202 -8.15728 20.5873 21.9284 -10.3964 17.448 23.4079 -12.2909 14.0097 24.5991 -13.8379 10.3464 25.466 -15.0472 6.51276 25.9797 -15.942 2.59089 26.1099 -16.5444 -1.35475 25.835 -16.8869 -5.26112 25.1367 -17.0042 -9.0632 24.0014 -16.9308 -12.6954 22.4189 -16.7001 -16.0857 20.3868 -16.3432 -19.1566 17.914 -15.8912 -21.8211 15.0347 -15.379 -24.0138 11.7854 -14.8447 -25.67 8.22862 -14.3372 -26.7424 4.44384 -13.9168 -27.203 0.547246 -13.6553 -27.0534 -3.38221 -13.6255 -26.3061 -7.233 -13.9028 -24.8821 -10.8556 -14.4616 -22.6953 -14.0451 -15.1536 -19.8743 -16.6726 -15.9103 -16.5878 -18.6801 -16.6867 1.03423 1.03651 1.03796 1.03898 1.03979 1.04045 1.04095 1.04126 1.04138 1.04129 1.04093 1.04022 1.03898 1.03693 1.0337 1.02897 1.02257 1.01466 1.00577 0.99682 0.987995 0.979092 0.969993 0.960767 0.951651 0.943054 0.935412 0.928968 0.92373 0.919535 0.916143 0.913332 0.910969 0.909003 0.907412 0.906178 0.905349 0.905147 0.906046 0.908655 0.913375 0.920029 0.927698 0.934793 0.944648 0.958306 0.971444 0.983288 0.993882 1.00331 1.01159 1.01867 1.02451 1.02903 1.03224 1.03423 1.03511 1.03499 1.03398 1.03218 1.02966 1.0264 1.02219 1.01672 1.00968 1.00099 0.99095 0.980408 0.970128 0.960715 0.951955 0.943666 0.935909 0.929028 0.923453 0.919451 0.91702 0.915953 0.915935 0.916669 0.917972 0.919792 0.92217 0.925194 0.928929 0.93337 0.938438 0.944047 0.950235 0.957267 0.965561 0.975353 0.986231 0.996964 1.00559 1.01373 1.02421 1.03391 1.04166 1.04723 -0.267018
-10.7228 -21.4351 -18.5026 -6.82288 -21.9401 -18.8456 -2.88295 -21.8802 -19.0832 1.02063 -21.3025 -19.1878 4.8251 -20.2514 -19.1247 8.4937 -18.7641 -18.8533 11.9561 -16.8972 -18.3332 15.1674 -14.7108 -17.5264 18.0885 -12.2727 -16.4004 20.6865 -9.65565 -14.9277 22.928 -6.94174 -13.0899 24.7834 -4.21632 -10.8769 26.2243 -1.57081 -8.29001 27.2219 0.889805 -5.35536 27.7607 3.07343 -2.09907 27.8288 4.87683 1.42304 27.4269 6.20013 5.13104 26.5785 6.95168 8.89736 25.3168 7.07429 12.6206 23.693 6.5305 16.1614 21.7732 5.32018 19.3737 19.6469 3.49692 22.1019 17.3906 1.14981 24.2673 15.0815 -1.60268 25.81 12.7796 -4.63432 26.7041 10.5112 -7.84642 26.9511 8.32197 -11.0997 26.5659 6.22731 -14.2906 25.5885 4.23231 -17.33 24.0699 2.32263 -20.1598 22.0542 0.500926 -22.6973 19.613 -1.2487 -24.8903 16.8119 -2.94715 -26.6945 13.7171 -4.62119 -28.071 10.3888 -6.29201 -28.9757 6.90105 -7.98046 -29.3664 3.3274 -9.7003 -29.2028 -0.248893 -11.4514 -28.4563 -3.72342 -13.2332 -27.1162 -6.99831 -15.0365 -25.2027 -9.9618 -16.855 -22.7715 -12.507 -18.6803 -19.9305 -14.5299 -20.5399 -16.7762 -15.9747 -22.4593 -13.4359 -16.7833 -24.4118 -10.0193 -16.8857 -26.1479 -6.60161 -16.1546 -27.4419 -3.29021 -14.5455 -28.2454 -0.251763 -12.2322 -28.5634 2.41213 -9.39795 -28.4209 4.66875 -6.18123 -27.8476 6.48188 -2.73979 -26.8725 7.85457 0.813378 -25.5177 8.79966 4.38147 -23.7883 9.34113 7.90231 -21.7106 9.50359 11.2694 -19.3051 9.33173 14.4101 -16.5945 8.88129 17.2616 -13.595 8.21397 19.7775 -10.3411 7.40009 21.9038 -6.86252 6.51115 23.6008 -3.19367 5.6193 24.832 0.616601 4.79826 25.5623 4.51838 4.11906 25.7637 8.44088 3.65315 25.4138 12.2962 3.46834 24.504 15.9569 3.62203 23.0571 19.3369 4.15608 21.1053 22.3226 5.09436 18.713 24.806 6.42811 15.9613 26.6746 8.08938 12.9696 27.8922 10.0207 9.80886 28.4275 12.1382 6.579 28.2822 14.3522 3.37285 27.4774 16.5894 0.250268 26.061 18.7526 -2.70245 24.095 20.769 -5.43599 21.6484 22.5768 -7.91568 18.7704 24.135 -10.1345 15.5521 25.3861 -12.0608 12.0671 26.2957 -13.6921 8.38736 26.8368 -15.034 4.5671 26.9889 -16.1033 0.689006 26.7338 -16.9134 -3.18109 26.0607 -17.4881 -6.9785 24.9621 -17.8536 -10.6365 23.4337 -18.0361 -14.0877 21.4745 -18.0593 -17.259 19.0909 -17.9441 -20.0722 16.3017 -17.7099 -22.4436 13.1521 -17.3795 -24.3126 9.68794 -16.9826 -25.6253 5.97953 -16.5631 -26.3496 2.10894 -16.1818 -26.4775 -1.81246 -15.917 -26.0267 -5.71843 -15.8519 -25.026 -9.51482 -16.0752 -23.3758 -13.0555 -16.527 -20.9803 -16.1229 -17.062 -17.9425 -18.5575 -17.5902 -14.4667 -20.3223 -18.0782 0.0663489 0.0566136 0.0473786 0.0392598 0.0326076 0.0276114 0.024354 0.0228677 0.0231822 0.0253255 0.0292564 0.0347734 0.0414158 0.0484395 0.0549439 0.0601214 0.0635891 0.0656175 0.0671354 0.0695771 0.0725018 0.0732872 0.0702422 0.0628118 0.0513019 0.0365755 0.0197865 0.00196137 -0.0161708 -0.0341303 -0.051605 -0.0684523 -0.0845898 -0.099931 -0.114413 -0.127979 -0.140403 -0.151136 -0.159205 -0.163381 -0.162629 -0.156516 -0.145188 -0.129639 -0.104252 -0.0704007 -0.0389194 -0.0109358 0.0137671 0.0356631 0.0551023 0.0722 0.0868383 0.0986957 0.10749 0.113122 0.115611 0.114973 0.111154 0.103962 0.0930174 0.077755 0.0574947 0.0317002 0.000449692 -0.0353601 -0.0738584 -0.112012 -0.146136 -0.174035 -0.19665 -0.215064 -0.229888 -0.24112 -0.248465 -0.251723 -0.250937 -0.246419 -0.238728 -0.228495 -0.216287 -0.202576 -0.187737 -0.172018 -0.155625 -0.138762 -0.121705 -0.104836 -0.088604 -0.0734257 -0.0596755 -0.0478217 -0.0385954 -0.0329294 -0.0318793 -0.0316545 -0.0302592 -0.03149 -0.0365752 -0.0443658 -0.403708
-10.0971 -21.8491 -18.9732 -6.16729 -22.2118 -19.0589 -2.22605 -21.9909 -19.0261 1.64535 -21.2398 -18.8512 5.37959 -20.0085 -18.5016 8.93456 -18.339 -17.9367 12.2357 -16.2946 -17.1199 15.2349 -13.942 -16.0179 17.8913 -11.356 -14.6034 20.1728 -8.61594 -12.8557 22.0493 -5.81024 -10.7644 23.4973 -3.02927 -8.32772 24.497 -0.367553 -5.55593 25.0332 2.06973 -2.48443 25.1042 4.19352 0.854218 24.7148 5.90658 4.40048 23.8834 7.11665 8.0756 22.6517 7.73956 11.7586 21.063 7.72031 15.3566 19.1789 7.01924 18.7371 17.0746 5.63018 21.7557 14.8505 3.60204 24.2515 12.5861 1.04587 26.1558 10.3525 -1.90236 27.4238 8.19892 -5.10664 28.043 6.13957 -8.46569 28.0223 4.20572 -11.8388 27.3838 2.40061 -15.1236 26.1688 0.719235 -18.2327 24.4278 -0.859087 -21.1092 22.2027 -2.3409 -23.6716 19.5652 -3.74851 -25.8689 16.5808 -5.10841 -27.6585 13.3149 -6.45174 -29.003 9.8275 -7.80482 -29.8592 6.19284 -9.19287 -30.1858 2.48592 -10.6343 -29.9427 -1.20702 -12.1344 -29.1035 -4.77652 -13.6968 -27.6617 -8.11949 -15.3162 -25.6446 -11.1202 -16.9885 -23.1177 -13.6725 -18.7063 -20.1995 -15.6796 -20.4951 -16.993 -17.0987 -22.3791 -13.6281 -17.888 -24.3017 -10.1939 -17.967 -25.9854 -6.76371 -17.1746 -27.1948 -3.47282 -15.461 -27.8828 -0.494305 -13.0351 -28.0589 2.07498 -10.1029 -27.7565 4.20905 -6.81441 -27.016 5.88095 -3.3336 -25.8738 7.10301 0.224797 -24.3575 7.8983 3.76432 -22.4742 8.30103 7.22428 -20.2533 8.34859 10.5024 -17.7157 8.09668 13.5318 -14.8839 7.61078 16.2569 -11.7723 6.96134 18.6376 -8.41425 6.22704 20.6265 -4.83864 5.48799 22.1884 -1.08121 4.82604 23.2908 2.80453 4.32471 23.9034 6.76025 4.06464 24.0052 10.703 4.12293 23.5848 14.531 4.56626 22.6493 18.1051 5.43686 21.2399 21.329 6.74258 19.3907 24.0824 8.43144 17.1357 26.2627 10.4305 14.5343 27.7823 12.629 11.6954 28.6243 14.9553 8.68165 28.7775 17.3188 5.58447 28.2587 19.6353 2.49131 27.098 21.8429 -0.538856 25.354 23.8601 -3.41874 23.0957 25.6312 -6.09573 20.3983 27.1117 -8.53192 17.3153 28.2742 -10.7178 13.9447 29.0799 -12.6212 10.3628 29.5107 -14.2393 6.64262 29.5555 -15.5782 2.8373 29.207 -16.6548 -0.973617 28.4635 -17.4824 -4.72953 27.327 -18.0844 -8.37241 25.8008 -18.4861 -11.8433 23.8898 -18.712 -15.0833 21.5992 -18.7846 -18.0283 18.9393 -18.7229 -20.6104 15.931 -18.5442 -22.7574 12.6194 -18.269 -24.4205 9.04634 -17.9243 -25.5582 5.27567 -17.5507 -26.1484 1.37888 -17.207 -26.188 -2.5463 -16.9716 -25.689 -6.44677 -16.9344 -24.6651 -10.2344 -17.1977 -22.9877 -13.762 -17.6519 -20.5376 -16.7982 -18.113 -17.4335 -19.1757 -18.495 -13.8927 -20.8531 -18.7834 0.467924 0.449212 0.431684 0.416136 0.403057 0.392824 0.385725 0.381983 0.381794 0.385316 0.392574 0.403342 0.417015 0.432604 0.448934 0.464908 0.479806 0.493472 0.506201 0.518435 0.528007 0.530643 0.525374 0.512573 0.493348 0.469201 0.441835 0.41269 0.382803 0.352907 0.323524 0.294885 0.267074 0.240132 0.214063 0.188912 0.165055 0.143405 0.125461 0.112985 0.1073 0.108735 0.116882 0.13054 0.154654 0.187636 0.218344 0.24535 0.268769 0.289178 0.307061 0.322614 0.335731 0.346046 0.353179 0.356894 0.357018 0.353295 0.345291 0.332307 0.313349 0.287187 0.252498 0.208246 0.154306 0.0912469 0.0218728 -0.0462674 -0.10575 -0.153296 -0.189556 -0.215821 -0.233262 -0.242607 -0.244451 -0.239517 -0.228683 -0.213026 -0.193781 -0.172079 -0.148843 -0.12482 -0.100604 -0.0765511 -0.0528952 -0.0297633 -0.00728897 0.0143031 0.0346446 0.0532767 0.0696648 0.0831923 0.0932102 0.0992389 0.100885 0.102623 0.103294 0.097001 0.0840486 0.067162 -0.703098
-9.04686 -21.2139 -20.6475 -5.10198 -21.2934 -20.531 -1.1958 -20.7922 -20.2594 2.59181 -19.7728 -19.8153 6.19478 -18.2941 -19.1711 9.57149 -16.406 -18.2896 12.6503 -14.1816 -17.1418 15.3864 -11.6952 -15.7012 17.7438 -9.028 -13.9481 19.6955 -6.26437 -11.8695 21.2177 -3.49604 -9.46405 22.2935 -0.81409 -6.74045 22.9101 1.68985 -3.72101 23.0616 3.91876 -0.454348 22.7529 5.79478 3.01659 21.9978 7.23481 6.62469 20.8236 8.15957 10.2891 19.284 8.49415 13.893 17.4334 8.1807 17.3494 15.3531 7.17028 20.5307 13.1478 5.44433 23.2925 10.9489 3.06379 25.4803 8.81391 0.18569 27.0445 6.78681 -3.03002 27.9604 4.89064 -6.43877 28.2321 3.12184 -9.94157 27.8766 1.49661 -13.4021 26.9235 0.0109957 -16.7252 25.4153 -1.34366 -19.8295 23.4022 -2.58873 -22.663 20.9246 -3.7363 -25.1486 18.0571 -4.81352 -27.2399 14.8661 -5.85292 -28.8991 11.4187 -6.89186 -30.094 7.77632 -7.96452 -30.7875 4.01557 -9.10394 -30.9445 0.214036 -10.3368 -30.5323 -3.5389 -11.6772 -29.5325 -7.13053 -13.1352 -27.9467 -10.4554 -14.7093 -25.8109 -13.3976 -16.3944 -23.1989 -15.8539 -18.1766 -20.2367 -17.7366 -20.0712 -17.0321 -19.0156 -22.0912 -13.7168 -19.6669 -24.1761 -10.3782 -19.6185 -26.0401 -7.07877 -18.6865 -27.4341 -3.95035 -16.8161 -28.297 -1.15647 -14.2316 -28.6306 1.21682 -11.1516 -28.4658 3.15279 -7.73334 -27.8406 4.63642 -4.14618 -26.7919 5.69007 -0.506085 -25.3483 6.34658 3.09182 -23.5186 6.64874 6.59058 -21.3332 6.64277 9.8928 -18.8148 6.38954 12.9381 -15.9878 5.95648 15.677 -12.8696 5.41332 18.0756 -9.49711 4.83573 20.0917 -5.9037 4.30096 21.6956 -2.12926 3.8905 22.8604 1.76868 3.69182 23.5621 5.72661 3.79634 23.7849 9.65159 4.29695 23.5212 13.4218 5.27778 22.78 16.8642 6.78895 21.6036 19.8821 8.75046 20.0026 22.3774 11.0559 18.0084 24.2769 13.594 15.67 25.5221 16.2281 13.0791 26.1104 18.8851 10.2868 26.0378 21.4754 7.37345 25.3215 23.9196 4.42127 23.9882 26.1626 1.48963 22.0965 28.1284 -1.33196 19.7167 29.7693 -3.98653 16.927 31.0494 -6.43239 13.785 31.9488 -8.65789 10.3932 32.4414 -10.6292 6.83054 32.5206 -12.3425 3.17119 32.1871 -13.8027 -0.531725 31.4435 -15.026 -4.20038 30.3005 -16.0237 -7.7766 28.7702 -16.8173 -11.2054 26.8653 -17.4303 -14.4315 24.599 -17.8851 -17.4001 21.9843 -18.2021 -20.0527 19.0386 -18.3975 -22.3282 15.7885 -18.4856 -24.1634 12.2836 -18.4825 -25.5169 8.56677 -18.4118 -26.3544 4.70153 -18.31 -26.6587 0.757839 -18.2315 -26.4305 -3.16793 -18.2494 -25.6798 -7.02275 -18.4517 -24.4197 -10.7162 -18.9362 -22.5103 -14.0987 -19.5496 -19.8426 -16.9352 -20.0707 -16.5684 -19.0771 -20.4252 -12.9089 -20.4938 -20.6141 0.358065 0.333842 0.31069 0.289738 0.271681 0.25706 0.246308 0.239739 0.237583 0.239965 0.246792 0.257675 0.271874 0.288387 0.306223 0.32465 0.343316 0.36218 0.381113 0.399245 0.411175 0.409576 0.396059 0.37291 0.342448 0.306865 0.268214 0.228011 0.187239 0.146589 0.106597 0.0675108 0.0294352 -0.00752667 -0.043258 -0.0774865 -0.109404 -0.137476 -0.15953 -0.17336 -0.177697 -0.172766 -0.159698 -0.13932 -0.102409 -0.0512013 -0.00311695 0.0391358 0.075448 0.106557 0.133155 0.155576 0.173759 0.187309 0.195861 0.199257 0.197432 0.190219 0.177224 0.157673 0.130294 0.093272 0.0442709 -0.0192003 -0.0989446 -0.19395 -0.296122 -0.394727 -0.480277 -0.548832 -0.601112 -0.63863 -0.662884 -0.674974 -0.675982 -0.667203 -0.650077 -0.626221 -0.597389 -0.565132 -0.530701 -0.495131 -0.459262 -0.423606 -0.388472 -0.353956 -0.32009 -0.286993 -0.255032 -0.224858 -0.197428 -0.173954 -0.155707 -0.14358 -0.138196 -0.130449 -0.122029 -0.124775 -0.138365 -0.15858 -0.823827
-7.72007 -21.8765 -23.8936 -3.78011 -21.7123 -23.7155 0.0820253 -20.9721 -23.3706 3.78904 -19.7232 -22.8404 7.27735 -18.0314 -22.0975 10.5077 -15.9518 -21.1054 13.4132 -13.565 -19.8382 15.9542 -10.9501 -18.273 18.1001 -8.19143 -16.3944 19.8297 -5.37481 -14.1938 21.1249 -2.59237 -11.6744 21.9748 0.0654945 -8.84928 22.3729 2.50877 -5.74461 22.3202 4.64346 -2.41259 21.8277 6.39526 1.10178 20.9154 7.68593 4.73001 19.6164 8.44197 8.39104 17.9899 8.59634 11.9688 16.0931 8.09758 15.3781 14.0098 6.90501 18.4938 11.8447 5.00897 21.1745 9.72534 2.47936 23.2718 7.70313 -0.526957 24.7418 5.81526 -3.85085 25.5644 4.07869 -7.34941 25.7466 2.48563 -10.9262 25.3066 1.04594 -14.4461 24.2757 -0.249001 -17.8158 22.6969 -1.41207 -20.9558 20.6204 -2.46718 -23.8158 18.0857 -3.43081 -26.32 15.1672 -4.33285 -28.4242 11.9306 -5.20825 -30.0928 8.44245 -6.0968 -31.2964 4.76332 -7.03637 -32.0013 0.969245 -8.06461 -32.1761 -2.86309 -9.21406 -31.7906 -6.64524 -10.5052 -30.8275 -10.2648 -11.953 -29.2872 -13.6155 -13.5579 -27.2033 -16.5781 -15.3114 -24.6473 -19.0454 -17.1891 -21.7437 -20.9265 -19.193 -18.601 -22.1926 -21.3196 -15.3498 -22.8276 -23.5331 -12.0948 -22.7989 -25.5648 -8.8814 -21.9181 -27.1518 -5.81256 -20.1036 -28.2167 -3.05291 -17.558 -28.7503 -0.694982 -14.4945 -28.7758 1.24067 -11.0721 -28.3232 2.73865 -7.46505 -27.4261 3.8226 -3.79348 -26.112 4.52661 -0.15518 -24.391 4.89399 3.39216 -22.2945 4.96929 6.75072 -19.8479 4.81105 9.86028 -17.0784 4.48421 12.6717 -14.0059 4.05679 15.1513 -10.6694 3.60264 17.2569 -7.10406 3.19804 18.9585 -3.3516 2.92365 20.2295 0.5287 2.86563 21.0454 4.47145 3.11381 21.3902 8.38196 3.75824 21.2553 12.1369 4.87898 20.6471 15.5626 6.52007 19.6033 18.5635 8.60201 18.1273 21.0407 11.0175 16.2439 22.9189 13.6528 13.9977 24.1376 16.3671 11.4779 24.6923 19.0841 8.73688 24.5788 21.7102 5.85708 23.8156 24.1628 2.92365 22.4319 26.3846 -0.000693523 20.4906 28.2996 -2.82351 18.0662 29.8615 -5.48542 15.2414 31.0376 -7.94323 12.0775 31.8113 -10.1849 8.68022 32.1618 -12.177 5.13038 32.0878 -13.9169 1.50288 31.5947 -15.411 -2.14888 30.6885 -16.6776 -5.74783 29.384 -17.7297 -9.23667 27.6961 -18.5899 -12.5613 25.6398 -19.2823 -15.6674 23.2306 -19.8288 -18.5011 20.484 -20.2487 -21.0049 17.4201 -20.557 -23.119 14.0682 -20.7671 -24.7818 10.4806 -20.8943 -25.9516 6.70191 -20.963 -26.5933 2.79835 -21.0102 -26.6891 -1.1559 -21.0889 -26.2425 -5.05888 -21.2659 -25.2688 -8.85254 -21.6182 -23.7855 -12.4443 -22.2205 -21.6478 -15.6745 -22.8989 -18.7784 -18.3057 -23.4248 -15.3643 -20.2205 -23.7587 -11.6196 -21.399 -23.9102 0.300483 0.275835 0.252568 0.231928 0.214653 0.201274 0.192179 0.187641 0.187852 0.192884 0.202555 0.216331 0.233277 0.252181 0.271887 0.291557 0.310773 0.329409 0.347165 0.362921 0.370949 0.36424 0.344776 0.315115 0.277749 0.235023 0.189166 0.141839 0.0941456 0.0468903 0.000711887 -0.0440905 -0.0873819 -0.129024 -0.16884 -0.206441 -0.240804 -0.270092 -0.291805 -0.303527 -0.30409 -0.294193 -0.275718 -0.250245 -0.205513 -0.143662 -0.0854928 -0.0343294 0.00965298 0.047153 0.0788273 0.104993 0.125601 0.140317 0.148908 0.151385 0.147819 0.138125 0.121931 0.0984408 0.0663375 0.0237566 -0.0316924 -0.102545 -0.190588 -0.294586 -0.405983 -0.513307 -0.606326 -0.680594 -0.736861 -0.77676 -0.80193 -0.813618 -0.813094 -0.801874 -0.781619 -0.754171 -0.721492 -0.685279 -0.646866 -0.607316 -0.567457 -0.527747 -0.488432 -0.449545 -0.411068 -0.373087 -0.335966 -0.300389 -0.267432 -0.238595 -0.215678 -0.20028 -0.193579 -0.183444 -0.17142 -0.172862 -0.186198 -0.206727 -0.814909
-3.60469 -22.6874 -25.2386 0.267641 -21.93 -25.1241 3.97692 -20.6246 -24.7776 7.45359 -18.8558 -24.172 10.6443 -16.7086 -23.2825 13.5214 -14.2537 -22.0823 16.0349 -11.5866 -20.5616 18.1613 -8.79236 -18.7137 19.8845 -5.95615 -16.5386 21.1951 -3.16087 -14.0413 22.0863 -0.493021 -11.2387 22.5564 1.96475 -8.1554 22.6079 4.13227 -4.82881 22.2511 5.92885 -1.32068 21.5024 7.29336 2.31795 20.3862 8.16298 6.01393 18.9374 8.48063 9.68302 17.2141 8.19903 13.2073 15.268 7.2818 16.4999 13.176 5.70727 19.4349 11.0334 3.48566 21.8727 8.95768 0.704544 23.6743 6.99762 -2.48143 24.8127 5.18909 -5.91609 25.283 3.54806 -9.46068 25.1051 2.06661 -13.023 24.3054 0.752459 -16.4726 22.9275 -0.405087 -19.7218 21.0228 -1.42139 -22.6972 18.6484 -2.32217 -25.3545 15.8475 -3.12779 -27.6258 12.6995 -3.87133 -29.4734 9.27168 -4.59144 -30.8674 5.6308 -5.33233 -31.7831 1.8378 -6.13875 -32.1938 -2.02946 -7.05765 -32.0778 -5.89168 -8.13418 -31.4194 -9.65758 -9.40432 -30.2191 -13.2132 -10.8984 -28.4935 -16.4513 -12.6277 -26.287 -19.2506 -14.5822 -23.6735 -21.4967 -16.7155 -20.7722 -23.0863 -18.9901 -17.6836 -23.9703 -21.3254 -14.5174 -24.1008 -23.5868 -11.3646 -23.4364 -25.615 -8.35606 -21.9996 -27.294 -5.56828 -19.8459 -28.5325 -3.09515 -17.0929 -29.2723 -1.00124 -13.8839 -29.4879 0.691372 -10.3415 -29.1757 1.96136 -6.63356 -28.3607 2.82876 -2.88611 -27.079 3.33121 0.796881 -25.3564 3.51856 4.35751 -23.2399 3.44456 7.70343 -20.7658 3.17219 10.7832 -17.9675 2.76692 13.5556 -14.8675 2.29427 15.9924 -11.506 1.82472 18.0543 -7.91942 1.43083 19.7133 -4.15155 1.18992 20.9449 -0.26414 1.18472 21.7283 3.67546 1.50098 22.0527 7.57225 2.22334 21.9159 11.3056 3.42514 21.3299 14.7084 5.14264 20.3354 17.684 7.30376 18.9233 20.1263 9.8043 17.1066 21.9502 12.5275 14.9213 23.0871 15.3235 12.4531 23.5272 18.1049 9.75627 23.2667 20.7658 6.91831 22.3302 23.2128 4.03082 20.7559 25.3809 1.16306 18.621 27.1908 -1.58838 16.0136 28.5978 -4.16231 13.0293 29.5745 -6.51667 9.73868 30.1104 -8.64241 6.25639 30.1962 -10.513 2.66745 29.8406 -12.1339 -0.952078 29.0579 -13.5197 -4.54935 27.86 -14.6968 -8.04885 26.2671 -15.6853 -11.3945 24.2969 -16.5139 -14.5323 21.967 -17.2112 -17.4082 19.2974 -17.8051 -19.9699 16.3109 -18.3229 -22.1652 13.0377 -18.7903 -23.9433 9.51746 -19.2326 -25.2538 5.81067 -19.6736 -26.0586 1.96517 -20.1382 -26.3152 -1.94974 -20.6475 -25.9845 -5.85075 -21.2168 -25.0447 -9.61647 -21.8493 -23.4727 -13.1549 -22.5363 -21.2592 -16.3283 -23.2392 -18.4382 -18.9864 -23.9025 -15.1004 -20.9824 -24.4581 -11.41 -22.2615 -24.8812 -7.53023 -22.8178 -25.149 0.502602 0.487543 0.47336 0.461075 0.451317 0.444576 0.441261 0.44171 0.446151 0.454627 0.466828 0.482017 0.499041 0.516542 0.533373 0.54888 0.562964 0.575859 0.587679 0.597906 0.601193 0.590797 0.568348 0.53611 0.496387 0.451427 0.403396 0.353866 0.303811 0.253891 0.204627 0.156248 0.108897 0.0628561 0.0186133 -0.022926 -0.0599931 -0.089822 -0.108961 -0.114262 -0.104375 -0.0806427 -0.0461524 -0.00559897 0.0506576 0.124066 0.197517 0.265652 0.326265 0.37849 0.422065 0.457122 0.483987 0.502927 0.514313 0.518612 0.516151 0.506964 0.49074 0.466739 0.433717 0.38989 0.332935 0.260349 0.170325 0.062462 -0.0548941 -0.169599 -0.270154 -0.351103 -0.412757 -0.456547 -0.48407 -0.49662 -0.495646 -0.482962 -0.460604 -0.430806 -0.395867 -0.357679 -0.317603 -0.276586 -0.235254 -0.193862 -0.152525 -0.111195 -0.0696923 -0.0276543 0.0154285 0.0600408 0.106079 0.152028 0.194216 0.227895 0.246558 0.254246 0.262456 0.26351 0.25715 0.245696 -0.554901
-1.01336 -22.6488 -28.0102 2.81617 -21.734 -27.728 6.45511 -20.3215 -27.1399 9.83307 -18.4848 -26.2463 12.8986 -16.3044 -25.0503 15.6301 -13.8499 -23.5472 17.9888 -11.2157 -21.7468 19.9625 -8.48302 -19.6538 21.5447 -5.7302 -17.274 22.7329 -3.0317 -14.6143 23.5241 -0.464354 -11.6903 23.9182 1.89904 -8.52379 23.9177 3.98788 -5.14684 23.5308 5.73017 -1.6146 22.7694 7.07138 2.03008 21.6515 7.95321 5.72266 20.2032 8.32016 9.38732 18.4717 8.12259 12.9134 16.4977 7.31921 16.219 14.3468 5.87994 19.1807 12.1058 3.80395 21.6582 9.88882 1.16834 23.5096 7.74519 -1.87339 24.71 5.71161 -5.16813 25.256 3.80506 -8.58078 25.168 2.01655 -12.022 24.4724 0.357794 -15.3656 23.2098 -1.17887 -18.526 21.4279 -2.60486 -21.4303 19.1793 -3.94391 -24.0313 16.5036 -5.20824 -26.2569 13.4762 -6.4241 -28.0622 10.1627 -7.62126 -29.4095 6.63147 -8.83213 -30.2673 2.9474 -10.0822 -30.6053 -0.807295 -11.3932 -30.403 -4.55098 -12.7784 -29.6491 -8.19618 -14.2386 -28.3489 -11.6419 -15.7743 -26.5176 -14.8017 -17.3766 -24.1882 -17.577 -19.033 -21.4117 -19.8668 -20.7156 -18.281 -21.5587 -22.4117 -14.8748 -22.567 -24.0869 -11.3201 -22.7975 -25.6921 -7.77954 -22.1784 -27.0913 -4.43791 -20.7274 -28.1928 -1.39943 -18.5403 -28.9254 1.23675 -15.7576 -29.2443 3.40918 -12.5314 -29.1267 5.10096 -8.98399 -28.5672 6.29489 -5.27979 -27.5791 7.01553 -1.54292 -26.1841 7.30644 2.12162 -24.394 7.22409 5.65282 -22.2441 6.83539 8.95547 -19.7595 6.21694 11.9761 -16.963 5.44789 14.6723 -13.8685 4.60534 17.0145 -10.5094 3.7718 18.9621 -6.91807 3.02898 20.4856 -3.13673 2.46181 21.5587 0.771353 2.16004 22.1599 4.73475 2.21487 22.2792 8.65182 2.71625 21.9177 12.3931 3.74179 21.0949 15.7812 5.33061 19.8645 18.7066 7.39763 18.225 21.0558 9.82515 16.1985 22.7414 12.4833 13.8298 23.7001 15.2108 11.2138 23.9278 17.9103 8.40956 23.4313 20.4685 5.50928 22.2477 22.7877 2.60702 20.4273 24.8005 -0.228 18.0615 26.4301 -2.90227 15.2494 27.6355 -5.36041 12.0945 28.3943 -7.56799 8.67143 28.7005 -9.52332 5.09863 28.5526 -11.2104 1.46084 27.9651 -12.6441 -2.16806 26.9579 -13.8485 -5.73871 25.5462 -14.8578 -9.18029 23.7554 -15.7002 -12.4423 21.6069 -16.41 -15.4773 19.1212 -17.0198 -18.2373 16.321 -17.5599 -20.6754 13.2298 -18.0597 -22.7411 9.87634 -18.5484 -24.3794 6.29777 -19.0572 -25.5283 2.55386 -19.619 -26.1305 -1.30138 -20.2716 -26.1234 -5.18009 -21.0509 -25.4533 -8.96526 -21.9862 -24.0783 -12.4902 -23.0575 -22.0105 -15.6359 -24.1945 -19.3363 -18.2978 -25.3022 -16.1651 -20.3999 -26.296 -12.6231 -21.8938 -27.1062 -8.8349 -22.7607 -27.6826 -4.92594 -23.004 -27.9909 0.247905 0.232906 0.215067 0.196745 0.179926 0.166189 0.15659 0.15167 0.151588 0.156217 0.165083 0.177339 0.191813 0.207191 0.222422 0.236975 0.250891 0.2646 0.278536 0.29264 0.301955 0.29918 0.285707 0.263654 0.235279 0.202741 0.168012 0.132458 0.0968707 0.0617213 0.0273568 -0.00606955 -0.0384588 -0.0696527 -0.0994784 -0.127682 -0.153697 -0.176535 -0.194854 -0.207284 -0.213094 -0.212889 -0.208913 -0.205058 -0.189589 -0.156852 -0.116104 -0.0725694 -0.0292269 0.0121915 0.0504988 0.0848367 0.114581 0.139115 0.157997 0.171038 0.178107 0.178916 0.172953 0.15937 0.136868 0.10364 0.057376 -0.00440025 -0.0835166 -0.181246 -0.289244 -0.395249 -0.487643 -0.561763 -0.617795 -0.656916 -0.680486 -0.689646 -0.685797 -0.67079 -0.646754 -0.616046 -0.581047 -0.543654 -0.505154 -0.466348 -0.42765 -0.389098 -0.350595 -0.311869 -0.272443 -0.231506 -0.187913 -0.140396 -0.0882595 -0.0324839 0.0255101 0.0782443 0.11311 0.137386 0.16633 0.187463 0.196405 0.194913 -0.346222
1.43602 -20.2357 -29.0512 5.05516 -18.6906 -28.741 8.41752 -16.7282 -28.0879 11.4687 -14.4304 -27.0914 14.1722 -11.8824 -25.7568 16.518 -9.1542 -24.084 18.4819 -6.34095 -22.0908 20.0627 -3.52097 -19.7901 21.2636 -0.768755 -17.1963 22.0905 1.84557 -14.3242 22.5494 4.24994 -11.1977 22.6487 6.37688 -7.8459 22.3991 8.16209 -4.30786 21.8177 9.54259 -0.644759 20.9229 10.4724 3.09648 19.7381 10.9052 6.84762 18.2919 10.8003 10.53 16.6307 10.1294 14.0315 14.7903 8.87005 17.2713 12.8269 7.01582 20.1308 10.8116 4.58891 22.4798 8.83627 1.68231 24.1941 6.93911 -1.5638 25.2674 5.14839 -5.01144 25.7101 3.47557 -8.54207 25.5516 1.90899 -12.0831 24.8224 0.454337 -15.5217 23.5633 -0.900222 -18.7837 21.8171 -2.16971 -21.8042 19.6286 -3.37941 -24.5414 17.0283 -4.54305 -26.9242 14.0812 -5.68559 -28.9073 10.8441 -6.83429 -30.451 7.37781 -8.01878 -31.5208 3.74095 -9.26237 -32.0807 0.010701 -10.585 -32.1012 -3.73427 -11.9987 -31.5591 -7.40609 -13.5018 -30.4459 -10.8986 -15.0906 -28.7661 -14.1157 -16.7502 -26.5479 -16.9479 -18.4611 -23.8462 -19.2865 -20.1911 -20.765 -21.0209 -21.9302 -17.3964 -22.0806 -23.6567 -13.8729 -22.3967 -25.3459 -10.3488 -21.9248 -26.8774 -6.9994 -20.6342 -28.1211 -3.94935 -18.5415 -28.9918 -1.30012 -15.8115 -29.4398 0.893897 -12.6153 -29.444 2.62676 -9.08585 -29.001 3.8904 -5.38902 -28.1261 4.7139 -1.64516 -26.8413 5.14024 2.04634 -25.1571 5.22288 5.62921 -23.104 5.02215 9.00934 -20.7026 4.60981 12.1308 -17.9713 4.06252 14.9453 -14.9207 3.45828 17.4151 -11.5832 2.88113 19.4887 -7.99479 2.41539 21.1249 -4.20663 2.14678 22.2865 -0.296013 2.16108 22.9441 3.6489 2.54017 23.0843 7.51123 3.3573 22.7099 11.1531 4.66778 21.8466 14.401 6.48533 20.5562 17.1495 8.72321 18.8369 19.2872 11.2627 16.7157 20.7298 13.9715 14.246 21.4226 16.6863 11.5347 21.3694 19.3097 8.65067 20.5903 21.7308 5.69538 19.137 23.8579 2.76853 17.0715 25.6309 -0.0586217 14.4974 26.9854 -2.69369 11.5203 27.8919 -5.08499 8.24665 28.3386 -7.20317 4.75136 28.3262 -9.05167 1.15242 27.8622 -10.6218 -2.46762 26.9657 -11.9355 -6.03707 25.6585 -13.0237 -9.50743 23.9548 -13.9265 -12.8079 21.8803 -14.6779 -15.8861 19.4557 -15.316 -18.6914 16.7031 -15.8763 -21.173 13.6492 -16.3923 -23.2815 10.3252 -16.8976 -24.966 6.77101 -17.4285 -26.1733 3.03821 -18.0266 -26.8461 -0.795042 -18.7378 -26.9307 -4.65186 -19.615 -26.3722 -8.41348 -20.7058 -25.1234 -11.9308 -22.0175 -23.1492 -15.0346 -23.4077 -20.5248 -17.6216 -24.7802 -17.3839 -19.6152 -26.0548 -13.8656 -20.9764 -27.1648 -10.1076 -21.6957 -28.0559 -6.2312 -21.7883 -28.6876 -2.34966 -21.2859 -29.0274 0.423122 0.419439 0.412709 0.404917 0.397774 0.3927 0.390717 0.39242 0.398007 0.407311 0.419689 0.43401 0.448741 0.462217 0.473111 0.480737 0.485093 0.486616 0.48583 0.483101 0.474598 0.455991 0.428842 0.395097 0.356642 0.315299 0.272807 0.230405 0.188878 0.148786 0.110573 0.0744107 0.0403464 0.00842605 -0.0213216 -0.048797 -0.0735654 -0.0947327 -0.111011 -0.121123 -0.124543 -0.122148 -0.116242 -0.110214 -0.0922904 -0.054698 -0.0084787 0.0398629 0.0867508 0.130333 0.169557 0.203775 0.232523 0.255236 0.271428 0.280771 0.282922 0.277359 0.263374 0.240036 0.206173 0.160386 0.101082 0.0268249 -0.0628333 -0.169544 -0.283876 -0.39268 -0.484103 -0.554998 -0.606277 -0.639572 -0.656586 -0.658774 -0.647878 -0.626074 -0.595782 -0.559643 -0.520235 -0.479486 -0.438555 -0.398003 -0.357955 -0.3182 -0.278529 -0.238709 -0.19837 -0.156697 -0.112236 -0.0630128 -0.00734461 0.0569995 0.135499 0.204785 0.248045 0.278342 0.317892 0.350472 0.370421 0.379959 -0.325172
4.17632 -19.3167 -30.2877 7.58398 -17.4 -29.7437 10.6659 -15.1114 -28.8234 13.3735 -12.5433 -27.5365 15.6786 -9.7886 -25.8991 17.5787 -6.92153 -23.9208 19.0627 -4.04054 -21.6314 20.1407 -1.22388 -19.0529 20.8272 1.45553 -16.2079 21.139 3.93019 -13.1182 21.0937 6.13189 -9.81405 20.7117 7.99816 -6.32992 20.0163 9.47119 -2.70865 19.0386 10.4973 0.986379 17.808 11.039 4.70854 16.3601 11.061 8.39165 14.7339 10.5348 11.9611 12.9837 9.44831 15.3116 11.1473 7.79094 18.3695 9.27833 5.57136 21.0247 7.43791 2.82622 23.157 5.70368 -0.350244 24.6374 4.11207 -3.82749 25.4521 2.68112 -7.46205 25.6288 1.40823 -11.1356 25.2123 0.269389 -14.7809 24.2427 -0.74829 -18.2906 22.7692 -1.67037 -21.5974 20.8355 -2.52281 -24.6412 18.4831 -3.33655 -27.3825 15.7372 -4.13339 -29.7505 12.6591 -4.94162 -31.6999 9.30296 -5.7904 -33.191 5.72888 -6.71005 -34.1904 1.99661 -7.72519 -34.6641 -1.81388 -8.85633 -34.5854 -5.62031 -10.1157 -33.934 -9.33031 -11.5018 -32.7047 -12.8323 -13.0088 -30.9058 -16.0242 -14.619 -28.5718 -18.7911 -16.309 -25.7672 -21.0213 -18.042 -22.609 -22.608 -19.8045 -19.2017 -23.4903 -21.574 -15.6877 -23.6167 -23.3282 -12.2244 -22.9651 -24.9376 -8.9773 -21.5176 -26.2109 -6.04403 -19.2807 -27.0633 -3.53188 -16.4185 -27.4641 -1.4962 -13.1132 -27.4087 0.0623185 -9.50381 -26.9074 1.14859 -5.75839 -25.9835 1.80549 -1.99342 -24.662 2.08898 1.69888 -22.9525 2.06266 5.27062 -20.8824 1.79664 8.63575 -18.4674 1.36998 11.7448 -15.7224 0.866829 14.5542 -12.6568 0.374437 17.0302 -9.30612 -0.0127539 19.1266 -5.7144 -0.199968 20.8104 -1.94531 -0.0937557 22.0571 1.90898 0.392206 22.8532 5.74561 1.33203 23.2033 9.43673 2.77951 23.1273 12.8537 4.72064 22.5963 15.848 7.06881 21.5775 18.3188 9.73641 20.0618 20.1582 12.6009 18.0795 21.2882 15.5273 15.6969 21.6681 18.3523 13.0366 21.3132 20.9856 10.1831 20.2595 23.3247 7.247 18.5728 25.2892 4.33183 16.3241 26.8305 1.5086 13.6247 27.8991 -1.13253 10.5819 28.4804 -3.54215 7.30014 28.5777 -5.69243 3.85038 28.2033 -7.588 0.344294 27.3811 -9.22027 -3.14324 26.1416 -10.6112 -6.54848 24.5155 -11.7921 -9.82962 22.5225 -12.8035 -12.9229 20.1934 -13.6799 -15.7809 17.5507 -14.4603 -18.356 14.6166 -15.182 -20.5987 11.4178 -15.8809 -22.4599 7.98579 -16.5931 -23.8892 4.3629 -17.3568 -24.8372 0.605652 -18.2133 -25.2565 -3.2016 -19.2039 -25.1093 -6.97777 -20.3745 -24.3642 -10.6071 -21.7619 -22.938 -13.9484 -23.328 -20.7592 -16.8141 -24.9103 -17.9372 -19.1036 -26.4132 -14.6274 -20.7476 -27.7571 -10.9856 -21.7194 -28.8782 -7.16165 -22.0244 -29.7257 -3.28392 -21.6922 -30.2615 0.529797 -20.7691 -30.4557 0.472489 0.470325 0.464627 0.457625 0.451342 0.447532 0.447501 0.452048 0.461455 0.475521 0.49342 0.513694 0.534366 0.553289 0.568723 0.57964 0.585682 0.586801 0.582847 0.573481 0.554537 0.523497 0.482345 0.433536 0.379376 0.322081 0.263783 0.206006 0.14975 0.0957889 0.0447531 -0.00311997 -0.0478045 -0.0893136 -0.127689 -0.162863 -0.194319 -0.220964 -0.241254 -0.253729 -0.257914 -0.255007 -0.247701 -0.239556 -0.215826 -0.16826 -0.114258 -0.0603828 -0.00935097 0.0375087 0.0794348 0.115912 0.146478 0.170447 0.187115 0.195867 0.196014 0.186655 0.166685 0.134741 0.0891612 0.0279813 -0.0510527 -0.154141 -0.281258 -0.423802 -0.568767 -0.700215 -0.805597 -0.88391 -0.937887 -0.970394 -0.983943 -0.980522 -0.962323 -0.931928 -0.892156 -0.84612 -0.7969 -0.746807 -0.697233 -0.64884 -0.601726 -0.555537 -0.509839 -0.464101 -0.41762 -0.369263 -0.317363 -0.259949 -0.195638 -0.115539 -0.0161697 0.0692256 0.123552 0.162126 0.210118 0.249328 0.273887 0.286638 -0.465641
7.60266 -15.5622 -31.5709 10.7593 -13.3229 -30.7941 13.5306 -10.7688 -29.6198 15.8798 -8.00063 -28.0702 17.7923 -5.11541 -26.1727 19.2775 -2.18759 -23.9442 20.3398 0.685869 -21.4225 21.0016 3.43093 -18.635 21.2887 5.98001 -15.6077 21.2279 8.27169 -12.3654 20.8465 10.2449 -8.94083 20.1731 11.8449 -5.36948 19.2383 13.0227 -1.69442 18.0792 13.735 2.02192 16.728 13.9528 5.73526 15.2215 13.6497 9.38232 13.5988 12.8057 12.8918 11.9118 11.4175 16.1625 10.1952 9.47848 19.1227 8.49851 7.00279 21.6648 6.87738 4.03286 23.67 5.40067 0.670491 25.0127 4.0929 -2.95224 25.6864 2.96076 -6.69467 25.723 1.99324 -10.4427 25.171 1.16287 -14.1341 24.0714 0.450355 -17.6655 22.4757 -0.172863 -20.9736 20.4279 -0.735294 -24.0012 17.97 -1.26866 -26.7117 15.1264 -1.79916 -29.0371 11.9596 -2.35773 -30.9348 8.52398 -2.97604 -32.369 4.87999 -3.6865 -33.3105 1.08747 -4.51651 -33.7311 -2.77373 -5.489 -33.6109 -6.62269 -6.61892 -32.9368 -10.3701 -7.90814 -31.7097 -13.9097 -9.35447 -29.9411 -17.1463 -10.9444 -27.6635 -19.9713 -12.6575 -24.9345 -22.2763 -14.4572 -21.8601 -23.9509 -16.3262 -18.5355 -24.9252 -18.2328 -15.098 -25.1339 -20.1398 -11.7056 -24.5416 -21.9519 -8.53792 -23.159 -23.5078 -5.66828 -21.0204 -24.6923 -3.18794 -18.2502 -25.4491 -1.14877 -15.01 -25.7524 0.443512 -11.4277 -25.5923 1.58467 -7.66852 -24.9826 2.30892 -3.85228 -23.9454 2.66624 -0.0765503 -22.4934 2.71751 3.60711 -20.6549 2.53061 7.10934 -18.4488 2.18327 10.3792 -15.8913 1.75781 13.3725 -12.9928 1.33903 16.0548 -9.78781 1.01769 18.3778 -6.31888 0.884766 20.3064 -2.64752 1.03005 21.8135 1.13753 1.53698 22.8821 4.93781 2.47829 23.5125 8.63082 3.90839 23.7173 12.0932 5.82539 23.4667 15.1809 8.15138 22.7093 17.7916 10.8048 21.4203 19.8092 13.6658 19.6142 21.1425 16.5982 17.3467 21.7342 19.4339 14.737 21.5882 22.0771 11.8743 20.7306 24.4195 8.87769 19.2209 26.3765 5.86208 17.1288 27.8965 2.9099 14.5647 28.9293 0.123688 11.6387 29.4616 -2.43725 8.45921 29.4992 -4.73775 5.10171 29.0572 -6.77882 1.68085 28.1634 -8.54853 -1.72531 26.8516 -10.0689 -5.05053 25.1557 -11.373 -8.25073 23.0973 -12.5056 -11.2611 20.71 -13.5054 -14.0335 18.0186 -14.4171 -16.52 15.0476 -15.284 -18.6705 11.8255 -16.1462 -20.4343 8.38495 -17.0419 -21.7568 4.76964 -18.0072 -22.5813 1.038 -19.0769 -22.8502 -2.72132 -20.28 -22.5137 -6.41857 -21.6469 -21.531 -9.92456 -23.1942 -19.8339 -13.082 -24.868 -17.4153 -15.6901 -26.545 -14.4052 -17.665 -28.127 -10.9606 -18.9515 -29.521 -7.2395 -19.5358 -30.6505 -3.39549 -19.4366 -31.4552 0.43805 -18.6974 -31.8931 4.13896 -17.3799 -31.936 0.587917 0.587643 0.58323 0.577343 0.572383 0.570378 0.572768 0.580366 0.59335 0.611298 0.633047 0.656714 0.679888 0.700084 0.715379 0.724677 0.727556 0.723774 0.712816 0.69396 0.662864 0.618545 0.563919 0.501942 0.435115 0.365744 0.296022 0.227468 0.161057 0.0975712 0.0376891 -0.0183308 -0.0704435 -0.118625 -0.162871 -0.203047 -0.23853 -0.268092 -0.29002 -0.302634 -0.305208 -0.298697 -0.285683 -0.269936 -0.237936 -0.180072 -0.113408 -0.0466785 0.0165638 0.0744873 0.125998 0.17042 0.207263 0.235883 0.255688 0.266204 0.266864 0.256864 0.235199 0.200638 0.151674 0.0864836 0.00286967 -0.104649 -0.237173 -0.386097 -0.537993 -0.676164 -0.787165 -0.868645 -0.923407 -0.954657 -0.965278 -0.957622 -0.934219 -0.897961 -0.851938 -0.799564 -0.744231 -0.688483 -0.633863 -0.581097 -0.530248 -0.480769 -0.431882 -0.382524 -0.331324 -0.276458 -0.215714 -0.146907 -0.0689494 0.0251815 0.130607 0.22081 0.280201 0.325383 0.382911 0.430761 0.461761 0.479004 -0.385733
11.2396 -13.7439 -31.6991 14.0088 -11.0906 -30.7645 16.356 -8.21088 -29.43 18.2659 -5.20599 -27.7255 19.7418 -2.16707 -25.6836 20.8052 0.840698 -23.3242 21.474 3.73006 -20.6882 21.7795 6.43798 -17.8042 21.7553 8.90772 -14.6986 21.4343 11.0882 -11.3956 20.8493 12.9284 -7.92595 20.0324 14.3824 -4.32226 19.016 15.4087 -0.623513 17.8369 15.9699 3.11239 16.5253 16.0404 6.84562 15.1149 15.5954 10.5165 13.6399 14.6156 14.0557 12.1448 13.0986 17.3623 10.6572 11.0367 20.3632 9.21683 8.44482 22.9473 7.86699 5.36718 24.9907 6.66042 1.90944 26.3608 5.6149 -1.79185 27.0648 4.73616 -5.60138 27.1293 4.01465 -9.40739 26.5978 3.42674 -13.1481 25.5088 2.95249 -16.7195 23.9133 2.56304 -20.0584 21.8578 2.228 -23.1101 19.3881 1.91413 -25.8422 16.5326 1.59057 -28.1925 13.3563 1.22353 -30.1254 9.91452 0.778915 -31.6115 6.26604 0.222224 -32.6284 2.46729 -0.477549 -33.1534 -1.4069 -1.3488 -33.1717 -5.28184 -2.4152 -32.6736 -9.07515 -3.69062 -31.6604 -12.6866 -5.1864 -30.1404 -16.0255 -6.90088 -28.1378 -18.9828 -8.81852 -25.6966 -21.4442 -10.8931 -22.9047 -23.2873 -13.0857 -19.8422 -24.4311 -15.3283 -16.6286 -24.8035 -17.5401 -13.401 -24.3716 -19.6159 -10.3251 -23.1638 -21.4667 -7.48198 -21.235 -22.9997 -4.96042 -18.6814 -24.1452 -2.8198 -15.626 -24.8628 -1.07615 -12.1757 -25.1206 0.254957 -8.48504 -24.9161 1.19947 -4.67374 -24.2592 1.80051 -0.844031 -23.1573 2.11392 2.94649 -21.6332 2.19756 6.60032 -19.7058 2.11911 10.0585 -17.3929 1.94926 13.2682 -14.7058 1.76057 16.1864 -11.677 1.62952 18.7517 -8.34549 1.63368 20.913 -4.76827 1.8506 22.6241 -1.02974 2.35351 23.8472 2.77562 3.20829 24.5642 6.53037 4.46669 24.7733 10.105 6.16047 24.4932 13.3504 8.24889 23.7034 16.1601 10.6646 22.3661 18.4054 13.2979 20.4841 19.9772 16.0163 18.1055 20.7969 18.6516 15.3514 20.856 21.1009 12.3183 20.1713 23.2521 9.13927 18.7992 25.0187 5.9457 16.8114 26.3496 2.83438 14.3224 27.1991 -0.078904 11.4485 27.5574 -2.72751 8.30488 27.4331 -5.07385 4.97405 26.8412 -7.12062 1.57664 25.8101 -8.86057 -1.80359 24.3716 -10.3231 -5.09524 22.5568 -11.5502 -8.24908 20.384 -12.5956 -11.1949 17.8844 -13.5093 -13.8779 15.0808 -14.3477 -16.2412 11.9979 -15.1669 -18.2235 8.66719 -16.0198 -19.7603 5.12981 -16.9553 -20.7834 1.44435 -18.0146 -21.2257 -2.30841 -19.2271 -21.0292 -6.01294 -20.6018 -20.1533 -9.55363 -22.134 -18.5814 -12.7848 -23.7893 -16.3335 -15.5517 -25.5047 -13.5092 -17.7093 -27.1875 -10.2204 -19.185 -28.759 -6.61057 -19.93 -30.1293 -2.83143 -19.9389 -31.2163 0.964991 -19.247 -31.9527 4.64763 -17.9216 -32.2925 8.10227 -16.0527 -32.2101 0.488571 0.495776 0.498746 0.500148 0.502364 0.507371 0.51656 0.53069 0.549839 0.573418 0.600019 0.627487 0.653155 0.674348 0.689 0.695835 0.694139 0.683227 0.662076 0.629686 0.582337 0.523013 0.45473 0.380267 0.301847 0.22165 0.141908 0.0642253 -0.0103506 -0.0809772 -0.146953 -0.208049 -0.264247 -0.315509 -0.36176 -0.402718 -0.437486 -0.464413 -0.481186 -0.485457 -0.476024 -0.453872 -0.422362 -0.386997 -0.337511 -0.267856 -0.191755 -0.115705 -0.0434187 0.0228879 0.0816702 0.131864 0.172689 0.203356 0.223347 0.232424 0.230302 0.216452 0.190171 0.150641 0.0970302 0.0285531 -0.055571 -0.155761 -0.275071 -0.409781 -0.547647 -0.672823 -0.771816 -0.841382 -0.884017 -0.90298 -0.901378 -0.881923 -0.847563 -0.80157 -0.747344 -0.688576 -0.628792 -0.570485 -0.515026 -0.462927 -0.413981 -0.367302 -0.321607 -0.275087 -0.225326 -0.169208 -0.103193 -0.0241795 0.0688299 0.172512 0.275005 0.360784 0.415966 0.460621 0.524829 0.581535 0.621088 0.64637 -0.111338
13.8296 -11.1258 -34.0834 16.1881 -8.28923 -32.6787 18.0781 -5.33308 -30.8698 19.4998 -2.35119 -28.7088 20.4726 0.576553 -26.2462 21.0305 3.39789 -23.5125 21.2072 6.04181 -20.5591 21.0457 8.4615 -17.4186 20.5891 10.6159 -14.1178 19.8778 12.4682 -10.6783 18.9512 13.9805 -7.12563 17.8462 15.1188 -3.48537 16.5984 15.8516 0.21236 15.2467 16.1507 3.91988 13.8204 15.9954 7.6082 12.352 15.3641 11.2287 10.8744 14.2367 14.7226 9.43076 12.6064 17.998 8.04917 10.4562 20.9876 6.77168 7.79012 23.5818 5.64552 4.64198 25.6532 4.72578 1.11145 27.0598 4.01651 -2.66335 27.792 3.50378 -6.5387 27.8795 3.1612 -10.4002 27.3695 2.95506 -14.1877 26.3032 2.85312 -17.7994 24.7313 2.82009 -21.1746 22.6986 2.82127 -24.2595 20.2476 2.82209 -27.0216 17.4036 2.78705 -29.3972 14.2299 2.68038 -31.3495 10.7811 2.46667 -32.8488 7.11721 2.11125 -33.8729 3.29632 1.58332 -34.4005 -0.604661 0.856511 -34.4182 -4.50928 -0.0892074 -33.9185 -8.33426 -1.26264 -32.905 -11.9801 -2.6682 -31.3883 -15.3593 -4.29735 -29.3942 -18.3702 -6.12906 -26.9661 -20.9088 -8.11547 -24.1866 -22.8644 -10.2195 -21.1251 -24.1663 -12.3787 -17.8849 -24.7444 -14.5181 -14.5859 -24.5555 -16.5365 -11.3845 -23.6036 -18.3678 -8.37621 -21.9227 -19.9318 -5.67117 -19.5848 -21.1609 -3.35384 -16.6953 -22.0098 -1.46232 -13.3545 -22.4377 -0.0294005 -9.71812 -22.433 0.965688 -5.91422 -21.9976 1.57068 -2.05366 -21.1331 1.8521 1.8004 -19.8521 1.88152 5.5472 -18.1642 1.74007 9.12647 -16.0783 1.50994 12.4846 -13.5986 1.27299 15.5775 -10.7522 1.11373 18.3423 -7.57696 1.1166 20.7274 -4.13214 1.36527 22.6877 -0.506072 1.93845 24.1872 3.20097 2.90684 25.2097 6.86395 4.32582 25.7524 10.3549 6.20664 25.7867 13.5304 8.47056 25.2314 16.2775 11.0307 24.0407 18.4595 13.7569 22.2175 19.9604 16.4994 19.8208 20.699 19.0795 16.9925 20.667 21.3903 13.8522 19.8861 23.3218 10.5564 18.4214 24.795 7.25696 16.3546 25.768 4.06564 13.812 26.2119 1.10891 10.9198 26.1342 -1.54292 7.80013 25.5615 -3.85432 4.53911 24.5223 -5.83421 1.25635 23.0636 -7.48605 -1.96876 21.229 -8.85234 -5.0714 19.0579 -9.99003 -8.00884 16.5734 -10.9697 -10.7189 13.8126 -11.8608 -13.1525 10.802 -12.7413 -15.256 7.57129 -13.6891 -16.9683 4.16046 -14.7776 -18.2216 0.623482 -16.0694 -18.944 -2.96306 -17.6076 -19.0673 -6.49806 -19.4069 -18.5409 -9.85041 -21.4408 -17.3405 -12.8992 -23.6578 -15.476 -15.5135 -25.9687 -12.9982 -17.5772 -28.2606 -10.0166 -18.994 -30.3975 -6.63935 -19.7242 -32.2749 -3.01025 -19.7513 -33.789 0.71658 -19.0966 -34.8593 4.38611 -17.8165 -35.4334 7.86528 -15.9927 -35.4895 11.041 -13.7258 -35.0312 0.662757 0.66791 0.666238 0.661319 0.656453 0.654513 0.657621 0.666999 0.682916 0.70474 0.730812 0.758606 0.785084 0.807298 0.823064 0.831047 0.830357 0.819818 0.797466 0.760897 0.705142 0.632861 0.549051 0.457943 0.362669 0.265989 0.170539 0.078141 -0.0100227 -0.0929612 -0.169841 -0.240408 -0.3047 -0.362785 -0.414735 -0.460439 -0.499183 -0.529538 -0.54951 -0.557153 -0.551648 -0.534158 -0.507874 -0.477813 -0.436067 -0.376696 -0.308767 -0.237237 -0.165588 -0.0965012 -0.0323482 0.024889 0.073569 0.112098 0.139281 0.154378 0.156764 0.14568 0.120281 0.0796376 0.0227229 -0.051654 -0.145004 -0.261013 -0.401864 -0.557015 -0.711022 -0.845834 -0.947567 -1.01442 -1.0503 -1.05944 -1.04565 -1.01229 -0.963023 -0.901895 -0.833151 -0.761442 -0.691179 -0.625439 -0.565889 -0.513082 -0.466533 -0.424689 -0.385096 -0.344124 -0.296848 -0.237083 -0.158105 -0.0544067 0.0754498 0.225284 0.379163 0.515652 0.614603 0.697986 0.796715 0.876651 0.929468 0.961105 0.0307226
16.9623 -8.61765 -34.7057 18.8039 -5.56587 -33.0096 20.1671 -2.50098 -30.9285 21.0703 0.494435 -28.5214 21.5469 3.35437 -25.8425 21.6383 6.0406 -22.9236 21.3878 8.49712 -19.8176 20.8422 10.691 -16.5568 20.0464 12.5938 -13.1669 19.0417 14.1797 -9.66794 17.8679 15.4216 -6.08369 16.5613 16.2945 -2.43689 15.1567 16.7755 1.24586 13.6917 16.8448 4.9216 12.193 16.4865 8.56687 10.6914 15.6829 12.1392 9.21809 14.4152 15.5866 7.8153 12.676 18.8235 6.51121 10.444 21.7879 5.34882 7.71844 24.3744 4.376 4.528 26.4587 3.64552 0.967566 27.9005 3.15367 -2.83086 28.6868 2.87737 -6.72801 28.8441 2.78295 -10.6135 28.4166 2.8334 -14.4312 27.4432 2.99103 -18.0826 25.9708 3.21831 -21.5096 24.0398 3.47897 -24.66 21.688 3.73868 -27.5023 18.9364 3.9588 -29.9721 15.843 4.10174 -32.0314 12.4584 4.12994 -33.6495 8.83916 4.00667 -34.8028 5.04062 3.69773 -35.4684 1.13725 3.17338 -35.6311 -2.79635 2.40969 -35.2813 -6.67823 1.3931 -34.4198 -10.4092 0.114931 -33.0548 -13.9019 -1.42111 -31.2087 -17.0528 -3.1986 -28.9216 -19.7556 -5.1734 -26.2716 -21.8941 -7.31031 -23.3253 -23.3933 -9.54749 -20.1826 -24.1768 -11.8081 -16.9601 -24.1946 -13.9857 -13.8103 -23.4416 -16.0091 -10.827 -21.9469 -17.7911 -8.11771 -19.7758 -19.2562 -5.76558 -17.0279 -20.3534 -3.80804 -13.7993 -21.033 -2.27953 -10.2411 -21.2775 -1.16215 -6.47922 -21.0846 -0.411969 -2.62441 -20.4544 0.0346655 1.25935 -19.3956 0.244288 5.06925 -17.9163 0.294279 8.74203 -16.0243 0.263433 12.2205 -13.7236 0.230913 15.4574 -11.0407 0.277216 18.3851 -8.01396 0.482967 20.9477 -4.70335 0.927583 23.0957 -1.19751 1.68479 24.7872 2.40337 2.82052 25.9994 5.97547 4.38477 26.7195 9.39956 6.37726 26.8958 12.5383 8.71286 26.4365 15.2798 11.2981 25.2881 17.4847 13.995 23.4486 19.031 16.6467 20.9798 19.8302 19.0729 18.0342 19.869 21.1674 14.7457 19.1664 22.826 11.2878 17.7871 23.9804 7.82838 15.8152 24.5992 4.49198 13.3793 24.6705 1.41539 10.6085 24.2165 -1.32675 7.62701 23.2764 -3.6995 4.52318 21.8867 -5.71672 1.4154 20.1044 -7.38943 -1.61795 17.9769 -8.77025 -4.51311 15.5451 -9.92709 -7.22677 12.8307 -10.9417 -9.69642 9.87178 -11.8936 -11.87 6.69629 -12.8697 -13.6896 3.33862 -13.9542 -15.0886 -0.151684 -15.2233 -15.9957 -3.70615 -16.7375 -16.3386 -7.22968 -18.5315 -16.0555 -10.6017 -20.6048 -15.112 -13.6761 -22.909 -13.5046 -16.3243 -25.3696 -11.271 -18.4195 -27.8741 -8.49085 -19.8623 -30.2907 -5.30039 -20.5886 -32.4718 -1.82432 -20.589 -34.3104 1.78354 -19.8842 -35.7069 5.36831 -18.5312 -36.5913 8.78326 -16.6181 -36.9262 11.9104 -14.2503 -36.7064 14.657 -11.5443 -35.9527 0.709391 0.718638 0.72015 0.717692 0.714778 0.714484 0.71909 0.729906 0.747208 0.7703 0.797408 0.825887 0.852655 0.874828 0.890388 0.898176 0.897333 0.886445 0.862967 0.823615 0.762699 0.683173 0.590668 0.490004 0.384688 0.277724 0.171939 0.0692936 -0.0288965 -0.121468 -0.207406 -0.286349 -0.358283 -0.423264 -0.48138 -0.532561 -0.576103 -0.61054 -0.633742 -0.64351 -0.638695 -0.620137 -0.590773 -0.555528 -0.507672 -0.441282 -0.365928 -0.287176 -0.208948 -0.134207 -0.0654969 -0.00488293 0.0459418 0.0853317 0.112066 0.125393 0.124675 0.109168 0.0780824 0.0305844 -0.0342399 -0.117485 -0.220595 -0.347689 -0.498608 -0.661031 -0.818022 -0.951022 -1.04664 -1.10401 -1.12778 -1.12271 -1.09309 -1.04283 -0.976267 -0.898232 -0.813755 -0.728349 -0.647114 -0.573402 -0.508783 -0.453433 -0.406288 -0.365088 -0.326606 -0.286328 -0.238283 -0.174997 -0.0882296 0.0290249 0.179046 0.354728 0.536571 0.698147 0.815359 0.914465 1.03086 1.12426 1.1864 1.22485 0.253082
16.1731 -8.07626 -35.5687 17.7247 -4.92246 -33.7721 18.779 -1.81627 -31.5759 19.3611 1.16197 -29.0513 19.5111 3.95198 -26.2627 19.2754 6.52293 -23.2496 18.7045 8.82894 -20.0714 17.8503 10.8478 -16.7641 16.7617 12.5619 -13.355 15.4834 13.9563 -9.86369 14.0581 15.014 -6.31168 12.5241 15.7191 -2.71754 10.9168 16.0557 0.89777 9.27448 16.009 4.49818 7.62271 15.5649 8.06705 5.99198 14.7062 11.5693 4.4146 13.4128 14.9607 2.9363 11.6751 18.1646 1.59056 9.46748 21.1286 0.429739 6.78249 23.7579 -0.485421 3.63853 25.9368 -1.08724 0.117552 27.5273 -1.39857 -3.65316 28.5137 -1.46028 -7.54274 28.909 -1.31854 -11.4467 28.7421 -1.01634 -15.312 28.0399 -0.598061 -19.0401 26.8352 -0.104388 -22.5719 25.1596 0.425944 -25.8531 23.0438 0.957877 -28.8507 20.5044 1.44853 -31.4958 17.5923 1.85766 -33.7451 14.3535 2.14518 -35.5606 10.8408 2.27262 -36.9109 7.10781 2.20385 -37.7633 3.22924 1.90842 -38.0939 -0.717663 1.36277 -37.8853 -4.64618 0.554257 -37.1313 -8.45064 -0.522784 -35.8361 -12.0364 -1.86124 -34.0195 -15.2929 -3.44065 -31.7209 -18.1066 -5.21409 -29.0201 -20.3551 -7.14172 -25.9866 -21.9605 -9.15986 -22.7245 -22.8444 -11.1923 -19.3552 -22.957 -13.1382 -16.0381 -22.294 -14.931 -12.8703 -20.8869 -16.4925 -9.96399 -18.8026 -17.7565 -7.40588 -16.1403 -18.6797 -5.23506 -12.9947 -19.2195 -3.49043 -9.51267 -19.36 -2.15687 -5.81649 -19.0964 -1.1929 -2.01377 -18.4234 -0.535054 1.83261 -17.3455 -0.118422 5.62007 -15.869 0.13669 9.28545 -14.0048 0.314198 12.7746 -11.7648 0.501562 16.0486 -9.18501 0.788079 19.0542 -6.31142 1.26412 21.7535 -3.2072 2.0178 24.113 0.0404897 3.12857 26.099 3.34362 4.65737 27.6731 6.65792 6.58066 28.6938 9.89765 8.84219 29.0328 12.9192 11.3326 28.6018 15.5979 13.9439 27.3672 17.783 16.5332 25.3577 19.3441 18.9523 22.669 20.185 21.0429 19.4872 20.2866 22.7198 15.9687 19.6627 23.9025 12.3061 18.3745 24.5463 8.68278 16.5054 24.6401 5.2331 14.183 24.1994 2.09997 11.5356 23.269 -0.643846 8.68446 21.9064 -2.97132 5.71338 20.1578 -4.90758 2.73246 18.0886 -6.47783 -0.187798 15.7451 -7.74839 -2.99081 13.1621 -8.7996 -5.63882 10.3522 -9.72347 -8.07367 7.34421 -10.6092 -10.2453 4.15702 -11.551 -12.0955 0.817406 -12.6394 -13.5558 -2.63032 -13.955 -14.5509 -6.1203 -15.5611 -15.0033 -9.55761 -17.4928 -14.845 -12.8199 -19.7469 -14.0346 -15.7588 -22.2685 -12.5636 -18.2419 -24.9743 -10.4655 -20.1404 -27.7393 -7.81863 -21.3543 -30.4173 -4.75992 -21.8235 -32.8437 -1.41884 -21.5437 -34.8986 2.04493 -20.5449 -36.4697 5.46988 -18.8966 -37.478 8.70323 -16.702 -37.8815 11.6223 -14.0808 -37.6763 14.1322 -11.1629 -36.8886 0.831539 0.850464 0.858826 0.860736 0.860196 0.860858 0.86559 0.876212 0.89339 0.916703 0.94454 0.974335 1.00303 1.02777 1.04656 1.05832 1.06226 1.05693 1.03948 1.00563 0.948168 0.867459 0.769946 0.661453 0.546178 0.427735 0.309597 0.194296 0.0835751 -0.0210762 -0.118424 -0.208035 -0.289897 -0.364121 -0.430906 -0.490367 -0.542014 -0.584599 -0.616179 -0.634689 -0.639087 -0.630373 -0.611701 -0.588117 -0.554816 -0.505539 -0.446731 -0.383237 -0.318636 -0.255681 -0.196796 -0.144109 -0.0995859 -0.0652788 -0.0428726 -0.0335125 -0.038096 -0.0575759 -0.0931453 -0.146522 -0.220129 -0.317815 -0.448165 -0.606266 -0.780196 -0.953383 -1.10829 -1.22917 -1.30653 -1.34264 -1.34325 -1.31363 -1.25843 -1.18221 -1.0904 -0.989172 -0.884919 -0.784388 -0.693285 -0.614742 -0.549542 -0.496813 -0.454372 -0.418932 -0.386376 -0.351443 -0.307497 -0.246385 -0.15898 -0.0369854 0.123648 0.317412 0.524557 0.715639 0.862188 0.991223 1.13951 1.25989 1.34306 1.39794 0.316832
15.9087 -4.71258 -37.3623 16.9853 -1.47665 -35.3745 17.5959 1.60143 -32.9796 17.773 4.45619 -30.259 17.5604 7.04368 -27.2854 17.0033 9.3478 -24.1034 16.1526 11.3389 -20.7783 15.0576 13.0089 -17.3496 13.7642 14.3529 -13.8474 12.3141 15.3672 -10.2926 10.7477 16.0454 -6.7075 9.10104 16.3808 -3.10966 7.4084 16.3648 0.482267 5.70804 15.9894 4.03616 4.0268 15.2435 7.54035 2.39928 14.1125 10.9659 0.864742 12.5791 14.2759 -0.522183 10.6375 17.4027 -1.71685 8.26426 20.3028 -2.65608 5.45632 22.8918 -3.27118 2.23623 25.0649 -3.49764 -1.31022 26.696 -3.38579 -5.06671 27.7752 -2.99131 -8.92118 28.3009 -2.37296 -12.782 28.2848 -1.58137 -16.603 27.7385 -0.675663 -20.2891 26.6814 0.29279 -23.7822 25.1369 1.27536 -27.0287 23.1322 2.23083 -29.9962 20.683 3.10622 -32.617 17.84 3.85566 -34.8486 14.6502 4.43489 -36.653 11.1679 4.80281 -37.9983 7.44915 4.92065 -38.8511 3.57183 4.7571 -39.1864 -0.382341 4.28918 -38.9861 -4.32131 3.50693 -38.2442 -8.13361 2.41008 -36.9649 -11.7191 1.01343 -35.1686 -14.9624 -0.652736 -32.8956 -17.7468 -2.53003 -30.2269 -19.9488 -4.56925 -27.2341 -21.4914 -6.69946 -24.024 -22.2993 -8.84144 -20.7215 -22.3272 -10.8958 -17.4895 -21.5767 -12.8049 -14.4312 -20.083 -14.477 -11.6416 -17.9263 -15.834 -9.18427 -15.2152 -16.8279 -7.07927 -12.0465 -17.4153 -5.35155 -8.56374 -17.5832 -3.98064 -4.88239 -17.3322 -2.92613 -1.1029 -16.6651 -2.12842 2.71796 -15.5969 -1.52961 6.48368 -14.1468 -1.05591 10.1379 -12.3398 -0.627526 13.6353 -10.2011 -0.157889 16.9484 -7.77643 0.442232 20.0359 -5.11756 1.26585 22.8683 -2.28965 2.40482 25.4134 0.644894 3.92211 27.607 3.68345 5.80953 29.3188 6.7813 8.03105 30.4113 9.85093 10.5172 30.7604 12.7467 13.1449 30.2837 15.3395 15.7967 28.9558 17.4753 18.3217 26.8155 19.0201 20.5679 23.972 19.8751 22.3837 20.6293 20.0195 23.6928 16.9594 19.4674 24.4329 13.1713 18.2809 24.5836 9.46024 16.5447 24.1576 5.9664 14.3845 23.2006 2.83245 11.925 21.7793 0.124312 9.28247 19.9669 -2.14182 6.53644 17.8155 -4.00319 3.78948 15.3967 -5.4987 1.10666 12.7554 -6.70709 -1.46016 9.92334 -7.71956 -3.87642 6.90995 -8.63727 -6.08876 3.74439 -9.55691 -8.05105 0.447785 -10.5781 -9.70934 -2.94768 -11.7954 -10.9995 -6.38946 -13.2921 -11.8494 -9.80094 -15.1331 -12.183 -13.0736 -17.3534 -11.9303 -16.0678 -19.9456 -11.0467 -18.6151 -22.8409 -9.53952 -20.5783 -25.9272 -7.46876 -21.8497 -29.0492 -4.92924 -22.3608 -32.0393 -2.06262 -22.0924 -34.7178 1.00392 -21.0718 -36.958 4.11942 -19.3635 -38.6429 7.13488 -17.0681 -39.6927 9.91294 -14.3159 -40.0689 12.3471 -11.2463 -39.776 14.3601 -8.00141 -38.8523 0.954413 0.989169 1.00919 1.0189 1.02267 1.02467 1.02834 1.03611 1.04914 1.0675 1.08999 1.11443 1.13819 1.15873 1.17434 1.18404 1.18693 1.18103 1.16243 1.1252 1.06046 0.968218 0.855634 0.728664 0.59191 0.449971 0.307847 0.169553 0.0379238 -0.0849067 -0.197478 -0.29948 -0.391145 -0.47282 -0.544903 -0.607648 -0.660638 -0.702675 -0.731894 -0.746414 -0.745521 -0.730635 -0.705305 -0.674883 -0.633335 -0.574039 -0.505636 -0.434661 -0.365418 -0.300681 -0.242533 -0.192588 -0.152263 -0.123052 -0.106117 -0.102225 -0.112158 -0.137131 -0.179169 -0.241529 -0.329928 -0.452195 -0.606599 -0.785175 -0.973076 -1.15221 -1.30536 -1.41841 -1.48365 -1.50474 -1.48768 -1.43785 -1.36018 -1.25998 -1.14392 -1.01973 -0.895355 -0.778873 -0.67666 -0.591679 -0.524023 -0.471947 -0.43242 -0.401476 -0.374505 -0.345792 -0.308061 -0.251912 -0.165654 -0.0367693 0.142392 0.3693 0.623581 0.869101 1.06772 1.24986 1.45561 1.62226 1.73976 1.82085 0.637343
17.2854 0.301214 -37.575 17.8302 3.48954 -35.3124 17.9505 6.42936 -32.6807 17.6872 9.07366 -29.7616 17.0874 11.3954 -26.626 16.1948 13.3915 -23.3149 15.0599 15.0455 -19.8914 13.7284 16.3591 -16.392 12.2426 17.3352 -12.8445 10.6405 17.9758 -9.26812 8.95959 18.2799 -5.68356 7.23379 18.2452 -2.10744 5.49548 17.8671 1.44257 3.78175 17.1427 4.93549 2.11873 16.063 8.36057 0.541381 14.6175 11.69 -0.909667 12.7928 14.888 -2.17824 10.5895 17.889 -3.2164 7.98833 20.6505 -3.9586 4.99415 23.0906 -4.33596 1.63906 25.1081 -4.28745 -1.98204 26.5827 -3.87178 -5.7584 27.5072 -3.15402 -9.5836 27.8835 -2.20128 -13.3726 27.7264 -1.06854 -17.0851 27.049 0.176938 -20.6336 25.8732 1.47928 -23.9661 24.2231 2.78601 -27.0347 22.1254 4.05417 -29.8105 19.5948 5.22483 -32.2316 16.6818 6.24792 -34.26 13.4329 7.07464 -35.8626 9.90215 7.65946 -37.0123 6.14575 7.95845 -37.6814 2.24221 7.93599 -37.8501 -1.72587 7.56562 -37.5052 -5.6652 6.83472 -36.6448 -9.46278 5.74166 -35.2764 -13.0164 4.30029 -33.4236 -16.2078 2.54044 -31.131 -18.9175 0.521768 -28.485 -21.0196 -1.70576 -25.5646 -22.4353 -4.06846 -22.4852 -23.0911 -6.48261 -19.3792 -22.948 -8.84003 -16.4108 -22.0204 -11.0634 -13.6677 -20.3587 -13.037 -11.2161 -18.0513 -14.6701 -9.09574 -15.2111 -15.9085 -7.30752 -11.9357 -16.7039 -5.85712 -8.36879 -17.045 -4.7131 -4.62249 -16.9367 -3.82908 -0.792828 -16.3889 -3.14379 3.0686 -15.4223 -2.5978 6.86966 -14.0639 -2.11834 10.5581 -12.3463 -1.62728 14.0922 -10.3037 -1.04023 17.447 -7.9908 -0.272224 20.5826 -5.46862 0.763087 23.4701 -2.81084 2.14744 26.0761 -0.0612717 3.92078 28.3168 2.77667 6.07356 30.0596 5.65969 8.562 31.1647 8.50457 11.3033 31.5075 11.175 14.1557 31.0076 13.5515 16.986 29.6437 15.4937 19.6274 27.46 16.8821 21.9174 24.571 17.6315 23.7005 21.1856 17.7287 24.9031 17.478 17.1927 25.4707 13.6579 16.0858 25.3946 9.92009 14.4902 24.7001 6.40232 12.5249 23.4489 3.24387 10.3062 21.7214 0.505905 7.9421 19.6017 -1.80084 5.50699 17.1477 -3.71975 3.09539 14.4392 -5.29486 0.768142 11.5255 -6.60947 -1.42557 8.44291 -7.75828 -3.45108 5.20617 -8.84539 -5.25761 1.85392 -9.96783 -6.8001 -1.58151 -11.2247 -8.02614 -5.05388 -12.7081 -8.87385 -8.49384 -14.4964 -9.27436 -11.8055 -16.6464 -9.15712 -14.8593 -19.1785 -8.46303 -17.496 -22.0621 -7.16658 -19.535 -25.1948 -5.3239 -20.8626 -28.4341 -3.02859 -21.4035 -31.6106 -0.398856 -21.1318 -34.5537 2.41424 -20.0785 -37.0916 5.28742 -18.3097 -39.1115 8.08367 -15.9271 -40.5143 10.6762 -13.0608 -41.24 12.9554 -9.86114 -41.271 14.8441 -6.47638 -40.6304 16.2934 -3.04822 -39.3728 1.03387 1.07208 1.09402 1.10429 1.10754 1.10823 1.11007 1.11564 1.12622 1.14188 1.16139 1.18257 1.20277 1.21958 1.23146 1.2376 1.23715 1.22794 1.20558 1.1634 1.09183 0.990332 0.866333 0.726154 0.574862 0.417669 0.260274 0.107246 -0.0382117 -0.173709 -0.297608 -0.409531 -0.509704 -0.598483 -0.676278 -0.743327 -0.799102 -0.842202 -0.870481 -0.881747 -0.875025 -0.851553 -0.814779 -0.770124 -0.708492 -0.623317 -0.529274 -0.435432 -0.347151 -0.267522 -0.19848 -0.14121 -0.0966042 -0.0656706 -0.0491209 -0.0473533 -0.0608962 -0.0908487 -0.13929 -0.20974 -0.310289 -0.44862 -0.622541 -0.822267 -1.02995 -1.22469 -1.38795 -1.50603 -1.57274 -1.59336 -1.57412 -1.52018 -1.43617 -1.32726 -1.20039 -1.06395 -0.926829 -0.798238 -0.685495 -0.592035 -0.51805 -0.461699 -0.419807 -0.388247 -0.362202 -0.335503 -0.299938 -0.244329 -0.153784 -0.0136534 0.186756 0.447662 0.746291 1.03707 1.27102 1.48433 1.72145 1.90792 2.03705 2.12567 0.86791
17.1862 3.02625 -38.6695 17.3228 6.2484 -36.3934 17.0594 9.16283 -33.7439 16.4407 11.7253 -30.8056 15.5155 13.913 -27.6527 14.3268 15.7267 -24.3298 12.9273 17.1565 -20.9033 11.3623 18.21 -17.4126 9.67427 18.8966 -13.8878 7.90101 19.2248 -10.3501 6.08026 19.2005 -6.82142 4.24583 18.8285 -3.31932 2.42972 18.1117 0.138311 0.668362 17.0561 3.52143 -1.01347 15.6598 6.82055 -2.58175 13.9207 10.0109 -3.99609 11.8341 13.0619 -5.19991 9.41073 15.9164 -6.14284 6.63761 18.5414 -6.75559 3.52612 20.868 -6.96438 0.112186 22.8099 -6.7031 -3.50965 24.2601 -6.03237 -7.24506 25.201 -5.03058 -11.0003 25.6297 -3.77544 -14.7027 25.5561 -2.32676 -18.3226 24.9882 -0.758417 -21.782 23.9404 0.871536 -25.0351 22.4287 2.50943 -28.0367 20.471 4.11292 -30.7574 18.0743 5.6185 -33.1332 15.2804 6.97205 -35.1227 12.1298 8.11942 -36.6883 8.67289 9.00922 -37.7991 4.96496 9.59013 -38.4241 1.08596 9.81987 -38.5416 -2.87737 9.66594 -38.1377 -6.82549 9.11047 -37.212 -10.6374 8.14918 -35.7749 -14.202 6.79476 -33.8558 -17.3923 5.07836 -31.5063 -20.081 3.06383 -28.8219 -22.1379 0.808283 -25.8896 -23.4829 -1.60578 -22.8317 -24.0462 -4.08485 -19.7841 -23.7973 -6.51095 -16.9077 -22.7632 -8.8023 -14.2844 -21.0035 -10.8465 -11.9761 -18.6113 -12.5566 -10.0152 -15.7026 -13.8829 -8.39375 -12.3752 -14.7799 -7.10439 -8.77075 -15.2392 -6.10292 -4.99637 -15.2684 -5.33016 -1.14131 -14.8818 -4.71277 2.75095 -14.1042 -4.17858 6.59678 -12.9697 -3.64465 10.3528 -11.5207 -3.02513 13.9856 -9.8038 -2.23078 17.4775 -7.88622 -1.17746 20.7918 -5.84286 0.214716 23.8994 -3.7131 2.00542 26.7329 -1.47903 4.21228 29.1545 0.85117 6.82192 31.0215 3.22884 9.77282 32.1895 5.56919 12.9549 32.5392 7.74645 16.1941 32.0056 9.65544 19.3343 30.5867 11.1817 22.1909 28.3443 12.2338 24.5924 25.4042 12.7529 26.3831 21.98 12.7377 27.4975 18.2436 12.2129 27.8928 14.4004 11.2366 27.5763 10.6388 9.88057 26.5898 7.09049 8.2452 25.0145 3.88921 6.42646 22.9476 1.09224 4.51252 20.4863 -1.29147 2.56485 17.6964 -3.30571 0.66176 14.6686 -4.99193 -1.14477 11.459 -6.43034 -2.81124 8.11027 -7.71226 -4.30463 4.64247 -8.93909 -5.57958 1.10202 -10.2043 -6.59507 -2.47165 -11.6038 -7.30471 -6.02473 -13.2265 -7.656 -9.48038 -15.1462 -7.59334 -12.7365 -17.4141 -7.06428 -15.661 -20.0445 -6.03148 -18.098 -23.0014 -4.49219 -19.8799 -26.1805 -2.51181 -20.9049 -29.4484 -0.187132 -21.1092 -32.643 2.36573 -20.4796 -35.5989 5.00419 -19.0634 -38.1478 7.6165 -16.9384 -40.1784 10.0812 -14.22 -41.5925 12.2894 -11.0507 -42.329 14.151 -7.59133 -42.3689 15.6055 -3.99771 -41.7331 16.6193 -0.416825 -40.4747 1.17866 1.2343 1.27154 1.29494 1.30917 1.31875 1.32756 1.33843 1.35281 1.37091 1.39156 1.41258 1.43144 1.44598 1.45505 1.45841 1.45573 1.44524 1.42261 1.38084 1.30955 1.20539 1.07522 0.925842 0.7628 0.591822 0.419194 0.250021 0.0879933 -0.0639994 -0.203813 -0.330711 -0.444688 -0.545979 -0.634966 -0.711901 -0.776216 -0.826386 -0.86007 -0.874872 -0.869713 -0.845905 -0.807132 -0.759175 -0.691925 -0.598996 -0.496793 -0.39486 -0.298909 -0.212342 -0.137366 -0.0753887 -0.0274881 0.00515639 0.0217485 0.021847 0.00479672 -0.0308804 -0.088075 -0.175633 -0.307649 -0.487136 -0.709264 -0.958482 -1.20954 -1.4363 -1.61938 -1.74772 -1.81915 -1.84252 -1.82455 -1.76985 -1.68222 -1.56604 -1.42783 -1.27615 -1.12075 -0.972416 -0.840363 -0.729527 -0.641044 -0.573543 -0.52399 -0.488165 -0.461054 -0.436198 -0.405061 -0.356154 -0.274299 -0.145007 0.0446894 0.299492 0.602087 0.908279 1.16345 1.4071 1.6866 1.90919 2.0662 2.17767 0.794836
17.5172 4.71234 -39.2512 17.2013 7.9479 -37.0122 16.5264 10.8234 -34.3932 15.5415 13.2981 -31.4798 14.2971 15.3532 -28.3476 12.8347 16.9935 -25.0437 11.2076 18.2151 -21.6372 9.45924 19.0318 -18.1702 7.62965 19.4591 -14.6752 5.75447 19.5122 -11.1754 3.86944 19.2038 -7.69423 2.00647 18.545 -4.24987 0.195914 17.5451 -0.860272 -1.52734 16.2166 2.44544 -3.13953 14.5623 5.65891 -4.60712 12.5856 8.75749 -5.88982 10.2884 11.7138 -6.93211 7.69 14.4765 -7.68342 4.78486 17.0192 -8.07635 1.59315 19.2838 -8.04114 -1.84247 21.1982 -7.5195 -5.42649 22.6719 -6.57159 -9.08327 23.6808 -5.27978 -12.7353 24.2128 -3.7248 -16.3225 24.2676 -1.9665 -19.8232 23.8456 -0.0832157 -23.1667 22.9516 1.86477 -26.3113 21.5944 3.82117 -29.2137 19.7854 5.74226 -31.8449 17.5263 7.55824 -34.1407 14.8526 9.20966 -36.0578 11.8007 10.6362 -37.5563 8.41874 11.78 -38.6021 4.76194 12.5825 -39.1621 0.912637 12.995 -39.2132 -3.03727 12.9801 -38.7421 -6.98091 12.5171 -37.7512 -10.7888 11.6018 -36.2558 -14.3414 10.2492 -34.2917 -17.5051 8.49532 -31.9179 -20.1479 6.41117 -29.2363 -22.1379 4.06163 -26.3392 -23.3955 1.53817 -23.3528 -23.8527 -1.05613 -20.4154 -23.4827 -3.59282 -17.6878 -22.3189 -5.97856 -15.2434 -20.4316 -8.10062 -13.1305 -17.9292 -9.8769 -11.3652 -14.9361 -11.2657 -9.92481 -11.5514 -12.2294 -8.78632 -7.91351 -12.7681 -7.89413 -4.12223 -12.8984 -7.18014 -0.257939 -12.6463 -6.56372 3.6455 -12.0488 -5.96639 7.51416 -11.1536 -5.30092 11.3136 -10.0165 -4.47901 15.0166 -8.69698 -3.41073 18.6068 -7.27067 -2.01651 22.0409 -5.78913 -0.227318 25.2619 -4.218 2.00041 28.1498 -2.54887 4.66973 30.5611 -0.797732 7.74407 32.352 0.986283 11.1314 33.3856 2.72743 14.6901 33.5585 4.32328 18.2167 32.828 5.69209 21.5387 31.2127 6.75079 24.4612 28.7928 7.43818 26.8121 25.7076 7.72144 28.4463 22.179 7.60933 29.3146 18.3795 7.13039 29.3958 14.5109 6.33606 28.7213 10.7537 5.28499 27.3528 7.22872 4.05526 25.3932 4.05827 2.71948 22.9534 1.28954 1.34375 20.1398 -1.07569 -0.0246161 17.0215 -3.08517 -1.32573 13.6955 -4.78167 -2.5179 10.2209 -6.24445 -3.56468 6.64302 -7.56248 -4.43561 2.98443 -8.83417 -5.09238 -0.703408 -10.1493 -5.49938 -4.37634 -11.6001 -5.61796 -7.97517 -13.272 -5.40704 -11.4172 -15.2363 -4.82644 -14.5946 -17.5421 -3.84374 -17.3703 -20.2032 -2.445 -19.5858 -23.1837 -0.656861 -21.0821 -26.3799 1.443 -21.7783 -29.6597 3.75588 -21.6303 -32.866 6.17218 -20.6417 -35.8384 8.56391 -18.8749 -38.4117 10.8355 -16.417 -40.4762 12.8846 -13.393 -41.9323 14.6235 -9.95439 -42.717 15.984 -6.27001 -42.8079 16.9259 -2.50107 -42.2232 17.434 1.20184 -41.0131 1.32936 1.40688 1.46334 1.50349 1.53206 1.55354 1.5718 1.58972 1.60888 1.62965 1.65107 1.67124 1.68798 1.69949 1.705 1.70455 1.69803 1.68368 1.65708 1.61097 1.53511 1.42533 1.28725 1.12724 0.950661 0.763583 0.573113 0.385343 0.204856 0.0352839 -0.120688 -0.262052 -0.388703 -0.500858 -0.598924 -0.683178 -0.753017 -0.80684 -0.842232 -0.856768 -0.849434 -0.821675 -0.777339 -0.722463 -0.645317 -0.539848 -0.426191 -0.314911 -0.211964 -0.120648 -0.0429257 0.0200742 0.0675626 0.0986353 0.112725 0.109382 0.0874857 0.0444295 -0.0271566 -0.145138 -0.318239 -0.548836 -0.827838 -1.13125 -1.42446 -1.67683 -1.87084 -2.00057 -2.06915 -2.08932 -2.06792 -2.00876 -1.91453 -1.78857 -1.63668 -1.46729 -1.2909 -1.12011 -0.966386 -0.836463 -0.732538 -0.653688 -0.596978 -0.55815 -0.532211 -0.512791 -0.491536 -0.457219 -0.394702 -0.286509 -0.118575 0.117758 0.412577 0.727307 1.00363 1.28652 1.62659 1.90085 2.09625 2.23787 0.729515
17.9346 7.32639 -39.7565 17.2992 10.5286 -37.5376 16.3316 13.3297 -34.9298 15.0831 15.6884 -32.0212 13.6058 17.5865 -28.8911 11.9409 19.0294 -25.591 10.1427 20.0173 -22.1947 8.25407 20.5683 -18.7489 6.31384 20.7036 -15.2903 4.3562 20.4441 -11.8453 2.41541 19.8096 -8.4398 0.521938 18.8181 -5.09318 -1.29505 17.4853 -1.82372 -3.00166 15.8309 1.34057 -4.57495 13.8628 4.39244 -5.98261 11.5916 7.31174 -7.18672 9.02731 10.0752 -8.13666 6.20037 12.6396 -8.78778 3.11326 14.9882 -9.08083 -0.205723 17.0782 -8.95446 -3.71077 18.8582 -8.357 -7.31108 20.2618 -7.34931 -10.9535 21.2646 -6.0019 -14.578 21.8444 -4.38391 -18.1348 21.9871 -2.54529 -21.6061 21.6802 -0.558647 -24.9218 20.9155 1.51871 -28.038 19.6914 3.63085 -30.9088 18.0116 5.73363 -33.5007 15.8721 7.75326 -35.7449 13.3026 9.62595 -37.5916 10.3363 11.286 -38.9941 7.02039 12.67 -39.9111 3.41238 13.7124 -40.3047 -0.399875 14.3581 -40.15 -4.3157 14.564 -39.4364 -8.21733 14.3044 -38.1747 -11.9639 13.5727 -36.3923 -15.4255 12.3828 -34.1412 -18.4607 10.7715 -31.4991 -20.9343 8.81169 -28.5885 -22.7183 6.57297 -25.5164 -23.7404 4.15076 -22.4204 -23.9478 1.65083 -19.4426 -23.3325 -0.798945 -16.7376 -21.9501 -3.10869 -14.3681 -19.8814 -5.17554 -12.3751 -17.2384 -6.9261 -10.7638 -14.145 -8.32685 -9.49937 -10.6956 -9.34855 -8.54242 -7.02135 -9.99997 -7.82223 -3.21125 -10.3078 -7.25678 0.667548 -10.3107 -6.75428 4.59538 -10.0555 -6.2254 8.51145 -9.59931 -5.57595 12.3909 -9.0042 -4.71351 16.2097 -8.33486 -3.54718 19.9464 -7.63005 -1.99888 23.5349 -6.84982 -0.0016621 26.8775 -5.96749 2.47941 29.8502 -4.97678 5.43065 32.3067 -3.89098 8.7942 34.1047 -2.74679 12.4547 35.1132 -1.59893 16.2484 35.2373 -0.519531 19.9529 34.444 0.433845 23.3842 32.76 1.20337 26.3405 30.2729 1.74588 28.6501 27.1282 2.0358 30.1773 23.5525 2.07675 30.8864 19.7187 1.88433 30.7737 15.8261 1.48924 29.8879 12.0496 0.928208 28.3043 8.5027 0.250155 26.138 5.30095 -0.49716 23.5067 2.4865 -1.26825 20.521 0.0587495 -2.02692 17.251 -2.03064 -2.72878 13.7968 -3.82209 -3.33893 10.2195 -5.39198 -3.82481 6.56691 -6.82613 -4.15603 2.86461 -8.22049 -4.29842 -0.831893 -9.66151 -4.21904 -4.47436 -11.2386 -3.88393 -7.99964 -13.0333 -3.25994 -11.3223 -15.1119 -2.31798 -14.3349 -17.5175 -1.03966 -16.9058 -20.2576 0.574415 -18.8889 -23.2925 2.48498 -20.1457 -26.5208 4.61609 -20.6012 -29.8226 6.87282 -20.2161 -33.0491 9.15185 -18.9982 -36.0448 11.3355 -17.0165 -38.6463 13.3389 -14.3619 -40.7448 15.0733 -11.1651 -42.2401 16.4661 -7.58207 -43.0681 17.4642 -3.78483 -43.2037 18.0409 0.0632691 -42.6618 18.1919 3.80975 -41.4891 1.51621 1.61336 1.68712 1.7423 1.78361 1.81545 1.84161 1.86499 1.88724 1.90894 1.92943 1.94722 1.96056 1.96799 1.96901 1.9639 1.95278 1.93424 1.90446 1.857 1.78256 1.67545 1.54099 1.38399 1.20831 1.01887 0.822331 0.625061 0.432337 0.248611 0.0773431 -0.0798863 -0.222552 -0.350545 -0.464041 -0.563152 -0.647103 -0.714102 -0.761565 -0.786979 -0.789377 -0.77042 -0.734201 -0.686845 -0.614762 -0.511513 -0.397937 -0.284853 -0.178722 -0.0834615 -0.00156243 0.0655257 0.116895 0.151553 0.168722 0.167415 0.145454 0.0957963 0.00202101 -0.14838 -0.365896 -0.652689 -0.994237 -1.35489 -1.68836 -1.96087 -2.15989 -2.2869 -2.35084 -2.36706 -2.34216 -2.27902 -2.17926 -2.04506 -1.88115 -1.69538 -1.49853 -1.30483 -1.12824 -0.977757 -0.856987 -0.765564 -0.700504 -0.657122 -0.629882 -0.611827 -0.594095 -0.565144 -0.51017 -0.413846 -0.261283 -0.0409181 0.243655 0.560728 0.851971 1.16844 1.56347 1.88463 2.1143 2.28267 0.609877
18.1529 9.71462 -39.3078 17.2254 12.8895 -37.1533 15.9946 15.6361 -34.599 14.5138 17.9104 -31.7325 12.8362 19.6922 -28.6352 11.0026 20.9845 -25.3622 9.06876 21.7879 -21.9919 7.07734 22.1219 -18.5763 5.06677 22.0105 -15.1572 3.07029 21.479 -11.7662 1.12091 20.5531 -8.4331 -0.752623 19.2574 -5.18053 -2.52328 17.6151 -2.02856 -4.16008 15.655 0.994837 -5.64336 13.3922 3.88307 -6.94539 10.846 6.61879 -8.03461 8.03589 9.18373 -8.86975 5.00219 11.5436 -9.4163 1.75301 13.6917 -9.62767 -1.67969 15.6 -9.45548 -5.25247 17.2356 -8.86248 -8.8857 18.5536 -7.90032 -12.5475 19.5301 -6.62171 -16.1926 20.1363 -5.07859 -19.7791 20.3476 -3.30668 -23.2922 20.1396 -1.3665 -26.6598 19.4911 0.692557 -29.8332 18.3891 2.81943 -32.7593 16.8276 4.97269 -35.3961 14.7959 7.07878 -37.6637 12.318 9.07222 -39.5008 9.42528 10.884 -40.8491 6.16686 12.4463 -41.6576 2.60601 13.6879 -41.8818 -1.15999 14.5483 -41.4961 -5.01815 14.9795 -40.4948 -8.83728 14.9513 -38.9014 -12.4644 14.4547 -36.76 -15.7604 13.5017 -34.1448 -18.5796 12.1266 -31.1579 -20.7893 10.398 -27.9478 -22.2733 8.38291 -24.6398 -22.9743 6.17056 -21.3859 -22.861 3.85885 -18.3329 -21.9494 1.56497 -15.6294 -20.319 -0.626703 -13.3234 -18.0589 -2.62341 -11.4429 -15.2829 -4.35999 -9.97755 -12.11 -5.81028 -8.87808 -8.62471 -6.95136 -8.08956 -4.94564 -7.79755 -7.5293 -1.14695 -8.3807 -7.10599 2.71832 -8.74704 -6.72137 6.64238 -8.94536 -6.27908 10.5725 -9.03449 -5.67964 14.4856 -9.07584 -4.82605 18.3522 -9.10226 -3.62255 22.1367 -9.07979 -1.98899 25.7564 -8.97782 0.133278 29.1115 -8.77236 2.76807 32.0758 -8.45032 5.88795 34.5023 -8.01099 9.42038 36.25 -7.4679 13.2343 37.1902 -6.84739 17.1508 37.2324 -6.1898 20.9333 36.3504 -5.53128 24.3893 34.5783 -4.9118 27.3139 32.0129 -4.36659 29.5389 28.8082 -3.92648 30.9406 25.1967 -3.60121 31.497 21.3513 -3.39552 31.2195 17.4676 -3.30373 30.1704 13.7134 -3.3117 28.4341 10.1938 -3.39876 26.1332 7.01535 -3.53868 23.3886 4.21348 -3.70263 20.3114 1.78304 -3.86182 16.971 -0.32663 -3.98416 13.468 -2.15608 -4.03921 9.8634 -3.78033 -3.99701 6.20629 -5.28296 -3.82694 2.52426 -6.75767 -3.49874 -1.12432 -8.28771 -2.98189 -4.68804 -9.95918 -2.24594 -8.10055 -11.8497 -1.26294 -11.2742 -14.0204 -0.0106831 -14.1011 -16.5084 1.5205 -16.4534 -19.3144 3.3204 -18.1938 -22.3934 5.3386 -19.1999 -25.644 7.49586 -19.4052 -28.9539 9.69621 -18.7796 -32.1816 11.8394 -17.3399 -35.1791 13.817 -15.1635 -37.79 15.5551 -12.3446 -39.9105 16.98 -9.01572 -41.444 18.0351 -5.33167 -42.3261 18.6834 -1.46229 -42.5292 18.9116 2.43187 -42.0628 18.7263 6.20012 -40.9674 1.6966 1.81458 1.90717 1.97943 2.03611 2.08147 2.11903 2.15144 2.18011 2.20551 2.22699 2.24326 2.25291 2.25494 2.2493 2.23671 2.21781 2.19179 2.15561 2.10402 2.02863 1.92459 1.79668 1.64803 1.4807 1.29779 1.10452 0.906498 0.70889 0.516527 0.333546 0.162258 0.00387026 -0.140917 -0.271806 -0.388575 -0.490147 -0.574449 -0.63868 -0.680244 -0.698246 -0.694585 -0.673499 -0.640831 -0.58049 -0.484976 -0.375639 -0.263713 -0.156314 -0.0580668 0.0279409 0.0998091 0.156258 0.195802 0.216963 0.217701 0.192697 0.129375 0.014658 -0.166847 -0.429271 -0.775609 -1.18313 -1.5986 -1.96223 -2.24179 -2.43472 -2.55157 -2.60649 -2.61593 -2.58557 -2.51716 -2.41107 -2.26825 -2.09222 -1.89006 -1.67275 -1.45616 -1.25698 -1.08659 -0.95003 -0.847375 -0.775439 -0.728967 -0.70175 -0.686107 -0.672506 -0.648885 -0.601023 -0.515685 -0.378119 -0.175685 0.0922483 0.400933 0.695704 1.03901 1.49099 1.86331 2.13009 2.32695 0.49745
20.0487 11.4983 -38.2656 18.7617 14.6287 -36.2344 17.1829 17.3092 -33.8043 15.3731 19.4953 -31.0606 13.3911 21.1669 -28.0841 11.2808 22.3274 -24.9306 9.10229 22.9797 -21.679 6.89988 23.1461 -18.3827 4.71226 22.8539 -15.0852 2.57192 22.1323 -11.8193 0.510719 21.0116 -8.61585 -1.44432 19.5206 -5.49766 -3.26803 17.6871 -2.48447 -4.93143 15.5444 0.397208 -6.41745 13.1111 3.14181 -7.70156 10.4103 5.73401 -8.75694 7.46559 8.15824 -9.54942 4.32165 10.3848 -10.0534 0.988538 12.4112 -10.2332 -2.50098 14.217 -10.0526 -6.10626 15.7787 -9.49484 -9.75771 17.0613 -8.59417 -13.4347 18.0394 -7.3862 -17.0978 18.6812 -5.90724 -20.7068 18.957 -4.18011 -24.2463 18.8377 -2.25409 -27.6407 18.2963 -0.170668 -30.8374 17.3139 2.02452 -33.778 15.8792 4.29405 -36.4142 13.9774 6.56499 -38.6589 11.6275 8.7703 -40.443 8.85803 10.8368 -41.7012 5.71726 12.6903 -42.3765 2.27016 14.2498 -42.4226 -1.38228 15.4435 -41.8158 -5.12143 16.2112 -40.5579 -8.8096 16.5092 -38.6857 -12.2884 16.318 -36.2593 -15.4143 15.6392 -33.3725 -18.0414 14.4996 -30.1477 -20.0407 12.9607 -26.7528 -21.306 11.0874 -23.325 -21.792 8.96665 -20.0231 -21.4833 6.69431 -16.9923 -20.4128 4.3856 -14.3696 -18.6747 2.12872 -12.1848 -16.3592 0.0130566 -10.4492 -13.5768 -1.9005 -9.13634 -10.4392 -3.5925 -8.18388 -7.02022 -5.04322 -7.52455 -3.42576 -6.26978 -7.06788 0.281929 -7.30441 -6.71763 4.05903 -8.1947 -6.37317 7.90209 -8.9807 -5.9368 11.7585 -9.7121 -5.31025 15.5995 -10.4365 -4.39969 19.3845 -11.1326 -3.10809 23.0749 -11.7713 -1.36089 26.5836 -12.3232 0.891795 29.8071 -12.7582 3.66238 32.6189 -13.0482 6.91053 34.8752 -13.1717 10.5515 36.4417 -13.1152 14.4434 37.1997 -12.8765 18.3996 37.0702 -12.4687 22.1798 36.0397 -11.9129 25.5919 34.1511 -11.2411 28.4352 31.5087 -10.492 30.5492 28.2702 -9.71514 31.8216 24.6675 -8.94107 32.2393 20.869 -8.20182 31.8235 17.0634 -7.52021 30.6443 13.4099 -6.90465 28.7908 10.0057 -6.36102 26.39 6.94883 -5.8804 23.5642 4.26804 -5.44544 20.4245 1.95362 -5.02947 17.0395 -0.0471684 -4.60719 13.5094 -1.77725 -4.14729 9.89468 -3.31217 -3.61724 6.24398 -4.73543 -2.98133 2.58558 -6.13995 -2.20836 -1.02099 -7.60831 -1.26596 -4.52246 -9.22466 -0.123833 -7.85045 -11.0634 1.24317 -10.9159 -13.1811 2.85195 -13.6112 -15.6094 4.70411 -15.8118 -18.344 6.77971 -17.3877 -21.3369 9.01635 -18.2271 -24.4905 11.3268 -18.2703 -27.7016 13.6084 -17.4938 -30.8389 15.7575 -15.9188 -33.7633 17.666 -13.6266 -36.3259 19.264 -10.7121 -38.4272 20.4845 -7.30824 -39.9725 21.2803 -3.56983 -40.897 21.6261 0.333988 -41.1696 21.5206 4.24328 -40.795 20.9826 8.00749 -39.8073 1.80185 1.94341 2.05717 2.14841 2.22207 2.28251 2.33324 2.37686 2.41472 2.44725 2.47388 2.49349 2.50493 2.50747 2.50128 2.48727 2.46618 2.43739 2.3983 2.34445 2.26736 2.16584 2.04329 1.90144 1.74086 1.56301 1.37161 1.17117 0.9664 0.762261 0.563541 0.373451 0.194158 0.027287 -0.126072 -0.265072 -0.38807 -0.492476 -0.575073 -0.633007 -0.665312 -0.673983 -0.663276 -0.638754 -0.582437 -0.486062 -0.373182 -0.256023 -0.142516 -0.0378567 0.0545187 0.132456 0.194332 0.23805 0.261307 0.26093 0.227233 0.148801 0.0103697 -0.207283 -0.521993 -0.933883 -1.40303 -1.85334 -2.21991 -2.48366 -2.65589 -2.75466 -2.79664 -2.79675 -2.75876 -2.6828 -2.56765 -2.41263 -2.2197 -1.99503 -1.75016 -1.50382 -1.27679 -1.08372 -0.930983 -0.818419 -0.741785 -0.694533 -0.669297 -0.657438 -0.648711 -0.630621 -0.589852 -0.515358 -0.393995 -0.215155 0.0212169 0.29423 0.556999 0.890332 1.37399 1.78923 2.09258 2.32005 0.411803
19.0254 15.0286 -37.0837 17.4343 17.8681 -34.8505 15.6133 20.2151 -32.2508 13.6237 22.0389 -29.3702 11.5227 23.3313 -26.2883 9.35043 24.104 -23.059 7.16277 24.3707 -19.7595 4.99842 24.161 -16.4405 2.88999 23.5082 -13.1431 0.863713 22.446 -9.89751 -1.05512 21.0086 -6.73227 -2.84605 19.2278 -3.66803 -4.49064 17.1335 -0.722529 -5.96762 14.7611 2.07967 -7.26409 12.1291 4.73561 -8.35256 9.26131 7.23632 -9.20574 6.18183 9.57109 -9.7937 2.93655 11.7141 -10.096 -0.465554 13.6645 -10.0864 -3.99323 15.4038 -9.73947 -7.60969 16.9106 -9.06315 -11.2567 18.1479 -8.07392 -14.9198 19.0922 -6.79182 -18.5615 19.7113 -5.24021 -22.1409 19.9738 -3.43193 -25.6394 19.8481 -1.41115 -28.9779 19.3042 0.782673 -32.0995 18.3208 3.10308 -34.9418 16.885 5.51071 -37.4514 14.9817 7.92769 -39.538 12.6319 10.2819 -41.1301 9.868 12.4948 -42.1616 6.74439 14.4869 -42.5775 3.3337 16.1713 -42.3382 -0.25515 17.4714 -41.4309 -3.89669 18.3228 -39.8726 -7.44931 18.6787 -37.7192 -10.7557 18.5189 -35.0497 -13.6787 17.846 -31.9753 -16.0851 16.6894 -28.6298 -17.8642 15.1153 -25.1834 -18.9318 13.1931 -21.7639 -19.2587 11.0145 -18.5122 -18.8404 8.68045 -15.5507 -17.71 6.31378 -12.9939 -15.9519 3.98613 -10.871 -13.6488 1.77239 -9.19995 -10.9036 -0.274917 -7.96106 -7.82077 -2.14134 -7.09759 -4.46956 -3.80693 -6.54224 -0.951486 -5.28785 -6.20056 2.67482 -6.61433 -5.96896 6.36893 -7.8331 -5.73843 10.1295 -8.97695 -5.40067 13.9055 -10.0877 -4.84849 17.666 -11.1848 -3.97737 21.3698 -12.2612 -2.68602 24.9678 -13.294 -0.8993 28.3607 -14.2541 1.4281 31.4319 -15.1036 4.29789 34.0423 -15.7988 7.65207 36.0402 -16.2985 11.3823 37.2895 -16.5664 15.3195 37.68 -16.5789 19.2496 37.152 -16.332 22.9127 35.7241 -15.8397 26.107 33.472 -15.1331 28.6363 30.5358 -14.2574 30.3587 27.103 -13.2767 31.1963 23.4235 -12.2354 31.1663 19.6662 -11.1808 30.3228 16.0085 -10.1499 28.7623 12.5873 -9.1598 26.5888 9.47306 -8.22681 23.9389 6.73229 -7.3468 20.9335 4.36669 -6.50394 17.677 2.34476 -5.66699 14.2292 0.599448 -4.81356 10.6835 -0.928005 -3.91775 7.09558 -2.32731 -2.94998 3.51337 -3.69307 -1.87443 -0.0293974 -5.12586 -0.664034 -3.46226 -6.71053 0.707645 -6.71602 -8.52504 2.2586 -9.70532 -10.6273 3.99354 -12.3296 -13.0466 5.90207 -14.4824 -15.7803 7.95519 -16.0581 -18.7891 10.1053 -16.9644 -21.9991 12.2824 -17.1337 -25.2981 14.4176 -16.5341 -28.5742 16.4284 -15.1668 -31.6949 18.2302 -13.0722 -34.5263 19.7354 -10.3482 -36.9301 20.8878 -7.09723 -38.8187 21.6363 -3.45982 -40.112 21.9505 0.40586 -40.7611 21.8229 4.33235 -40.7515 21.2681 8.16691 -40.1015 20.3196 11.7704 -38.8568 2.15198 2.29088 2.39989 2.48484 2.55107 2.60328 2.64513 2.67916 2.70661 2.72783 2.74234 2.74919 2.74754 2.73748 2.721 2.69824 2.66913 2.6323 2.58472 2.52205 2.43474 2.32746 2.20188 2.05811 1.89523 1.7135 1.51581 1.30646 1.09041 0.873246 0.660515 0.456104 0.262729 0.0824702 -0.0831988 -0.233066 -0.365106 -0.476428 -0.563761 -0.62453 -0.658277 -0.667454 -0.656458 -0.630697 -0.571397 -0.472393 -0.357029 -0.236304 -0.117637 -0.00641911 0.0932274 0.178267 0.24619 0.294004 0.318558 0.314771 0.273441 0.181769 0.0209022 -0.234707 -0.609146 -1.09723 -1.63099 -2.1067 -2.46378 -2.7035 -2.8507 -2.92858 -2.95455 -2.94205 -2.89298 -2.80606 -2.67902 -2.51056 -2.30263 -2.06223 -1.80287 -1.54574 -1.3143 -1.12546 -0.985181 -0.891083 -0.836038 -0.810841 -0.806079 -0.811781 -0.817297 -0.810937 -0.779825 -0.710581 -0.588994 -0.399788 -0.133453 0.197392 0.537239 0.983365 1.60598 2.09227 2.42013 2.65455 0.396563
16.1766 16.6942 -36.5671 14.2699 19.3497 -34.3548 12.2092 21.4966 -31.7611 10.0557 23.1069 -28.8712 7.8647 24.1757 -25.7664 5.67271 24.7167 -22.5035 3.53119 24.7487 -19.1633 1.47236 24.3051 -15.8005 -0.478607 23.4231 -12.4597 -2.30349 22.1398 -9.17484 -3.98589 20.4929 -5.97733 -5.51459 18.5171 -2.89068 -6.8807 16.2445 0.0650311 -8.07368 13.7131 2.86342 -9.0834 10.9435 5.50386 -9.8847 7.96343 7.9816 -10.4543 4.79945 10.2896 -10.7706 1.4987 12.405 -10.8199 -1.93152 14.3288 -10.5863 -5.46327 16.0441 -10.0549 -9.06565 17.5307 -9.2359 -12.6882 18.7536 -8.13252 -16.3199 19.6927 -6.75388 -19.9252 20.3174 -5.11445 -23.464 20.5964 -3.21956 -26.9171 20.4967 -1.10877 -30.2048 19.9862 1.18246 -33.2679 19.0416 3.61045 -36.0405 17.648 6.13794 -38.465 15.7904 8.68609 -40.4475 13.4896 11.1807 -41.9139 10.7798 13.5395 -42.7974 7.71815 15.6783 -43.0446 4.38076 17.5049 -42.6212 0.879498 18.9372 -41.5226 -2.65831 19.9059 -39.7763 -6.09141 20.3604 -37.4501 -9.26605 20.2774 -34.6337 -12.0511 19.6569 -31.4473 -14.3221 18.5261 -28.0308 -15.9785 16.9493 -24.5563 -16.9465 14.9949 -21.1492 -17.2043 12.754 -17.9445 -16.7527 10.3282 -15.056 -15.6266 7.84274 -12.5867 -13.9079 5.37019 -10.5557 -11.674 2.98696 -8.97132 -9.02076 0.74621 -7.80682 -6.04537 -1.34002 -7.00159 -2.81134 -3.25261 -6.4864 0.585143 -5.01089 -6.16778 4.08756 -6.64814 -5.94439 7.65535 -8.21537 -5.70972 11.2843 -9.74283 -5.35765 14.9207 -11.2693 -4.78277 18.5289 -12.8125 -3.88212 22.0628 -14.3761 -2.55841 25.4649 -15.9388 -0.740325 28.631 -17.4649 1.61377 31.4416 -18.9011 4.50138 33.7591 -20.1781 7.85929 35.438 -21.2253 11.573 36.353 -21.9733 15.4669 36.4096 -22.367 19.3221 35.5682 -22.3752 22.8771 33.8714 -21.9981 25.9322 31.4132 -21.2608 28.2974 28.3505 -20.2141 29.8411 24.8807 -18.9407 30.4993 21.2549 -17.5056 30.2996 17.635 -15.9812 29.3063 14.1866 -14.4289 27.6236 11.0304 -12.8842 25.3598 8.22113 -11.3841 22.6536 5.80655 -9.93619 19.625 3.77327 -8.53125 16.3761 2.07802 -7.13605 12.9641 0.647581 -5.73831 9.47847 -0.589241 -4.31697 5.96985 -1.73089 -2.84621 2.48359 -2.87848 -1.2923 -0.946248 -4.13644 0.364194 -4.24704 -5.59301 2.14153 -7.34509 -7.32622 4.04636 -10.1499 -9.39145 6.06918 -12.5572 -11.8129 8.18416 -14.4594 -14.5802 10.3474 -15.7544 -17.6453 12.4994 -16.3578 -20.9246 14.5635 -16.2154 -24.2966 16.4706 -15.3097 -27.6423 18.1443 -13.6586 -30.8242 19.5136 -11.3199 -33.7063 20.5134 -8.40657 -36.151 21.1093 -5.02899 -38.0747 21.2763 -1.33113 -39.4019 21.01 2.53183 -40.0877 20.327 6.40044 -40.1187 19.2604 10.1324 -39.5115 17.8578 13.5989 -38.3072 2.37683 2.53552 2.65843 2.75323 2.82633 2.88295 2.92692 2.96078 2.98564 3.00179 3.00876 3.00582 2.9925 2.97048 2.94226 2.90802 2.86738 2.81862 2.75862 2.68345 2.58558 2.47175 2.34218 2.19569 2.03025 1.8452 1.64274 1.42673 1.20198 0.974221 0.749504 0.532357 0.326166 0.133621 -0.0433256 -0.203124 -0.343504 -0.461453 -0.553742 -0.617995 -0.654003 -0.664356 -0.653331 -0.625991 -0.562811 -0.457852 -0.335844 -0.208394 -0.0833726 0.0335913 0.138365 0.228028 0.300099 0.351323 0.37799 0.374151 0.330214 0.230749 0.0507926 -0.246528 -0.698243 -1.2907 -1.90549 -2.40324 -2.74294 -2.95443 -3.07594 -3.13458 -3.14815 -3.12795 -3.0737 -2.98227 -2.84933 -2.6712 -2.44715 -2.1822 -1.89029 -1.59599 -1.33115 -1.1196 -0.969163 -0.875722 -0.829359 -0.818445 -0.831976 -0.859103 -0.888985 -0.910527 -0.91244 -0.884252 -0.815657 -0.693915 -0.503876 -0.234245 0.0972369 0.654021 1.55244 2.24004 2.66422 2.94834 0.495133
15.915 17.053 -36.5033 13.6006 19.2617 -34.1909 11.2109 20.9844 -31.5632 8.80244 22.2425 -28.6998 6.41703 23.0531 -25.6608 4.07659 23.4264 -22.4785 1.82312 23.3638 -19.2132 -0.317559 22.8747 -15.9083 -2.32363 21.975 -12.6052 -4.17865 20.6869 -9.33907 -5.86689 19.0398 -6.14475 -7.37634 17.0649 -3.04805 -8.69502 14.7939 -0.0696763 -9.80657 12.266 2.76512 -10.701 9.5027 5.45333 -11.362 6.53182 7.98301 -11.7725 3.38085 10.342 -11.9163 0.0983152 12.504 -11.7829 -3.30674 14.4681 -11.3616 -6.80533 16.2152 -10.6464 -10.367 17.7227 -9.64263 -13.9384 18.9584 -8.35069 -17.5056 19.9039 -6.77946 -21.031 20.5299 -4.9434 -24.4721 20.8066 -2.84607 -27.806 20.7035 -0.528439 -30.9511 20.1916 1.97341 -33.8463 19.2517 4.61421 -36.4252 17.8734 7.35551 -38.6305 16.0461 10.1141 -40.3738 13.7948 12.8123 -41.588 11.1563 15.365 -42.2157 8.18854 17.6858 -42.214 4.96551 19.6801 -41.5609 1.59344 21.2643 -40.2624 -1.80925 22.368 -38.3543 -5.1131 22.9386 -35.91 -8.17832 22.9507 -33.0196 -10.8877 22.4011 -29.8003 -13.1304 21.3117 -26.3852 -14.8175 19.74 -22.9368 -15.882 17.7463 -19.5691 -16.3044 15.4132 -16.4065 -16.0802 12.8361 -13.5545 -15.2316 10.1411 -11.1117 -13.8177 7.40728 -9.09817 -11.894 4.72804 -7.52642 -9.53159 2.1834 -6.3756 -6.80572 -0.203175 -5.5949 -3.78009 -2.41351 -5.12513 -0.562448 -4.47128 -4.87939 2.77899 -6.41508 -4.76047 6.19471 -8.30401 -4.66545 9.6737 -10.1708 -4.48869 13.1615 -12.0553 -4.12391 16.6249 -13.9849 -3.46779 20.0201 -15.975 -2.42119 23.2935 -18.0082 -0.904435 26.3492 -20.0481 1.13727 29.077 -22.034 3.71995 31.3479 -23.8813 6.80335 33.0229 -25.497 10.2965 33.9784 -26.7822 14.0454 34.1171 -27.648 17.8466 33.3918 -28.0281 21.4444 31.8331 -27.8988 24.6336 29.5243 -27.268 27.2103 26.6122 -26.1811 29.0216 23.2872 -24.7307 29.9762 19.7962 -22.9994 30.0815 16.3042 -21.0841 29.3839 12.9805 -19.0741 27.9757 9.9507 -17.0287 25.9607 7.27509 -15.0124 23.4754 5.00309 -13.0537 20.6424 3.1214 -11.1592 17.5682 1.58415 -9.30481 14.3151 0.314235 -7.48112 10.976 -0.761639 -5.65581 7.60746 -1.73905 -3.79347 4.25993 -2.71877 -1.85292 0.972079 -3.80741 0.1835 -2.18098 -5.10047 2.32508 -5.12397 -6.6858 4.55877 -7.76794 -8.63023 6.85717 -10.0137 -10.9592 9.197 -11.7649 -13.644 11.5359 -12.9444 -16.6255 13.8206 -13.5026 -19.822 15.9878 -13.4174 -23.1307 17.9878 -12.685 -26.4647 19.7599 -11.307 -29.7223 21.2344 -9.29041 -32.79 22.3235 -6.6768 -35.5188 22.9495 -3.51949 -37.7778 23.036 0.0550812 -39.4144 22.5445 3.85308 -40.3071 21.4956 7.6378 -40.4022 19.9657 11.1933 -39.7301 18.0665 14.3595 -38.3876 3.13173 3.22961 3.2824 3.31456 3.34026 3.3658 3.39187 3.41635 3.43626 3.4491 3.4531 3.44729 3.43154 3.40616 3.37194 3.32973 3.27965 3.22007 3.14749 3.05757 2.94568 2.81835 2.67519 2.51461 2.33419 2.13289 1.91279 1.67785 1.43328 1.18556 0.941647 0.706811 0.484963 0.279085 0.0911847 -0.0772847 -0.224228 -0.346897 -0.442434 -0.508879 -0.546329 -0.557369 -0.54581 -0.515806 -0.448804 -0.337831 -0.206252 -0.0657564 0.0731355 0.202876 0.319454 0.42003 0.502198 0.562703 0.597703 0.601791 0.565934 0.47402 0.297904 -0.00947681 -0.508642 -1.20532 -1.9366 -2.50149 -2.86626 -3.08747 -3.21732 -3.28823 -3.32002 -3.3234 -3.29736 -3.23784 -3.13914 -2.99481 -2.79925 -2.55156 -2.26212 -1.96129 -1.6913 -1.48404 -1.3512 -1.28875 -1.2851 -1.32638 -1.39581 -1.47256 -1.54323 -1.59502 -1.61707 -1.6032 -1.55267 -1.46881 -1.35793 -1.22622 -1.07904 -0.705443 0.321992 1.41487 2.05389 2.39163 -0.840473
13.1326 20.4909 -35.0677 10.6529 22.7373 -32.9733 8.12504 24.4641 -30.4811 5.61696 25.6561 -27.6756 3.18219 26.3169 -24.6395 0.849879 26.4648 -21.4328 -1.33654 26.1255 -18.1391 -3.35503 25.3366 -14.8154 -5.19046 24.1383 -11.5078 -6.83424 22.5694 -8.25144 -8.27957 20.6685 -5.07898 -9.52428 18.4702 -2.01528 -10.5675 16.0062 0.918569 -11.406 13.3147 3.69612 -12.0336 10.4178 6.31839 -12.4365 7.34491 8.7796 -12.5999 4.124 11.0733 -12.5113 0.802826 13.1785 -12.1602 -2.61209 15.0982 -11.537 -6.0947 16.8166 -10.6353 -9.61803 18.3141 -9.45995 -13.1329 19.5606 -8.00806 -16.629 20.5391 -6.28549 -20.0723 21.2212 -4.30337 -23.4239 21.5769 -2.06077 -26.6636 21.5755 0.40339 -29.7133 21.1855 3.05564 -32.5148 20.3842 5.85247 -35.004 19.157 8.75702 -37.1249 17.489 11.6842 -38.7913 15.3981 14.5541 -39.9368 12.9145 17.277 -40.5047 10.0895 19.7613 -40.4524 6.99109 21.9047 -39.7584 3.72024 23.6161 -38.4293 0.391717 24.8173 -36.5022 -2.86678 25.4492 -34.0522 -5.9154 25.4825 -31.1717 -8.63515 24.9124 -27.9804 -10.9125 23.7622 -24.6136 -12.6552 22.0945 -21.2342 -13.7926 19.9756 -17.9563 -14.3026 17.4952 -14.9021 -14.1787 14.7555 -12.1735 -13.441 11.8901 -9.86257 -12.1455 8.98078 -7.98482 -10.3457 6.12451 -6.5472 -8.10863 3.40445 -5.52436 -5.50382 0.846687 -4.86455 -2.59139 -1.53276 -4.51059 0.518662 -3.76122 -4.37957 3.75546 -5.88124 -4.37891 7.06683 -7.95788 -4.41141 10.4383 -10.0283 -4.37517 13.8136 -12.1389 -4.16757 17.1576 -14.3235 -3.68748 20.4253 -16.6039 -2.83632 23.5633 -18.9652 -1.53116 26.4775 -21.3703 0.288669 29.061 -23.7527 2.64804 31.189 -26.0153 5.51827 32.7278 -28.0478 8.82031 33.5591 -29.7282 12.412 33.5914 -30.9423 16.0995 32.7832 -31.5977 19.6333 31.1706 -31.6535 22.8093 28.8407 -31.1051 25.4214 25.9434 -29.9946 27.3114 22.6704 -28.4221 28.3791 19.2662 -26.4835 28.625 15.8922 -24.2932 28.0874 12.7116 -21.9597 26.8516 9.8428 -19.5578 25.0171 7.33911 -17.1692 22.7149 5.24189 -14.8327 20.065 3.53257 -12.5609 17.1728 2.16241 -10.3288 14.1026 1.0551 -8.13177 10.9467 0.135331 -5.94395 7.75985 -0.696322 -3.73472 4.59164 -1.54242 -1.46557 1.48089 -2.50937 0.87539 -1.49896 -3.69311 3.29187 -4.27434 -5.18267 5.7633 -6.75814 -7.04909 8.25613 -8.8489 -9.32166 10.7429 -10.4394 -11.9743 13.1723 -11.4336 -14.951 15.4742 -11.758 -18.1673 17.562 -11.3716 -21.5055 19.3608 -10.2683 -24.8519 20.7935 -8.47528 -28.0743 21.7949 -6.05418 -31.0385 22.314 -3.11801 -33.6023 22.3291 0.225062 -35.6729 21.8338 3.83085 -37.1618 20.8466 7.54123 -38.0115 19.4122 11.1937 -38.2004 17.594 14.646 -37.7422 15.4717 17.776 -36.6778 3.20084 3.36754 3.48007 3.55543 3.60474 3.63557 3.65287 3.65968 3.65737 3.64633 3.62619 3.59643 3.55696 3.50943 3.45532 3.39563 3.33047 3.25802 3.1745 3.07535 2.95603 2.82348 2.67659 2.513 2.3294 2.1238 1.89746 1.65387 1.39827 1.13774 0.880222 0.632082 0.398168 0.182119 -0.0137187 -0.187821 -0.338172 -0.46221 -0.557331 -0.621819 -0.655934 -0.662268 -0.644492 -0.606635 -0.530147 -0.407948 -0.264593 -0.112273 0.0378972 0.177504 0.302978 0.411933 0.502393 0.571489 0.615784 0.630273 0.606175 0.526877 0.361253 0.0514943 -0.491214 -1.29686 -2.13005 -2.72003 -3.06817 -3.26458 -3.37205 -3.42541 -3.44503 -3.4408 -3.41094 -3.35104 -3.25504 -3.11569 -2.9254 -2.67939 -2.38323 -2.06478 -1.77258 -1.55155 -1.42076 -1.37705 -1.40707 -1.49544 -1.62363 -1.77039 -1.92527 -2.07815 -2.21934 -2.3421 -2.44308 -2.5202 -2.57059 -2.5878 -2.56021 -2.26795 -1.17928 0.126619 0.858025 1.25436 -1.97764
12.0278 22.3427 -32.8962 9.27684 24.3491 -30.899 6.51059 25.8386 -28.509 3.79962 26.8017 -25.8061 1.19935 27.2453 -22.8694 -1.26066 27.1889 -19.7566 -3.53603 26.6602 -16.5493 -5.60577 25.6971 -13.3039 -7.45671 24.3396 -10.0672 -9.08297 22.6263 -6.87543 -10.4811 20.5955 -3.7629 -11.6527 18.2812 -0.756327 -12.601 15.7146 2.12126 -13.3275 12.9338 4.84178 -13.8305 9.96155 7.40594 -14.1 6.82864 9.80898 -14.1255 3.56413 12.0461 -13.8987 0.216546 14.0984 -13.4114 -3.20784 15.9708 -12.6555 -6.68301 17.6507 -11.6252 -10.1823 19.1213 -10.327 -13.6583 20.3549 -8.75595 -17.1013 21.3374 -6.91599 -20.4786 22.043 -4.81571 -23.7522 22.4441 -2.45032 -26.9026 22.5127 0.143587 -29.8538 22.218 2.93569 -32.5494 21.5376 5.88527 -34.9272 20.4559 8.95873 -36.9329 18.9565 12.0713 -38.4833 17.0525 15.1429 -39.5144 14.768 18.0821 -39.972 12.1471 20.7938 -39.8157 9.24945 23.1698 -39.026 6.16638 25.1113 -37.6115 3.00343 26.531 -35.6109 -0.12014 27.3596 -33.1014 -3.07169 27.5589 -30.1772 -5.7371 27.1156 -26.96 -8.0063 26.0468 -23.5873 -9.78881 24.4105 -20.223 -11.0133 22.2717 -16.9814 -11.6554 19.7199 -13.9844 -11.704 16.8599 -11.3326 -11.1717 13.8314 -9.1159 -10.1021 10.7225 -7.34933 -8.53897 7.63914 -6.03906 -6.53764 4.67424 -5.15911 -4.15751 1.86783 -4.65689 -1.44982 -0.756712 -4.4752 1.47221 -3.22571 -4.53237 4.53176 -5.58431 -4.7375 7.67096 -7.90432 -4.99718 10.8695 -10.2275 -5.21035 14.0691 -12.607 -5.27609 17.2336 -15.0844 -5.09457 20.3175 -17.6864 -4.56542 23.2707 -20.4004 -3.59961 26.0043 -23.1892 -2.12702 28.4177 -25.981 -0.108823 30.3937 -28.6663 2.44445 31.8062 -31.1178 5.47289 32.5438 -33.1906 8.85344 32.5203 -34.7446 12.4079 31.6978 -35.6605 15.8962 30.1134 -35.8798 19.1149 27.8528 -35.3854 21.8517 25.063 -34.2168 23.9357 21.9311 -32.4837 25.2467 18.6939 -30.2975 25.7684 15.5079 -27.7929 25.5223 12.5298 -25.1007 24.5798 9.87157 -22.3136 23.0326 7.58212 -19.5325 21.0045 5.69632 -16.8082 18.6135 4.19158 -14.1598 15.9662 3.01638 -11.5621 13.1315 2.09412 -9.01505 10.2018 1.34429 -6.49032 7.23537 0.665841 -3.95418 4.28628 -0.0447524 -1.36462 1.39945 -0.894049 1.28883 -1.34699 -1.97896 4.00647 -3.87447 -3.38863 6.76011 -6.09253 -5.19373 9.50461 -7.89921 -7.41941 12.2011 -9.19033 -10.0293 14.7876 -9.87818 -12.9599 17.1849 -9.90122 -16.1223 19.3001 -9.23371 -19.3984 21.0549 -7.88299 -22.6767 22.3726 -5.88939 -25.8296 23.1916 -3.3251 -28.7287 23.4705 -0.310399 -31.2382 23.1976 3.045 -33.2705 22.3801 6.59891 -34.7419 21.0511 10.1996 -35.5978 19.2696 13.6941 -35.817 17.1115 16.9518 -35.4117 14.666 19.8619 -34.4194 2.92106 3.08715 3.19437 3.26392 3.30846 3.33594 3.35114 3.35668 3.35348 3.34158 3.32029 3.28884 3.24697 3.19613 3.13796 3.07372 3.00372 2.9263 2.83794 2.73419 2.61062 2.47493 2.32576 2.1603 1.97459 1.7658 1.53416 1.28229 1.01491 0.739239 0.464095 0.19712 -0.0554939 -0.288977 -0.500246 -0.687429 -0.84841 -0.980726 -1.08202 -1.1509 -1.18787 -1.19554 -1.17721 -1.13622 -1.05445 -0.923684 -0.768052 -0.600268 -0.432426 -0.275823 -0.134725 -0.0117031 0.0915093 0.172471 0.228343 0.255084 0.244395 0.1803 0.0301248 -0.274354 -0.861971 -1.81955 -2.79508 -3.41115 -3.74006 -3.91394 -4.00441 -4.04712 -4.06207 -4.0575 -4.03048 -3.976 -3.88741 -3.75639 -3.57277 -3.3267 -3.01652 -2.6651 -2.33019 -2.07209 -1.91845 -1.86609 -1.8984 -1.99678 -2.13872 -2.29889 -2.46702 -2.63352 -2.78994 -2.93188 -3.05969 -3.17633 -3.28438 -3.381 -3.45085 -3.31327 -2.40579 -0.556794 0.537753 1.01849 -1.91689
12.7807 25.7156 -32.2183 9.84392 27.5012 -30.2771 6.90868 28.768 -27.9614 4.0464 29.5121 -25.3468 1.31305 29.7446 -22.5082 -1.26205 29.4865 -19.5005 -3.6339 28.768 -16.4018 -5.78212 27.6271 -13.2669 -7.69462 26.1038 -10.1418 -9.36698 24.2356 -7.06272 -10.7974 22.0598 -4.06491 -11.9895 19.6095 -1.17648 -12.9489 16.9148 1.57759 -13.6798 14.0129 4.16737 -14.1826 10.9268 6.59335 -14.4482 7.68946 8.85421 -14.4666 4.33169 10.9488 -14.2299 0.904116 12.8634 -13.7286 -2.58558 14.6071 -12.952 -6.10869 16.1738 -11.8892 -9.63468 17.5548 -10.5498 -13.1178 18.7224 -8.92978 -16.5499 19.6628 -7.03208 -19.8983 20.353 -4.86305 -23.1249 20.7686 -2.41458 -26.2098 20.8848 0.278921 -29.0777 20.673 3.18956 -31.6735 20.112 6.27875 -33.937 19.1857 9.51562 -35.8152 17.8772 12.8156 -37.2285 16.1949 16.0982 -38.1163 14.1571 19.2705 -38.4277 11.7998 22.2343 -38.1258 9.17316 24.875 -37.1949 6.35632 27.0858 -35.6471 3.44236 28.7695 -33.5246 0.538135 29.845 -30.9081 -2.23546 30.2629 -27.8945 -4.77302 29.9986 -24.609 -6.97106 29.0596 -21.1921 -8.74264 27.4967 -17.8112 -10.0161 25.372 -14.583 -10.7637 22.7753 -11.6316 -10.9683 19.8146 -9.05904 -10.633 16.6386 -6.95481 -9.7877 13.3443 -5.33417 -8.46482 10.0493 -4.2024 -6.70645 6.85968 -3.53221 -4.56009 3.82447 -3.26999 -2.07444 0.977819 -3.35025 0.636576 -1.7028 -3.68608 3.49342 -4.26298 -4.18342 6.43583 -6.77956 -4.74989 9.44022 -9.29929 -5.28276 12.4481 -11.8838 -5.68241 15.4215 -14.5838 -5.84966 18.3134 -17.4305 -5.68106 21.0773 -20.4092 -5.07741 23.6335 -23.4795 -3.95718 25.8894 -26.5632 -2.26785 27.7355 -29.5402 -0.00384336 29.0536 -32.269 2.79071 29.739 -34.5873 6.00781 29.7115 -36.3374 9.48081 28.9364 -37.384 12.9755 27.4499 -37.6595 16.2869 25.3341 -37.1429 19.1956 22.7282 -35.8765 21.5173 19.8086 -33.9812 23.1117 16.7975 -31.5804 23.947 13.8409 -28.824 24.0276 11.0844 -25.857 23.4108 8.63106 -22.7825 22.1799 6.52504 -19.7123 20.4499 4.79734 -16.7029 18.3366 3.42603 -13.7766 15.9472 2.3628 -10.9064 13.3561 1.53666 -8.0991 10.6542 0.864417 -5.32623 7.90402 0.24664 -2.55282 5.16529 -0.417935 0.265643 2.49087 -1.23319 3.13975 -0.0341197 -2.29374 6.0691 -2.32318 -3.68657 9.02169 -4.27886 -5.48051 11.9419 -5.79705 -7.69805 14.7814 -6.77903 -10.2909 17.4701 -7.14694 -13.1868 19.9232 -6.85234 -16.2924 22.0439 -5.88492 -19.4891 23.7535 -4.26541 -22.668 24.977 -2.0471 -25.7067 25.6571 0.687267 -28.4837 25.7602 3.8097 -30.8719 25.2827 7.20853 -32.7912 24.2416 10.7428 -34.1655 22.6798 14.2662 -34.9466 20.6654 17.6347 -35.1176 18.2807 20.7276 -34.6924 15.6199 23.4453 -33.708 2.27187 2.41618 2.50617 2.56248 2.59713 2.6175 2.62775 2.62988 2.6243 2.6106 2.58775 2.55467 2.51082 2.45743 2.39657 2.32978 2.25779 2.17943 2.0917 1.99064 1.86934 1.73609 1.58985 1.42772 1.24513 1.03817 0.805636 0.548653 0.270852 -0.0208312 -0.3167 -0.607332 -0.884386 -1.14114 -1.37316 -1.57796 -1.75325 -1.89678 -2.00665 -2.08199 -2.1237 -2.13442 -2.11705 -2.074 -1.9872 -1.8468 -1.67602 -1.48798 -1.29722 -1.11827 -0.956917 -0.816427 -0.698464 -0.604909 -0.537502 -0.498837 -0.496636 -0.546782 -0.681766 -0.97577 -1.59293 -2.69166 -3.78638 -4.40463 -4.70874 -4.86155 -4.93754 -4.97137 -4.98215 -4.97629 -4.95008 -4.89843 -4.8149 -4.69138 -4.51727 -4.28015 -3.97209 -3.60438 -3.23811 -2.94686 -2.7692 -2.70447 -2.73451 -2.83876 -2.9919 -3.16194 -3.33921 -3.51484 -3.68144 -3.83645 -3.98306 -4.12759 -4.27553 -4.42414 -4.55248 -4.51572 -3.87779 -1.52762 0.0211552 0.513498 -1.79655
13.9127 29.8726 -31.471 10.9018 31.5512 -29.5479 7.88336 32.7043 -27.2802 4.92875 33.3309 -24.7386 2.0947 33.4445 -21.9931 -0.588903 33.0669 -19.0948 -3.07516 32.2296 -16.118 -5.34219 30.9712 -13.1145 -7.37626 29.3321 -10.1278 -9.17127 27.3503 -7.19207 -10.7234 25.0646 -4.34023 -12.0343 22.509 -1.59822 -13.1079 19.7151 1.01109 -13.9465 16.7215 3.46007 -14.5555 13.5478 5.74457 -14.9269 10.2263 7.86402 -15.051 6.7877 9.81919 -14.9181 3.28368 11.6008 -14.5171 -0.277225 13.2222 -13.8338 -3.86434 14.6836 -12.8528 -7.44432 15.984 -11.5764 -10.9662 17.1048 -10.0043 -14.4247 18.0298 -8.14201 -17.7899 18.7345 -5.99714 -21.0267 19.194 -3.56147 -24.118 19.3841 -0.86756 -26.9914 19.2763 2.05958 -29.5941 18.8493 5.18506 -31.8685 18.0859 8.48258 -33.7642 16.9678 11.8715 -35.2032 15.4977 15.2753 -36.1262 13.6868 18.6031 -36.4821 11.5617 21.758 -36.2326 9.16194 24.6232 -35.3584 6.55407 27.0868 -33.8671 3.81893 29.0431 -31.795 1.0524 30.3985 -29.217 -1.63324 31.0909 -26.226 -4.13726 31.0815 -22.9449 -6.35755 30.3644 -19.5144 -8.20502 28.9788 -16.105 -9.60193 26.9809 -12.8382 -10.5137 24.4564 -9.84458 -10.9138 21.5127 -7.23374 -10.7946 18.3022 -5.10429 -10.1721 14.9297 -3.48076 -9.06812 11.5243 -2.3784 -7.51318 8.20792 -1.77918 -5.54531 5.04418 -1.63301 -3.21527 2.08109 -1.86547 -0.641247 -0.697294 -2.38117 2.09273 -3.33536 -3.0793 4.92344 -5.91322 -3.86457 7.8249 -8.48292 -4.63025 10.7388 -11.1138 -5.27501 13.6273 -13.8647 -5.69767 16.4441 -16.7781 -5.79407 19.1412 -19.8381 -5.45358 21.6496 -23.0019 -4.58207 23.886 -26.1873 -3.11324 25.748 -29.268 -1.0278 27.1211 -32.0952 1.64129 27.901 -34.4985 4.79388 28.0039 -36.3121 8.26633 27.3888 -37.3943 11.8214 26.082 -37.6748 15.2469 24.157 -37.1321 18.3122 21.743 -35.8119 20.8202 19.0072 -33.8412 22.6151 16.1618 -31.3497 23.6554 13.3489 -28.4936 23.9364 10.7096 -25.4234 23.5089 8.34437 -22.2458 22.4535 6.29696 -19.0757 20.8824 4.5981 -15.9711 18.9112 3.22736 -12.9544 16.6489 2.13878 -10.0016 14.1706 1.25956 -7.11823 11.571 0.510421 -4.2722 8.92019 -0.20186 -1.42534 6.28652 -0.972136 1.46975 3.73284 -1.89844 4.42478 1.35402 -3.06886 7.43866 -0.753261 -4.56442 10.4756 -2.48232 -6.448 13.4712 -3.72647 -8.73462 16.3702 -4.39913 -11.3601 19.0989 -4.43818 -14.2417 21.5714 -3.81235 -17.2821 23.6925 -2.52856 -20.3651 25.3859 -0.62035 -23.3887 26.5799 1.84827 -26.2403 27.2206 4.78702 -28.8103 27.278 8.06278 -30.9851 26.751 11.5641 -32.6959 25.6586 15.1519 -33.8781 24.0448 18.6847 -34.4938 21.9775 22.0251 -34.5335 19.5377 25.0603 -34.0152 16.8176 27.698 -32.9769 1.05024 1.17505 1.25382 1.30299 1.33289 1.35019 1.35858 1.35967 1.35353 1.33956 1.31663 1.28366 1.24019 1.18675 1.12584 1.05934 0.988474 0.912667 0.829397 0.735072 0.622879 0.497749 0.359059 0.204243 0.0289469 -0.17093 -0.397304 -0.650242 -0.927495 -1.22326 -1.52816 -1.83207 -2.12512 -2.39882 -2.64726 -2.86701 -3.05539 -3.21003 -3.32918 -3.41219 -3.46016 -3.4758 -3.46181 -3.42007 -3.33375 -3.19128 -3.01289 -2.8109 -2.60194 -2.40419 -2.22554 -2.07041 -1.94067 -1.83775 -1.76242 -1.71608 -1.70432 -1.74406 -1.86644 -2.14371 -2.74421 -3.86708 -5.02122 -5.66103 -5.96801 -6.11965 -6.19395 -6.22635 -6.23623 -6.22939 -6.2022 -6.14981 -6.06617 -5.94369 -5.77248 -5.54102 -5.23991 -4.88235 -4.52624 -4.24046 -4.06332 -3.99712 -4.02705 -4.13515 -4.29591 -4.46996 -4.64902 -4.82535 -4.99274 -5.1501 -5.30245 -5.45822 -5.6245 -5.79748 -5.9495 -5.93912 -5.33414 -2.40015 -0.957249 -0.560671 -1.68867
15.794 31.5011 -30.6158 12.6541 33.1344 -28.8679 9.49109 34.2508 -26.7866 6.37903 34.8517 -24.4336 3.37747 34.949 -21.8717 0.518558 34.5605 -19.1477 -2.1467 33.7134 -16.333 -4.59346 32.4431 -13.4793 -6.80544 30.7881 -10.631 -8.77427 28.7866 -7.82292 -10.4937 26.4781 -5.08767 -11.963 23.8984 -2.45056 -13.1837 21.0802 0.0663218 -14.1563 18.0636 2.43618 -14.8889 14.8666 4.65076 -15.3764 11.5206 6.70724 -15.6111 8.05665 8.6068 -15.5846 4.52684 10.3416 -15.2877 0.93963 11.9271 -14.707 -2.67424 13.3668 -13.8272 -6.28146 14.6643 -12.6397 -9.82437 15.8161 -11.1427 -13.2975 16.8086 -9.34154 -16.6727 17.6165 -7.24307 -19.9173 18.2146 -4.83749 -23.0164 18.5796 -2.1543 -25.9001 18.6813 0.78487 -28.5177 18.4966 3.94909 -30.8136 18.0059 7.31676 -32.7392 17.1887 10.8111 -34.2177 16.0395 14.3587 -35.1898 14.5609 17.8707 -35.6037 12.7686 21.2499 -35.4188 10.6898 24.3759 -34.6128 8.37619 27.13 -33.1881 5.89436 29.3964 -31.1765 3.32703 31.0671 -28.6477 0.775542 32.0656 -25.6917 -1.66587 32.3374 -22.4299 -3.89798 31.8626 -19.0041 -5.83033 30.6682 -15.5879 -7.37879 28.8047 -12.3071 -8.50077 26.3543 -9.29742 -9.15885 23.4246 -6.67404 -9.33235 20.1712 -4.54157 -9.01955 16.7056 -2.93114 -8.22894 13.167 -1.86569 -6.97503 9.69132 -1.3355 -5.28131 6.35656 -1.29226 -3.19871 3.22514 -1.65269 -0.848426 0.288193 -2.31449 1.6807 -2.4961 -3.17235 4.32105 -5.20949 -4.13014 7.04148 -7.90596 -5.07955 9.78159 -10.6593 -5.91941 12.5008 -13.5334 -6.54821 15.1513 -16.5809 -6.86415 17.678 -19.7871 -6.74917 20.0187 -23.1082 -6.0999 22.097 -26.4577 -4.83901 23.8182 -29.7012 -2.93527 25.0754 -32.6796 -0.411286 25.7712 -35.2104 2.6411 25.8283 -37.1166 6.06309 25.2106 -38.2479 9.61843 23.9467 -38.5304 13.0919 22.1101 -37.9432 16.2476 19.8265 -36.5362 18.8809 17.2567 -34.4456 20.8259 14.6018 -31.8095 22.0336 11.9952 -28.7933 22.4916 9.56723 -25.5556 22.244 7.4087 -22.2085 21.367 5.55648 -18.8725 19.9677 4.0343 -15.6083 18.1591 2.81896 -12.4397 16.0491 1.86458 -9.34418 13.7117 1.09721 -6.32621 11.243 0.441033 -3.3511 8.71661 -0.191351 -0.377881 6.20504 -0.888626 2.64426 3.77649 -1.74289 5.72931 1.53071 -2.83823 8.87797 -0.429704 -4.25373 12.0535 -1.99161 -6.05302 15.1835 -3.04556 -8.25348 18.2066 -3.5167 -10.7811 21.0456 -3.35458 -13.5497 23.6127 -2.53832 -16.4639 25.811 -1.08411 -19.4142 27.5636 0.967754 -22.3073 28.7981 3.54746 -25.0409 29.4621 6.56165 -27.5158 29.528 9.87822 -29.6276 28.9972 13.3917 -31.3121 27.8887 16.9708 -32.5058 26.2442 20.4809 -33.168 24.1283 23.7889 -33.2854 21.6195 26.7838 -32.8726 18.8093 29.3752 -31.966 -1.01222 -0.878686 -0.800683 -0.755142 -0.729039 -0.715074 -0.709827 -0.712067 -0.721813 -0.739442 -0.765701 -0.801302 -0.846471 -0.901037 -0.962792 -1.02956 -1.0999 -1.17405 -1.25415 -1.34349 -1.44641 -1.56121 -1.68916 -1.83283 -1.99676 -2.18571 -2.40282 -2.64981 -2.92638 -3.22832 -3.54676 -3.87041 -4.18685 -4.48453 -4.7551 -4.99377 -5.19742 -5.36392 -5.49206 -5.58182 -5.63479 -5.65392 -5.64167 -5.5993 -5.51179 -5.36586 -5.17813 -4.95962 -4.72968 -4.51067 -4.31257 -4.14084 -3.99741 -3.88319 -3.79811 -3.74243 -3.71918 -3.74639 -3.85493 -4.12059 -4.73899 -5.98526 -7.22157 -7.83792 -8.1146 -8.24422 -8.30271 -8.32347 -8.32489 -8.31141 -8.27895 -8.22274 -8.13683 -8.01372 -7.84316 -7.61211 -7.30596 -6.9364 -6.56222 -6.25921 -6.07227 -6.00637 -6.0476 -6.17897 -6.37361 -6.57868 -6.7881 -6.99557 -7.19556 -7.38723 -7.57541 -7.7675 -7.96831 -8.17105 -8.34712 -8.36797 -7.91799 -5.6391 -3.60587 -3.08256 -2.11284
16.3448 30.1849 -31.5685 13.1742 31.9678 -30.0356 9.9657 33.2523 -28.128 6.79408 34.0311 -25.9107 3.72194 34.3101 -23.4476 0.78595 34.1034 -20.7865 -1.95694 33.4336 -17.9987 -4.4769 32.3325 -15.1384 -6.75408 30.8358 -12.2541 -8.77839 28.9792 -9.38658 -10.5433 26.801 -6.57459 -12.0491 24.3368 -3.84913 -13.2987 21.6198 -1.23694 -14.2942 18.6906 1.23098 -15.0456 15.5675 3.54274 -15.5492 12.2849 5.69515 -15.7975 8.87667 7.69135 -15.7834 5.39663 9.52414 -15.5003 1.85436 11.21 -14.9381 -1.7198 12.7525 -14.0855 -5.29423 14.1546 -12.9381 -8.81465 15.4113 -11.4904 -12.2747 16.5164 -9.74571 -15.6477 17.4477 -7.70864 -18.9034 18.1823 -5.36759 -22.0301 18.6999 -2.74852 -24.9614 18.9698 0.130965 -27.6509 18.9689 3.24516 -30.0469 18.6764 6.57894 -32.1049 18.0703 10.0639 -33.75 17.1397 13.6357 -34.923 15.8815 17.2147 -35.5699 14.3036 20.7127 -35.6452 12.4241 24.0163 -35.117 10.2835 27.0105 -33.9755 7.93696 29.5793 -32.2368 5.4566 31.6094 -29.9524 2.93543 33.0154 -27.1941 0.463493 33.7294 -24.0654 -1.85968 33.7145 -20.6929 -3.93847 32.9752 -17.2403 -5.67855 31.5444 -13.8304 -7.02772 29.4832 -10.6029 -7.93871 26.8781 -7.6854 -8.38351 23.8648 -5.20578 -8.35414 20.543 -3.21792 -7.86127 17.0421 -1.772 -6.92197 13.4933 -0.884076 -5.56273 9.9952 -0.534279 -3.80181 6.64882 -0.662388 -1.74153 3.47577 -1.17081 0.524151 0.459417 -1.95148 2.92245 -2.46472 -2.90272 5.41746 -5.33651 -3.91175 7.95029 -8.22371 -4.87458 10.4835 -11.1907 -5.68933 12.9763 -14.298 -6.25583 15.3837 -17.5628 -6.46704 17.635 -20.9667 -6.21461 19.6647 -24.4516 -5.40571 21.389 -27.9084 -3.97998 22.7091 -31.1963 -1.92033 23.5296 -34.1372 0.729278 23.7664 -36.5413 3.85765 23.3676 -38.2243 7.26715 22.3379 -39.073 10.7606 20.7274 -39.0184 14.1009 18.6399 -38.066 17.061 16.2216 -36.3157 19.4313 13.6682 -33.8949 21.1196 11.1203 -30.9709 22.0681 8.72175 -27.7191 22.284 6.58129 -24.2764 21.8218 4.75455 -20.7925 20.7741 3.2818 -17.3548 19.2542 2.15279 -14.0073 17.3774 1.33094 -10.7358 15.2326 0.755211 -7.55543 12.9195 0.345636 -4.43551 10.5139 0.00898682 -1.33562 8.08601 -0.351809 1.79709 5.69638 -0.838336 4.97996 3.43269 -1.54966 8.22098 1.38481 -2.58064 11.4957 -0.343586 -4.0123 14.7377 -1.63884 -5.89961 17.8663 -2.40336 -8.2184 20.8012 -2.56974 -10.8848 23.4555 -2.10093 -13.7975 25.7365 -0.998193 -16.8361 27.5739 0.709044 -19.8956 28.9007 2.96254 -22.8643 29.6651 5.68146 -25.6345 29.8336 8.74783 -28.0907 29.3981 12.0649 -30.1574 28.3675 15.5076 -31.754 26.7771 18.9425 -32.8198 24.6914 22.2337 -33.3218 22.1928 25.2646 -33.2596 19.3775 27.9383 -32.6596 -3.37863 -3.12859 -2.97748 -2.8796 -2.81278 -2.76532 -2.73145 -2.70867 -2.69654 -2.69541 -2.70605 -2.72905 -2.76444 -2.81183 -2.86887 -2.93291 -3.00226 -3.07698 -3.15907 -3.25156 -3.35835 -3.47528 -3.60418 -3.74752 -3.90971 -4.09541 -4.30787 -4.5492 -4.81986 -5.11685 -5.43278 -5.75762 -6.0794 -6.38605 -6.66797 -6.91919 -7.13571 -7.31494 -7.45538 -7.55683 -7.62075 -7.65014 -7.64776 -7.61521 -7.54207 -7.41535 -7.24567 -7.04076 -6.80974 -6.5754 -6.35351 -6.15338 -5.98047 -5.83799 -5.72655 -5.64557 -5.5956 -5.58375 -5.63431 -5.80174 -6.25057 -7.4557 -9.11606 -9.88506 -10.1768 -10.2968 -10.3425 -10.3512 -10.3425 -10.3215 -10.283 -10.2219 -10.1317 -10.0045 -9.82791 -9.58334 -9.24405 -8.79246 -8.28446 -7.83559 -7.52859 -7.37244 -7.34113 -7.40603 -7.54446 -7.70916 -7.86834 -8.01456 -8.14174 -8.24878 -8.34065 -8.426 -8.51353 -8.60453 -8.68491 -8.63481 -8.21632 -7.04582 -5.08523 -4.00729 -0.442239
