# num_vectors 137
# vector_size 101
-13.7168 -20.4264 -16.462 1.91357 -21.1711 -18.5722 16.1889 -14.3441 -17.3489 26.109 -3.95317 -10.5754 29.3481 4.74386 2.24895 24.8669 5.78547 17.2945 15.7121 -3.02653 26.415 5.7706 -15.204 25.2904 -3.00008 -24.491 15.8945 -10.9788 -27.198 2.42658 -18.9016 -21.3468 -9.98781 -25.9798 -8.13256 -14.808 -29.1484 5.50348 -7.90027 -25.5991 12.9852 5.47082 -16.2187 13.269 18.2301 -2.81171 9.29352 25.7644 12.5117 5.21105 25.4165 25.5023 5.35724 16.4987 29.9065 11.9054 3.04534 24.0099 20.2126 -8.8994 10.9657 25.7137 -15.9505 -4.77439 25.6291 -18.0479 -18.9857 18.6633 -16.8202 -27.2028 5.32334 -14.5953 -25.4874 -10.3026 -14.0279 23.6873 23.672 23.6475 23.614 23.6004 23.6058 23.5918 23.5988 23.6177 23.6219 23.6172 23.6352 23.6467 23.6302 23.6128 23.5899 23.5558 23.5996 23.6743 23.6824 23.6498 23.6112 23.6026 23.6221 23.6352 -0.301808
-13.5584 -21.8744 -15.6534 1.99193 -23.0351 -18.1343 16.1093 -15.8204 -17.4028 25.499 -4.73722 -10.9796 28.6129 4.54626 1.4589 25.1442 6.29346 16.7052 15.9473 -1.65171 26.5508 5.74793 -13.629 25.5991 -2.67614 -23.4323 16.4128 -10.324 -26.972 2.94598 -18.3373 -21.5981 -9.62513 -25.4445 -8.40836 -14.4696 -27.946 5.30771 -7.44748 -24.3217 12.6024 6.00658 -15.3848 12.6948 19.083 -2.29196 8.22608 26.8884 12.7224 3.15209 26.243 25.6009 3.2598 17.1637 30.2754 11.1181 4.52817 23.8102 20.1968 -6.52766 10.7773 25.3542 -13.8541 -4.69455 25.0813 -17.4182 -18.8956 17.9959 -17.0765 -26.7943 4.50544 -14.6186 -24.7592 -11.0553 -13.5436 22.122 22.1726 22.0825 21.9699 21.9541 21.9749 21.9729 21.9945 22.0441 22.0871 22.1173 22.1129 22.0921 22.0922 22.2159 22.5352 22.2058 22.2066 22.2605 22.0359 22.1459 22.1837 22.1896 22.2805 21.7935 -0.16285
-13.0065 -22.277 -15.6784 2.63944 -22.7631 -17.7474 16.2164 -14.5726 -17.0627 25.5362 -3.08986 -11.2705 29.5273 5.68452 1.28638 26.6756 6.15904 16.7518 17.1802 -2.05462 26.0802 6.3199 -13.4538 25.3701 -2.63932 -23.298 16.7515 -10.3078 -27.2425 3.40946 -18.1037 -22.1906 -9.42903 -25.0768 -9.026 -14.53 -27.528 4.65846 -7.42883 -23.8016 12.3594 5.76857 -14.6103 13.5808 18.6098 -1.38632 9.83705 26.5739 13.5356 4.46422 26.3255 26.37 3.5483 17.2293 31.1525 10.7854 4.26744 24.2664 19.726 -6.6458 11.1409 24.6766 -13.9496 -4.22264 24.2678 -17.9434 -18.46 17.2551 -17.6142 -26.4479 3.90139 -14.7341 -24.3848 -11.6479 -13.5525 20.3657 20.4665 20.2943 20.098 20.0803 20.1214 20.111 20.149 20.2182 20.2697 20.3075 20.2996 20.2908 20.3023 20.4111 20.5679 20.3692 20.3657 20.409 20.1826 20.3543 20.3727 20.3767 20.4333 20.0536 -0.180797
-12.5985 -21.9019 -16.3917 3.07553 -22.0393 -18.2934 16.367 -13.4377 -17.1816 25.3398 -1.74846 -11.2562 29.4613 6.81842 1.40128 27.2914 6.16921 16.9705 18.2436 -2.5497 26.2851 6.99393 -13.5699 25.6618 -2.3071 -23.0098 16.9534 -9.79372 -26.7871 3.46064 -17.4754 -21.9664 -9.53469 -24.7508 -9.09551 -14.9532 -27.0984 4.6622 -7.95939 -23.54 12.7738 5.03687 -14.6537 14.6989 18.006 -1.61199 10.8939 26.2372 12.9192 4.53464 26.2138 25.7401 2.2948 17.3306 30.5726 8.72575 3.96832 23.8417 18.248 -6.54251 11.0987 24.1719 -13.7991 -4.17168 24.4238 -18.1475 -18.5006 17.5949 -17.956 -26.2502 4.1164 -15.0072 -24.0607 -11.4263 -13.9749 18.5912 18.6909 18.5069 18.2656 18.2063 18.2154 18.204 18.2891 18.3449 18.3806 18.4334 18.4272 18.4267 18.4446 18.5033 18.5881 18.548 18.5397 18.635 18.4385 18.549 18.5009 18.4222 18.4583 18.3617 -0.281193
-13.3376 -21.9467 -15.3348 2.32972 -21.7218 -17.2839 15.6 -13.0328 -16.7461 25.0818 -1.38445 -11.5817 29.5148 7.6536 0.635221 27.4729 7.02104 16.2224 18.5572 -1.87988 25.4922 7.37131 -12.9721 25.0158 -2.15961 -22.5042 16.6637 -10.0536 -26.4363 3.45023 -18.1093 -21.6702 -9.33704 -25.5948 -8.79192 -14.4425 -28.1796 5.1018 -7.8106 -24.3878 13.5166 4.92424 -15.3013 15.2135 17.786 -2.30176 11.0068 25.8874 12.1772 4.52991 25.8113 25.1547 2.34065 17.1455 30.2287 8.69389 3.83564 23.4793 18.293 -6.59322 10.6209 24.3227 -13.5531 -4.77148 24.5896 -17.4468 -19.0223 17.6009 -17.1959 -26.869 4.10418 -14.6089 -24.9013 -11.4634 -13.5068 16.7255 16.8004 16.5653 16.3572 16.3111 16.3226 16.2945 16.3733 16.458 16.5175 16.5796 16.5925 16.5769 16.5632 16.6037 16.7335 16.6749 16.6735 16.771 16.5444 16.6292 16.6019 16.5741 16.6938 16.198 -0.224706
-13.9921 -21.7012 -14.5221 1.53314 -21.1119 -17.3381 14.9759 -12.6825 -17.6927 24.8529 -1.49597 -12.2554 28.9391 7.22947 0.304895 26.6028 6.77338 15.8569 17.7705 -1.84222 25.4697 6.29834 -12.6485 25.4883 -3.75643 -21.8254 17.3555 -11.6012 -25.4678 4.03019 -18.9166 -20.5403 -9.13518 -26.5851 -7.91208 -14.5822 -30.1619 5.79019 -8.01342 -26.2235 13.9505 4.84182 -16.5917 15.2827 17.3447 -3.4786 10.9686 25.2031 11.0558 4.61738 25.2933 24.2777 2.34603 17.0271 29.7483 8.58476 3.82056 23.4022 18.3633 -6.69436 10.6652 24.861 -13.4535 -4.78641 25.3057 -17.0875 -18.8862 18.0166 -16.8558 -26.7632 4.52019 -14.3605 -25.4869 -11.097 -12.9791 15.1405 15.0876 14.8147 14.6569 14.6053 14.5936 14.5642 14.696 14.7894 14.8025 14.8637 14.909 14.8934 14.8658 14.9148 15.0166 14.9581 14.9615 15.0754 14.8458 14.8604 14.8089 14.8204 15.2115 14.2449 -0.27068
-13.9039 -21.7293 -14.2713 1.60479 -21.5202 -17.2294 15.2175 -13.3612 -17.3388 24.8009 -2.07986 -11.5811 28.5759 7.22073 0.659868 26.6468 7.10745 16.2739 18.0399 -1.57867 26.0267 6.63814 -12.458 25.8618 -3.37121 -21.4434 17.4634 -11.1158 -24.8127 4.00824 -18.4286 -19.9466 -9.18144 -26.2177 -7.54596 -14.9697 -29.924 6.52485 -9.3153 -26.3026 15.3114 3.21629 -17.1133 16.5183 16.0603 -4.27806 11.9617 24.2341 10.2967 5.70732 24.4727 23.5617 3.00278 16.4085 29.5668 8.04371 2.92555 23.7288 17.3871 -8.25817 11.0047 24.2145 -14.7096 -4.6162 25.2621 -17.3642 -18.8355 18.2296 -16.7779 -26.6465 4.65491 -14.5099 -25.2662 -10.9444 -13.0296 13.3613 13.3082 13.0991 12.95 12.8598 12.8457 12.8226 12.9583 13.0358 13.0303 13.092 13.1474 13.1157 13.0567 13.0947 13.2029 13.1751 13.1962 13.3486 13.1502 13.0804 13.0657 13.0634 13.4471 12.2823 -0.284095
-13.9676 -21.3741 -13.8521 1.57008 -21.3448 -16.6622 15.4653 -13.6759 -16.6103 25.3478 -2.56952 -11.0206 28.9933 7.31319 0.796166 27.4425 6.89711 16.4471 19.2884 -2.58989 25.836 8.54009 -14.0685 24.7856 -1.10016 -22.775 15.6907 -9.08378 -25.4573 2.22088 -16.6461 -19.7132 -10.4652 -25.3946 -7.67114 -15.6032 -30.1053 5.95068 -9.60763 -26.4112 14.7039 2.92597 -17.0552 15.6902 15.668 -4.17801 11.0851 23.7481 10.5562 5.21218 23.8334 23.792 2.69213 15.6621 29.7065 7.54323 2.06988 23.6818 17.3814 -8.57778 11.1394 25.0626 -14.3939 -4.51587 26.6028 -16.5609 -18.5493 19.2113 -15.9121 -25.9266 5.34412 -13.9875 -25.0383 -10.2959 -12.5585 11.8542 11.7644 11.5843 11.4923 11.3806 11.3655 11.3362 11.4511 11.5279 11.5243 11.5992 11.7053 11.6975 11.6241 11.6663 11.8222 11.7247 11.7429 11.9112 11.7152 11.5307 11.466 11.4333 12.0577 10.5663 -0.37377
-14.1379 -22.0094 -14.3573 1.41559 -22.0422 -17.078 15.252 -14.2785 -16.668 24.7507 -2.99849 -10.7689 28.2078 6.91348 1.07998 27.4159 6.40198 16.7848 20.2907 -3.67155 26.3973 9.92848 -15.4481 24.8734 0.137899 -23.3862 15.2511 -8.26346 -25.3478 1.91166 -16.4773 -19.9162 -10.5042 -25.5891 -8.22437 -15.8172 -30.5767 5.3336 -9.90106 -27.1404 14.0166 2.75425 -17.6736 15.2567 15.392 -4.67947 10.7085 23.3156 9.92272 4.51493 23.203 23.0872 1.91848 14.9408 29.1035 7.1916 1.55192 23.2216 17.3514 -8.87133 10.4742 24.7593 -14.5955 -5.25206 25.7398 -16.5654 -19.2482 18.2995 -15.7043 -26.7167 4.50206 -13.6359 -25.4122 -11.1573 -12.9151 10.1464 10.0749 9.92091 9.80628 9.63592 9.5775 9.54606 9.69389 9.76292 9.74845 9.84204 9.96687 9.97096 9.90998 9.94193 10.1155 10.0087 10.011 10.1742 9.86988 9.67814 9.65703 9.64893 10.0494 8.99502 -0.458972
-15.5922 -22.5442 -13.5961 -0.173771 -22.8289 -16.9878 13.5148 -14.7995 -16.7916 22.6355 -3.30755 -10.7081 26.1871 6.41176 1.27161 25.86 6.54517 17.0008 19.6484 -3.59103 27.1651 9.63269 -15.6478 25.5205 -0.30373 -23.2726 15.7948 -9.07031 -25.2553 2.6956 -17.7861 -20.3319 -9.5894 -27.0695 -8.726 -14.7925 -31.7998 5.01571 -9.09291 -28.0256 14.1537 3.13864 -18.1715 15.6287 15.4508 -4.93787 11.2049 23.0414 9.66928 5.02379 22.8963 22.8774 2.3892 14.7165 28.8911 7.75994 1.36542 23.2379 17.7566 -9.33782 10.2341 24.9492 -14.7507 -5.58136 25.5919 -16.0206 -19.5199 18.1222 -14.6384 -27.2551 4.45118 -12.7157 -26.3076 -11.2143 -11.6531 8.70469 8.65863 8.50522 8.33828 8.13493 8.03588 8.00503 8.16284 8.22393 8.22103 8.33404 8.46022 8.45185 8.36367 8.39352 8.5564 8.44241 8.45099 8.62116 8.24721 8.02317 8.04696 8.10618 8.5962 7.26635 -0.583654
-14.5673 -21.8358 -15.0161 0.993073 -22.3074 -17.6552 14.6653 -14.3489 -16.3823 23.2914 -2.78095 -9.74659 26.5314 6.76159 2.46143 25.1666 6.68882 18.1351 18.2805 -3.46425 27.8376 8.38916 -15.6274 26.2243 -1.17219 -23.6139 16.4134 -9.52299 -25.462 3.02601 -17.7063 -20.0394 -9.41398 -25.8525 -7.84333 -15.1452 -29.7482 6.46842 -10.2777 -26.4683 15.7364 1.99846 -17.2053 16.8861 14.7946 -4.27802 12.1394 22.7112 10.3231 5.94263 22.7567 23.5243 3.58012 14.4832 29.2897 9.27062 1.15501 23.6098 19.3055 -9.49829 10.4517 26.2229 -14.8972 -5.37507 26.2446 -16.1882 -19.1559 18.5036 -14.7195 -26.8795 4.82615 -12.7962 -25.634 -10.8525 -13.0522 7.32928 7.36928 7.28922 7.11194 6.9533 6.8585 6.79017 6.91157 6.97149 6.953 7.02309 7.1144 7.08778 7.0017 7.02537 7.17638 7.07196 7.03859 7.16103 6.70876 6.49409 6.55484 6.69897 7.06274 6.30936 -0.518063
-13.3355 -22.0293 -16.7253 2.31352 -21.3514 -18.7143 15.5671 -12.8399 -16.7701 23.8488 -1.24372 -9.75582 26.6742 7.6197 3.05229 24.1654 6.62304 18.552 16.5369 -3.61319 27.5891 6.41283 -15.6069 26.1604 -3.096 -23.6814 16.3706 -10.943 -25.3941 2.66423 -18.5484 -19.7848 -10.0565 -26.4889 -7.39901 -15.6684 -30.6102 6.57914 -10.0718 -27.1935 15.3103 2.55563 -17.4995 16.6082 15.0139 -4.25729 12.1972 22.5972 10.2658 5.82058 22.4738 23.3413 3.10158 14.1107 29.308 8.56229 0.774962 23.764 18.3391 -10.1854 10.3597 24.6507 -15.7191 -5.48357 24.2325 -16.7072 -19.3903 16.8473 -14.6925 -27.3396 3.24851 -13.1725 -25.5393 -12.2424 -15.2282 6.3597 6.247 6.03185 5.76996 5.61964 5.53244 5.45759 5.61159 5.69201 5.67299 5.75961 5.87564 5.89474 5.8629 5.93252 6.09919 6.02918 6.01587 6.12848 5.57083 5.26323 5.20573 5.20513 5.24208 5.20724 -0.873618
-12.6445 -21.2656 -19.8601 3.03732 -19.8502 -21.0393 15.9917 -11.1543 -18.1318 23.5057 0.38194 -10.2124 25.5529 8.56584 3.18252 23.1268 6.94029 18.6423 16.1155 -3.57366 27.8588 6.36596 -15.9078 26.7632 -2.98724 -24.1446 16.9586 -10.5624 -25.6692 3.07818 -17.6579 -19.8138 -9.82508 -25.3023 -7.38512 -15.7447 -29.9549 6.32177 -9.89929 -27.2438 14.3772 3.33392 -17.4319 15.9875 15.6628 -3.82775 11.8161 22.7227 10.3735 4.76569 22.262 23.2833 1.45405 13.8552 29.2763 7.50519 0.788907 23.8396 18.1612 -9.37699 10.5128 24.6583 -14.8831 -5.27874 23.7548 -16.2858 -19.0635 16.1749 -14.1597 -27.1278 2.69409 -12.2464 -24.9952 -12.5199 -15.6253 4.73674 4.77996 4.7459 4.60129 4.51454 4.45888 4.39974 4.59275 4.70685 4.68852 4.78294 4.93136 5.00881 5.04982 5.14936 5.35541 5.33906 5.37681 5.61338 5.10717 4.97788 5.13142 5.48847 5.81631 1.43035 -4.03352
-12.9005 -19.6933 -22.7914 2.77925 -18.197 -23.8963 15.6794 -10.0023 -19.6164 22.237 1.25097 -10.5269 23.4466 9.27311 3.06627 21.7634 7.66295 18.626 16.1508 -3.47305 28.0669 7.05728 -16.2753 26.7264 -2.69437 -24.5893 17.3862 -11.3344 -26.1849 4.15071 -18.5753 -19.9352 -8.4842 -24.7458 -7.02314 -15.0541 -29.0656 6.91981 -9.51932 -26.8374 14.527 4.06495 -16.9394 15.8341 16.361 -3.0428 11.5733 22.7681 11.2325 4.70263 21.9875 24.3388 1.95497 13.6821 30.1987 8.672 0.883402 24.4792 19.3698 -9.08151 10.7537 25.0196 -14.5427 -4.94761 22.9821 -15.7577 -18.5486 15.1822 -13.2733 -27.1549 2.09909 -10.9939 -25.482 -12.419 -16.8123 3.78252 3.665 3.67682 3.53798 3.39048 3.3043 3.23885 3.41108 3.60207 3.62098 3.67912 3.80933 3.89902 3.9708 4.10407 4.40656 4.28634 4.35222 4.58618 3.99134 3.93477 4.10482 4.50913 4.58119 0.383188 -4.8101
-12.7719 -19.6923 -24.272 2.76292 -17.1696 -25.5457 15.4757 -8.80818 -21.0334 21.7545 2.06052 -11.3015 22.2729 9.63348 2.59012 20.4753 7.95718 18.1302 15.8587 -3.60861 27.5939 7.86117 -17.0587 25.718 -1.65612 -25.2602 16.0425 -10.8372 -26.5316 3.1403 -18.8422 -20.1246 -8.94265 -25.6735 -7.16854 -14.7248 -30.0982 6.52824 -8.68187 -27.3709 14.1156 4.822 -16.948 14.8474 16.7257 -2.7722 10.6957 22.5676 12.0366 5.09314 21.614 25.3657 3.16662 13.433 31.4332 8.96351 0.286066 25.2911 18.1611 -10.8551 10.9368 22.6375 -15.7586 -4.78184 20.4411 -15.253 -18.5263 13.2212 -11.943 -27.6861 0.362171 -10.8609 -25.6777 -13.7131 -17.5899 3.04781 2.79388 2.76703 2.65025 2.48287 2.35593 2.26374 2.40509 2.61095 2.65329 2.7309 2.87747 2.97408 3.02131 3.20744 3.56229 3.29333 3.39287 3.58423 2.97659 2.93447 3.24961 3.73373 3.66332 -0.377889 -4.76819
-12.5685 -18.2663 -25.1827 3.10922 -16.8119 -26.3695 16.2809 -9.76607 -21.0076 22.5725 0.42059 -10.5718 22.3225 8.5683 2.99832 19.4011 7.89788 18.4433 15.0509 -3.73918 27.9457 8.4409 -17.8503 25.5863 -0.121256 -26.0301 15.0394 -9.19222 -26.3894 2.00248 -17.5095 -19.5356 -9.61549 -25.0236 -6.90732 -15.2741 -29.7537 6.65165 -9.15218 -27.1052 13.4391 4.78605 -16.657 12.9616 16.6804 -2.35579 8.84776 22.2366 12.9163 4.75352 20.9728 26.4637 4.26951 12.9391 32.8605 9.931 -0.110581 26.8544 18.2413 -11.9982 12.2493 22.1412 -16.6468 -3.43383 20.3086 -14.9623 -17.4558 14.0102 -10.9989 -27.0957 1.46629 -10.6187 -25.2399 -12.2443 -18.1022 1.96865 1.68364 1.70182 1.65036 1.51099 1.37517 1.25232 1.35097 1.54718 1.57202 1.65911 1.83236 1.93592 1.99376 2.26836 2.69437 2.23585 2.34915 2.50915 1.89661 1.81213 2.2617 2.76825 2.66262 -1.24658 -4.83493
-12.4964 -18.5204 -25.4853 3.16962 -17.2439 -26.9891 16.2666 -10.8146 -20.7425 21.6002 -0.954528 -9.49115 20.1266 7.91581 3.53735 16.8325 8.5274 18.9096 13.0983 -2.92874 28.8821 7.82482 -17.4813 25.9166 0.21954 -25.5138 14.5547 -8.59968 -25.7223 1.34298 -17.1417 -19.0915 -10.2411 -25.3063 -6.6703 -15.4377 -31.258 5.86845 -8.29285 -28.5226 11.7192 6.04729 -17.5885 10.8228 17.4713 -2.80109 7.6733 22.3425 12.7809 5.14522 20.7905 26.6159 5.61052 13.2618 33.6818 11.1918 0.526496 28.1669 19.1222 -11.8486 13.4162 22.6316 -16.346 -2.04928 20.2143 -13.6753 -15.8306 13.473 -9.59835 -25.7965 1.18608 -9.96689 -24.7174 -12.4935 -17.6567 1.31654 0.961031 1.02507 1.01459 0.830317 0.662512 0.526064 0.572188 0.711459 0.730852 0.842207 1.06469 1.23062 1.31733 1.71983 2.06909 1.45368 1.58768 1.74568 1.10008 0.924434 1.44193 2.06947 2.04514 -1.71984 -4.85331
-12.1148 -17.7471 -25.4788 3.58916 -16.9813 -26.9346 16.7286 -11.9811 -19.5698 20.8274 -2.71865 -7.33617 17.7663 6.83247 4.91127 13.8019 8.43773 20.0518 10.6089 -3.01259 30.217 6.5326 -17.8489 26.804 -0.320464 -25.9629 15.0288 -9.07835 -26.2603 1.77788 -17.6378 -19.6323 -9.79504 -25.4362 -7.01847 -15.0895 -31.6036 5.34154 -7.81701 -28.9881 10.6603 6.75099 -18.1525 9.2444 18.2163 -3.21743 6.56898 22.918 12.4724 5.35243 20.931 26.0181 6.39731 12.9479 32.8177 10.9933 -0.31517 26.9175 17.7461 -13.2006 12.0155 21.319 -17.1111 -3.37068 19.8066 -13.4867 -17.2048 13.4343 -9.01366 -26.759 0.835089 -9.6484 -24.6952 -12.5746 -17.6079 0.912647 0.479863 0.62073 0.667947 0.440178 0.246668 0.0872507 0.0770381 0.190003 0.216857 0.321793 0.54573 0.72531 0.829305 1.31759 1.66965 0.961758 1.09783 1.24818 0.646606 0.426897 1.01972 1.57628 1.47897 -2.2269 -4.94535
-11.3859 -16.9342 -26.2742 4.39484 -17.4401 -26.4197 16.9686 -13.9099 -17.4023 20.1553 -4.69561 -4.8647 16.2143 6.05264 6.06843 11.6012 8.84576 20.8483 8.98828 -2.41043 31.3888 6.70498 -17.4802 27.3806 1.13339 -25.4317 14.8432 -7.2374 -25.5613 1.34185 -15.8639 -18.9969 -10.2176 -24.0492 -6.72615 -15.73 -30.4228 5.62419 -8.6208 -28.4683 10.3695 6.24585 -18.0696 8.50381 18.0464 -3.0665 6.5431 22.8818 12.6493 6.65861 20.7376 26.1178 8.66458 12.8075 33.067 12.9982 -0.466378 27.1909 18.6549 -13.8797 12.0793 21.4064 -17.6475 -3.11909 19.8519 -13.3176 -17.0647 13.7637 -8.79602 -26.6786 1.27074 -10.1817 -24.1641 -11.6324 -18.8196 0.483827 0.15298 0.349357 0.446938 0.199674 -0.0245662 -0.212119 -0.295158 -0.238714 -0.215959 -0.0970741 0.149922 0.354319 0.491848 1.07691 1.36362 0.575537 0.723557 0.858593 0.290203 0.0696298 0.788489 1.34076 1.19863 -2.53468 -5.03282
-9.63793 -16.892 -26.0714 6.13053 -17.6109 -25.6787 18.4027 -14.5245 -16.1001 21.0316 -5.52671 -3.27901 16.1776 5.19543 7.30715 10.0947 7.75812 21.5885 7.26625 -3.9996 31.5076 5.93045 -19.1136 27.2456 1.1723 -27.2598 14.4998 -7.03862 -27.247 0.899896 -15.5113 -20.1388 -10.4499 -22.8807 -7.32369 -15.8744 -28.6885 5.49623 -9.12056 -26.805 10.4539 5.68584 -16.7236 8.13808 17.6804 -1.89095 5.76674 22.8462 13.8061 6.98434 20.9182 26.9966 10.3357 12.9755 33.6754 15.0715 -0.299839 27.6321 20.3136 -13.8071 12.4099 22.3956 -17.5588 -2.68551 20.2603 -13.1171 -16.4679 13.7016 -8.75551 -25.7195 0.958327 -10.3184 -22.6974 -11.8561 -18.9259 0.296972 -0.0150999 0.195694 0.337998 0.160505 -0.0374807 -0.252323 -0.382325 -0.328422 -0.298906 -0.208975 0.00690384 0.190782 0.31618 0.890253 1.20527 0.380411 0.528169 0.638498 0.0825378 -0.0969128 0.61831 1.16194 1.00244 -2.77436 -5.0503
-8.5161 -18.1697 -25.219 7.21593 -19.0185 -24.1728 19.2259 -15.7911 -14.3126 21.4399 -6.40816 -1.69091 15.8525 4.68195 8.12652 9.03778 7.56657 22.0105 6.46661 -4.04419 32.1698 6.55342 -19.1268 27.5996 2.83228 -26.97 14.3297 -5.07135 -26.7452 0.5509 -13.9834 -19.8513 -10.5925 -22.5305 -7.63319 -15.6542 -28.5615 5.15733 -9.0419 -26.7022 10.1615 5.75181 -16.7306 7.4743 17.7607 -1.86669 5.36004 22.9483 13.7385 7.51975 21.1011 26.4396 12.0654 12.9569 32.3414 17.2837 -0.504282 25.708 22.1114 -13.8885 10.3274 23.4116 -17.3341 -4.56327 20.6158 -12.5797 -18.0523 13.3075 -8.5024 -26.208 -0.0421277 -10.8868 -21.9272 -12.7984 -19.0342 0.178302 -0.0785304 0.152546 0.347042 0.179059 -0.045562 -0.28295 -0.463215 -0.454052 -0.41886 -0.289316 -0.0358851 0.157797 0.27765 0.903383 1.17858 0.317581 0.452743 0.521914 -0.0427171 -0.169083 0.549447 1.02224 0.817143 -3.06713 -5.07515
-9.31052 -17.7069 -23.9886 6.40051 -19.0299 -23.136 18.4667 -15.9022 -13.3123 20.5146 -6.30253 -0.826029 14.5017 4.93836 8.55917 6.90593 7.74098 22.0491 4.48644 -4.41079 31.5945 5.2679 -19.3333 26.5854 2.21905 -27.0085 13.0483 -5.42876 -26.8063 -0.874567 -14.5543 -20.0339 -11.9194 -23.5834 -7.93256 -16.3899 -29.2716 4.71198 -9.21677 -26.7432 9.47665 5.55679 -16.4787 6.87222 17.3348 -1.63008 5.2222 22.7304 13.7339 8.85929 21.209 25.9368 14.5874 13.0492 31.3773 19.4472 -0.736638 24.4039 22.979 -14.3507 8.99144 23.8247 -17.7952 -5.96528 21.6771 -12.9128 -19.4974 14.7098 -8.40437 -27.206 1.02223 -10.3133 -22.6222 -11.9515 -17.9357 0.0556641 -0.162056 0.0956396 0.326574 0.199203 0.000699119 -0.256693 -0.474345 -0.496877 -0.45195 -0.300244 -0.0439301 0.139438 0.265021 0.922742 1.10853 0.21161 0.344077 0.388065 -0.0640255 -0.161189 0.547259 0.943762 0.724614 -3.15449 -5.09468
-9.65575 -17.9614 -24.7081 5.99656 -19.7948 -23.7302 17.5036 -17.2865 -13.0918 18.1385 -8.04988 -0.187215 11.1721 3.12192 8.60222 3.54466 6.51738 21.9371 2.39492 -5.5514 31.8197 4.42581 -20.2985 26.6446 2.10176 -27.4791 12.6985 -5.16078 -26.9825 -1.4219 -14.207 -20.1743 -12.5099 -23.6037 -8.27988 -16.7738 -29.7432 3.99426 -9.33426 -27.3218 8.25639 5.60984 -16.6728 5.6367 17.0383 -1.73431 4.40529 22.2966 13.3915 8.96725 20.8823 25.7815 14.5406 12.8987 31.8415 18.8084 -0.824748 25.0956 22.3591 -14.5481 9.65701 23.5622 -17.7619 -5.21904 21.4263 -12.6338 -18.7673 14.4382 -8.20656 -26.8997 1.0522 -10.4641 -22.6862 -11.8756 -18.3728 0.122351 -0.0773408 0.201253 0.436547 0.241172 -0.00433361 -0.303773 -0.554539 -0.620457 -0.588171 -0.421099 -0.136486 0.0811406 0.232677 0.938431 1.05973 0.150082 0.302671 0.378839 -0.100268 -0.23453 0.513076 0.975888 0.775046 -3.03977 -5.23383
-8.48117 -16.387 -25.5746 7.14518 -18.3144 -24.3837 18.1285 -16.2233 -13.12 17.7406 -7.15899 -0.0840005 10.2624 4.0935 8.16539 2.94787 7.62116 21.6405 2.31053 -4.38052 31.6496 4.58695 -18.9646 26.1264 2.2164 -26.0828 12.1561 -5.04694 -25.8389 -1.97056 -14.1224 -19.2995 -13.1956 -23.1703 -7.17276 -17.5583 -30.2117 4.07834 -9.3409 -27.633 8.22863 5.60834 -16.7499 6.03031 16.9041 -1.70871 5.37976 21.9691 13.33 10.3494 21.1119 25.9061 16.5612 13.9313 32.2438 21.2984 0.490446 25.7905 24.3493 -13.4913 10.3722 24.6226 -17.002 -4.37173 21.9696 -11.7359 -17.8433 14.6608 -7.60228 -25.8959 1.36741 -10.579 -21.8094 -11.2713 -19.0049 0.174097 -0.0359103 0.255586 0.488359 0.226517 -0.0416888 -0.342962 -0.608192 -0.681943 -0.640077 -0.473096 -0.170428 0.0957287 0.254753 0.985342 0.982406 0.0664325 0.24037 0.300901 -0.130536 -0.252419 0.521864 1.00857 0.856019 -2.94529 -5.19022
-8.6409 -15.4105 -27.7032 7.00058 -16.9586 -26.2003 17.5742 -15.1812 -14.4993 16.6046 -6.71736 -1.09515 8.83407 4.14115 7.40818 1.64627 7.25595 21.0523 1.10359 -4.79374 31.0091 4.10926 -19.1677 25.2874 2.61681 -25.9694 11.0408 -4.11402 -25.4262 -3.33891 -13.1158 -18.6962 -14.5105 -22.7603 -6.92418 -18.5546 -30.2537 3.78358 -10.0174 -28.1497 6.94624 5.2444 -17.1965 4.81559 16.4852 -2.0775 5.22474 21.3394 12.7884 10.6607 20.3148 25.3778 16.6736 12.9894 31.7886 21.1559 -0.504131 25.2549 24.1269 -14.4658 9.81324 24.2958 -17.879 -4.96513 21.5016 -12.7851 -18.4676 14.233 -8.68162 -26.5311 0.946655 -11.6598 -22.0991 -10.985 -20.9022 0.288683 0.0282244 0.29988 0.509619 0.232761 -0.0461021 -0.36385 -0.668308 -0.78541 -0.758546 -0.580814 -0.248636 0.060471 0.275506 1.09868 0.987439 0.0553214 0.227994 0.290984 -0.148313 -0.230804 0.53229 1.01154 0.835777 -2.86824 -5.18696
-9.50633 -14.3599 -28.473 6.12004 -15.8904 -26.8037 16.5353 -14.4096 -14.9207 15.1787 -6.5356 -1.19452 7.13966 3.77939 7.72551 0.253711 6.65909 21.5753 0.623845 -5.46711 31.4467 3.75704 -19.663 25.3606 2.04211 -26.0549 10.9501 -4.60551 -25.2672 -3.45705 -13.282 -18.4738 -14.8456 -22.7691 -6.67187 -19.1657 -30.1673 4.16061 -10.7031 -28.4151 6.93456 4.67837 -17.7875 4.66467 16.2009 -2.81975 4.93967 21.5119 11.9459 10.7234 21.1689 24.2468 17.4736 13.9973 30.0447 22.4089 0.385122 23.3868 25.034 -13.5872 8.10204 24.7302 -17.6383 -6.89675 21.8745 -13.2751 -20.4135 14.6073 -9.21601 -28.1206 1.12127 -12.2396 -23.1501 -10.3518 -21.7838 0.384632 0.109457 0.368138 0.558399 0.257003 -0.0489278 -0.376523 -0.674541 -0.800999 -0.793183 -0.617009 -0.283102 0.0349506 0.277939 1.08275 0.934163 0.0230862 0.186324 0.222618 -0.119852 -0.136163 0.546715 0.979672 0.784844 -2.88586 -5.25257
-10.027 -17.0317 -28.4433 5.56015 -18.2857 -26.2571 15.6996 -16.1843 -14.2299 14.3632 -7.73612 -0.847371 6.56974 3.09927 7.66467 -0.0454309 6.5722 21.5106 0.670928 -5.35856 31.6002 4.28488 -19.4906 25.6325 3.01296 -25.7065 11.0995 -3.4432 -24.7297 -3.38305 -12.3971 -18.0997 -14.6526 -22.7329 -6.93359 -18.7077 -30.3922 3.62748 -10.135 -28.2068 6.51654 5.16974 -17.1904 4.48807 16.368 -2.164 5.09576 21.4843 12.3654 11.3835 20.4998 24.3398 18.5146 13.146 29.9041 23.821 -0.424161 22.9608 26.0153 -14.3318 7.66065 24.4086 -17.9987 -6.96349 20.4649 -13.2305 -20.3217 12.813 -9.35812 -28.1306 -0.53591 -12.7114 -23.5971 -12.3632 -22.0383 0.384812 0.143842 0.40294 0.596086 0.266351 -0.0512169 -0.395633 -0.709837 -0.854388 -0.84787 -0.642099 -0.275566 0.0490067 0.286594 1.11756 0.982261 0.0022255 0.151804 0.15295 -0.208802 -0.168701 0.567605 1.05008 0.892299 -2.88783 -5.21923
-9.10472 -17.1747 -30.4361 6.30116 -18.439 -27.2156 15.8397 -16.1599 -14.7376 14.8258 -7.22883 -1.64335 7.67694 4.12053 6.76382 1.00106 7.9374 20.4894 0.901535 -3.69989 30.9389 4.17869 -18.0716 25.3626 3.17426 -24.7645 11.0218 -2.91488 -24.2183 -3.64111 -11.8318 -17.7457 -15.0307 -22.4021 -6.74293 -18.925 -30.4329 3.49861 -10.3047 -28.8194 6.26974 5.09251 -18.094 4.18085 16.5585 -3.02682 4.69284 21.562 11.6989 10.5624 21.0151 23.9393 17.7018 14.1224 29.9454 23.3406 0.878652 23.4716 26.0807 -13.158 8.28963 24.4564 -17.2802 -6.21255 19.7423 -12.8508 -19.3182 11.4246 -9.52721 -27.1522 -1.62257 -13.8649 -22.8022 -12.6579 -24.1958 0.305391 0.110775 0.351987 0.525862 0.229265 -0.078918 -0.406676 -0.723105 -0.875593 -0.859577 -0.645459 -0.269551 0.075914 0.31752 1.13696 0.970044 0.0162488 0.176628 0.191423 -0.183297 -0.157022 0.540935 1.08779 0.984078 -2.82068 -5.07321
-8.29675 -15.7034 -32.5854 6.95281 -16.8826 -28.6648 15.6689 -15.1771 -15.5118 13.8132 -6.97159 -2.04043 6.38516 3.92177 6.72058 -0.0892546 7.25379 20.6673 0.141849 -4.64107 30.8205 3.60529 -18.8591 24.9694 2.67694 -25.3088 10.5126 -3.35054 -24.5263 -4.16512 -12.1977 -17.8416 -15.4866 -22.7118 -6.74577 -19.2671 -30.3387 3.65274 -10.4696 -28.2892 6.38457 4.88266 -17.346 4.43042 16.1652 -2.26533 5.25176 21.0862 12.3242 11.4672 20.7546 24.3882 19.0686 14.0476 30.0189 25.2689 0.890178 23.1649 27.7823 -13.0077 8.06904 25.1265 -16.9042 -6.07373 19.4726 -12.4134 -18.9379 10.6634 -9.43035 -26.532 -2.15906 -14.7529 -22.1814 -12.0092 -26.2191 0.41456 0.201398 0.421568 0.558974 0.248662 -0.0566777 -0.390915 -0.712524 -0.870663 -0.860502 -0.650097 -0.283263 0.0457603 0.291566 1.13601 0.918112 -0.0446806 0.109684 0.0840621 -0.293155 -0.202502 0.505154 1.08532 1.03856 -2.69425 -5.05069
-7.80611 -14.8162 -33.921 7.37356 -16.248 -29.8176 15.4173 -15.4035 -16.1624 12.3254 -8.36883 -2.26268 4.18709 1.99129 6.51406 -1.65527 5.83813 20.6065 -0.000564149 -5.44566 31.31 4.14453 -19.5544 25.6404 3.0799 -26.0093 11.1953 -3.10437 -25.1305 -3.41165 -11.7311 -18.4117 -14.882 -21.7601 -7.0904 -19.2644 -29.7458 3.27476 -10.7506 -28.0028 5.79266 4.67597 -17.1087 3.69763 15.9807 -2.07604 4.54391 21.0423 12.3883 11.0491 20.7935 24.6076 18.539 14.2438 30.7876 24.6013 1.26985 24.3449 27.3149 -12.7862 9.26545 24.8497 -16.8674 -4.88406 19.0721 -12.5584 -17.6463 10.1005 -9.62145 -25.646 -2.48855 -14.9071 -21.5898 -11.5188 -27.1313 0.604808 0.368028 0.571705 0.688082 0.283153 -0.0993672 -0.472123 -0.800213 -0.94212 -0.938619 -0.74085 -0.366216 -0.0161213 0.242796 1.09513 0.872906 -0.0904458 0.079804 0.0827956 -0.298947 -0.216416 0.462507 1.1015 1.07724 -2.54901 -5.19663
-6.83373 -14.7257 -36.0659 8.08448 -15.6343 -30.9736 14.9484 -14.9111 -16.6822 11.1461 -8.43887 -2.68561 3.12866 1.59974 6.56337 -2.19671 5.25496 20.9095 -0.155239 -6.13345 31.4339 3.74389 -20.0863 25.2294 2.32424 -25.92 10.5524 -3.9178 -24.6303 -3.99935 -12.5142 -17.8277 -15.4431 -22.381 -6.28135 -19.6011 -30.436 3.76972 -10.7815 -28.6589 6.1773 4.65872 -17.7634 3.82834 15.9121 -2.68268 4.47675 20.8587 11.9045 10.705 20.7175 24.3057 17.8732 14.1497 30.8192 23.7749 1.26516 24.8228 26.7718 -12.9302 9.85186 24.4852 -17.4874 -4.22362 18.2782 -13.5483 -16.7024 8.77839 -11.0919 -24.7543 -3.68459 -16.5946 -20.7503 -12.1441 -29.2374 0.680802 0.434194 0.605765 0.667481 0.24612 -0.140082 -0.494034 -0.803252 -0.956275 -0.969415 -0.776087 -0.406458 -0.0504074 0.201577 1.0585 0.843268 -0.0945886 0.0824675 0.114984 -0.25048 -0.187734 0.450902 1.11761 1.11369 -2.48853 -5.14781
-6.98167 -14.6591 -37.384 7.5523 -15.2685 -31.2439 13.6589 -14.4003 -16.6208 9.55264 -8.26836 -2.557 1.55959 1.33888 7.15929 -3.10037 4.88539 21.7618 -0.280861 -6.52042 32.0861 4.02984 -20.3457 25.8682 2.53369 -26.0433 11.1454 -3.759 -24.4925 -3.35905 -12.073 -17.6632 -14.9941 -21.9343 -6.45588 -20.0052 -29.9208 3.66924 -11.208 -28.144 5.85663 4.26511 -17.569 3.75605 15.8681 -2.77963 4.42955 21.6247 11.5914 11.1391 21.3896 23.6545 18.6474 14.5765 29.4991 24.6017 1.39874 23.2151 26.9502 -12.7943 8.4864 23.9016 -17.6826 -5.50993 17.2344 -14.2466 -17.6751 7.36469 -11.6799 -25.1886 -5.15821 -17.7742 -21.2211 -12.5543 -31.0778 0.784091 0.560346 0.70735 0.740809 0.28622 -0.122802 -0.517114 -0.834275 -0.982879 -1.01639 -0.825819 -0.437093 -0.0760829 0.202509 1.01102 0.818664 -0.141791 0.0181398 0.0261819 -0.252249 -0.124743 0.431811 1.09865 1.15099 -2.50553 -5.15094
-6.59507 -15.8905 -37.6983 8.00823 -16.3727 -31.7132 14.3919 -15.6105 -17.2029 10.6148 -9.36156 -3.09841 2.85948 0.60191 6.45044 -2.07441 4.72114 20.8108 0.16039 -6.27872 31.7028 4.15545 -20.3914 25.9363 2.77889 -26.253 11.2663 -3.29976 -24.6794 -3.32678 -11.5457 -17.8141 -14.9891 -21.5886 -6.70195 -19.8499 -29.673 3.41523 -11.1333 -27.8851 5.50771 4.35166 -17.0905 3.1296 15.6959 -2.12734 3.89019 20.9724 12.1185 10.8637 20.8277 23.6036 19.1971 13.9753 28.5098 25.739 0.693832 21.5313 27.6198 -13.242 6.92934 23.5377 -17.7414 -6.64151 16.1257 -14.129 -18.4544 5.79385 -11.7418 -25.487 -6.70679 -18.4272 -20.9407 -14.1316 -31.5281 0.767881 0.522252 0.671307 0.710938 0.270488 -0.138835 -0.507017 -0.805727 -0.954866 -0.99281 -0.797854 -0.40622 -0.0435277 0.228921 1.08509 0.868091 -0.118682 0.0133136 -0.0442991 -0.314795 -0.130597 0.427903 1.09369 1.11866 -2.52329 -5.09478
-7.01653 -16.2836 -37.7687 7.58894 -16.1166 -31.7719 13.9465 -15.179 -17.2604 10.0189 -8.9994 -3.16649 2.08686 0.823268 6.38308 -2.8617 4.57188 20.8396 -0.399513 -6.64552 31.4573 3.68472 -20.5294 25.2173 2.22873 -26.1594 10.4645 -4.0716 -24.6536 -4.04129 -12.7335 -17.6984 -15.3429 -23.015 -6.37475 -19.0873 -30.6398 3.85459 -10.0921 -28.6171 5.87648 5.37316 -17.7178 2.88947 16.4704 -2.63838 3.32685 21.4439 11.5269 10.464 21.4602 22.6852 19.3721 14.7934 27.3259 26.1879 1.55438 20.3319 27.4638 -12.4421 6.0037 22.4153 -16.8395 -7.25439 14.516 -13.1008 -19.1647 4.19449 -11.2042 -26.2833 -7.84426 -18.6076 -21.4405 -15.2383 -31.6192 0.802912 0.526776 0.674997 0.717128 0.276655 -0.133513 -0.500449 -0.811568 -0.968196 -0.9876 -0.787794 -0.423044 -0.0815904 0.170284 1.05546 0.851439 -0.152841 -0.0297242 -0.114474 -0.347926 -0.128673 0.49518 1.17148 1.16803 -2.44297 -4.94487
-7.36678 -16.5966 -37.4698 7.34093 -16.3268 -31.7321 13.9851 -15.6447 -17.3353 9.9366 -9.83379 -3.11925 1.52859 -0.142332 6.15322 -3.49388 4.42218 20.3474 -0.264183 -5.79259 31.7428 4.46977 -19.8174 26.3321 3.13929 -26.282 11.9133 -3.19143 -25.4405 -2.63302 -11.8994 -18.7199 -14.0409 -22.0847 -7.47268 -18.2506 -29.9893 2.81886 -9.57322 -28.4922 5.21065 5.89917 -17.8809 2.27141 17.2846 -2.75719 2.31091 22.1415 11.2864 9.68466 22.1579 22.0907 18.9845 15.4431 26.5085 25.9438 2.20239 19.528 26.9958 -11.8194 5.32376 21.6088 -16.2177 -7.84353 13.5611 -12.4744 -19.6714 3.15432 -10.5275 -26.686 -8.89166 -18.018 -21.7783 -15.8401 -31.2492 0.898165 0.589524 0.740215 0.809897 0.327802 -0.163252 -0.572402 -0.901915 -1.03318 -1.02287 -0.818481 -0.441514 -0.0852553 0.161404 1.01504 0.855753 -0.164151 -0.0486416 -0.140691 -0.35258 -0.117573 0.499511 1.17823 1.17967 -2.39271 -4.97073
-7.28055 -17.105 -37.4817 7.63569 -17.1031 -32.3033 14.8953 -16.7383 -18.195 11.3626 -10.6821 -3.94401 3.27495 -0.239954 4.78225 -2.04248 5.48368 18.4387 0.0479049 -4.31465 30.449 3.97413 -18.7823 25.5855 2.5486 -25.5737 11.3268 -3.7223 -24.9185 -3.25492 -12.5871 -18.1949 -14.5394 -22.8971 -6.84822 -18.1328 -30.5068 3.38099 -9.12455 -28.8287 5.5683 6.35943 -18.19 2.09464 17.5673 -2.92506 1.32978 21.8932 11.1514 8.6395 21.7727 21.7878 18.2721 15.262 26.1658 25.6197 2.21938 19.2089 26.9091 -11.7943 5.01398 21.5212 -16.2212 -8.09741 13.4114 -12.4164 -19.8797 2.94496 -10.514 -26.7147 -9.18539 -18.0342 -21.6175 -16.3175 -31.0948 0.793745 0.458333 0.622544 0.715664 0.234269 -0.223407 -0.572512 -0.866599 -0.988927 -0.967473 -0.760776 -0.400522 -0.0570024 0.176211 1.01528 0.94717 -0.0993255 0.0107669 -0.0947235 -0.326273 -0.102537 0.515402 1.17707 1.16692 -2.3733 -4.8867
-6.80563 -17.1467 -37.7283 8.01999 -17.1716 -32.296 14.9191 -16.6375 -18.0133 10.9458 -10.7412 -3.81129 2.47028 -0.870543 5.20706 -2.9212 3.86511 19.2083 -0.322243 -6.37841 30.7384 4.20411 -20.4295 25.2195 2.87246 -26.3502 10.5691 -3.42867 -24.9813 -3.94988 -12.1311 -18.044 -15.2314 -22.4642 -6.76605 -18.9716 -30.2515 3.34665 -9.98365 -28.3038 5.10433 5.52342 -17.2912 1.60803 16.3569 -2.10492 1.8241 21.0094 11.8473 9.3692 20.9574 22.4977 18.909 14.3342 26.7231 26.1271 1.16944 19.5146 27.4043 -12.7176 5.21685 22.1173 -16.9302 -7.90807 14.0573 -13.0667 -19.7235 3.60809 -11.2787 -26.488 -8.5675 -18.7895 -21.2221 -16.0848 -31.5639 0.841967 0.531466 0.690867 0.774385 0.30539 -0.163061 -0.538874 -0.850071 -0.996882 -1.00771 -0.804737 -0.431825 -0.0781385 0.172395 1.09283 0.916315 -0.122958 -0.0134442 -0.123375 -0.366147 -0.134016 0.500719 1.14907 1.1217 -2.46586 -5.01296
-6.64762 -17.1367 -37.5922 8.01161 -16.7291 -31.7398 14.1686 -15.9882 -17.1308 9.17402 -10.4947 -3.09058 -0.0632725 -1.35514 5.95031 -5.51314 2.54471 20.1849 -1.59466 -8.02249 31.0295 4.10857 -21.3128 24.7669 3.07894 -26.8438 9.9409 -3.40107 -25.2995 -4.4815 -12.2779 -18.1887 -15.5166 -22.6217 -6.82112 -18.9435 -30.193 3.25328 -9.73083 -27.9632 4.56788 5.78217 -16.8264 0.876115 16.4221 -1.83978 2.08385 21.5462 11.7388 10.2824 21.5251 22.3446 19.6061 14.5328 26.7015 26.4007 1.1867 19.598 27.4901 -12.7703 5.30332 22.1581 -16.9365 -7.76837 14.0534 -12.9868 -19.6027 3.60411 -11.3284 -26.3972 -8.53443 -18.8721 -21.1228 -16.2185 -31.5435 0.904118 0.604309 0.764819 0.846345 0.372149 -0.10779 -0.535361 -0.899513 -1.05202 -1.05182 -0.845945 -0.473718 -0.119686 0.146532 1.14849 0.874626 -0.163864 -0.054154 -0.143792 -0.376415 -0.145791 0.509791 1.15734 1.12582 -2.48444 -5.03261
-7.16962 -15.6006 -38.7557 7.29919 -15.7262 -32.4352 13.2863 -15.1847 -17.747 8.30188 -9.97952 -3.59375 -0.951074 -1.20699 5.78833 -6.17191 2.26439 20.2184 -1.8568 -8.49651 30.7164 4.00601 -21.5424 24.0973 2.76523 -26.687 9.14881 -3.93734 -24.6414 -5.10869 -12.6211 -17.2166 -16.0907 -22.4779 -5.65193 -20.2226 -29.9284 3.84016 -10.3187 -27.5126 4.3532 5.21385 -16.5731 0.758362 16.0893 -1.78821 2.25091 21.7013 11.7848 10.4583 21.6231 22.4504 19.583 14.4611 26.7844 26.1817 1.00973 19.718 27.2991 -12.964 5.40966 22.2978 -17.4787 -8.06451 14.5923 -14.1277 -20.0749 4.37052 -12.3222 -27.0094 -7.6414 -19.941 -21.8137 -14.3272 -33.1976 0.906081 0.64124 0.788937 0.860042 0.386416 -0.0970753 -0.539852 -0.907596 -1.05433 -1.07581 -0.896605 -0.518652 -0.149173 0.157336 1.1488 0.859448 -0.172608 -0.0634193 -0.141489 -0.345751 -0.0945696 0.514445 1.1674 1.14841 -2.52164 -5.08436
-6.2425 -15.3668 -40.0926 7.99764 -14.6593 -33.3083 13.1481 -14.3283 -18.3002 7.75304 -9.62946 -4.12035 -1.44427 -1.09619 5.53313 -6.36105 2.2892 20.0898 -1.79505 -8.45977 30.4937 4.22328 -21.4956 23.9953 3.05974 -26.8772 9.12432 -3.69439 -25.0704 -5.1409 -12.5446 -17.7785 -16.0787 -22.6971 -6.27204 -19.6117 -30.0382 3.5984 -10.0007 -27.4438 4.45107 5.48787 -16.3378 0.758202 16.1597 -1.54154 2.35341 21.7131 11.9559 10.6827 21.5137 22.6637 19.7701 14.3673 27.1723 26.406 0.991862 20.234 27.5671 -13.0423 6.06463 22.1426 -17.5063 -6.7205 13.4696 -13.8357 -17.9965 2.4258 -12.1406 -25.054 -9.34375 -20.0201 -20.6397 -15.5226 -33.7955 1.00559 0.704913 0.833127 0.875551 0.393886 -0.0958998 -0.557901 -0.934329 -1.07535 -1.08296 -0.888975 -0.521621 -0.170423 0.11359 1.12487 0.832487 -0.211019 -0.0997179 -0.174474 -0.390419 -0.159851 0.417377 1.15395 1.21769 -2.3101 -4.95713
-5.93454 -14.418 -40.4384 8.1737 -13.4325 -33.4173 13.1359 -13.3407 -18.3425 7.61043 -9.12366 -4.06175 -1.6878 -0.945563 5.80026 -6.65784 2.21436 20.3895 -2.02286 -8.57972 30.7159 4.1192 -21.5368 24.176 3.04992 -26.8706 9.28077 -3.65468 -25.0861 -5.0106 -12.5065 -17.8546 -15.987 -22.7485 -6.4396 -19.5585 -30.3076 3.47805 -10.1676 -27.9555 4.34891 5.35853 -16.9417 0.526409 16.0802 -2.28369 2.28431 21.9423 10.7373 11.327 22.4709 21.1332 21.2725 16.0428 25.8852 28.2278 2.91623 19.6372 28.6815 -11.4782 6.07005 22.2714 -16.4749 -6.52793 13.1601 -13.2455 -17.8632 2.10981 -12.0666 -24.9291 -9.34828 -20.3854 -20.3784 -15.1302 -34.2882 1.05741 0.736508 0.851324 0.884196 0.409827 -0.0864059 -0.559161 -0.945218 -1.09458 -1.10434 -0.907793 -0.535524 -0.177817 0.103643 1.11982 0.754716 -0.307915 -0.186478 -0.256117 -0.377912 -0.10749 0.485089 1.213 1.2707 -2.23949 -4.87735
-5.39577 -12.0128 -40.5641 8.50627 -10.2399 -33.2909 13.5936 -10.7606 -18.2667 8.02154 -7.68712 -3.71482 -1.54005 -0.123087 6.38248 -6.58503 2.43429 21.0637 -2.08569 -8.71907 31.0631 3.99619 -21.6196 24.3572 2.99315 -26.8838 9.43264 -3.634 -25.0712 -4.89127 -12.4313 -17.8046 -15.8883 -22.6735 -6.36202 -19.3697 -30.282 3.52724 -9.9886 -28.1579 4.45895 5.56687 -17.365 0.783012 16.5609 -2.68635 2.42369 22.4055 10.5186 11.211 22.5074 20.9842 20.9273 15.8462 25.749 27.863 2.7138 19.4526 28.5591 -11.6499 5.76061 22.418 -16.644 -6.88692 13.3941 -13.363 -18.1075 2.23075 -12.1524 -24.8337 -9.26751 -20.6943 -19.8302 -14.2263 -34.7585 1.13482 0.744489 0.835951 0.865437 0.402741 -0.0767357 -0.549785 -0.940645 -1.09719 -1.11036 -0.914458 -0.542929 -0.179948 0.108024 1.10196 0.783333 -0.285898 -0.167291 -0.233678 -0.375248 -0.120181 0.458744 1.17199 1.21902 -2.23215 -4.78627
-5.20748 -13.7535 -41.2243 8.43149 -11.6388 -33.5551 13.1836 -11.4912 -18.4132 7.66522 -7.94046 -3.94973 -1.74342 -0.353108 6.27307 -6.76224 2.19183 20.9655 -2.16334 -8.88179 31.0082 3.9949 -21.7342 24.2795 2.98154 -26.9175 9.32729 -3.61082 -25.011 -5.00067 -12.3003 -17.627 -16.0057 -22.3322 -6.10218 -19.8146 -30.0289 3.5306 -10.2404 -28.0726 4.30396 5.34587 -17.3731 0.555493 16.4066 -2.75263 2.19525 22.3956 10.3906 11.0733 22.5724 20.5438 20.8502 15.5273 24.6791 27.5743 2.07547 18.0754 28.0726 -12.1579 4.43127 22.0137 -17.3784 -8.34922 12.9647 -14.7457 -19.3218 1.53527 -13.7633 -25.398 -10.4448 -22.1286 -19.8453 -15.7368 -35.8615 1.1084 0.755997 0.847704 0.873671 0.419636 -0.067017 -0.541666 -0.932904 -1.09054 -1.10787 -0.921417 -0.544286 -0.167396 0.129357 1.12173 0.800698 -0.259531 -0.160812 -0.237694 -0.339939 -0.0475748 0.47478 1.12053 1.13927 -2.37311 -4.82804
-5.46818 -15.4137 -41.1954 8.16424 -12.7257 -33.696 12.8357 -12.0687 -18.5425 7.48969 -8.19203 -4.09795 -1.71308 -0.462246 6.20527 -6.64466 2.23549 20.9 -2.05864 -8.75736 31.0368 4.04182 -21.6631 24.3578 3.01481 -26.864 9.41274 -3.50506 -25.005 -4.95441 -12.1294 -17.7146 -16.072 -22.3105 -6.25272 -19.6671 -30.0321 3.51423 -10.2504 -28.0337 4.30668 5.32942 -17.2848 0.589962 16.3527 -2.65578 2.23645 22.319 10.4955 11.0988 22.631 20.7259 20.9901 15.8627 25.0146 27.9454 2.57749 18.5945 28.3031 -11.7438 5.32083 21.5091 -17.014 -6.79946 11.6297 -14.2482 -17.336 -0.176707 -12.9908 -24.0346 -12.1562 -20.8672 -19.7081 -17.6782 -34.9461 1.11705 0.760662 0.849937 0.872912 0.419099 -0.0731265 -0.546718 -0.935795 -1.09766 -1.11984 -0.926874 -0.552775 -0.181741 0.112192 1.10194 0.766217 -0.297133 -0.194053 -0.277335 -0.365801 -0.0687152 0.423978 1.15282 1.25269 -2.19194 -4.68952
-5.62945 -14.6501 -40.8275 8.0493 -12.0004 -33.3992 12.8725 -11.6731 -18.2826 7.42483 -8.05643 -3.80857 -2.05373 -0.55901 6.41602 -7.26867 1.76944 21.076 -2.63306 -9.39697 30.9983 3.79801 -22.0701 24.1854 3.04745 -27.1631 9.18676 -3.51169 -25.2478 -5.15507 -12.3411 -17.8412 -16.0324 -22.5592 -6.33615 -19.3758 -30.1565 3.46636 -9.89527 -28.0307 4.19387 5.67083 -17.2631 0.225268 16.5876 -2.72867 1.8252 22.7928 10.3088 10.8315 23.5048 20.5017 20.9315 16.9931 24.9962 27.846 3.75468 19.0162 27.5537 -10.7574 6.19921 19.9085 -15.9919 -5.59278 9.73477 -12.8938 -16.3114 -1.89787 -11.5591 -23.5842 -13.2142 -19.8937 -19.6914 -17.6353 -34.4788 1.14497 0.766666 0.856498 0.887178 0.4459 -0.0423195 -0.532599 -0.945808 -1.11782 -1.13457 -0.94732 -0.583044 -0.222837 0.0607674 1.05113 0.687504 -0.371296 -0.263589 -0.341232 -0.38571 -0.0831599 0.451829 1.25029 1.37198 -2.00344 -4.52436
-5.99599 -14.2918 -40.2751 7.8033 -11.6345 -33.0759 12.8463 -11.5106 -18.0282 7.38355 -8.09267 -3.51166 -2.25133 -0.765745 6.69041 -7.56128 1.49416 21.327 -2.79417 -9.5909 31.2782 3.80792 -22.1556 24.4281 3.1106 -27.1456 9.39233 -3.43272 -25.1839 -4.95047 -12.2402 -17.7629 -15.8358 -22.4505 -6.26221 -19.2177 -30.1139 3.51778 -9.76707 -28.0652 4.16799 5.81278 -17.3659 0.0594396 16.745 -2.91194 1.52234 23.1681 10.1049 10.5227 24.2407 20.261 20.8133 17.9744 24.8479 27.7354 4.77175 19.2501 26.7868 -9.86415 6.97511 18.2368 -14.9969 -4.39095 7.70117 -11.5374 -15.2005 -3.82524 -10.0262 -23.0604 -14.513 -18.6524 -19.7862 -17.901 -33.66 1.18991 0.787128 0.876031 0.910282 0.467179 -0.0367424 -0.539666 -0.96361 -1.14419 -1.16666 -0.983553 -0.621494 -0.261882 0.0186938 0.994425 0.614358 -0.437885 -0.328461 -0.40556 -0.405559 -0.0943497 0.472507 1.34834 1.5037 -1.79292 -4.36728
-5.61014 -14.4897 -40.8105 8.08912 -11.7399 -33.4567 12.9449 -11.4143 -18.3504 7.44661 -7.85231 -3.88203 -2.1205 -0.444953 6.32574 -7.39139 1.76533 20.984 -2.63124 -9.42456 30.8206 4.03861 -21.8797 23.8374 3.55228 -26.5583 8.6936 -2.74443 -24.1708 -5.69497 -11.4316 -16.4585 -16.4739 -21.8574 -5.08863 -19.6336 -29.9663 4.09748 -9.9614 -28.1329 4.24784 5.65807 -17.3407 0.149706 16.5025 -2.82092 1.86005 22.7126 10.1115 11.0056 23.5529 20.2684 21.2138 17.1546 24.8448 28.1035 3.93131 19.0316 27.5801 -10.6418 6.37592 19.6676 -15.8717 -5.28318 9.37267 -12.6727 -15.9489 -2.30029 -11.2676 -23.2965 -13.5365 -19.6449 -19.5668 -17.7097 -34.3452 1.15656 0.769667 0.85917 0.891024 0.451218 -0.041155 -0.540625 -0.967258 -1.16086 -1.19981 -1.01736 -0.632902 -0.234695 0.0735953 1.07931 0.691809 -0.371925 -0.263476 -0.33953 -0.368965 -0.066217 0.468092 1.28187 1.4151 -1.93264 -4.46048
-5.34594 -13.5504 -40.8521 8.39713 -10.7245 -33.6097 13.3199 -10.5182 -18.5231 7.62621 -7.20982 -4.07006 -2.24683 -0.1515 6.09362 -7.76639 1.58502 20.7241 -2.84036 -9.74809 30.3119 4.33665 -21.7293 23.0095 4.40362 -25.6414 7.64231 -1.44628 -22.4589 -6.78092 -9.96768 -14.2072 -17.2894 -20.7519 -3.0589 -20.0042 -29.619 5.01829 -10.013 -28.2225 4.19283 5.63055 -17.389 -0.0759487 16.3674 -2.88413 1.76602 22.5747 10.0358 10.9163 23.5466 20.2643 21.1421 17.292 24.9483 28.0693 4.12614 19.2205 27.4958 -10.4789 6.60894 19.4728 -15.6465 -4.99012 9.16402 -12.2781 -15.6657 -2.50176 -10.8886 -22.9769 -13.5381 -19.5583 -19.2049 -17.1736 -34.3901 1.17431 0.771376 0.860263 0.896108 0.468958 -0.0238129 -0.54089 -0.997701 -1.23191 -1.30419 -1.1301 -0.713805 -0.25225 0.100312 1.12628 0.712439 -0.349707 -0.238835 -0.316072 -0.34923 -0.053947 0.492302 1.31226 1.44803 -1.86017 -4.3853
-4.39783 -11.3309 -41.0337 9.33719 -8.31245 -33.854 14.2859 -8.41317 -18.7748 8.15824 -5.82026 -4.35328 -2.25308 0.495848 5.76144 -8.04543 1.68649 20.341 -2.9971 -9.66548 29.8424 4.34514 -21.6173 22.6571 4.31624 -25.8476 7.37433 -1.81185 -22.9873 -7.0008 -10.5076 -14.8743 -17.4743 -21.1928 -3.62516 -20.1647 -29.6996 4.78591 -10.1358 -27.936 4.22586 5.48236 -16.9818 0.0355493 16.1273 -2.57251 1.99961 22.517 10.3332 11.153 23.6371 20.5919 21.3214 17.3386 25.2554 28.1906 4.13519 19.4306 27.6741 -10.4336 6.67336 19.7799 -15.4392 -4.96831 9.59306 -11.854 -15.5991 -2.13517 -10.6613 -22.4462 -12.9529 -19.9625 -18.1697 -15.6953 -34.8493 1.22918 0.797697 0.881268 0.918752 0.499194 -0.00233531 -0.534772 -0.999007 -1.21592 -1.26814 -1.091 -0.687717 -0.250227 0.0887929 1.11377 0.68122 -0.367273 -0.254921 -0.331412 -0.380249 -0.0952303 0.470531 1.26664 1.39224 -1.86107 -4.37242
-3.84923 -10.9171 -41.1588 9.80863 -7.87347 -33.8438 14.6714 -8.02595 -18.7371 8.42202 -5.51848 -4.35272 -2.1542 0.708798 5.64538 -7.81781 1.86056 20.2785 -1.88783 -9.29374 29.5005 6.0528 -20.3069 21.498 5.99888 -23.7479 6.01842 -0.518238 -21.2313 -8.24951 -10.0709 -13.8839 -18.54 -21.4923 -3.27285 -20.7564 -30.0844 4.65125 -10.4087 -28.1911 4.056 5.193 -17.1923 0.0832588 15.8752 -2.78533 2.14734 22.2387 10.0333 11.4102 23.4547 20.2863 21.679 17.3118 25.1213 28.524 4.15755 19.4969 27.8634 -10.484 6.81987 19.8698 -15.5354 -4.80141 9.66094 -11.9466 -15.3824 -2.1197 -10.8298 -22.0833 -12.9025 -20.2768 -17.6471 -15.4449 -35.1524 1.24397 0.815888 0.900848 0.944655 0.512573 -0.00573604 -0.555828 -1.05966 -1.31327 -1.33286 -1.10985 -0.679428 -0.229096 0.115106 1.1324 0.681219 -0.372378 -0.254333 -0.323103 -0.359116 -0.0735355 0.492179 1.27998 1.40099 -1.85161 -4.35576
-1.94912 -8.8666 -40.8366 11.606 -6.27647 -33.1646 15.9849 -7.57183 -17.965 8.72537 -5.99454 -3.9271 -2.42995 0.154013 5.47236 -8.01703 1.63018 20.1057 -1.6586 -9.2458 29.3745 6.40669 -20.0678 21.237 6.27538 -23.4515 5.74523 -0.300636 -21.0043 -8.50776 -9.95506 -13.7434 -18.7646 -21.4446 -3.1739 -20.8212 -29.8762 4.71157 -10.3131 -27.807 4.1107 5.26605 -16.8317 0.0815316 15.9514 -2.39849 1.90173 22.3298 10.7033 10.7801 23.385 21.0345 20.9249 17.1674 25.6559 28.0404 4.08006 19.6712 27.8517 -10.4317 6.74155 20.1452 -15.2852 -4.89996 10.0307 -11.5001 -15.3827 -1.86375 -10.7113 -21.3044 -12.3739 -20.9527 -15.8886 -13.9294 -35.6386 1.30388 0.85743 0.943676 0.97936 0.503101 -0.0226333 -0.574641 -1.0809 -1.33121 -1.34064 -1.10702 -0.673005 -0.223042 0.121639 1.12775 0.717187 -0.324964 -0.210066 -0.29396 -0.375574 -0.102285 0.486083 1.23139 1.31535 -1.92694 -4.4516
-0.902886 -8.40242 -41.2785 12.2881 -5.55815 -33.0797 16.2435 -6.71674 -17.7535 8.91315 -5.163 -3.74985 -2.28474 0.771975 5.73592 -8.23148 1.95095 20.2541 -2.26198 -9.16704 29.4944 5.86156 -20.0973 21.5621 5.98398 -23.5862 6.09365 -0.452838 -21.1057 -8.21698 -9.97593 -13.7542 -18.5319 -21.4175 -3.17933 -20.816 -30.1764 4.63383 -10.524 -28.4276 3.84302 5.0859 -17.4489 -0.16456 15.7758 -3.19322 2.42468 22.2863 9.10582 12.3568 23.5837 19.2363 22.8107 17.5507 24.654 29.3947 4.49066 19.7876 28.3647 -10.399 7.33451 20.1629 -15.6689 -4.22015 9.90706 -11.9998 -14.5219 -2.1518 -11.3322 -20.2649 -12.6308 -21.7064 -14.8128 -13.8588 -36.4099 1.26791 0.842182 0.920682 0.951499 0.502567 -0.0102157 -0.566809 -1.07966 -1.33577 -1.35388 -1.1301 -0.692874 -0.230934 0.123542 1.17353 0.666829 -0.411759 -0.2793 -0.308822 -0.306197 -0.0322142 0.537842 1.27433 1.36151 -1.8839 -4.31883
-0.706811 -8.3149 -41.699 12.3408 -5.94162 -33.1295 15.3913 -8.30959 -17.7358 7.13663 -7.49006 -4.19179 -4.04683 -1.15286 5.0476 -9.00407 1.3435 19.7692 -2.03497 -8.83572 29.3839 6.05939 -19.8934 21.5998 5.88206 -23.7664 6.22342 -0.595153 -21.3741 -8.08403 -9.9892 -13.9077 -18.4348 -21.2735 -3.15821 -20.6861 -29.8095 4.74461 -10.276 -27.8752 3.82706 5.30508 -16.8958 -0.447903 15.8903 -2.6303 1.96256 22.4475 9.92563 11.5876 23.5888 20.0685 21.9375 17.3993 25.1165 28.814 4.3418 19.7968 28.2322 -10.4165 7.25386 20.1123 -15.5995 -4.00793 9.51242 -11.9982 -13.8624 -2.92003 -11.4399 -19.503 -13.3774 -21.8917 -14.4417 -14.1433 -36.7653 1.41239 0.974101 1.05056 1.04414 0.498505 -0.0702293 -0.643376 -1.14167 -1.36786 -1.37817 -1.15548 -0.722623 -0.264131 0.0909948 1.15049 0.678781 -0.388638 -0.264755 -0.314701 -0.342995 -0.0624366 0.479103 1.23057 1.35833 -1.85089 -4.4794
-0.46898 -9.60652 -42.4404 12.2515 -7.233 -33.3926 14.4436 -9.81175 -17.8869 5.86587 -8.97288 -4.54629 -5.02579 -2.31433 4.81497 -9.33977 1.03912 19.5688 -1.73975 -8.45294 29.406 6.43704 -19.4819 21.6674 6.14965 -23.3177 6.2834 -0.241172 -20.8133 -8.04372 -9.50657 -13.26 -18.4472 -20.837 -2.55756 -20.6912 -29.6375 4.97303 -10.2255 -27.9312 3.55463 5.34458 -16.9412 -0.90298 15.843 -2.71967 1.84452 22.3632 9.46943 11.9278 23.5244 19.4062 22.521 17.4126 24.6292 29.3221 4.38448 19.7234 28.3845 -10.4983 7.56974 19.8215 -15.8916 -3.28465 8.74339 -12.484 -12.6003 -4.09825 -11.9366 -18.3395 -14.7663 -22.1185 -14.0188 -15.615 -37.2194 1.48434 1.0662 1.13899 1.10378 0.508518 -0.113256 -0.704839 -1.2023 -1.42793 -1.44726 -1.22589 -0.782236 -0.299847 0.0761403 1.17459 0.667345 -0.424023 -0.297457 -0.332654 -0.316796 -0.0202206 0.474187 1.24506 1.42516 -1.76961 -4.49851
0.923344 -10.3732 -42.9533 13.2142 -7.31327 -33.5257 15.3373 -8.99202 -17.8874 7.18905 -7.65988 -4.31955 -3.65804 -1.21984 5.24418 -8.56155 1.30995 19.9781 -1.64185 -8.88737 29.6094 6.4415 -19.8383 21.6645 6.31253 -23.1944 6.16668 0.142271 -20.2185 -8.16695 -8.84812 -12.3132 -18.5502 -20.0676 -1.48507 -20.7478 -29.0661 5.74532 -10.2387 -27.6777 3.86937 5.31457 -16.8411 -0.754411 15.9003 -2.63822 1.99448 22.4604 9.3978 12.2595 23.626 19.2047 22.9537 17.4803 24.4885 29.6912 4.44376 19.8434 28.5563 -10.5088 7.97721 19.721 -16.0992 -2.59324 8.29359 -12.9633 -11.4834 -4.85415 -12.6634 -16.9333 -15.6841 -22.8334 -12.5826 -16.6347 -37.9196 1.36818 0.984165 1.05463 1.03577 0.50433 -0.0705131 -0.640734 -1.14032 -1.3894 -1.43764 -1.23474 -0.794107 -0.296704 0.0963328 1.19762 0.685416 -0.418777 -0.296559 -0.325727 -0.282727 0.0279035 0.491756 1.23981 1.42365 -1.78163 -4.30931
1.01379 -11.989 -43.0087 13.2054 -9.10579 -33.3982 15.082 -10.3077 -17.6847 7.001 -8.41381 -4.1434 -3.63579 -1.57563 5.38012 -8.42197 1.30804 20.0876 -1.51695 -8.8116 29.8109 6.55113 -19.719 21.7911 6.53463 -22.6323 6.20339 0.7426 -19.003 -8.13753 -7.66532 -10.5146 -18.5484 -18.5799 0.606798 -20.8159 -27.9795 7.35913 -10.34 -27.2884 4.4835 5.10685 -16.8426 -0.737158 15.8071 -2.71408 1.911 22.5663 9.18695 12.3202 23.8356 18.9534 23.1252 17.821 24.4352 29.8497 4.8596 20.1756 28.5382 -10.193 8.57259 19.5558 -16.0929 -2.15213 8.17327 -13.341 -11.4915 -4.66157 -13.1601 -17.3754 -15.5041 -23.0716 -12.9075 -17.327 -38.0429 1.32732 0.982338 1.05782 1.03747 0.495715 -0.0804863 -0.643782 -1.14023 -1.40604 -1.49469 -1.32121 -0.879308 -0.343867 0.0871723 1.20573 0.694582 -0.416873 -0.290101 -0.30596 -0.229647 0.0967321 0.577688 1.32659 1.47983 -1.81679 -4.33754
0.385467 -10.9377 -42.5229 12.7755 -8.20128 -33.1257 14.8751 -10.208 -17.5229 6.63742 -8.72389 -4.02506 -4.11279 -1.72717 5.25271 -8.98229 1.27383 19.9093 -2.21192 -8.91103 29.6591 5.98356 -19.7394 21.6614 6.38309 -22.3851 6.03111 1.08556 -18.4112 -8.40933 -6.91799 -9.63646 -18.9012 -17.702 1.59703 -21.2398 -27.3315 8.165 -10.8559 -27.0678 4.99494 4.54649 -17.0363 -0.482951 15.5114 -3.05046 1.75754 22.701 9.20862 11.7067 24.2262 19.2583 22.3377 18.3701 24.6949 29.1814 5.45217 20.2707 27.8393 -9.55014 8.81273 18.5029 -15.1776 -1.44082 6.77068 -12.1157 -10.4912 -6.26834 -11.863 -16.6827 -16.6902 -22.0349 -13.0249 -17.268 -37.3226 1.38907 0.998641 1.07346 1.0518 0.501503 -0.0622343 -0.624511 -1.12974 -1.41942 -1.5332 -1.37295 -0.92866 -0.375734 0.065983 1.14375 0.655113 -0.426195 -0.297841 -0.328846 -0.264659 0.0627762 0.542595 1.34803 1.56017 -1.62888 -4.22283
0.140163 -9.89899 -42.0787 12.4366 -6.89604 -32.64 14.9838 -9.4 -17.1764 7.22373 -8.4026 -3.35469 -3.32057 -1.5707 6.27543 -7.99357 0.917112 21.0911 -1.39842 -9.81958 30.357 6.46847 -20.6015 21.9757 6.64233 -23.0449 6.30844 1.13085 -19.049 -8.04559 -7.11098 -10.3482 -18.4138 -18.0019 0.82202 -20.5513 -27.5204 7.38714 -10.0638 -27.2259 4.35526 5.3659 -17.1994 -1.00662 16.3926 -3.03226 1.24867 23.2132 9.04151 11.473 24.347 18.767 22.4157 18.5177 24.2834 29.3892 5.70346 20.2625 27.6735 -9.37409 9.24592 17.7802 -14.9309 -0.563255 5.73161 -11.6496 -9.27926 -7.53049 -11.279 -15.6656 -17.766 -21.5195 -12.7117 -17.3571 -36.964 1.39929 0.967581 1.0277 1.00299 0.468847 -0.0652106 -0.616497 -1.11613 -1.40947 -1.52124 -1.36001 -0.923873 -0.383252 0.050339 1.13483 0.665897 -0.461161 -0.337676 -0.365016 -0.272567 0.0600051 0.526063 1.37105 1.63319 -1.47569 -4.02196
-0.20028 -10.0503 -41.3532 12.223 -6.90871 -32.1282 14.9489 -9.55498 -16.7189 7.06236 -8.58435 -2.96709 -3.65097 -1.6122 6.37152 -8.75586 0.619256 21.0851 -2.58667 -10.5176 30.1704 5.48572 -21.2616 21.937 6.42249 -23.8054 6.31274 1.43751 -19.9405 -8.26787 -6.70917 -11.3072 -18.7669 -17.6388 -0.185202 -20.9578 -27.1975 6.49523 -10.5803 -27.0841 3.74585 4.90455 -17.3388 -1.41482 16.274 -3.46798 1.12883 23.5846 8.40692 11.5591 24.9241 18.1475 22.5037 19.1234 23.8547 29.2386 6.26516 20.2164 26.9252 -8.8297 9.64649 16.4623 -14.2081 0.166307 4.22097 -10.6825 -8.49162 -9.0772 -10.2485 -15.1292 -19.0426 -20.5951 -12.6828 -18.0218 -36.0999 1.38778 0.933311 0.99867 0.982242 0.470236 -0.0148715 -0.565368 -1.08501 -1.4037 -1.51643 -1.35144 -0.915336 -0.379011 0.04713 1.10431 0.594637 -0.530485 -0.403397 -0.417996 -0.28773 0.0556718 0.531763 1.41034 1.70268 -1.34801 -3.86835
1.16973 -10.9952 -41.7361 12.9827 -7.04011 -32.0346 15.4114 -9.1644 -16.4953 7.66495 -8.05518 -2.67449 -2.95249 -1.1855 6.84772 -8.14324 0.460034 21.6084 -2.30596 -11.201 30.2441 5.61068 -21.9421 21.8571 6.74595 -24.5855 6.26258 1.91936 -21.0106 -8.44471 -6.3583 -12.6628 -19.0714 -17.4717 -1.72123 -21.2456 -26.9789 5.139 -10.9381 -26.9727 3.03755 4.64837 -17.4691 -1.6754 16.4101 -3.58207 0.833318 23.7019 8.33043 11.2571 24.7194 17.926 22.2222 18.7192 23.4442 29.0783 5.8425 19.7059 26.9253 -9.25163 9.19929 16.4452 -14.72 0.0160644 3.94204 -11.3298 -7.96274 -9.77682 -10.9821 -13.8277 -20.2705 -21.2731 -11.0698 -19.4913 -36.7396 1.31856 0.887717 0.949765 0.934714 0.45428 0.0143336 -0.520101 -1.04084 -1.36795 -1.46864 -1.28658 -0.846822 -0.320252 0.0905136 1.11115 0.629813 -0.509507 -0.391646 -0.412363 -0.283805 0.0641311 0.49422 1.31868 1.61186 -1.43125 -3.77146
2.18701 -10.5006 -41.8489 13.9524 -6.43974 -32.1334 16.381 -8.81819 -16.6309 8.28189 -8.01826 -2.99214 -2.73533 -1.29666 6.17495 -8.33134 0.271777 20.7952 -2.54338 -11.3085 29.5718 5.76653 -21.9874 21.4914 7.47675 -24.7675 5.97333 3.13873 -21.3111 -8.91342 -4.78636 -12.9434 -19.7903 -15.7222 -1.88314 -22.2464 -25.4146 5.06304 -12.1717 -25.8541 2.89605 3.39964 -16.7991 -1.89963 15.4776 -3.32354 0.831859 23.4313 8.31078 11.5218 24.8335 17.6923 22.6738 18.8396 23.0956 29.4727 5.88403 19.5359 26.9831 -9.20152 9.36443 16.1559 -14.627 0.425216 3.48071 -11.2233 -7.30342 -10.3842 -11.0757 -12.772 -20.7528 -21.7061 -9.82882 -19.4476 -37.1028 1.37053 0.925075 0.988716 0.980347 0.503966 0.0616779 -0.489868 -1.03181 -1.37574 -1.48306 -1.30424 -0.860882 -0.322119 0.0972821 1.10034 0.575751 -0.557132 -0.442277 -0.458183 -0.298757 0.0638649 0.49311 1.29646 1.58876 -1.42182 -3.77385
3.29523 -8.40663 -41.9659 14.9217 -5.13611 -31.7955 16.9458 -8.31646 -16.379 8.3588 -7.99469 -3.02196 -2.90392 -1.35664 5.9045 -8.44496 0.486803 20.5136 -2.37344 -10.7776 29.5069 6.07103 -21.4957 21.6202 7.76102 -24.6422 6.17 3.35772 -21.628 -8.79349 -4.61839 -13.5831 -19.8747 -15.5634 -2.60422 -22.6358 -25.3067 4.59565 -12.791 -25.8212 2.77593 2.82242 -16.8379 -1.81565 15.0325 -3.53439 1.10006 23.2074 7.82934 12.038 24.8881 17.0318 23.4583 19.126 22.562 30.4267 6.31483 19.5073 27.8847 -8.87237 9.71252 16.8848 -14.6332 0.676337 4.20623 -11.5099 -7.35988 -9.48106 -11.7666 -12.711 -19.3036 -22.9603 -9.09458 -17.2819 -38.1346 1.4055 0.97212 1.03262 1.01436 0.512642 0.0486359 -0.518066 -1.06448 -1.39843 -1.48863 -1.2971 -0.847406 -0.3118 0.100622 1.0912 0.5312 -0.607353 -0.485584 -0.482497 -0.288276 0.0857148 0.54305 1.33389 1.58387 -1.46583 -3.85736
4.39347 -8.02319 -41.5859 15.6047 -5.29782 -30.8068 17.2094 -8.60087 -15.3667 8.65517 -8.19303 -1.99101 -2.43467 -1.44585 7.06907 -8.03844 0.193441 21.6786 -2.4439 -11.5076 30.4202 5.64674 -22.2529 22.2064 7.17236 -24.9299 6.65104 2.74601 -21.4958 -8.21485 -5.24641 -13.3053 -19.177 -16.2971 -2.40588 -21.8304 -26.1532 4.5693 -11.9361 -26.7322 2.57452 3.65363 -17.7027 -2.14045 15.7824 -4.13921 0.497166 23.6174 7.13044 11.561 25.0956 15.9356 23.415 19.5944 21.4872 30.9559 7.12117 19.1317 28.5927 -8.21867 10.0061 17.3173 -14.5203 0.953121 4.55215 -11.828 -7.53905 -8.85088 -12.3085 -12.9937 -18.4021 -23.6856 -8.57126 -16.4041 -38.6481 1.31049 0.917863 0.973273 0.945316 0.460913 0.0304707 -0.505673 -1.03757 -1.38283 -1.49122 -1.30525 -0.852925 -0.310958 0.103474 1.09941 0.572708 -0.603843 -0.483839 -0.466789 -0.23499 0.152147 0.631417 1.41309 1.60329 -1.53801 -3.82522
4.34132 -8.76335 -40.72 15.5074 -5.35933 -30.0879 17.4158 -8.36127 -14.621 9.1244 -7.84296 -1.08459 -1.90085 -1.03428 8.00821 -7.67704 0.239453 22.5869 -2.43889 -11.9084 30.9309 5.48013 -22.5581 22.4304 7.05583 -24.8373 6.81675 2.76849 -20.9375 -7.97481 -5.00305 -12.4011 -18.8314 -15.9415 -1.38205 -21.4554 -26.0064 5.34782 -11.6016 -26.9737 2.90212 3.90446 -18.2301 -2.12288 16.1179 -4.66914 0.338118 24.0145 6.42771 11.5957 25.3277 14.9302 23.6368 19.7572 20.4823 31.2178 7.30843 18.5626 28.4535 -8.02511 10.0032 16.6237 -14.1007 1.45744 3.59862 -11.0229 -6.58025 -10.0893 -11.1788 -11.9573 -19.9269 -22.3469 -8.08227 -17.8122 -37.4445 1.26445 0.853747 0.908973 0.889289 0.429008 0.041528 -0.474466 -1.00292 -1.36147 -1.49432 -1.3271 -0.876755 -0.319868 0.106774 1.10065 0.595188 -0.607501 -0.496136 -0.4734 -0.213885 0.177076 0.63195 1.4238 1.6516 -1.42622 -3.61959
4.90608 -9.72068 -40.2348 16.2387 -6.83356 -29.626 17.844 -9.77916 -14.1138 9.42894 -8.83197 -0.677271 -1.45316 -1.67482 8.31994 -7.06482 0.318246 22.8824 -1.81267 -11.4426 31.7552 5.89927 -22.3377 23.3762 7.10681 -24.7659 7.75215 2.68485 -21.185 -7.08041 -5.09005 -13.0847 -18.2638 -16.0902 -2.25908 -21.3872 -26.2541 4.75838 -11.8403 -27.2141 2.79468 3.73452 -18.4065 -2.00742 15.9915 -4.80884 0.234662 23.8902 6.30152 11.432 25.5571 14.7113 23.734 20.4338 20.3823 31.5673 8.19673 19.0864 28.5488 -7.15426 11.3113 16.218 -13.2879 3.10036 2.95881 -10.2997 -5.1696 -10.5903 -10.4397 -11.2593 -20.1732 -21.4624 -7.83329 -18.2112 -36.6886 1.2748 0.88423 0.943353 0.915216 0.423454 -0.00331035 -0.516161 -1.03105 -1.38407 -1.51317 -1.33259 -0.874546 -0.327491 0.0814803 1.04559 0.532002 -0.670064 -0.549967 -0.511146 -0.206165 0.206492 0.678318 1.5205 1.76103 -1.34673 -3.63151
4.96833 -8.78773 -39.5906 16.0982 -6.42021 -28.6439 17.8595 -9.97014 -13.2758 9.77561 -9.1522 0.3708 -0.795279 -1.66012 9.46574 -6.48982 -0.0407812 24.0422 -1.92643 -12.5167 32.298 5.48905 -23.365 23.5968 7.15476 -25.4346 7.96323 3.33364 -21.5249 -6.95302 -4.13841 -13.2336 -18.2027 -15.1455 -2.39848 -21.2684 -25.4386 4.4843 -11.762 -26.843 2.58016 3.78649 -18.6068 -2.15032 16.4615 -5.07523 -0.293126 24.5708 6.45824 10.5258 25.808 15.3508 22.3654 20.4175 21.4151 29.9835 8.23323 20.1542 27.187 -7.16264 12.0291 15.141 -13.4077 3.54927 2.07032 -10.3412 -5.00711 -11.2995 -10.5058 -11.345 -20.3713 -21.8174 -7.79729 -17.542 -36.8784 1.18549 0.794643 0.849145 0.818798 0.360041 0.0164654 -0.45932 -0.970462 -1.35309 -1.50581 -1.33179 -0.873821 -0.320189 0.089334 1.00377 0.556468 -0.636404 -0.510322 -0.462917 -0.182835 0.206389 0.696236 1.56262 1.79205 -1.32448 -3.49508
6.09663 -7.23383 -40.0133 16.8937 -5.05547 -28.7001 18.1135 -9.21351 -13.4324 9.30763 -8.99682 -0.216477 -1.69522 -1.83827 8.63145 -7.20109 0.125916 23.2381 -1.91164 -11.7823 31.8894 5.76538 -22.5598 23.3282 7.09297 -24.796 7.68522 2.86111 -21.0102 -7.15191 -4.8298 -12.7475 -18.2744 -15.8661 -1.91106 -21.2282 -26.037 4.94354 -11.5711 -27.0495 2.86469 3.98546 -18.3922 -2.0101 16.3206 -4.82644 0.028942 24.3286 6.58208 10.9343 25.9156 15.401 22.8625 20.6 21.3794 30.2901 8.25673 20.2932 27.0649 -7.06846 12.6304 14.6949 -13.2642 4.49199 1.34738 -10.4775 -3.78616 -12.1734 -11.2836 -9.82777 -20.658 -23.1969 -6.31553 -16.6591 -37.9989 1.28949 0.898886 0.947788 0.902487 0.397556 -0.00730478 -0.516341 -1.03419 -1.39793 -1.53784 -1.36313 -0.908432 -0.360792 0.047854 0.992806 0.501354 -0.681527 -0.557183 -0.504671 -0.188343 0.228982 0.722017 1.57098 1.81322 -1.25575 -3.47687
6.98653 -5.21762 -40.3657 17.3464 -3.63256 -28.556 18.1046 -8.59487 -13.5 8.92466 -8.9406 -0.54395 -2.23306 -1.97584 8.26461 -7.7073 -0.127921 22.8982 -2.1712 -12.0018 31.4419 5.78752 -22.6131 22.9305 7.51431 -24.8832 7.3314 3.61536 -21.1276 -7.60429 -4.01313 -12.8398 -18.7511 -15.1834 -2.12387 -21.6401 -25.5515 4.52479 -12.049 -26.8139 2.39928 3.48303 -18.3412 -2.42513 15.9653 -4.99053 -0.114421 24.2559 6.02502 11.1489 26.0981 14.4965 23.3592 20.8584 20.4615 30.8165 8.52654 20.0187 27.3375 -6.77526 13.1207 14.666 -13.2538 5.12999 1.12602 -11.0234 -3.25846 -12.2655 -12.5366 -9.15524 -19.9859 -25.0283 -5.33705 -14.9231 -39.4233 1.32145 0.940555 0.981346 0.921454 0.412607 0.00850318 -0.519028 -1.05558 -1.43198 -1.57292 -1.39371 -0.928894 -0.367298 0.0473662 0.989393 0.452093 -0.743233 -0.621072 -0.546649 -0.176879 0.270727 0.781403 1.61316 1.84192 -1.22473 -3.43642
7.96484 -6.66127 -40.8942 17.6452 -4.29807 -28.6461 18.3274 -8.48895 -13.3538 9.51543 -8.45284 -0.140289 -1.46379 -1.50091 8.89962 -7.01556 0.0123984 23.5425 -1.85534 -12.1462 31.9193 5.89074 -22.8047 23.2717 7.56369 -24.8636 7.63751 3.70091 -20.9462 -7.26598 -3.90729 -12.65 -18.4204 -15.1471 -2.02056 -21.3592 -25.6217 4.57664 -11.8486 -27.0153 2.57225 3.6883 -18.6263 -2.13992 16.2696 -5.10382 -0.152593 24.3632 6.3758 10.7053 25.7498 15.1711 22.5106 20.1292 20.9801 29.7892 7.6175 19.6846 26.7167 -7.72282 11.8409 14.6458 -14.2722 3.50976 1.30168 -12.1084 -4.45432 -12.3491 -13.598 -9.16066 -20.8721 -26.073 -4.26697 -16.5135 -40.3726 1.25191 0.902659 0.943927 0.892336 0.408833 0.0167725 -0.491329 -1.0179 -1.39995 -1.54815 -1.36642 -0.893901 -0.325383 0.0904199 1.01591 0.547151 -0.633329 -0.517136 -0.466952 -0.150362 0.276799 0.749851 1.49012 1.66397 -1.43986 -3.47887
6.99603 -6.56627 -41.4592 16.507 -3.40511 -29.2585 17.4859 -7.56707 -13.9744 8.8676 -7.96725 -0.639726 -2.16487 -1.43551 8.64539 -7.49113 -0.20547 23.3981 -1.87229 -12.2644 31.6226 6.14903 -22.725 22.9842 8.03986 -24.8585 7.38495 4.29924 -21.0424 -7.57587 -3.37317 -12.7815 -18.7124 -14.7404 -2.2602 -21.5482 -25.2901 4.20656 -12.031 -26.7744 2.20014 3.49723 -18.495 -2.45672 16.1713 -5.15627 -0.266229 24.5136 6.0792 10.8039 26.1911 14.7181 22.7597 20.6467 20.583 29.8749 8.06721 19.8619 26.2746 -7.19592 12.8829 13.7269 -13.827 5.10898 -0.0119925 -12.1048 -2.50282 -13.8465 -13.7354 -7.68086 -22.4073 -25.9958 -4.19805 -17.558 -40.5484 1.3385 0.962509 0.995208 0.943587 0.455913 0.0353241 -0.50551 -1.0538 -1.44385 -1.58937 -1.40479 -0.930111 -0.359089 0.0560111 0.974365 0.461445 -0.721444 -0.606273 -0.53839 -0.163536 0.297444 0.739643 1.50862 1.76755 -1.21998 -3.28028
7.07541 -5.22638 -40.8435 16.4613 -1.15872 -28.8157 17.9405 -5.37295 -13.5863 9.31882 -6.77224 -0.321459 -2.09671 -0.976765 8.98919 -7.37707 -0.317888 23.7948 -1.63113 -12.5007 31.7444 6.50091 -22.9227 23.1631 8.57732 -25.3098 7.62426 4.89573 -21.8022 -7.42642 -2.87217 -13.7578 -18.6549 -14.3295 -3.34351 -21.5231 -24.8658 3.21978 -12.0572 -26.4261 1.56485 3.50498 -18.3384 -2.7306 16.4281 -5.10481 -0.344696 24.8834 6.15569 10.7322 26.3335 14.8803 22.6626 20.8692 20.8349 30.095 8.51728 19.8415 26.9841 -6.83782 12.3617 14.6869 -13.3918 4.57425 1.00455 -11.3173 -2.47172 -13.1294 -12.9221 -6.8303 -21.9571 -25.3113 -3.33587 -16.9519 -39.8082 1.41678 1.0011 1.02095 0.971264 0.483485 0.0566037 -0.498793 -1.0577 -1.44696 -1.57816 -1.38033 -0.899845 -0.329558 0.0834854 0.986648 0.478234 -0.711844 -0.588484 -0.527553 -0.193607 0.245369 0.667668 1.39242 1.66265 -1.25385 -3.30903
6.85537 -5.99106 -40.5659 16.6688 -2.62183 -28.6641 18.0427 -6.99643 -13.4701 9.29579 -7.91398 -0.245201 -2.08241 -1.80371 8.90863 -7.57814 -0.832683 23.6184 -1.82409 -12.78 31.9121 6.52886 -23.2483 23.6037 8.736 -25.8241 8.11314 5.07106 -22.576 -6.99971 -2.67998 -14.7502 -18.3931 -14.0813 -4.35317 -21.5341 -24.642 2.42781 -12.2506 -26.2309 0.92909 3.32446 -18.1479 -3.34708 16.2569 -5.07774 -0.788611 24.9136 5.90053 10.5191 26.7059 14.4611 22.5308 21.1609 20.3429 29.5483 8.53456 19.4808 25.676 -6.65444 12.3812 12.9273 -12.7528 4.90978 -0.907512 -10.5322 -2.19589 -14.9637 -12.513 -7.00395 -23.0481 -25.2386 -3.87368 -17.4322 -39.5944 1.42484 1.0144 1.04293 0.995414 0.508499 0.0659431 -0.501782 -1.06977 -1.46 -1.58497 -1.38266 -0.902274 -0.338151 0.0679377 0.969042 0.416665 -0.768308 -0.651093 -0.587665 -0.221323 0.240754 0.695393 1.45782 1.74342 -1.17507 -3.30192
6.55657 -5.92307 -40.1087 16.4446 -2.28831 -28.3476 17.9948 -6.65915 -13.1696 9.18087 -7.89363 -0.0151652 -2.35635 -2.16385 9.18558 -7.70807 -1.39117 23.9601 -1.58621 -13.2346 32.1385 6.86277 -23.3848 23.5376 8.72821 -25.4932 7.93187 4.65861 -21.8297 -6.98114 -3.23107 -13.7475 -18.097 -14.5888 -3.30316 -21.239 -25.4784 3.25972 -12.1815 -27.5394 1.18468 3.27164 -19.5248 -3.7259 16.02 -6.27536 -1.59666 24.5189 4.51611 9.86906 26.4373 12.8496 22.1522 21.1468 19.032 29.1521 8.65497 18.7248 24.7477 -6.40988 11.9199 11.6373 -12.0608 4.5366 -2.19382 -9.54221 -2.40048 -16.2725 -11.9203 -6.87566 -23.8715 -25.0597 -3.82773 -17.6827 -39.196 1.47204 1.04341 1.06591 1.01449 0.516512 0.0468938 -0.536745 -1.11143 -1.50281 -1.63971 -1.45462 -0.9717 -0.385794 0.0330461 0.952291 0.421326 -0.781437 -0.65652 -0.576984 -0.189077 0.283916 0.758549 1.50042 1.78776 -1.08976 -3.23433
6.82286 -5.9183 -40.7185 16.4899 -2.41547 -28.7356 17.8978 -6.86142 -13.5655 9.15628 -8.23868 -0.377003 -2.35013 -2.69204 8.97336 -7.551 -1.71735 23.7898 -1.12454 -13.2041 32.2389 7.59499 -23.3602 23.9197 9.55228 -25.6569 8.35185 5.41308 -22.1085 -6.56981 -2.54751 -14.1057 -17.6925 -13.9932 -3.83879 -21.0901 -25.3741 2.53489 -12.5144 -28.0548 0.304334 2.82155 -20.1089 -4.6123 15.6105 -6.8104 -2.01676 23.9005 3.13711 10.2236 25.58 10.6691 23.0451 20.3656 17.1075 30.2765 8.1378 17.9675 25.6645 -6.84328 11.9993 12.26 -12.7444 4.63355 -1.63 -10.5152 -2.446 -15.6518 -12.808 -6.95043 -23.5028 -25.7884 -3.69272 -17.5736 -39.989 1.50375 1.08675 1.10342 1.04786 0.536918 0.0246507 -0.589939 -1.17789 -1.56667 -1.69972 -1.51256 -1.01071 -0.396336 0.0366697 0.991426 0.427282 -0.837469 -0.709668 -0.586591 -0.139411 0.352059 0.818063 1.55194 1.82621 -1.08002 -3.25472
6.67594 -5.83554 -40.5037 16.4226 -2.36943 -28.5749 17.8913 -6.84608 -13.4196 9.17812 -8.01219 -0.191976 -2.22096 -2.08359 9.05494 -7.21082 -0.622556 23.9039 -0.402356 -11.8584 32.3911 8.39091 -22.0036 24.1364 10.4283 -24.6617 8.63642 6.30005 -21.4757 -6.36983 -1.74002 -13.7393 -17.6231 -13.2865 -3.62948 -21.1482 -24.6189 2.73001 -12.498 -26.9567 0.592535 2.90719 -18.8493 -4.02215 15.7072 -5.94597 -0.768037 24.3806 3.19024 12.0321 26.4508 10.3195 24.956 20.9322 16.5101 31.4858 8.19234 17.2871 25.9785 -6.48794 11.671 12.2534 -11.9839 4.7345 -1.88379 -9.93958 -2.01998 -16.0209 -12.4906 -6.57251 -23.7574 -25.5228 -3.67846 -17.6306 -39.7184 1.49556 1.0781 1.1033 1.05434 0.525629 0.0246292 -0.593299 -1.18145 -1.55794 -1.67249 -1.46921 -0.957668 -0.346796 0.0845624 1.0409 0.384281 -0.887497 -0.77844 -0.659669 -0.175077 0.348247 0.803712 1.54134 1.83861 -1.04363 -3.21136
6.69455 -5.72776 -40.6503 16.4072 -2.28638 -28.6866 17.8868 -6.84378 -13.5564 9.2035 -8.42277 -0.351992 -2.31092 -3.12396 9.13134 -6.93283 -1.63617 24.0963 0.754605 -12.0727 32.8492 10.2146 -21.7327 24.7511 12.3021 -24.2531 9.23486 7.92564 -21.1399 -5.71623 -0.416635 -13.6322 -16.9043 -12.3238 -3.98757 -20.5314 -24.1901 1.77588 -12.1849 -26.968 -0.639261 3.10578 -18.9132 -5.13178 15.9823 -5.86612 -1.82943 24.4191 3.56529 10.801 26.185 10.8795 23.6559 20.7474 17.1566 30.6094 8.27688 17.8812 25.7382 -6.62915 12.0291 12.235 -12.4206 4.98818 -1.83664 -10.2825 -1.79113 -15.9812 -12.7239 -6.4269 -23.7293 -25.7199 -3.62335 -17.558 -39.9143 1.60121 1.18138 1.19797 1.14497 0.593684 0.00105245 -0.678728 -1.29995 -1.68085 -1.78552 -1.56482 -1.01744 -0.365802 0.0872208 1.05093 0.416575 -0.856366 -0.738759 -0.61977 -0.161275 0.341253 0.796456 1.54371 1.84651 -1.03364 -3.30461
6.72674 -5.76116 -40.6872 16.4042 -2.28894 -28.7039 17.845 -6.80734 -13.5582 9.02149 -8.55995 -0.46914 -2.86913 -3.69799 8.78115 -7.96414 -2.62201 23.6273 -0.00376594 -12.8425 32.3912 9.86392 -22.0196 24.2182 12.1086 -24.227 8.67623 7.86367 -21.0936 -6.30853 -0.56754 -13.8075 -17.5761 -13.0848 -4.84338 -20.8802 -25.056 -0.495184 -11.8538 -26.893 -3.71229 3.43112 -18.2107 -7.26213 16.1937 -5.79031 -2.23106 24.7221 2.83824 10.9872 26.2793 10.0623 23.8154 20.6614 16.6317 30.5689 8.23166 17.7519 25.5678 -6.60671 12.0435 12.0199 -12.437 4.90714 -2.00552 -10.3118 -1.96153 -16.098 -12.8041 -6.54036 -23.7797 -25.8595 -3.61535 -17.574 -40.0144 1.58719 1.16992 1.18554 1.14441 0.614841 0.0105341 -0.690911 -1.33656 -1.73567 -1.84183 -1.58958 -0.997256 -0.311939 0.182761 1.1823 0.406059 -0.895378 -0.774326 -0.634546 -0.160651 0.342815 0.80342 1.54441 1.83915 -1.04472 -3.29554
6.74708 -5.74626 -40.8285 16.4472 -2.23749 -28.8742 17.8213 -6.69879 -13.7055 8.87857 -8.32941 -0.681736 -3.1408 -3.43898 8.38535 -8.45919 -3.08502 23.1878 -0.356764 -13.9109 31.048 9.70047 -22.451 22.4278 12.8815 -24.3607 7.01023 9.50527 -21.3699 -8.22253 0.875972 -14.1221 -19.3641 -11.9602 -5.30587 -21.7012 -23.6177 -1.1037 -12.207 -25.6732 -4.08914 3.09713 -17.4766 -7.52022 16.2086 -5.35361 -2.21495 24.9949 3.0204 11.1712 26.5071 10.1579 23.9726 20.72 16.6853 30.631 8.21705 17.7737 25.5914 -6.61065 12.0445 12.0464 -12.4274 4.90393 -1.97639 -10.2996 -1.95292 -16.0676 -12.8315 -6.51448 -23.7281 -25.9053 -3.60325 -17.547 -40.0738 1.48786 1.07642 1.10186 1.07415 0.582439 0.0893187 -0.595634 -1.26652 -1.70659 -1.79713 -1.52312 -0.946209 -0.273272 0.214317 1.19816 0.399629 -0.908017 -0.79218 -0.652766 -0.178228 0.325884 0.788384 1.52868 1.82591 -1.05334 -3.20537
6.75773 -5.92697 -40.8539 16.4861 -2.34456 -28.9445 17.7905 -6.64988 -13.7246 8.76059 -7.96797 -0.725703 -3.31278 -2.82865 8.1295 -9.39685 -3.11496 22.6356 -2.31983 -14.9215 30.0621 7.37157 -23.742 21.3062 10.8343 -25.4045 5.92075 8.0386 -21.9135 -9.32316 -0.128416 -14.0567 -20.4001 -12.7417 -4.822 -22.2919 -24.0265 -0.686015 -12.33 -25.7438 -3.88581 2.97258 -17.5356 -7.35161 16.0677 -5.61996 -1.86292 25.0234 2.81137 11.4844 26.56 10.1368 24.165 20.7419 16.7474 30.7152 8.22547 17.8158 25.6389 -6.59119 12.0305 12.1077 -12.3843 4.84605 -1.8863 -10.2147 -2.03949 -15.972 -12.699 -6.59526 -23.7021 -25.7338 -3.64959 -17.6675 -39.9582 1.37369 0.965501 0.99611 0.974154 0.539058 0.143361 -0.486337 -1.14099 -1.59915 -1.72243 -1.47551 -0.925305 -0.268103 0.221808 1.20579 0.388945 -0.911961 -0.794531 -0.655084 -0.183646 0.317579 0.779921 1.51777 1.81163 -1.07227 -3.11642
7.01854 -3.89564 -41.3282 16.1561 -0.583045 -28.8847 17.4081 -5.54493 -13.8616 8.44217 -7.38477 -0.881763 -3.62473 -2.50846 8.12956 -9.64285 -3.13571 22.6524 -2.58146 -15.0561 29.9101 7.10797 -23.8294 21.1047 10.6206 -25.4378 5.72486 7.88228 -21.922 -9.52376 -0.267164 -14.0305 -20.589 -12.8717 -4.77036 -22.4132 -24.1243 -0.646336 -12.41 -25.86 -3.86093 2.88741 -17.7302 -7.34326 16.0269 -5.86944 -1.87778 25.0692 2.60536 11.4431 26.5957 9.97219 24.0345 20.6379 16.5582 30.4232 8.02534 17.6728 25.2818 -6.76544 12.1671 11.6989 -12.7082 5.44136 -2.58991 -11.0504 -0.831173 -16.7859 -14.3846 -5.03367 -23.7594 -27.954 -2.51096 -16.388 -41.6188 1.40984 1.00568 1.02409 0.99135 0.563367 0.153366 -0.480706 -1.14 -1.60415 -1.73081 -1.48668 -0.94045 -0.28541 0.203583 1.1807 0.36585 -0.930857 -0.817731 -0.676053 -0.190036 0.328273 0.775171 1.49043 1.80741 -1.01623 -3.00822
7.85876 -2.4609 -40.4133 17.5185 0.784654 -28.3524 18.9346 -4.42098 -13.4267 9.66743 -6.6454 -0.721676 -2.72687 -2.062 7.99418 -9.27049 -3.0529 22.2673 -2.6054 -15.2224 29.4862 7.13492 -24.0426 20.7844 10.7414 -25.5913 5.42014 7.95117 -21.9949 -9.80024 -0.267851 -14.0574 -20.7808 -12.8605 -4.76787 -22.5369 -24.0276 -0.5849 -12.4626 -25.5522 -3.76473 2.86454 -17.1887 -7.22426 15.8627 -5.29226 -1.67669 24.8075 3.08407 11.6971 26.4134 10.3346 24.4566 20.6745 16.9134 31.1488 8.21653 18.0808 26.0724 -6.59261 12.5549 12.3346 -12.1478 5.90071 -1.88752 -9.78013 -0.31459 -16.0992 -13.1542 -4.37551 -22.5681 -27.0134 -1.8147 -14.8454 -40.4756 1.41867 0.983052 0.997802 0.963461 0.557871 0.164998 -0.459408 -1.12035 -1.58701 -1.71436 -1.47324 -0.931258 -0.281759 0.205472 1.19484 0.36753 -0.936393 -0.819857 -0.681204 -0.208446 0.295951 0.771725 1.49381 1.80456 -1.00645 -3.04064
7.99754 -0.144741 -40.4101 17.2621 3.1009 -28.0431 18.6967 -2.36612 -13.213 9.40957 -5.14746 -0.632771 -3.18796 -1.25027 8.12541 -9.87669 -2.93817 22.2652 -3.21622 -15.1833 29.3595 6.73969 -23.866 20.764 10.5462 -25.3458 5.44133 7.87195 -21.7896 -9.80928 -0.323465 -13.9186 -20.8552 -12.9598 -4.69526 -22.6457 -24.1724 -0.557468 -12.6034 -25.7721 -3.69799 2.72421 -17.5412 -7.06803 15.83 -5.81368 -1.46863 24.9637 2.61722 11.8555 26.6917 10.0307 24.5174 20.9449 16.7317 31.0712 8.47848 17.9373 25.971 -6.31942 12.4003 12.2801 -11.9784 5.80772 -2.02418 -9.95858 -0.0834982 -16.1435 -14.1922 -3.63184 -21.7 -28.578 -1.07124 -12.9413 -41.3904 1.47491 1.04079 1.04259 1.00234 0.615122 0.192553 -0.449701 -1.12768 -1.60692 -1.73705 -1.49283 -0.947588 -0.295521 0.192371 1.16722 0.329561 -0.961817 -0.839596 -0.69444 -0.217104 0.297045 0.779353 1.4668 1.77104 -1.00145 -3.01496
8.34697 0.496233 -41.7098 17.2944 3.15673 -28.9751 18.5505 -2.43045 -14.1735 9.55366 -4.90386 -1.32094 -2.75885 -1.06063 7.85642 -9.53423 -2.94636 21.9299 -3.09908 -15.2933 29.0556 6.87984 -24.0352 20.5473 10.7307 -25.4105 5.22599 8.03596 -21.7214 -9.98941 -0.189138 -13.8053 -20.9809 -12.8573 -4.63132 -22.7998 -24.1414 -0.53376 -12.8212 -25.7061 -3.69706 2.50525 -17.3022 -7.0839 15.4964 -5.51202 -1.51079 24.5654 2.89375 11.8204 26.36 10.2972 24.384 20.3888 16.813 30.6575 7.68242 17.7359 25.5534 -7.13446 12.1673 12.0086 -13.1054 5.75772 -2.45631 -11.7499 0.161515 -16.5099 -16.563 -3.22024 -21.6034 -31.1588 -0.635568 -12.2662 -43.5509 1.44382 1.03969 1.04125 0.999167 0.636693 0.205517 -0.435931 -1.11551 -1.59959 -1.73566 -1.49449 -0.947003 -0.291994 0.196565 1.17771 0.337805 -0.946315 -0.834708 -0.698482 -0.217966 0.308753 0.774942 1.44531 1.74479 -1.03432 -2.9967
11.0123 0.222721 -41.4849 19.4617 2.94028 -28.4261 20.1677 -2.59906 -13.5702 10.7321 -5.05749 -1.03333 -1.80811 -1.17727 7.81421 -8.94447 -3.07352 21.7067 -2.79092 -15.5564 28.8444 7.17788 -24.3515 20.3793 11.0653 -25.6355 5.0593 8.32468 -21.7676 -10.1034 0.0433631 -13.7545 -20.9818 -12.6552 -4.62344 -22.805 -24.0079 -0.569699 -12.8866 -25.4978 -3.77968 2.43766 -16.8728 -7.23435 15.2651 -4.99552 -1.69955 24.2433 3.28086 11.6964 26.1529 10.5898 24.3176 20.1868 16.9783 30.5242 7.38329 17.6046 25.3824 -7.43604 11.7634 11.9009 -13.2887 5.41458 -2.57824 -11.8056 0.496726 -16.8139 -16.8201 -1.55438 -21.8606 -31.6774 2.03563 -12.4709 -43.7758 1.38839 1.01116 1.01657 0.973497 0.620223 0.212851 -0.414529 -1.0893 -1.57189 -1.71024 -1.47087 -0.917928 -0.256239 0.235493 1.23027 0.387128 -0.89605 -0.787408 -0.661461 -0.192941 0.329933 0.775084 1.3699 1.61103 -1.19266 -3.05937
11.8013 1.19544 -40.6289 19.4982 5.13059 -27.416 20.3303 -0.215394 -12.4959 10.7108 -3.77794 -0.370785 -2.3325 -0.787844 8.08637 -9.45553 -3.22709 21.9007 -2.96158 -15.6676 28.807 7.17891 -24.2209 20.2982 11.1886 -25.4803 5.00771 8.60899 -21.6408 -10.1904 0.465334 -13.6083 -21.158 -12.2304 -4.48208 -23.0243 -23.6665 -0.595125 -13.1349 -25.3824 -3.97666 2.12866 -17.1573 -7.45082 15.2109 -5.59889 -1.80766 24.5313 2.52822 11.6812 26.428 9.78243 24.3563 20.5095 16.2897 30.7017 7.83442 17.1151 25.6248 -6.99754 11.329 12.0892 -12.7795 5.13488 -2.43387 -11.0865 1.01453 -16.8745 -16.232 0.200966 -21.8644 -31.227 3.97827 -12.2151 -43.0613 1.45173 1.06469 1.05628 1.01228 0.65143 0.237777 -0.404899 -1.09197 -1.5799 -1.72058 -1.47892 -0.918553 -0.245078 0.255853 1.23354 0.381817 -0.906314 -0.791345 -0.655435 -0.184809 0.334126 0.753619 1.27973 1.50279 -1.23783 -3.04067
11.5972 1.68887 -40.3744 18.8176 6.06443 -27.0316 19.5471 0.915496 -12.0371 10.0108 -2.98322 0.0503229 -3.00157 -0.442987 8.69991 -9.85806 -3.21372 22.5864 -3.15476 -15.6833 29.2354 7.03471 -24.0971 20.6464 11.106 -25.315 5.36882 8.30224 -21.4329 -9.77867 -0.379329 -13.5063 -20.4054 -13.35 -4.71612 -21.9698 -24.8206 -0.787832 -12.1367 -26.4949 -3.77161 3.21414 -17.9162 -7.18083 16.0846 -5.91753 -1.92967 25.0718 2.62648 11.2387 27.3502 10.4026 23.8249 21.9255 17.3163 30.0512 9.40757 18.0807 25.0458 -5.45194 11.8555 11.8679 -11.5928 5.1655 -2.49458 -10.5356 0.86892 -16.7407 -16.0648 0.275666 -21.6148 -31.1083 4.16464 -11.9293 -42.8767 1.4515 1.07381 1.05897 1.00818 0.646462 0.225365 -0.426834 -1.1217 -1.61004 -1.73745 -1.48815 -0.928147 -0.260662 0.224118 1.20129 0.362084 -0.895346 -0.754309 -0.612335 -0.150977 0.371544 0.789684 1.29049 1.50387 -1.22143 -2.97536
12.0511 1.47198 -40.3406 19.4462 5.70374 -27.0472 20.1466 0.467648 -12.0815 10.4787 -3.3766 -0.0815354 -2.67966 -0.826477 8.34139 -9.85181 -3.57295 22.0724 -3.18536 -15.9726 28.8872 7.09898 -24.3287 20.3551 11.1746 -25.4748 5.07311 8.68024 -21.6081 -10.1323 0.647241 -13.5704 -21.1775 -12.0376 -4.4643 -23.2089 -23.6511 -0.701987 -13.4794 -25.5501 -4.29287 1.71454 -17.4838 -7.89874 14.8599 -6.32611 -2.2531 24.655 1.21488 11.4513 27.2858 8.33643 24.4197 21.8626 15.2281 30.8173 9.41913 16.7078 25.6506 -5.33074 11.3508 12.0876 -11.4518 5.18284 -2.5054 -10.3765 1.18792 -16.8383 -15.9077 0.642483 -21.7352 -30.9456 4.4839 -12.0868 -42.76 1.46947 1.08847 1.07593 1.03037 0.676385 0.256076 -0.397783 -1.09551 -1.59104 -1.73752 -1.49702 -0.928879 -0.243229 0.264341 1.22241 0.315897 -0.968345 -0.83222 -0.666638 -0.160406 0.376663 0.784245 1.28421 1.50137 -1.22725 -3.01845
12.0659 1.63902 -40.4628 19.5271 5.86104 -27.2034 20.3699 0.513688 -12.2845 10.6854 -3.56289 -0.374874 -2.66581 -1.24927 7.80951 -10.0147 -4.0719 21.4312 -3.18603 -16.2734 28.4402 7.23367 -24.4984 19.945 11.2868 -25.6194 4.65517 9.26919 -21.8854 -10.6539 2.22037 -13.7117 -22.2571 -9.95096 -4.02183 -24.6893 -21.4543 -0.328391 -14.8038 -23.4512 -4.5976 0.200952 -16.2904 -8.42825 13.7994 -6.49303 -2.40857 24.7578 0.408252 11.5654 27.7068 7.57697 24.4649 22.182 14.8141 30.7308 9.8683 16.7406 25.6308 -4.85319 11.5824 12.096 -11.2034 5.4556 -2.52656 -10.3113 1.55621 -16.8371 -15.967 0.970732 -21.683 -31.0199 4.61333 -11.9873 -42.8585 1.53445 1.14561 1.13041 1.09132 0.739701 0.307145 -0.355699 -1.05851 -1.56185 -1.73081 -1.50393 -0.938515 -0.245047 0.283887 1.19505 0.222128 -1.0561 -0.907711 -0.714163 -0.189353 0.350182 0.753803 1.25533 1.48472 -1.23203 -3.08762
12.0569 1.66601 -40.459 19.4676 5.87612 -27.1675 20.2521 0.564931 -12.2324 10.6353 -3.65059 -0.316275 -2.72982 -1.84525 7.97266 -10.1267 -4.99655 21.4959 -3.10419 -17.0085 28.6396 7.52944 -25.138 20.3195 11.7011 -26.4304 5.07512 9.93616 -22.8243 -10.2956 3.3531 -14.1306 -21.794 -8.15686 -3.53965 -23.6111 -19.2546 0.329988 -13.337 -21.5012 -4.64054 1.41433 -14.7759 -8.94666 15.0926 -5.69993 -2.28316 26.2967 0.688838 12.0462 28.631 7.51893 24.789 22.3637 14.612 30.8359 9.85814 16.6172 25.6985 -4.83982 11.5741 12.1321 -11.2148 5.50419 -2.51412 -10.3216 1.62754 -16.827 -15.9869 1.00971 -21.6665 -31.0406 4.61465 -11.961 -42.8827 1.59918 1.21538 1.19815 1.16123 0.823897 0.371351 -0.307686 -1.02035 -1.52309 -1.69421 -1.50391 -0.986215 -0.300666 0.252033 1.19508 0.198793 -1.10828 -0.978444 -0.776288 -0.239113 0.304687 0.711063 1.2177 1.45218 -1.26248 -3.17992
12.0611 1.60077 -40.4142 19.406 5.82742 -27.0914 20.0999 0.58447 -12.1278 10.556 -3.71523 -0.183115 -2.76163 -2.40015 8.27292 -10.2274 -5.91711 21.6677 -3.018 -17.773 28.8854 7.82223 -25.5953 20.5374 11.9624 -26.5354 5.25871 10.0001 -22.859 -10.0714 2.71524 -14.6068 -21.4715 -9.78852 -5.15641 -22.9869 -20.912 -2.44681 -12.3748 -22.0697 -7.26903 2.55046 -14.3547 -10.163 16.0772 -5.50239 -2.31309 26.6756 0.323803 12.3018 28.6896 6.88141 25.1323 22.3113 13.997 31.1462 9.80263 16.2708 25.8756 -4.80882 11.4995 12.1944 -11.1475 5.47363 -2.4724 -10.2946 1.51761 -16.7682 -15.9483 0.882095 -21.6529 -30.9865 4.57134 -11.999 -42.8448 1.58381 1.20396 1.18267 1.14339 0.821409 0.345766 -0.351676 -1.07934 -1.5933 -1.75241 -1.51152 -0.941691 -0.237283 0.334269 1.29501 0.220872 -1.11987 -0.995735 -0.785595 -0.232837 0.31735 0.724865 1.23021 1.45953 -1.26185 -3.1636
11.7822 1.66581 -40.3754 19.1878 5.95021 -27.1048 20.0142 0.642687 -12.1707 10.4736 -3.72802 -0.249167 -2.91599 -2.17941 8.05224 -10.3885 -5.44882 21.5057 -3.15851 -17.2716 28.7572 7.65921 -25.2327 20.5119 11.9604 -26.3963 5.29312 10.2188 -22.8093 -10.0848 3.15616 -14.5472 -21.6166 -9.25421 -5.01574 -23.373 -20.5369 -2.2173 -12.9537 -21.9706 -7.06809 1.93824 -14.502 -10.0036 15.5937 -6.05131 -1.91498 26.3393 -1.16329 13.0188 28.5041 4.58071 26.4247 22.5379 11.6213 32.9608 10.2507 14.8017 27.5431 -4.13595 11.3497 13.4616 -10.454 6.02837 -1.49225 -9.98257 2.09771 -15.8707 -15.4412 0.993568 -21.2857 -30.2694 4.33117 -12.0029 -42.5216 1.59409 1.20635 1.18477 1.14761 0.814914 0.34497 -0.352207 -1.07716 -1.58943 -1.7518 -1.51369 -0.939897 -0.229419 0.342832 1.2993 0.179595 -1.20466 -1.07878 -0.843065 -0.229314 0.353467 0.741431 1.26758 1.52452 -1.19202 -3.11442
11.1626 1.41403 -40.6392 18.2905 5.78988 -27.2469 19.358 0.38148 -12.3644 9.89306 -4.18136 -0.454648 -3.58495 -2.38857 7.65213 -10.7544 -5.21643 21.368 -2.94737 -16.5726 28.7655 7.91509 -24.6354 20.6792 12.2833 -26.5117 5.55098 10.6003 -23.5209 -9.96038 3.56805 -15.5436 -21.7093 -8.77534 -5.93846 -23.5344 -19.7875 -2.83415 -12.9143 -20.9449 -7.3018 2.12096 -13.7543 -9.68572 16.0307 -6.53036 -0.698622 26.9557 -2.6025 14.5783 28.6243 3.24377 27.5705 21.8914 10.7194 32.8082 9.24439 14.0646 26.4082 -4.69457 10.5869 12.2235 -10.7628 5.31867 -2.75462 -10.5229 1.78477 -17.1112 -16.3011 1.10189 -22.212 -31.2655 4.30017 -12.4879 -43.2086 1.64046 1.25337 1.2313 1.1997 0.836416 0.35457 -0.361425 -1.08445 -1.57595 -1.714 -1.46107 -0.890968 -0.198554 0.368351 1.30867 0.119033 -1.28673 -1.16445 -0.904548 -0.255051 0.347122 0.723822 1.22662 1.48627 -1.1985 -3.11764
10.3063 1.34064 -40.6516 17.3521 5.95025 -27.2943 18.6709 0.499263 -12.4475 9.40737 -4.57122 -0.58481 -4.14281 -3.29514 7.49937 -11.1767 -6.06669 21.2967 -3.11911 -16.949 29.1252 8.12241 -24.8433 21.3988 13.0014 -26.8412 6.44324 12.0453 -24.2972 -9.20902 5.39328 -16.7435 -21.4491 -7.09173 -7.3982 -23.6258 -18.3233 -4.40925 -13.2042 -19.9944 -8.57216 1.87011 -13.6683 -10.3785 16.278 -7.04762 -1.05625 27.3039 -3.02533 14.2114 28.825 2.75592 27.3283 22.2804 10.2686 33.1597 9.91838 14.0577 27.1643 -4.08668 11.0855 12.9534 -10.3589 6.05612 -2.10846 -10.322 2.39707 -16.5326 -15.8487 1.16561 -22.1637 -30.5861 3.7848 -12.7742 -42.9313 1.7436 1.34496 1.31259 1.28034 0.903296 0.370698 -0.377141 -1.12137 -1.63449 -1.77227 -1.49061 -0.895386 -0.19065 0.37466 1.26803 0.0563739 -1.35478 -1.22251 -0.946459 -0.282669 0.325889 0.69328 1.22387 1.52501 -1.13426 -3.14592
10.9266 1.45788 -40.829 17.8719 6.03183 -27.407 18.8054 0.736108 -12.475 9.26372 -4.15456 -0.758127 -4.44476 -3.28211 7.1099 -12.0827 -6.5828 20.4624 -4.42377 -17.384 28.7876 7.56433 -24.9103 21.8573 13.7404 -26.7011 7.36203 13.8934 -24.4853 -8.36835 7.355 -17.5556 -21.0315 -5.50734 -8.83345 -23.5678 -17.0452 -5.7789 -13.506 -19.341 -9.05085 1.70533 -13.8038 -9.98938 16.5151 -7.50751 -0.591558 27.6662 -2.428 14.3657 29.1062 4.16664 26.85 22.1088 11.6788 32.2264 9.54187 14.8895 26.3624 -4.66202 11.206 12.3533 -11.0102 5.78893 -2.56964 -10.6693 2.14271 -16.9534 -16.3083 1.29157 -22.1963 -31.2148 4.27342 -12.5651 -43.2886 1.76162 1.38028 1.35403 1.32832 0.98934 0.439612 -0.335781 -1.12456 -1.68649 -1.82103 -1.49247 -0.865652 -0.154102 0.393875 1.22423 0.0277284 -1.33255 -1.20294 -0.940521 -0.308431 0.280643 0.6626 1.17915 1.456 -1.21292 -3.23724
11.1952 1.5467 -40.8877 18.0627 6.09381 -27.4166 18.8143 0.930041 -12.4282 9.20058 -3.50139 -0.588143 -4.58936 -2.5189 7.1232 -13.3463 -6.90185 19.4372 -6.88339 -18.7988 27.2686 5.50293 -26.1699 20.894 13.3937 -27.1329 7.17264 14.9254 -24.0521 -8.3368 8.37159 -16.7748 -20.7953 -4.87904 -8.60776 -23.1764 -16.9143 -5.90544 -13.6085 -19.9612 -8.93108 1.52157 -14.5557 -9.58995 16.3948 -8.33391 -0.118507 27.5255 -3.3694 14.8545 29.1856 2.98162 27.5962 22.4313 10.4708 33.1272 9.91789 14.0924 27.0783 -4.10853 11.1224 12.8701 -10.3878 6.22545 -2.23534 -10.3983 2.76437 -16.6137 -16.1663 1.77007 -21.9902 -31.0163 4.56653 -12.5047 -43.2488 1.6288 1.25854 1.23993 1.22758 0.983673 0.523863 -0.219298 -1.04189 -1.67269 -1.84306 -1.51017 -0.864985 -0.129027 0.415397 1.23115 0.015643 -1.35081 -1.21974 -0.947608 -0.284462 0.325521 0.693565 1.21009 1.49836 -1.16837 -3.06361
10.7597 1.43829 -41.3012 17.2431 6.02214 -27.6534 18.3178 0.765746 -12.7169 9.32994 -3.9603 -0.505001 -4.18933 -3.17313 7.69259 -12.8528 -7.95416 19.9241 -6.62508 -20.5184 26.852 5.3112 -28.4469 20.2904 12.8825 -29.4077 6.39013 14.0441 -25.6116 -8.9923 7.66827 -17.4192 -20.9656 -5.19831 -8.53397 -22.8241 -16.8495 -5.75713 -12.8125 -19.4899 -9.19643 2.30571 -13.9496 -10.5633 17.0809 -7.81792 -0.831082 28.0352 -2.78932 14.1629 29.2547 3.73506 26.7567 22.389 11.1633 32.332 9.85896 14.606 26.5861 -4.33881 11.5904 12.5383 -10.9485 6.86354 -2.61959 -11.1666 3.6296 -17.0565 -16.9202 2.55159 -22.5201 -31.7325 4.82419 -12.8703 -43.9449 1.61477 1.24467 1.21255 1.19402 0.970464 0.562202 -0.149903 -0.947599 -1.56741 -1.77101 -1.49775 -0.893812 -0.174112 0.370503 1.23383 0.0193287 -1.35656 -1.22815 -0.962239 -0.308629 0.294496 0.644891 1.16504 1.48075 -1.15036 -2.98863
12.054 1.83484 -42.13 18.1283 6.28882 -28.2529 18.6776 1.00024 -13.2993 9.44475 -3.65373 -1.24341 -4.14223 -3.31742 6.87268 -13.0226 -8.33986 18.8492 -6.95952 -20.5873 26.4568 5.15526 -28.6415 20.3947 12.604 -30.0538 6.46689 13.5624 -26.5001 -8.98722 7.51719 -18.1058 -20.9921 -5.0038 -8.76762 -22.9848 -16.5525 -5.8728 -12.8883 -18.873 -9.37607 2.26758 -13.3523 -10.0613 17.0973 -8.28012 0.20841 28.1027 -3.9733 15.4126 29.4734 2.36307 28.0676 22.5446 10.0029 33.2309 9.96527 14.1113 26.9632 -3.82909 12.1764 12.7204 -10.4266 8.36772 -2.66101 -11.4575 5.71408 -16.9751 -17.7863 4.66722 -22.3041 -32.6498 6.50974 -12.6067 -44.8969 1.64741 1.30303 1.27495 1.25743 1.04697 0.597454 -0.136016 -0.940077 -1.54314 -1.74592 -1.49529 -0.90318 -0.188426 0.371008 1.21054 -0.0787799 -1.46686 -1.33428 -1.0382 -0.323421 0.317132 0.644751 1.15057 1.48916 -1.11683 -2.96613
10.8829 1.64959 -42.4061 16.3927 6.24836 -28.3419 17.2145 0.672206 -13.5057 7.97876 -4.41335 -1.62783 -5.8071 -3.68668 6.11879 -14.1704 -8.1993 18.6572 -7.04177 -19.8931 26.2119 5.52548 -27.0886 19.9926 13.4953 -27.9502 6.31042 14.8147 -24.3617 -9.109 8.07024 -16.5827 -21.1558 -5.21993 -8.33489 -22.9709 -16.9453 -5.8345 -12.973 -19.6156 -8.92324 2.21545 -14.3645 -9.62327 17.1421 -9.07045 0.559782 28.1233 -4.26343 15.5915 29.7142 2.32306 28.2067 22.9481 9.81126 33.1929 10.2072 13.6948 26.834 -3.61048 12.0852 12.6698 -10.4597 8.9598 -2.81707 -12.0545 6.81535 -17.2216 -18.3712 5.61907 -22.8893 -33.0975 6.53458 -13.1489 -45.4147 1.69686 1.35217 1.31945 1.30217 1.04152 0.57334 -0.197337 -1.03168 -1.66302 -1.84731 -1.5356 -0.905377 -0.177774 0.365697 1.19873 -0.0791866 -1.44317 -1.31014 -1.02503 -0.300505 0.348311 0.637926 1.14574 1.53659 -1.00236 -2.83244
10.5567 2.19984 -41.9688 15.9787 6.64261 -27.8205 17.1334 0.437792 -13.2587 7.81604 -5.55328 -1.87714 -6.1282 -4.61937 5.55758 -13.7709 -7.6889 18.9625 -6.1375 -18.4698 27.3376 5.9245 -26.2905 20.8773 12.8705 -28.229 6.75411 13.9292 -25.4709 -8.8553 7.84477 -17.8761 -21.3623 -5.08684 -9.14363 -23.4758 -16.386 -6.38583 -13.0634 -18.4834 -9.21177 2.2655 -13.6518 -9.06439 17.3488 -9.62965 1.8525 28.1635 -5.92523 17.1735 29.9351 0.419539 29.9595 23.259 8.10455 34.2886 10.3957 12.3298 27.1057 -2.90861 11.4097 12.7687 -9.52171 8.96087 -2.77727 -11.6398 7.27169 -17.0955 -18.2827 6.21117 -22.6297 -33.0701 6.75634 -12.6912 -45.2502 1.8474 1.48534 1.43975 1.40537 1.04666 0.504634 -0.27441 -1.06588 -1.64301 -1.81027 -1.49603 -0.87145 -0.163444 0.386805 1.19467 -0.179189 -1.56235 -1.41907 -1.11164 -0.336176 0.343402 0.617859 1.11496 1.52586 -0.979824 -2.93533
9.39502 2.53942 -41.3729 14.4259 7.3964 -27.2164 15.5542 1.27012 -12.6193 6.19423 -5.48841 -1.71269 -7.99378 -5.35278 5.30629 -15.7304 -8.74649 18.5783 -8.08999 -19.5353 26.9366 4.44777 -26.9332 20.8981 12.1862 -28.4163 7.13644 13.696 -25.1819 -8.34378 7.56691 -17.271 -20.6311 -5.40107 -8.57876 -22.6865 -17.0921 -5.87647 -12.7009 -19.9296 -8.8878 2.47285 -15.1883 -9.18972 17.5824 -10.3544 1.45894 28.3319 -5.50585 16.4781 29.9174 1.20901 29.0186 23.1386 8.69837 33.6242 10.2559 12.4857 26.8004 -3.36538 10.9849 12.4789 -9.90517 8.16767 -3.0748 -11.4223 6.45872 -17.4554 -17.9235 5.59718 -22.6829 -32.8348 6.09433 -12.4453 -44.7666 1.90141 1.5414 1.48465 1.44466 1.085 0.541888 -0.25849 -1.0824 -1.69088 -1.8753 -1.57295 -0.945758 -0.217643 0.333384 1.16068 -0.149028 -1.50301 -1.36429 -1.07653 -0.33622 0.324507 0.610137 1.10573 1.51037 -0.971303 -2.93351
8.9748 4.02722 -40.5272 13.1537 9.41679 -26.2865 14.2492 3.22009 -11.7167 4.93318 -4.93738 -1.77127 -9.36317 -6.20734 4.90608 -15.9168 -9.96365 18.7066 -6.91298 -19.8952 26.7642 5.93769 -26.4807 20.4492 13.4141 -27.9128 6.53823 14.5176 -24.9907 -9.03804 7.98461 -17.4586 -21.3551 -5.20183 -9.06 -23.2334 -16.7327 -6.45597 -13.0377 -19.4345 -9.48692 2.15666 -14.8537 -9.87951 17.3133 -10.2694 0.913846 28.0275 -5.47433 15.969 29.4206 1.1429 28.4079 22.3642 8.51315 32.9152 9.37851 12.2094 25.903 -4.17189 10.584 11.3683 -10.1907 7.87329 -4.24963 -11.132 6.76558 -18.443 -18.154 6.70516 -22.2842 -33.5052 6.9746 -11.0437 -44.5055 2.04191 1.68967 1.61101 1.54688 1.13798 0.535681 -0.317355 -1.16122 -1.75989 -1.9166 -1.58609 -0.950291 -0.223903 0.326932 1.15973 -0.156778 -1.51622 -1.38711 -1.10318 -0.367933 0.292665 0.592328 1.05377 1.43889 -0.980835 -2.97858
9.92274 4.60006 -40.7676 13.3533 9.86528 -26.2826 14.2228 4.16293 -11.4972 5.18969 -2.97125 -0.554187 -8.79861 -3.90904 6.7966 -16.2052 -8.92789 19.7377 -8.14422 -19.8535 27.5021 4.34942 -27.0254 21.1098 12.1205 -28.322 7.34778 13.9125 -25.0348 -8.09119 8.04225 -17.2396 -20.5773 -5.09576 -8.89102 -22.9546 -17.0165 -6.36069 -13.1981 -19.9607 -9.19998 1.98844 -15.2168 -9.26773 17.1 -10.4592 1.05168 28.1988 -5.88514 16.1755 29.5917 0.545466 28.5311 22.2234 7.76945 32.6158 9.01761 11.5279 25.2508 -4.32698 10.4877 10.6212 -10.2447 8.6624 -5.09157 -11.6354 8.3865 -18.9958 -19.2896 8.82242 -22.0965 -34.8014 8.7451 -10.3964 -45.3148 1.85032 1.53997 1.47437 1.42756 1.12015 0.582025 -0.221553 -1.05007 -1.67147 -1.86986 -1.55505 -0.907515 -0.171166 0.375485 1.16682 -0.124564 -1.49404 -1.38419 -1.10513 -0.349227 0.32621 0.602669 1.02354 1.40222 -0.987502 -2.73539
9.84506 5.51497 -41.075 13.1878 10.426 -26.4458 13.5968 4.84437 -11.5947 4.47592 -0.89674 0.0713589 -9.06577 -1.57649 8.24152 -16.4294 -8.41862 20.3447 -8.92963 -20.6435 26.5857 3.68455 -27.591 20.1821 12.2345 -28.3772 6.85 14.6009 -24.8471 -8.4574 8.73892 -17.2023 -21.0399 -4.78225 -9.48467 -23.3989 -16.7456 -7.11518 -13.6543 -19.683 -9.4974 1.61196 -15.4884 -9.14334 16.8812 -11.9625 1.42382 28.2044 -8.27361 16.7421 30.0312 -1.89312 29.1589 22.7226 5.57459 32.8008 9.52291 9.68375 25.0934 -3.52145 9.20486 10.4211 -9.40506 7.97458 -5.30051 -11.2682 8.15515 -18.8127 -19.5973 9.04283 -21.2486 -35.208 8.80348 -9.48405 -45.6467 1.68286 1.39726 1.35401 1.31956 1.10967 0.671642 -0.0898111 -0.937672 -1.59926 -1.81304 -1.47288 -0.809202 -0.0762688 0.454963 1.19836 -0.174445 -1.55066 -1.43518 -1.14003 -0.355771 0.334602 0.604944 0.988451 1.35891 -1.02101 -2.60524
9.74722 4.59171 -41.2876 12.5628 9.36853 -26.5038 12.1088 4.3274 -11.4617 3.00894 -0.0484267 0.797811 -9.98558 -0.411405 9.83125 -17.1858 -7.79451 21.7128 -9.72295 -20.3421 27.326 2.67305 -27.4204 20.6456 11.329 -28.2471 7.38453 14.1811 -24.7603 -7.84986 8.87506 -17.0144 -20.6159 -4.50022 -9.08011 -23.0858 -16.4838 -6.68824 -13.3714 -19.7357 -9.23802 1.80374 -16.3273 -9.15997 17.2714 -13.7173 1.04154 29.1638 -10.6675 16.4826 31.13 -4.23705 28.8764 23.826 3.92949 32.502 11.0421 9.40992 25.2158 -1.73802 10.2966 10.8981 -8.39782 9.47719 -4.71964 -11.1504 9.09356 -18.3534 -19.2724 9.25618 -21.6959 -34.7393 8.72174 -10.4491 -45.7235 1.5849 1.34634 1.32224 1.29049 1.11697 0.703577 -0.03994 -0.881001 -1.55355 -1.78727 -1.45828 -0.803791 -0.074411 0.449983 1.13781 -0.26257 -1.64948 -1.51492 -1.16248 -0.32603 0.368158 0.625176 1.04197 1.45106 -0.924904 -2.40446
10.512 3.92626 -40.043 13.9161 9.45563 -25.6504 13.9087 4.98789 -10.4215 4.57822 -0.193013 1.3407 -9.15318 -1.06603 9.16875 -16.6474 -8.23288 21.0007 -8.77917 -20.2849 27.1224 3.81328 -27.096 20.5323 12.2165 -28.2479 7.13373 14.5386 -25.166 -8.27685 8.61137 -17.4796 -20.8032 -4.24107 -8.6317 -22.9191 -15.6075 -5.87145 -12.5808 -18.4627 -8.68228 2.62791 -15.5229 -8.79749 18.191 -14.385 1.5866 30.157 -12.245 17.1845 32.0846 -6.11324 29.49 24.3853 1.85158 32.4586 11.3081 7.31644 24.6324 -1.15519 8.70589 10.1638 -7.38837 8.51194 -5.52383 -9.83937 8.79811 -19.1705 -17.9431 8.5492 -22.5247 -33.406 8.66282 -11.1082 -44.2262 1.67082 1.40403 1.37474 1.36191 1.16552 0.733853 -0.0307089 -0.873556 -1.51878 -1.70978 -1.40298 -0.781631 -0.0699184 0.467339 1.14579 -0.31573 -1.7179 -1.59494 -1.23833 -0.373784 0.331677 0.576109 1.01407 1.39871 -1.01623 -2.60727
10.5186 4.03329 -40.5061 13.5692 8.62672 -25.7107 13.7938 3.39918 -10.7273 4.54152 -1.43036 1.2442 -9.16058 -1.64343 9.16856 -16.8979 -8.5522 20.9975 -9.17494 -20.6334 27.2456 3.47908 -27.4242 20.7532 12.1573 -28.335 7.51229 15.2497 -24.9482 -7.69773 10.3592 -16.8518 -20.412 -2.55001 -8.09991 -22.5804 -14.1189 -5.41662 -12.4486 -17.4829 -8.35745 2.63107 -15.5785 -8.87778 18.3464 -15.655 0.992512 30.7916 -14.0206 16.628 32.9009 -8.01808 28.6699 24.6993 -0.215235 30.9856 11.3944 5.53387 22.9879 -0.83006 8.1641 8.82488 -7.35898 9.51311 -6.61187 -10.8301 10.6806 -19.8618 -19.4944 11.1613 -22.5885 -35.075 10.0772 -10.8601 -45.5008 1.68186 1.42886 1.40412 1.39761 1.21131 0.790256 0.0313979 -0.812354 -1.47517 -1.70709 -1.39928 -0.768091 -0.0427641 0.490456 1.11265 -0.376111 -1.77601 -1.66956 -1.30254 -0.394372 0.33094 0.540051 0.930762 1.35678 -0.98217 -2.532
12.3243 4.46299 -39.6436 14.3018 8.77417 -24.5835 14.0925 3.88598 -9.48593 4.89491 -1.06825 2.47646 -8.91527 -2.19445 10.1311 -16.798 -9.88033 21.3697 -9.38145 -22.2132 27.4957 3.46701 -28.7081 21.0831 12.422 -29.0661 8.00094 16.1158 -25.2887 -6.98124 12.0636 -16.7876 -19.7263 -0.244113 -7.28647 -22.2153 -11.8066 -4.3376 -12.1502 -15.5414 -7.57723 2.78019 -14.6951 -8.72905 18.5545 -15.9658 0.385752 31.5012 -14.8828 15.9798 34.1923 -9.21734 28.1789 25.9835 -1.76251 30.5967 12.4985 4.03522 22.9429 0.0784589 7.39827 9.16273 -6.91637 9.80389 -6.0466 -10.7954 12.1695 -19.1762 -19.3981 13.4319 -22.07 -34.9045 12.6319 -10.2247 -45.2231 1.66903 1.46857 1.44606 1.45548 1.30318 0.905784 0.159922 -0.692862 -1.37689 -1.64276 -1.3708 -0.749223 -0.01872 0.515759 1.08522 -0.432927 -1.82608 -1.72909 -1.3619 -0.434717 0.292612 0.454682 0.799306 1.20787 -1.11856 -2.5895
13.1502 4.39639 -40.0932 13.7411 7.6139 -24.6461 12.3316 3.05963 -9.50796 3.55823 -0.231589 3.31607 -9.29766 -1.16719 12.5059 -16.7287 -9.68439 23.4496 -9.50639 -22.6281 28.4435 3.12491 -29.0856 21.5777 12.107 -28.9542 8.50986 15.9486 -24.8639 -6.3525 12.3062 -16.0846 -19.0325 0.50237 -5.97214 -21.5527 -10.9947 -2.85375 -11.4638 -14.9198 -6.73039 3.26464 -14.3255 -8.98172 18.9315 -15.8327 -0.424328 32.2284 -15.1612 15.2593 34.5003 -10.294 27.3133 25.5942 -3.83394 30.065 11.6671 1.28239 22.9144 -1.33857 4.44853 9.21501 -8.57981 7.58071 -5.89107 -12.3422 11.6174 -18.7483 -20.7322 14.2954 -21.7909 -36.029 14.0662 -9.9676 -46.4011 1.52412 1.41113 1.40805 1.41991 1.32594 0.987581 0.286763 -0.552225 -1.24645 -1.53052 -1.28844 -0.682423 0.0537515 0.59414 1.16385 -0.333135 -1.76413 -1.72144 -1.38972 -0.481532 0.241782 0.352771 0.616671 0.985738 -1.34404 -2.61671
12.2591 6.66935 -39.8409 11.9065 9.53168 -24.3168 10.8936 4.05558 -9.4549 2.31943 -0.553171 3.09488 -10.5683 -1.79039 12.2036 -17.3346 -10.0553 23.755 -9.24326 -22.434 28.8478 3.5359 -28.3286 21.753 12.5646 -27.8149 8.72677 16.6407 -23.3078 -5.95138 13.0707 -14.2775 -18.4746 0.831445 -4.63131 -20.7319 -10.8627 -2.25542 -10.6674 -15.0306 -6.58167 3.86785 -14.9892 -8.96772 19.5259 -17.3461 -0.357866 32.6644 -17.3839 15.3955 34.5124 -12.9278 27.4614 25.4097 -6.39853 30.4688 11.5681 -0.660915 23.6617 -1.36222 3.36919 10.2304 -8.67568 7.38408 -4.61503 -12.6317 12.4069 -17.013 -21.1788 16.0178 -19.3892 -36.4017 15.0066 -7.32406 -46.4434 1.63618 1.52774 1.50768 1.50032 1.36209 0.992473 0.26547 -0.580913 -1.2827 -1.58003 -1.31997 -0.681429 0.0853556 0.637467 1.19094 -0.343403 -1.81347 -1.77519 -1.41841 -0.482832 0.246965 0.330591 0.538675 0.918861 -1.32476 -2.61585
11.2727 6.84601 -38.4077 10.8483 9.66274 -22.8774 9.67684 4.07333 -8.06976 0.801984 -0.928152 4.11492 -12.221 -2.96929 12.8797 -18.5509 -11.9476 24.142 -10.2407 -24.2564 29.0475 2.83689 -29.6122 22.0707 12.3117 -28.5435 9.39989 17.1106 -23.6712 -4.93914 14.209 -14.4589 -17.5025 2.08736 -4.76966 -20.1723 -9.90468 -2.40214 -10.4626 -14.5818 -6.52975 3.97521 -15.6532 -8.77562 19.6174 -19.4406 -0.651754 32.7311 -20.3804 15.0377 34.8633 -16.2655 27.0873 25.58 -9.67321 29.6595 11.6806 -3.13027 22.6106 -0.727585 2.4424 9.47083 -7.54155 7.73309 -5.03212 -11.2614 13.1984 -17.2679 -19.7708 16.3553 -19.2196 -35.154 14.5521 -7.05504 -44.9619 1.70842 1.60571 1.58811 1.58376 1.45438 1.08406 0.347981 -0.518483 -1.24812 -1.5761 -1.32121 -0.663546 0.118986 0.666895 1.1586 -0.440567 -1.92478 -1.89147 -1.50452 -0.515291 0.225188 0.296763 0.526561 0.941501 -1.25916 -2.5995
10.2802 9.33172 -36.673 8.79026 11.698 -21.1334 7.44374 5.6479 -6.52338 -1.16315 -0.227064 5.46185 -13.5549 -3.39286 14.7894 -18.0262 -13.0335 26.3904 -8.59816 -24.8961 30.2666 4.09357 -29.9338 22.3969 12.9912 -28.9114 9.31063 17.5485 -23.6444 -4.96759 14.8919 -13.5061 -16.8538 3.08546 -3.27309 -18.8135 -8.93381 -1.17927 -9.07462 -13.9472 -6.01297 5.02717 -15.3736 -8.88945 20.537 -19.7082 -1.0613 33.6608 -21.4413 14.5993 35.4843 -17.7277 26.7453 26.1578 -10.9232 29.5843 12.4136 -3.77715 22.8669 0.155405 2.39089 10.0132 -6.6905 8.0531 -4.31935 -10.5212 13.8437 -16.0987 -19.4488 17.4147 -16.6914 -34.8537 15.0041 -3.90837 -43.697 1.80059 1.72751 1.70001 1.67102 1.51423 1.12973 0.391588 -0.452521 -1.16015 -1.50559 -1.3035 -0.6696 0.13258 0.695142 1.17999 -0.440939 -1.96014 -1.92094 -1.50473 -0.492954 0.252758 0.32386 0.52551 0.928953 -1.21516 -2.55958
13.0702 10.2267 -35.2746 9.13943 11.7496 -20.0577 5.81679 6.68547 -5.38745 -2.74124 1.41624 6.91129 -14.1091 -3.42885 16.8054 -17.6134 -14.672 27.2381 -8.33932 -26.9931 29.8496 4.19162 -32.0251 21.723 13.2092 -30.7961 8.73707 18.0366 -25.2554 -5.34737 15.7368 -14.8504 -17.0763 4.21768 -4.30546 -19.0897 -7.73496 -1.94962 -9.32897 -12.7287 -6.34488 4.92224 -14.7859 -8.71814 20.4462 -20.7542 -1.20455 33.1043 -23.9106 14.1786 35.3363 -20.2891 26.8872 26.7526 -12.8892 30.1463 13.4153 -5.43855 23.7691 1.15668 0.659735 11.22 -6.29068 6.57201 -2.83683 -10.7192 13.3588 -14.3625 -19.2689 18.9924 -15.4066 -34.0201 18.3819 -2.44195 -42.9068 1.73519 1.77343 1.76345 1.74021 1.63961 1.30783 0.609854 -0.222878 -0.936647 -1.29863 -1.11637 -0.489708 0.306576 0.864818 1.30241 -0.420821 -1.95434 -1.86973 -1.42547 -0.409105 0.338756 0.371118 0.467278 0.765925 -1.41564 -2.61267
13.5345 11.388 -34.5719 8.32726 13.906 -19.8797 4.33222 9.57154 -5.14404 -4.15072 3.42418 6.79346 -14.6002 -3.22904 16.6489 -16.5874 -15.3268 26.5087 -6.8034 -27.4236 28.1134 5.62691 -32.0944 19.6249 14.7792 -30.7061 6.74982 19.6559 -24.9059 -7.2126 16.8689 -13.9745 -18.3418 5.57786 -3.01519 -18.9365 -5.56076 -0.406716 -8.31467 -10.7852 -4.51919 5.93869 -14.8744 -6.88505 21.0568 -22.791 -0.645507 33.3331 -26.8325 14.4617 35.9831 -22.54 27.0324 27.5065 -14.0385 29.6763 14.7 -5.76382 23.1334 3.07338 0.87692 10.9147 -4.45906 7.54548 -2.63444 -9.36941 14.7045 -13.6987 -18.2193 20.6358 -14.3044 -32.8776 19.8128 -1.2118 -41.5566 1.97178 2.03377 2.02219 1.98591 1.88662 1.55964 0.868936 0.0420324 -0.672882 -1.03049 -0.875915 -0.310469 0.455515 1.00428 1.35135 -0.443415 -1.94609 -1.80591 -1.30829 -0.260267 0.499232 0.523828 0.600516 0.897382 -1.23779 -2.60125
10.7515 13.1825 -34.2558 6.07459 16.9266 -19.6465 2.12275 13.389 -4.68743 -5.95559 6.85741 7.32721 -14.5702 -1.64287 17.5322 -15.4675 -14.8966 25.9627 -6.3668 -27.6136 26.2838 5.88678 -33.0397 17.9894 15.8023 -31.7368 5.683 21.1412 -25.7748 -8.04021 18.2516 -14.9067 -19.2051 6.98129 -3.93618 -19.9623 -4.11824 -0.568384 -9.51465 -9.73428 -3.79932 4.81661 -13.9442 -6.58692 19.8292 -22.5056 -1.9222 32.3694 -27.5723 12.6377 36.1008 -23.8527 25.7833 28.2487 -15.0823 29.0572 15.7735 -6.21243 22.9847 4.332 0.760483 10.8943 -3.10666 8.1096 -2.50813 -7.41118 14.7516 -13.3266 -16.9421 18.6736 -13.0417 -32.2706 16.5369 0.0676049 -40.6973 2.28112 2.31825 2.29972 2.24673 2.17883 1.89666 1.25307 0.438072 -0.304439 -0.677463 -0.529822 0.0122616 0.751668 1.27639 1.57655 -0.257988 -1.7614 -1.60103 -1.07871 -0.0225802 0.733086 0.779031 0.941568 1.30934 -0.808577 -2.50878
10.0032 15.6384 -33.1879 5.03261 19.5693 -18.726 0.913163 16.2391 -3.76552 -6.59339 8.65644 7.99894 -13.8053 -1.77046 17.4778 -13.7412 -15.7361 24.722 -5.02211 -28.7198 24.5425 7.19234 -34.6479 16.5399 17.4836 -33.5681 4.52432 22.9734 -27.0765 -8.89531 20.1994 -15.6113 -19.4768 8.92983 -4.63311 -20.1238 -2.48764 -1.00072 -10.1169 -8.45267 -3.62597 4.19686 -12.8963 -5.49987 19.2836 -21.5261 0.277847 31.3025 -27.7972 14.5651 34.1551 -25.3615 28.0329 26.3457 -16.8605 31.3825 13.7054 -8.07884 24.472 2.67894 -0.662572 12.0001 -3.61257 7.23266 -1.27161 -7.31158 14.2613 -11.7997 -16.8897 18.1457 -10.726 -32.1922 15.8592 2.74045 -39.9927 2.82228 2.86638 2.83923 2.78321 2.72604 2.45291 1.82713 1.01885 0.273662 -0.120074 0.00635996 0.554091 1.30874 1.84302 2.16678 0.280087 -1.31363 -1.1666 -0.644709 0.43093 1.19476 1.23539 1.39278 1.74853 -0.373321 -2.60078
10.0718 16.2598 -32.3528 3.93401 20.2009 -18.3484 -1.17513 18.397 -3.43034 -8.11522 11.6704 9.17392 -12.875 -0.02825 18.7188 -11.8251 -14.7906 24.06 -4.37162 -28.4896 22.8583 7.45083 -35.627 15.2634 18.6114 -35.0259 4.01427 25.3639 -28.419 -8.75781 23.6316 -16.5538 -19.118 13.01 -4.96123 -19.9737 1.31982 -0.771084 -10.5151 -5.67592 -2.9901 3.39439 -10.5675 -4.98722 18.3251 -19.9749 -0.199794 30.1941 -26.7805 13.7404 33.5008 -24.3721 27.1395 25.5662 -15.9364 29.729 12.7055 -7.65672 21.9884 1.84343 -0.190248 9.32178 -3.98258 8.65132 -3.36908 -7.57814 16.2655 -12.6307 -17.9818 19.7873 -9.88446 -33.1632 16.7313 4.08195 -39.723 3.46836 3.56574 3.54997 3.49539 3.47104 3.24965 2.68889 1.90612 1.13408 0.691205 0.770374 1.29735 2.05777 2.59021 2.88321 0.96934 -0.609349 -0.464489 0.0427397 1.12583 1.89871 1.92779 2.06873 2.42167 0.3285 -2.48275
9.57482 18.4442 -33.9275 2.95918 22.8281 -20.277 -1.57546 20.1698 -5.3013 -8.02761 11.9658 6.67102 -12.4369 -0.0599358 15.9738 -11.1993 -14.5133 22.0652 -3.39839 -28.0623 21.6017 8.44261 -35.7858 14.6363 19.9648 -36.2647 3.75253 27.2752 -29.8273 -8.79671 26.5288 -17.0912 -18.1966 17.4978 -4.19206 -18.2882 5.84472 0.763148 -9.15802 -2.99759 -1.71466 3.61135 -10.7346 -5.21508 16.9824 -19.9933 -2.41041 29.5816 -26.5467 11.2831 34.178 -23.9617 24.7986 26.5002 -15.601 28.1637 13.7706 -7.59213 21.4403 2.06124 -0.0935984 9.01863 -4.2318 9.03815 -3.45119 -7.87494 17.2046 -11.5199 -18.8382 20.6194 -7.65577 -33.799 16.9504 6.15536 -40.3734 4.7515 4.83545 4.80205 4.72833 4.67113 4.41191 3.81425 3.02389 2.25904 1.78583 1.76532 2.22651 3.00395 3.53945 3.77044 1.89849 0.385485 0.544235 1.04989 2.12657 2.90055 2.91555 3.02728 3.38332 1.33666 -2.72502
11.5204 19.4038 -33.8811 3.94765 24.6899 -21.0739 -1.97178 22.9522 -6.45104 -8.18139 15.418 6.07646 -12.2933 3.04506 15.0541 -11.2404 -11.9104 19.8255 -4.14984 -25.8454 19.3865 7.62623 -34.7365 13.8486 20.2071 -36.6954 4.39619 29.0969 -31.0165 -7.48228 29.3497 -18.2731 -16.8986 20.2878 -5.40072 -17.26 8.15653 -0.45659 -8.76938 -1.66474 -2.01262 3.4163 -10.4209 -4.35042 16.4064 -20.8247 -1.57914 28.0856 -28.5967 11.4351 32.7555 -26.5365 25.1789 25.3286 -17.6842 27.9522 12.7904 -8.52526 20.5182 2.43173 0.616258 8.64225 -2.62044 10.4245 -3.26231 -6.3928 18.7578 -11.0699 -17.419 22.3011 -7.06261 -32.3119 18.9425 6.64123 -39.2654 6.22609 6.3448 6.32398 6.2623 6.23877 6.01094 5.42437 4.62157 3.82968 3.32644 3.30313 3.78707 4.58286 5.1193 5.3208 3.35752 1.80988 1.98848 2.53719 3.66586 4.44192 4.44091 4.53994 4.8824 2.84254 -2.66546
13.5634 22.1989 -33.2569 4.60281 27.3154 -21.3048 -3.35317 25.2694 -7.72483 -8.69848 17.4546 5.02763 -12.3176 4.89543 13.9589 -11.8551 -10.1928 18.394 -4.97388 -24.2381 18.5663 6.75102 -33.8737 14.3151 19.7746 -36.9412 5.8042 29.303 -31.7975 -5.81996 29.5611 -19.2343 -15.4749 19.6794 -6.99784 -16.2292 7.11297 -2.34887 -8.21852 -2.78937 -3.37063 3.95778 -11.3505 -5.24313 17.1514 -22.2957 -2.12316 28.2323 -31.4487 10.2956 31.9181 -30.8071 23.8949 23.9844 -21.6739 26.5927 11.6325 -10.6882 19.4467 2.98917 -0.12084 8.47209 -1.25635 9.53254 -3.13115 -6.18907 18.3002 -9.80451 -17.6161 23.2764 -4.68239 -31.7377 21.2046 9.44281 -38.3422 7.90674 8.08894 8.07713 8.00358 7.98426 7.7632 7.16048 6.34126 5.54034 5.04332 5.0672 5.59985 6.41115 6.9512 7.15649 5.12318 3.45831 3.61788 4.23757 5.4114 6.1839 6.16513 6.17222 6.40708 4.33399 -2.81368
13.5911 24.2929 -33.8078 4.04057 29.236 -22.2462 -4.31835 26.3806 -9.06029 -9.62146 18.3906 3.6007 -13.4812 6.29629 13.0573 -12.5681 -8.4506 18.4643 -5.18815 -22.2095 19.4031 6.19615 -32.4091 15.5613 18.854 -36.9675 7.16717 28.7102 -32.9244 -4.61756 29.4969 -20.4992 -14.4213 20.0531 -7.93538 -15.3758 7.46468 -2.95568 -7.60204 -2.75084 -3.44504 4.34648 -12.2168 -4.42235 17.008 -23.4599 -1.33776 27.7968 -33.3083 10.627 31.1793 -32.7741 23.5921 22.2398 -23.1021 24.3774 10.0289 -11.6108 16.2544 3.06923 -0.0397306 6.01881 -0.320925 9.92356 -4.62969 -6.60664 18.9285 -9.34379 -18.8003 24.019 -2.62657 -32.194 21.7838 11.6751 -38.3503 10.4539 10.6566 10.649 10.5631 10.5187 10.2594 9.62584 8.81104 8.03366 7.54566 7.55548 8.07932 8.88673 9.42405 9.61769 7.55038 5.85593 6.00961 6.65409 7.85783 8.62931 8.6008 8.56553 8.76762 6.71296 -2.94957
13.0043 25.0868 -33.8062 3.13303 29.9038 -22.4631 -4.91141 27.0743 -9.07782 -10.6679 19.1352 3.41579 -14.372 6.98044 12.8568 -12.8029 -7.58839 18.5859 -5.33919 -21.2501 20.102 5.81417 -31.8906 16.82 18.5158 -37.0252 8.83487 28.7706 -33.2317 -2.68972 30.2661 -20.7454 -12.3319 21.8449 -7.52321 -13.8174 8.99086 -1.95066 -6.93129 -2.01829 -2.48162 4.2884 -12.1276 -3.52572 16.4368 -23.5418 -1.30853 27.2591 -33.5573 10.246 31.4746 -32.7929 23.4878 22.9681 -22.7181 24.2094 11.0836 -11.5381 15.6768 4.10772 -0.125279 5.30734 0.592366 10.5885 -4.54492 -5.75639 19.9821 -8.33048 -17.98 24.7312 -1.36104 -31.37 21.7903 12.6869 -37.8073 13.5801 13.7826 13.7758 13.6906 13.6322 13.3484 12.6989 11.8781 11.0891 10.5712 10.5321 11.0461 11.8678 12.4025 12.5769 10.499 8.84808 9.03947 9.67922 10.8714 11.636 11.5778 11.5323 11.7636 9.75338 -3.00735
12.9602 25.3348 -31.8451 2.16202 29.1614 -20.9787 -6.35867 26.8348 -7.79242 -12.1087 18.9657 4.74867 -14.3536 6.23229 13.882 -12.1905 -8.40592 19.2285 -5.28367 -22.3336 20.9519 5.36354 -33.6377 18.26 18.1555 -38.9833 10.5628 28.5203 -34.6332 -0.662979 30.2269 -21.9543 -10.0147 21.6666 -8.93448 -12.2866 8.29722 -3.09069 -6.73527 -2.91766 -3.18856 4.29163 -12.06 -3.62219 17.2188 -23.5747 -0.671939 27.7562 -34.2293 10.5824 31.1342 -33.921 23.8001 22.5617 -23.1899 24.5936 11.2711 -11.7383 15.889 4.98166 -0.616922 5.24973 1.33933 10.1343 -4.60266 -4.94639 19.6576 -7.90589 -17.2097 25.1479 -0.498285 -30.071 22.5658 13.7181 -36.2888 16.6395 16.8707 16.8691 16.777 16.7097 16.4243 15.7804 14.9617 14.1581 13.6087 13.5729 14.1255 14.9635 15.4922 15.6817 13.5697 11.849 12.0741 12.7472 13.9364 14.7015 14.6356 14.5559 14.7469 12.7447 -3.0304
13.7206 24.1738 -33.3453 2.69682 28.1072 -22.7471 -5.96392 25.2918 -9.74877 -11.5608 17.4771 2.89518 -14.1082 5.29651 12.6799 -11.8414 -8.87426 19.1291 -4.83406 -22.6835 21.3322 5.55722 -34.1912 18.5064 17.8526 -40.078 10.4054 27.9436 -36.0521 -1.18468 30.071 -23.1708 -10.1661 22.7427 -9.37987 -12.1802 9.69977 -2.61258 -6.90907 -1.93459 -2.2484 3.66795 -11.8932 -2.75023 15.9744 -23.2761 -0.187282 26.7533 -34.021 10.7793 30.7373 -34.3538 24.0721 22.2827 -24.047 24.925 10.6078 -12.834 15.8425 4.42412 -1.47812 5.29707 1.26569 9.88082 -3.94294 -4.8789 20.1656 -7.5565 -16.4182 26.3308 -1.20703 -29.5369 23.6492 12.4901 -36.7916 20.0998 20.3382 20.3323 20.2264 20.1359 19.825 19.1714 18.3647 17.5853 17.0257 16.9243 17.4283 18.2552 18.7814 18.9567 16.8461 15.1152 15.3143 15.9717 17.1606 17.9175 17.8184 17.7123 17.9262 15.9657 -3.24777
13.6758 24.5569 -33.6534 2.87719 28.1422 -22.7057 -5.70178 24.5131 -9.85577 -10.7182 16.3488 2.81082 -12.7854 4.29394 12.8609 -10.9054 -10.0518 19.0419 -4.46045 -24.1934 20.8111 5.93089 -35.6554 17.806 18.2282 -41.2146 9.47972 27.8719 -36.9134 -2.38887 29.3094 -23.8428 -11.2327 21.9188 -9.98556 -12.3759 9.35469 -2.95388 -6.34286 -1.75482 -2.37874 4.77524 -11.8714 -3.37841 16.9214 -23.2954 -1.25182 27.7515 -34.0328 9.75202 31.6515 -34.4313 22.5691 22.4944 -24.3737 22.9788 10.5805 -12.7909 14.2212 4.61362 -1.16086 4.02469 1.3104 10.0766 -4.98861 -5.37076 19.8506 -8.15202 -17.4725 25.6584 -1.31018 -30.5063 23.1888 12.6183 -37.386 23.6558 23.8973 23.8923 23.7765 23.6882 23.3946 22.7564 21.9523 21.1797 20.6343 20.5182 20.9748 21.7678 22.2922 22.4573 20.3408 18.5899 18.7316 19.3816 20.5744 21.3262 21.2376 21.1428 21.3414 19.3515 -3.43504
13.5508 24.9911 -32.9743 2.47971 27.9534 -22.1129 -6.00613 23.6881 -9.39721 -10.7764 15.1548 3.12039 -12.9146 3.091 13.1448 -11.5709 -11.2723 19.4241 -5.59401 -25.6221 21.1587 5.13093 -36.7943 18.2349 18.0546 -41.3746 10.2691 28.0058 -36.4851 -1.10792 29.4299 -23.5976 -10.2186 21.4219 -10.172 -12.1101 8.43927 -3.32543 -6.79254 -2.69952 -2.71609 4.29441 -12.3493 -3.49314 16.8304 -23.6598 -0.541577 27.586 -34.3229 10.8164 30.5666 -34.6902 23.3451 21.0174 -24.4646 23.7799 9.24836 -12.7697 15.0212 3.50603 -1.20895 4.63785 0.560853 9.8119 -4.93083 -5.69538 19.4964 -8.05671 -17.8785 25.542 -0.837734 -30.597 23.2685 13.33 -37.0421 27.4136 27.666 27.6626 27.5438 27.4549 27.165 26.5255 25.6928 24.8708 24.3032 24.2191 24.7151 25.5168 26.0332 26.2037 24.0796 22.2752 22.3948 23.0495 24.2406 24.9921 24.9079 24.8023 24.9729 22.9707 -3.56277
13.6154 24.6012 -33.4428 2.65324 27.4946 -22.453 -5.5751 22.6643 -9.77023 -10.3329 13.9721 2.64241 -12.764 2.34946 13.1115 -11.5048 -11.6464 20.1876 -5.45365 -25.9505 22.0392 5.06671 -37.1835 18.6434 17.5714 -42.1398 10.2454 27.5184 -37.7649 -1.34277 29.5103 -24.8441 -10.2986 22.0104 -11.0698 -11.7047 9.24333 -3.79425 -6.43435 -1.7205 -2.12707 4.71866 -12.1205 -2.59543 16.6561 -23.5273 0.134971 27.3684 -34.0172 11.5602 30.6876 -34.1384 24.1966 21.2751 -24.057 24.5927 9.3808 -12.7955 15.5025 3.29717 -1.71156 4.60546 0.374055 9.67648 -4.74644 -5.54378 18.8858 -8.20841 -18.0018 24.9896 -1.47576 -30.9572 23.0583 12.7066 -37.4812 31.4496 31.6976 31.692 31.5668 31.4622 31.1578 30.5155 29.6931 28.8833 28.2998 28.1687 28.6225 29.3854 29.8922 30.0423 27.9117 26.1198 26.2242 26.8509 28.0249 28.7707 28.6786 28.5823 28.7451 26.7231 -3.85871
12.9877 24.6697 -33.8409 2.78743 28.2267 -22.325 -5.02161 23.3041 -9.41469 -10.074 14.3028 2.65642 -12.8152 2.89293 13.2816 -11.6582 -11.0501 20.4782 -5.44717 -25.2531 22.5627 5.11645 -36.4493 19.1801 17.4396 -41.5153 10.5818 27.1963 -37.5332 -1.30591 29.0588 -24.9222 -10.7191 21.3853 -11.2538 -12.2159 8.98384 -3.71029 -6.47153 -1.79211 -1.90853 4.84191 -11.9417 -2.36627 16.9929 -23.6086 0.446671 27.3992 -34.2755 11.8821 30.0515 -34.4552 24.2189 20.2505 -24.2641 24.5405 8.44797 -12.3854 15.8041 3.06014 -1.36906 4.77917 0.372111 9.58522 -5.07381 -5.55043 18.6292 -8.75882 -18.0649 23.8344 -1.96036 -31.3732 21.6645 12.2013 -37.8672 35.6046 35.8224 35.814 35.6898 35.581 35.2664 34.6113 33.7837 32.9798 32.4109 32.2892 32.7204 33.4597 33.9563 34.0983 31.9373 30.094 30.1706 30.8127 31.9901 32.735 32.6568 32.5881 32.7756 30.7345 -4.0475
12.9363 24.929 -33.7037 1.93777 28.3302 -22.8973 -6.26984 24.1627 -9.96831 -11.1507 15.1753 2.18352 -13.0075 3.21449 12.386 -11.2496 -10.5678 19.7683 -4.80076 -24.5525 22.5055 6.00904 -35.6162 19.4838 18.5223 -40.2354 10.9083 27.9704 -35.7001 -1.03041 28.9069 -23.0672 -10.5517 20.238 -10.0304 -12.2382 7.31448 -3.34639 -6.5805 -3.21311 -2.20356 5.04836 -12.7561 -2.91473 17.6698 -24.1054 0.114247 28.3628 -34.1986 11.9859 31.3257 -33.8751 24.6606 21.9694 -23.9748 25.1876 9.92909 -13.2089 15.9983 3.13815 -2.74293 4.6621 -0.339444 8.60375 -4.6901 -6.33527 18.4263 -7.89328 -18.3872 24.5709 -1.13294 -31.3087 22.4551 13.0818 -37.7037 39.7008 39.9343 39.9177 39.781 39.6523 39.3079 38.6234 37.77 36.9445 36.3762 36.2827 36.7401 37.4834 37.9662 38.1085 35.9693 34.1638 34.2419 34.8308 35.9796 36.7233 36.6108 36.4901 36.6485 34.6256 -4.21083
12.8769 24.9253 -33.8903 2.2786 29.4285 -23.087 -5.87874 25.5877 -10.0258 -10.6479 16.3285 1.96521 -12.7408 4.01622 11.6927 -11.0757 -9.84117 18.9549 -4.4897 -23.6228 22.3226 6.33354 -34.8241 19.9194 18.696 -39.8872 11.3759 27.8012 -35.7388 -0.963114 28.2585 -23.4295 -10.9327 19.4577 -10.4969 -12.734 6.86543 -3.87297 -6.31089 -3.64098 -3.0902 5.36664 -12.9754 -3.7961 18.1433 -24.2341 -0.393711 28.8195 -34.1123 11.6685 31.737 -33.8697 24.4772 22.5626 -24.1164 25.3878 10.4257 -13.1926 16.363 3.66691 -3.05556 4.69208 0.325469 7.71559 -5.28884 -5.71761 17.8359 -8.65933 -17.4738 23.7502 -1.67901 -30.3857 21.7541 12.3766 -37.1597 44.0307 44.2435 44.2204 44.0847 43.956 43.5965 42.8869 42.0205 41.2038 40.6578 40.5736 41.0074 41.7322 42.2026 42.3379 40.1936 38.3707 38.4307 39.0135 40.1534 40.897 40.7884 40.6591 40.8195 38.7885 -4.40355
11.8647 25.8893 -35.4754 1.70738 30.5619 -24.326 -5.69379 26.1689 -10.9914 -10.2347 16.3676 0.652469 -12.8153 3.81417 9.94493 -10.8721 -9.82089 17.5508 -3.36647 -22.9141 21.66 7.57679 -34.0589 19.5558 19.577 -39.5897 10.7888 28.2809 -35.559 -1.87468 28.2829 -23.1706 -11.7563 19.1778 -10.423 -13.3517 6.4027 -4.30721 -6.78727 -4.05303 -4.58189 4.95859 -13.0257 -5.47231 17.9805 -24.0135 -1.69699 28.8126 -33.54 10.6682 31.6295 -33.4524 23.4151 22.3665 -24.0241 24.7452 10.0133 -13.0071 16.2877 2.69511 -2.55658 4.95785 -0.848213 7.67847 -5.53226 -6.96019 17.3961 -8.55803 -19.1421 22.7378 -0.912094 -31.9259 20.5162 13.151 -38.6138 48.3761 48.5627 48.5262 48.3884 48.2476 47.8503 47.1004 46.2226 45.4152 44.8708 44.7772 45.206 45.9367 46.3988 46.5335 44.3981 42.5593 42.5884 43.1581 44.2961 45.037 44.9462 44.8267 44.9887 42.9527 -4.60566
12.316 25.3921 -34.4492 1.71089 30.1218 -23.7498 -6.47265 26.3631 -10.6811 -11.16 16.7061 1.02504 -12.9643 3.90305 10.1587 -10.6058 -9.96759 17.2003 -3.17293 -23.1654 21.1018 7.92335 -34.2169 19.3332 20.3715 -39.3171 10.9376 28.9854 -34.6522 -1.5687 28.317 -22.1978 -11.3442 18.8093 -9.76844 -13.0956 5.83564 -4.00123 -6.60568 -4.52333 -4.60169 5.21347 -13.2411 -5.53204 18.4046 -24.3101 -1.27527 28.9721 -33.7582 11.263 31.2334 -33.4249 23.8627 21.7766 -23.8326 24.8064 9.51447 -12.9105 15.8879 2.61335 -2.71188 4.28212 -0.76748 7.87043 -5.85724 -6.88002 18.2483 -8.67587 -18.5566 23.872 -1.12505 -31.2758 21.3654 12.9807 -37.7702 52.9168 53.1207 53.0893 52.9443 52.7996 52.404 51.6453 50.74 49.8996 49.3419 49.254 49.6901 50.4183 50.8702 50.9986 48.8446 46.9809 46.9968 47.5572 48.6855 49.4202 49.2991 49.1489 49.3056 47.2779 -4.80233
13.5029 25.5793 -34.39 2.57689 29.8957 -23.8398 -6.01585 26.2257 -11.0107 -11.1831 17.1071 0.923042 -13.2563 4.76275 10.6141 -10.9214 -9.02244 17.8291 -3.67419 -22.409 21.4247 7.18453 -33.6345 19.3112 19.4579 -38.844 10.7274 28.1144 -34.3583 -1.81495 27.628 -21.9431 -11.6509 18.1475 -9.46684 -13.2041 5.36195 -3.63584 -6.40513 -4.67064 -3.88749 5.70464 -13.6143 -4.22281 18.7726 -24.9352 0.22545 28.9886 -34.593 12.6682 30.8582 -33.9539 24.867 20.9047 -23.9789 24.8844 8.91465 -12.7874 15.8161 2.67162 -2.28002 4.53438 -0.85754 8.14897 -5.56784 -7.28702 18.4579 -8.42408 -19.0154 24.6911 -0.938363 -31.4867 22.6864 13.3058 -37.8521 57.5103 57.7269 57.6979 57.5467 57.391 56.9918 56.2375 55.3361 54.4918 53.9219 53.8169 54.2281 54.9281 55.3664 55.4817 53.2972 51.4002 51.3987 51.9611 53.0895 53.8171 53.6973 53.5302 53.6542 51.6128 -5.05029
12.6574 25.6947 -33.8438 1.71028 29.6678 -23.1813 -6.7162 26.0855 -10.2178 -11.6585 17.0208 1.8515 -13.4277 4.26563 11.0587 -10.786 -9.76223 17.6754 -3.53423 -23.2526 20.8497 7.2033 -34.5778 18.6509 19.4973 -39.9431 10.1935 28.4131 -35.4328 -2.15695 28.1536 -22.7675 -11.6775 18.6029 -10.3091 -12.9115 5.69639 -4.56744 -6.26645 -4.34353 -4.53399 5.84001 -13.5838 -4.92811 18.6984 -25.1085 -0.84313 28.8381 -34.4512 11.7913 30.9997 -32.9568 24.3453 21.5945 -22.7654 24.6469 9.79158 -12.2146 15.4029 2.74246 -2.17693 3.73247 -0.888637 8.31861 -6.32302 -7.28307 18.317 -8.57921 -19.4046 24.2986 -0.670458 -31.7373 22.0761 13.7181 -37.6924 62.2077 62.4175 62.377 62.2189 62.0623 61.663 60.9053 59.9943 59.1285 58.5226 58.3839 58.7776 59.462 59.8861 59.9776 57.7796 55.9167 55.9449 56.4827 57.5874 58.3102 58.1843 58.0144 58.1271 56.0791 -5.28111
11.8381 25.2293 -34.4665 1.36906 29.881 -23.6002 -6.84469 26.5528 -10.4341 -11.7197 17.4767 1.65401 -13.1341 4.77283 10.9926 -10.6289 -9.43789 17.2632 -3.83677 -23.2559 20.0167 6.96501 -34.5357 17.9007 19.6805 -39.5655 9.87111 28.8364 -34.9473 -2.26183 28.5124 -22.442 -11.9897 19.0378 -9.93749 -13.3386 6.3321 -4.12365 -6.37714 -3.84836 -4.30831 5.6098 -13.2228 -4.94221 18.3609 -24.6027 -0.763865 28.6252 -34.0627 11.7827 30.7882 -33.2294 24.3822 21.362 -23.3271 25.1685 9.33753 -12.3763 16.2709 2.45496 -2.20107 4.63362 -0.887844 8.31866 -5.70028 -6.77862 18.468 -8.63029 -18.6273 23.7321 -1.13008 -31.5292 20.9326 12.9182 -38.0285 67.0087 67.1977 67.149 66.983 66.8227 66.431 65.6758 64.7423 63.8426 63.2224 63.0787 63.4533 64.125 64.5401 64.6192 62.41 60.5065 60.4979 61.0346 62.1403 62.8564 62.7237 62.5754 62.7364 60.7043 -5.47877
11.2617 25.1346 -34.1961 0.944012 29.8205 -23.2005 -7.35017 26.41 -10.1061 -12.2754 17.1938 1.85497 -13.5711 4.54422 11.284 -10.9839 -9.55865 17.7613 -4.13793 -23.3144 20.688 6.54695 -34.7051 18.5729 19.0312 -40.0473 10.3839 28.21 -35.6682 -1.82019 28.3043 -23.078 -11.4429 19.1622 -10.3273 -12.7817 6.48209 -4.15974 -6.08277 -3.89787 -4.24383 5.73304 -13.2949 -5.2685 18.4421 -24.5829 -1.47692 28.955 -34.0675 11.036 31.2038 -33.4952 23.4568 21.5244 -23.845 24.259 9.29766 -12.5759 15.7218 2.47231 -2.00774 4.42296 -0.811879 8.61134 -5.8098 -6.7011 18.4351 -8.78744 -18.8096 23.2294 -1.31631 -31.9099 20.2061 12.8204 -38.1103 71.8718 72.055 72.004 71.8302 71.6565 71.249 70.4806 69.5425 68.6396 67.9967 67.8177 68.1683 68.8273 69.2318 69.2967 67.0771 65.1452 65.0988 65.6291 66.7372 67.4445 67.3126 67.1824 67.3522 65.308 -5.75205
12.2495 25.7375 -34.0512 1.53777 30.2355 -23.3581 -6.91265 26.8252 -10.3639 -11.9138 17.75 1.67314 -13.5406 5.16755 11.1407 -11.255 -8.94384 17.7122 -4.59427 -22.7661 20.7508 6.04778 -34.2114 18.7159 18.5598 -39.5315 10.555 27.78 -35.2338 -1.64689 28.0553 -22.8355 -11.5122 19.1289 -9.96181 -13.1058 6.53195 -3.63639 -6.39707 -3.77549 -3.96406 5.47788 -13.0412 -5.30349 18.2539 -24.1103 -1.20446 28.8835 -33.4106 11.4739 30.9701 -32.9534 23.959 21.3676 -23.4187 25.1613 9.08316 -12.2397 16.6819 2.04117 -1.97099 5.11137 -1.24728 8.52947 -5.2994 -7.03645 18.8252 -8.22503 -18.7594 24.3555 -0.577644 -31.4619 21.5354 13.5912 -37.6848 81.5452 81.7334 81.6744 81.4903 81.3051 80.8825 80.0955 79.1339 78.2038 77.5345 77.3274 77.6445 78.2757 78.6581 78.7038 76.4689 74.5068 74.4334 74.9424 76.0314 76.7292 76.5759 76.3984 76.5316 74.4885 -6.22725
