# num_vectors 217
# vector_size 101
-13.6236 -21.9825 -15.7005 1.93966 -23.0662 -18.1347 16.1039 -15.9364 -17.4813 25.5205 -4.87372 -11.0623 28.2541 4.465 1.42406 24.912 6.51062 16.6616 15.843 -1.56879 26.5168 5.61721 -13.5168 25.4846 -2.71824 -23.4905 16.4016 -10.2705 -27.0943 2.89804 -18.3087 -21.4956 -9.55851 -25.4477 -8.35564 -14.4911 -27.804 5.35363 -7.40557 -24.2357 12.5794 6.10058 -15.317 12.5334 19.1896 -2.16278 8.22772 26.9834 12.8812 3.2578 26.2264 25.6664 2.94072 17.0207 30.4851 11.3188 4.77911 23.7059 20.2591 -6.2013 10.6974 25.2179 -13.706 -4.7169 25.0371 -17.5166 -18.9252 17.967 -17.1599 -26.7792 4.48265 -14.5308 -24.7399 -11.084 -13.5521 22.1299 22.1968 22.218 22.2021 22.0907 22.0978 22.1556 22.1257 22.1253 22.196 22.2431 22.2642 22.3039 22.3691 22.4008 22.4995 22.5912 22.5661 22.4456 22.4262 22.5767 22.4585 22.3177 22.2327 21.7085 -0.320476
-12.8035 -22.2606 -16.2432 2.91658 -22.3761 -17.716 16.0513 -13.5191 -16.7677 25.3868 -1.82151 -11.4526 29.5747 6.83222 1.12243 27.5763 6.18883 16.7133 18.0433 -2.45452 25.6032 6.51934 -13.1998 25.3013 -2.66064 -23.1432 17.0376 -10.0521 -27.1653 3.56363 -17.8413 -22.0859 -9.26792 -24.8887 -9.16832 -14.8741 -27.2041 4.41765 -7.54133 -23.6749 12.4774 5.49515 -14.4435 14.5248 18.2017 -1.19692 11.0551 26.2524 13.4889 5.06233 26.0702 26.2799 2.91716 17.1198 31.417 9.68609 4.04026 23.8999 19.0055 -6.1146 11.043 24.1917 -13.7277 -4.13718 24.0616 -18.3883 -18.4145 17.1313 -18.0255 -26.3534 3.878 -14.5971 -24.18 -11.6839 -13.8619 18.5917 18.806 18.6877 18.5527 18.4363 18.5038 18.5572 18.5933 18.6283 18.7098 18.7726 18.7897 18.856 18.9333 18.891 18.772 19.0761 19.0451 18.9293 18.9216 19.0986 18.8945 18.7051 18.4853 18.219 -0.426957
-13.4229 -21.7689 -15.6436 2.21921 -21.3175 -17.7498 15.4735 -12.618 -17.0215 25.0658 -1.24917 -11.4541 29.1091 7.76785 0.912118 28.045 6.60924 16.5655 18.8628 -2.2734 25.5886 7.11865 -12.7799 25.3545 -2.59382 -22.233 17.1236 -10.0518 -25.9243 3.59158 -17.7443 -21.1385 -9.41006 -25.4146 -8.55107 -14.9488 -28.2418 5.26696 -8.2575 -24.7245 13.8251 4.46073 -15.7837 15.8317 17.3801 -2.87167 11.5781 25.5971 11.3372 4.53326 25.2751 24.1242 1.39113 16.6178 29.8416 7.65076 3.52524 22.9174 17.812 -6.23615 10.4951 24.3415 -13.5305 -4.80723 25.0474 -17.7158 -19.0383 18.0213 -17.3711 -26.7158 4.46639 -14.5856 -24.8264 -11.1267 -13.7282 15.3477 15.4225 15.2798 15.196 15.0118 15.0567 15.109 15.1837 15.2235 15.2811 15.3793 15.4416 15.5076 15.5647 15.4654 15.4014 15.7648 15.6967 15.6124 15.5976 15.6318 15.3971 15.1965 15.1719 14.594 -0.488354
-14.5389 -22.1284 -13.3106 0.855162 -21.026 -16.6453 14.5765 -13.0729 -17.2393 25.0411 -2.5279 -11.6228 28.4176 7.40886 0.227537 27.0257 7.1068 15.895 18.3381 -1.86736 25.3089 6.94691 -12.7544 25.0218 -3.14053 -21.7902 16.7732 -11.2882 -25.1412 3.55418 -18.3025 -19.4986 -9.48673 -26.8389 -7.55907 -15.1892 -31.2344 5.92661 -8.6701 -26.7971 14.7063 3.60093 -17.3091 15.8475 16.2318 -4.43939 11.2576 24.333 10.248 5.2708 24.0871 23.5453 2.81512 15.9955 29.8324 8.47049 2.88908 23.2351 18.178 -7.53777 10.532 24.9131 -14.1274 -5.10655 25.8894 -16.7074 -19.0927 18.4076 -16.0639 -26.25 4.44399 -14.0075 -25.6653 -11.1269 -11.8501 12.4749 12.3389 12.1818 12.2509 12.0271 12.0158 12.0482 12.139 12.2025 12.2387 12.3526 12.4915 12.5558 12.5602 12.4872 12.4867 12.7039 12.647 12.5298 12.4422 12.3423 12.1451 11.9604 12.7505 11.1672 -0.450162
-14.1504 -21.8192 -13.8898 1.17678 -21.3989 -17.6593 15.221 -14.016 -17.2977 24.7987 -3.33093 -10.4903 27.6561 6.59935 1.50126 26.8549 6.45373 17.2123 19.2691 -3.28973 26.8117 8.41788 -14.647 25.535 -1.5595 -22.6825 16.1903 -9.61194 -24.9301 2.68213 -16.8352 -19.3019 -10.2511 -25.7222 -7.68665 -16.0875 -30.812 5.82234 -10.1461 -27.005 14.9196 2.10561 -17.7479 16.176 14.8961 -5.01192 11.5407 23.1812 9.69556 5.60059 23.0018 22.8378 2.56904 14.8519 29.3105 7.38784 1.50371 23.3861 17.2855 -9.14625 10.8581 24.9305 -15.0419 -4.86382 26.4325 -16.6992 -18.8373 18.962 -15.7286 -25.9188 4.93679 -13.8344 -25.1804 -10.7166 -12.4639 9.82544 9.63022 9.54317 9.4907 9.15029 9.06857 9.11421 9.2454 9.28194 9.29393 9.4391 9.63641 9.74168 9.76308 9.70107 9.71859 9.98757 9.93721 9.86191 9.70298 9.36002 9.07024 8.85995 9.55644 8.22077 -0.68015
-14.397 -22.2869 -14.8929 1.10215 -22.234 -17.9048 14.7783 -14.3763 -16.147 23.8183 -3.07123 -9.61051 27.0111 6.98674 2.18887 26.0882 6.69147 17.8912 19.7828 -4.13715 27.2508 10.293 -16.4936 24.8811 0.679717 -24.1664 14.8738 -8.06913 -25.8853 1.72621 -16.5921 -20.2001 -10.3632 -25.7958 -8.55435 -15.6193 -30.4277 5.19878 -9.8662 -26.8079 14.3316 2.416 -17.3995 15.7906 15.0741 -4.35312 11.2277 22.904 10.2307 5.01046 22.3697 23.2618 2.35308 13.9164 29.2111 8.09026 0.688356 23.278 18.4165 -9.54146 10.152 25.3793 -14.9618 -5.69322 25.5728 -15.9977 -19.5233 17.9458 -14.3932 -26.8212 4.04074 -12.4328 -25.8357 -11.6378 -13.2472 7.2885 7.00532 6.83493 6.70733 6.43127 6.34504 6.39139 6.51165 6.57647 6.64774 6.82075 7.03554 7.15614 7.20257 7.16169 7.24649 7.50117 7.47615 7.45679 7.11798 6.78535 6.47268 6.03528 6.16837 5.58198 -1.34519
-14.268 -21.8171 -17.4794 1.28346 -21.0279 -20.1031 14.6488 -12.7826 -17.8023 22.5832 -1.37193 -10.1141 24.2494 7.63331 2.79748 22.9844 6.78521 18.4559 17.1388 -4.02068 28.1352 7.41796 -16.3179 26.5084 -2.53242 -23.9075 16.7703 -10.9227 -25.4552 3.3699 -18.6218 -19.8863 -9.31205 -26.4662 -7.65309 -15.3755 -31.1214 6.05054 -9.52412 -27.8362 14.344 3.42907 -17.6853 16.0049 15.4736 -4.13494 11.7876 22.6102 10.2882 5.2094 22.0405 23.3761 2.22084 13.788 29.3916 8.51248 0.845137 23.6259 19.2273 -9.07592 10.2103 25.4524 -14.6808 -5.567 24.3337 -16.0883 -19.2792 16.5922 -14.0835 -27.3133 3.1975 -11.5473 -26.3385 -12.2508 -14.3492 4.96233 4.80161 4.82544 4.79191 4.53074 4.43639 4.48894 4.6763 4.76582 4.80638 4.95601 5.16725 5.31759 5.42649 5.42216 5.46833 5.77955 5.79768 5.84825 5.46823 5.32984 5.24837 5.22698 4.63172 2.60006 -3.51905
-12.4289 -20.213 -21.952 3.28246 -18.9031 -22.813 16.2338 -10.8086 -18.4989 22.7059 0.669349 -9.6327 23.3474 9.41103 3.54851 21.3191 8.06155 19.091 14.9855 -2.91761 28.255 5.63136 -15.5454 27.0662 -3.69784 -24.0887 17.5044 -11.5392 -25.8083 3.79562 -18.4636 -19.5663 -9.01954 -25.0607 -6.66554 -15.1867 -29.1881 7.4638 -9.98542 -26.7794 15.4181 3.36824 -16.9275 16.6981 15.7048 -3.16516 12.5495 22.4677 11.2945 6.07066 21.7052 24.3446 2.96347 13.4362 30.6478 8.71411 0.37884 24.9355 18.8174 -10.1936 11.0709 24.0685 -15.703 -4.68522 22.218 -16.4137 -18.5194 14.8983 -13.7562 -27.377 1.97447 -11.5249 -25.3101 -12.5175 -17.2819 3.3349 3.29853 3.44459 3.42 3.1963 3.14413 3.16481 3.31832 3.4384 3.48231 3.58988 3.77285 3.92442 4.05665 4.09987 4.18778 4.47455 4.51997 4.59484 4.2005 4.14202 4.22071 4.49086 4.44805 -0.157407 -4.44551
-11.7209 -18.1158 -24.9363 3.97271 -16.5131 -25.6103 16.9959 -9.10084 -20.3816 23.088 1.59168 -10.3409 22.6598 9.59288 3.31138 19.965 7.97603 18.727 15.1033 -3.76916 27.8407 7.33875 -17.3401 25.8626 -1.72902 -25.6125 15.8232 -10.3973 -26.6825 2.55357 -17.907 -19.8494 -9.61351 -24.4361 -6.77851 -15.4855 -29.9072 6.22962 -8.81115 -27.6241 12.7008 5.34038 -16.8757 13.7096 16.9302 -2.51658 10.0829 22.6745 12.1883 4.30146 21.268 25.4352 2.0275 13.041 31.5323 8.49672 0.224074 25.6745 18.8749 -9.99716 11.5548 23.7942 -15.1547 -4.11121 21.2087 -15.4462 -17.8018 13.7516 -12.4489 -27.0632 1.01807 -10.8594 -24.9705 -12.5038 -18.6186 2.18771 2.03735 2.20247 2.23349 2.02548 1.91177 1.89178 2.0069 2.15371 2.21585 2.31348 2.54292 2.77804 2.97671 3.09202 3.24428 3.33218 3.38641 3.44722 2.94242 2.88834 2.99168 3.35064 3.20331 -1.2005 -4.70805
-12.7771 -17.6817 -26.4159 2.87354 -16.1095 -27.7931 16.1114 -9.83627 -21.6877 20.8613 0.0600186 -10.21 18.6265 8.56524 2.95184 16.8883 8.49704 18.5873 14.9348 -3.18996 28.7953 9.22505 -17.5834 25.8664 0.216517 -25.5693 15.546 -9.54965 -26.4603 3.04838 -18.0547 -19.8186 -8.55649 -25.0694 -7.08841 -14.6143 -30.7984 5.84445 -8.00974 -28.5023 11.8868 6.32838 -17.4745 11.9033 17.6979 -2.71547 8.60555 22.5602 12.4974 4.50065 20.7254 26.0752 3.62022 12.7746 32.788 9.6083 0.0316935 26.9116 18.4281 -11.551 12.1296 21.7208 -16.1112 -3.39277 18.7718 -14.5189 -17.3067 12.1314 -10.7353 -27.4415 -0.00282742 -10.0411 -25.6794 -12.956 -18.7897 1.45176 1.11774 1.33873 1.41853 1.04466 0.789337 0.727919 0.782558 0.95499 1.05371 1.17313 1.43436 1.68674 1.88764 2.12206 2.31853 2.20551 2.29511 2.31985 1.78935 1.75364 2.0596 2.52988 2.30967 -1.82125 -4.80414
-12.634 -17.148 -25.5294 3.04754 -16.4131 -27.2216 16.4246 -11.51 -20.2292 20.962 -2.28361 -8.12402 17.9907 7.31965 4.1041 14.5727 8.83357 19.3857 12.3792 -2.96587 29.4147 8.59791 -17.7961 25.6568 0.983615 -25.9103 14.3597 -8.76994 -26.3373 1.82768 -17.7496 -19.5081 -9.3011 -25.2379 -6.81119 -14.8393 -30.5583 6.40717 -8.46218 -27.8488 12.2563 5.88363 -17.0654 10.4831 17.3482 -2.30939 7.26869 22.2728 13.4154 6.07476 20.5644 27.0391 7.33946 12.7467 33.9797 12.2442 -0.332253 27.9481 19.232 -13.0311 12.8845 22.236 -16.8007 -2.44992 19.9628 -13.3572 -16.2957 13.5973 -8.90975 -26.4248 1.43976 -9.07257 -24.9885 -11.8238 -17.4062 0.597422 0.200332 0.456239 0.614697 0.298626 0.068069 -0.0229844 -0.0491845 0.100293 0.206344 0.338389 0.596836 0.825147 0.991817 1.35965 1.5478 1.27931 1.39667 1.4025 0.920596 0.78807 1.2126 1.70541 1.54244 -2.48562 -4.88252
-10.6039 -16.8088 -26.2552 5.17397 -16.6063 -26.8238 18.1775 -13.2318 -18.3748 21.8118 -4.65839 -5.50904 17.6868 5.85684 5.58084 12.4233 8.52139 20.1646 9.70792 -3.15444 30.2104 7.42379 -18.1896 26.0776 1.50572 -26.026 13.6278 -7.39289 -25.7931 0.470375 -16.2416 -18.8625 -10.7003 -24.5386 -6.53948 -15.921 -30.7335 5.94278 -8.88478 -28.2408 10.4135 5.98628 -17.5538 7.90248 17.4032 -2.7019 5.49167 22.4958 12.996 6.24564 20.3454 26.357 8.82782 12.3993 33.7167 13.1021 -0.671854 28.0804 18.5545 -14.2722 12.8275 20.7348 -17.8408 -2.24525 18.7565 -13.2507 -16.3081 12.9107 -8.77119 -26.3118 0.733843 -10.2109 -23.6842 -12.0881 -18.9356 0.149351 -0.259223 0.0223901 0.242189 -0.0252035 -0.250299 -0.370514 -0.451985 -0.386795 -0.320091 -0.168095 0.135009 0.41948 0.636976 1.11924 1.27303 0.864258 0.988401 0.995632 0.568687 0.382826 0.99169 1.42166 1.15188 -2.96502 -4.84934
-10.5601 -17.0482 -24.9104 5.20759 -17.6039 -25.5351 17.8264 -15.1128 -16.2381 20.0261 -6.64812 -2.98111 14.5657 4.58051 6.74873 9.06441 8.38481 20.9879 7.14933 -2.84883 31.7001 6.33011 -17.9319 27.2072 1.38335 -25.6985 14.298 -7.10681 -25.7508 0.871176 -15.9852 -19.2371 -10.5249 -24.5913 -7.14995 -15.7972 -31.3238 4.80694 -8.35361 -28.9328 8.89168 6.64492 -18.2426 6.43282 18.0706 -3.20996 5.04475 23.013 12.3837 6.73358 20.6431 25.6322 9.63347 12.6178 32.9392 13.7199 -0.543164 27.285 19.1234 -14.156 12.0355 21.7181 -17.4525 -2.93056 19.9934 -12.4302 -16.8287 13.7946 -7.91024 -26.3314 1.23059 -9.41967 -23.4559 -11.9432 -17.5204 0.0102589 -0.381294 -0.0439984 0.23149 -0.121004 -0.401292 -0.538785 -0.673253 -0.657303 -0.578967 -0.397275 -0.0555977 0.272778 0.520216 1.09984 1.16322 0.708349 0.838054 0.856318 0.418947 0.175251 0.782522 1.18091 0.923745 -3.14982 -5.04583
-9.02566 -15.8169 -25.9819 6.69958 -17.0325 -25.2394 18.3912 -15.7361 -14.5862 19.5265 -7.46145 -1.07784 13.423 4.16399 7.76351 7.38645 8.14702 21.7346 6.02216 -3.24908 32.3592 6.50361 -18.2434 27.5322 2.20443 -26.3574 14.6045 -6.37346 -26.7056 1.2378 -15.2223 -19.8691 -9.9913 -22.6798 -7.23226 -15.7074 -28.8641 5.47149 -9.06857 -27.1501 9.88479 5.92975 -17.1803 6.93696 17.8792 -2.28604 5.2382 23.134 13.2203 7.80017 20.9827 26.0542 11.8602 12.7882 32.7035 16.3744 -0.580131 26.5109 21.4505 -14.0845 11.1315 23.3954 -17.2227 -3.80242 20.995 -12.3844 -17.5095 14.013 -8.46067 -26.3827 1.04385 -10.3411 -22.4413 -11.4372 -19.0667 -0.0634724 -0.403193 -0.0438718 0.258969 -0.0930309 -0.380814 -0.543039 -0.735122 -0.708468 -0.595257 -0.443036 -0.13307 0.180099 0.422509 1.00509 1.09178 0.617065 0.737134 0.723799 0.29405 0.140522 0.71928 1.0708 0.776062 -3.29531 -5.14238
-8.45801 -16.6996 -25.0863 7.21897 -18.0849 -23.8131 18.7 -16.6672 -12.9483 19.4531 -8.03752 0.363229 12.5324 3.62785 8.52376 5.17048 7.46777 21.886 4.15251 -4.39184 32.0311 5.99709 -19.0909 26.6558 2.54832 -26.794 13.2315 -5.90326 -26.9232 -0.219254 -15.0761 -20.0844 -11.1835 -23.1794 -7.57164 -16.2559 -29.0753 5.13126 -9.35864 -26.7612 9.63812 5.53049 -16.542 6.3734 17.1827 -1.67735 4.8202 22.5638 13.4215 9.39578 20.9188 25.6096 15.0178 12.6623 31.7925 19.0721 -1.07178 25.2001 22.1732 -14.9783 9.66423 22.6086 -17.9086 -5.02183 20.092 -12.4169 -18.7446 13.316 -8.20114 -27.1295 0.126986 -10.6845 -22.2587 -12.3209 -18.9765 -0.173868 -0.461197 -0.0791183 0.285966 -0.00625651 -0.285881 -0.484042 -0.725101 -0.735099 -0.615761 -0.443871 -0.132239 0.167524 0.391823 1.00623 1.02695 0.504921 0.619592 0.577039 0.266976 0.160896 0.816445 1.1198 0.740182 -3.41426 -5.03305
-8.08273 -16.9614 -24.535 7.57778 -18.6223 -23.3948 19.1047 -16.9536 -12.6145 19.6251 -8.18252 0.615696 12.1141 3.17151 8.69336 3.78909 6.70018 21.5674 2.9585 -5.48122 31.3427 5.94955 -19.9237 25.7901 3.83171 -27.0262 11.7721 -3.72682 -26.4922 -2.19015 -12.8382 -19.4395 -13.0696 -22.186 -7.55488 -17.4658 -28.6911 4.62448 -10.1828 -26.4736 8.64977 4.85833 -15.9877 5.48405 16.2995 -1.14553 4.23152 21.8208 13.5954 10.0005 20.7942 25.5748 16.6282 12.99 31.7153 21.2356 -0.588054 25.0312 24.48 -14.4181 9.4907 24.6197 -17.3537 -5.17358 21.6253 -12.0464 -18.7125 14.3556 -8.06499 -26.6475 0.913391 -10.6663 -21.656 -11.7215 -18.5958 -0.232437 -0.477544 -0.083292 0.30939 0.0704858 -0.198568 -0.430125 -0.713361 -0.79114 -0.699053 -0.491151 -0.130651 0.213071 0.467832 1.10262 1.03153 0.486055 0.606427 0.545095 0.223894 0.159842 0.775263 1.05902 0.701538 -3.47235 -5.06008
-8.8374 -16.5826 -25.0779 6.82675 -18.3106 -24.0993 17.8598 -16.9506 -12.7728 17.175 -8.46129 0.632407 9.17003 2.92889 8.16631 1.56265 6.88384 21.3566 1.5839 -5.00142 31.5227 4.90478 -19.2203 25.5935 2.65237 -26.1326 11.5013 -4.99756 -25.8538 -2.41869 -14.2807 -19.2034 -13.4059 -23.8012 -7.39787 -17.6422 -30.5326 4.13957 -9.56321 -27.8319 7.62519 5.53346 -16.8456 4.8042 16.5883 -1.80414 4.63002 21.6924 12.7565 10.8734 20.8976 24.9185 17.5888 13.4597 31.181 22.3459 -0.0106054 24.5363 25.6579 -13.8438 9.028 25.6794 -16.9482 -5.61315 22.3425 -11.7829 -18.9328 14.6497 -7.85694 -26.7406 1.10552 -10.3114 -22.1933 -11.5129 -18.5293 -0.131952 -0.393431 0.0108237 0.392695 0.0462973 -0.261244 -0.491061 -0.782203 -0.868244 -0.762341 -0.531677 -0.150005 0.21655 0.49438 1.21006 0.9982 0.446046 0.578985 0.515873 0.206617 0.146614 0.709442 1.00932 0.734781 -3.33939 -5.15814
-9.05625 -15.5999 -26.4766 6.62964 -16.9697 -25.2993 17.227 -16.1018 -13.5175 15.7098 -8.19511 0.172482 7.41384 3.02446 7.64742 0.294568 7.07195 21.0798 0.950645 -4.64785 31.4155 4.56795 -18.7498 25.3815 2.4637 -25.6121 11.242 -4.99668 -25.4358 -2.78224 -14.2043 -18.9356 -13.9219 -24.0942 -7.35686 -17.9319 -31.1707 3.7412 -9.53833 -28.5547 7.01439 5.62076 -17.4634 4.3463 16.6086 -2.4065 4.75676 21.6535 12.0537 11.2207 20.7908 24.274 17.4001 12.9928 30.6598 20.8264 -0.819364 24.1637 22.857 -14.9667 8.6244 22.9334 -17.9108 -6.01489 20.6176 -12.2098 -19.6802 13.7824 -7.90385 -27.7632 0.59146 -11.2336 -22.7205 -11.5696 -19.8426 0.0116888 -0.310856 0.083215 0.438503 0.0303944 -0.310581 -0.556524 -0.863245 -0.966033 -0.864986 -0.618156 -0.218727 0.169151 0.458573 1.21097 0.93885 0.398064 0.53492 0.500984 0.268081 0.159507 0.81861 1.12652 0.782951 -3.22106 -5.111
-9.0112 -13.8469 -28.4962 6.51298 -15.9775 -26.5547 16.5224 -15.96 -14.239 14.616 -8.49635 -0.350283 6.36116 2.77326 7.09484 -0.405716 6.98828 20.6573 0.676226 -4.5844 31.1221 4.56752 -18.5927 25.0406 2.78215 -25.2477 10.7589 -4.30489 -24.7773 -3.45097 -13.2983 -18.0827 -14.6503 -22.9892 -6.48898 -19.081 -30.5388 4.21222 -10.585 -28.4139 6.56434 4.81971 -17.4243 4.17654 15.973 -2.42325 5.00189 21.1322 12.0175 11.536 20.503 24.3939 18.0234 13.218 31.1384 22.2849 -0.185233 24.9219 24.7654 -14.3865 9.47617 24.2669 -17.7523 -5.24699 21.2656 -12.614 -19.0097 14.3407 -8.78744 -27.4149 1.29649 -11.8904 -22.728 -9.85048 -21.9506 0.0330981 -0.246042 0.132383 0.465868 0.0277976 -0.330859 -0.585578 -0.900065 -1.01969 -0.934059 -0.698848 -0.278038 0.150611 0.498755 1.25648 0.921731 0.372817 0.520046 0.474162 0.235371 0.188654 0.841124 1.15464 0.872767 -3.15305 -5.18589
-8.26512 -14.9536 -30.468 7.27781 -15.8487 -27.8369 16.7347 -15.088 -15.1147 14.439 -7.80842 -1.1872 6.13589 3.07925 6.75591 -0.533657 6.99599 20.4553 0.656617 -4.59566 30.8873 4.74285 -18.5715 24.8591 3.2652 -25.2134 10.5362 -3.53696 -24.6992 -3.8109 -12.4534 -17.9749 -15.0542 -22.5416 -6.57518 -19.085 -30.3506 3.80627 -10.4278 -28.4223 6.3099 4.97928 -17.3743 3.92717 16.076 -2.34535 4.79028 21.1474 12.0292 11.4789 20.634 24.2729 18.545 13.6701 30.9149 23.8419 0.588658 24.7121 26.6673 -13.554 9.42624 24.9273 -17.2222 -4.91282 20.078 -12.4213 -18.2268 12.0421 -9.23229 -26.6383 -0.681097 -13.4522 -22.1034 -11.6174 -23.8093 0.144006 -0.166761 0.181282 0.475526 0.0451604 -0.325635 -0.594399 -0.920549 -1.05503 -0.97558 -0.725317 -0.290583 0.154864 0.498185 1.26358 0.913042 0.341451 0.480742 0.399748 0.148974 0.163866 0.763481 1.18787 0.951109 -3.05901 -5.05932
-9.00914 -15.4945 -30.4487 6.48055 -16.4713 -27.5461 16.0066 -15.7652 -14.8723 13.9281 -8.37481 -0.969004 5.72792 2.60432 6.95539 -0.968023 6.61936 20.6135 0.249062 -4.91098 31.1102 4.50145 -18.841 25.091 3.23646 -25.3737 10.6976 -3.39837 -24.7078 -3.72129 -12.2674 -17.8527 -14.9229 -22.4351 -6.57953 -19.1057 -30.3771 3.83355 -10.6093 -28.4305 5.99123 4.84765 -17.6056 3.55039 16.1497 -2.62951 4.35974 21.3836 11.6077 11.3325 20.8288 23.3131 18.8377 13.4134 29.0831 24.2159 -0.0430795 22.3616 26.5428 -14.0388 7.11514 24.3585 -17.633 -7.30292 19.5399 -13.0421 -20.6139 11.5056 -9.83668 -28.2701 -1.74524 -13.8644 -23.1504 -12.2145 -24.4293 0.133691 -0.165287 0.186195 0.488528 0.0645157 -0.308448 -0.579583 -0.911466 -1.05548 -0.981524 -0.734666 -0.292039 0.162112 0.522498 1.28012 0.944437 0.362128 0.473795 0.364175 0.160246 0.233978 0.812808 1.13216 0.892206 -3.1851 -5.07732
-10.3352 -17.8002 -30.5034 4.98834 -19.1187 -26.9317 14.2668 -17.9286 -14.1112 13.1064 -9.54405 -0.672852 5.89454 2.26141 7.02103 -0.492312 6.91686 20.6237 0.602244 -4.39864 31.3647 4.70611 -18.408 25.427 3.41551 -24.891 11.0135 -3.15227 -24.2288 -3.43622 -11.978 -17.5204 -14.7601 -22.309 -6.41016 -18.9779 -30.4062 3.88202 -10.4807 -28.5512 6.15006 4.97145 -17.6951 3.68375 16.2378 -2.70487 4.44602 21.4381 11.5983 11.2803 20.8567 23.4237 18.7786 13.6271 29.378 24.3387 0.325639 22.737 26.7264 -13.6982 7.56527 24.1037 -17.3155 -6.57385 18.5191 -12.725 -19.6619 10.106 -9.57457 -28.057 -2.64534 -13.7403 -24.1681 -13.5891 -24.3489 0.0212024 -0.195068 0.154864 0.45918 0.0508893 -0.315554 -0.574688 -0.899482 -1.05081 -0.985582 -0.732323 -0.283609 0.172613 0.523929 1.27651 0.942089 0.352664 0.465846 0.34719 0.129456 0.208828 0.76755 1.2175 1.06365 -3.11684 -5.02622
-8.61891 -16.8578 -31.9755 6.62152 -18.0056 -28.0109 15.1872 -17.2405 -14.6726 12.9147 -9.55562 -0.960729 5.04763 1.80206 6.76508 -1.45547 6.27 20.3756 -0.169274 -5.01188 31.1308 4.13127 -19.0056 25.2964 2.97665 -25.6261 10.9339 -3.49824 -25.0505 -3.56138 -12.2512 -18.2654 -14.896 -22.4874 -6.98346 -18.883 -30.3787 3.406 -10.3108 -28.375 5.95183 5.07943 -17.3369 3.48143 16.1666 -2.30627 4.2931 21.2411 11.9118 11.3174 20.8807 23.8983 18.8136 13.919 30.2224 24.5036 0.845175 23.7969 27.1541 -13.2318 8.63807 24.4449 -16.839 -5.28461 18.3948 -12.1775 -18.1875 9.56899 -9.41652 -26.5692 -2.81807 -14.587 -22.5441 -13.2567 -25.6444 0.110257 -0.128165 0.209099 0.493187 0.062505 -0.314017 -0.582695 -0.913161 -1.06131 -0.989963 -0.73558 -0.296065 0.151031 0.489692 1.25648 0.898509 0.314538 0.441346 0.33207 0.0869529 0.157283 0.724651 1.22565 1.08477 -3.01707 -5.019
-7.65944 -15.6129 -32.0893 7.59339 -16.764 -28.1735 16.2303 -16.2149 -14.8704 14.0374 -8.46151 -1.18413 6.26544 3.11672 6.30713 -0.223686 7.78086 19.8584 0.955303 -3.36218 30.7695 5.12251 -17.4756 25.1297 3.85849 -24.2889 10.8669 -2.7371 -23.9038 -3.58015 -11.7069 -17.3447 -14.8782 -22.3208 -6.40379 -18.8281 -30.4825 3.75468 -10.2323 -28.5961 6.27967 5.17623 -17.5858 3.85793 16.3018 -2.54306 4.60623 21.3502 11.8338 11.2831 20.7573 23.9447 18.6216 13.843 30.4729 24.3083 0.868469 24.1695 27.1869 -13.2189 8.94322 24.7717 -16.7503 -4.99172 18.9345 -11.8595 -17.9545 10.1925 -9.11205 -26.1014 -2.18461 -14.6673 -21.7068 -12.3318 -25.8546 0.110801 -0.145812 0.195202 0.484698 0.0447601 -0.344948 -0.618574 -0.947062 -1.08964 -1.00918 -0.740555 -0.284592 0.174266 0.51432 1.27196 0.937604 0.349066 0.480231 0.378576 0.10457 0.142869 0.736426 1.21547 1.05887 -3.01933 -4.99178
-7.28418 -14.1908 -34.2192 7.80931 -15.3035 -29.7186 15.9392 -15.108 -16.0901 13.6532 -7.78295 -2.18479 6.06301 3.52856 5.87851 -0.50376 7.62107 19.5762 0.18916 -3.95117 30.0746 4.1127 -18.1235 24.4077 2.99135 -25.1233 10.2235 -3.47353 -24.7647 -4.28319 -12.2709 -17.9407 -15.5599 -22.4211 -6.55242 -19.464 -30.2223 3.67699 -10.6211 -28.2133 6.03515 4.7984 -17.2593 3.68028 15.9937 -2.2394 4.46813 21.1038 12.0331 11.3817 20.7511 24.073 18.9371 13.9474 30.5201 24.7873 1.00493 24.2554 27.5517 -13.1225 9.15025 24.8185 -16.9316 -4.77027 18.6334 -12.4439 -17.5575 9.58225 -9.88103 -25.6664 -2.7501 -15.5895 -21.4139 -11.6961 -27.8091 0.130038 -0.130166 0.186224 0.437168 0.0380719 -0.312982 -0.581073 -0.911829 -1.0517 -0.971264 -0.724204 -0.291522 0.153084 0.500248 1.25187 0.893642 0.305359 0.434604 0.325887 0.0856474 0.155176 0.700418 1.1943 1.08934 -2.90634 -4.92081
-7.39796 -13.7044 -34.3252 7.71928 -14.9902 -29.9521 15.5397 -15.3218 -16.1463 12.2514 -9.04748 -1.93159 3.87641 1.49921 6.38725 -2.3055 5.6751 20.2381 -0.344162 -5.48997 31.0133 4.16178 -19.3782 25.0826 2.86469 -25.8613 10.6696 -3.70843 -25.1073 -3.77317 -12.3522 -18.1905 -15.1121 -22.1727 -6.65738 -19.4137 -30.1762 3.66693 -10.8669 -28.4039 5.81428 4.61226 -17.4584 3.22234 15.7634 -2.48613 4.11031 20.9954 11.7797 11.0444 20.8129 24.0164 18.1224 13.8489 30.7238 23.5226 0.843316 24.5936 26.6605 -13.2652 9.35471 24.6817 -17.0076 -4.70929 18.8492 -12.4947 -17.5233 9.8442 -9.90189 -25.7582 -2.50289 -15.3948 -21.4512 -11.2648 -27.7284 0.266301 -0.0128886 0.291729 0.527359 0.0645088 -0.347539 -0.630062 -0.959215 -1.10013 -1.0346 -0.795192 -0.354137 0.1081 0.467059 1.24205 0.865111 0.310421 0.449749 0.372827 0.099046 0.135863 0.676878 1.17663 1.0626 -2.88248 -5.07913
-7.17205 -13.6477 -35.5466 7.71222 -14.6905 -30.3816 14.7859 -15.0974 -16.1807 10.8723 -9.36561 -1.89543 2.34609 0.823261 6.71077 -3.05315 5.12265 20.8481 -0.0491569 -5.85647 31.574 4.51121 -19.5976 25.3496 2.74315 -25.7977 10.8624 -4.03507 -24.7861 -3.46952 -12.5783 -17.9315 -14.9219 -22.4274 -6.55285 -19.5571 -30.1588 3.89019 -10.9046 -28.0061 6.11834 4.51484 -17.078 3.64615 15.7102 -2.17624 4.57494 21.133 11.9668 11.7581 21.0803 23.8055 19.7301 14.3999 29.9451 25.9401 1.47563 23.6429 28.3287 -12.7036 8.78571 24.884 -16.8917 -5.06212 18.2305 -12.8739 -17.6326 8.84749 -10.4353 -25.5551 -3.51715 -16.3324 -21.3818 -11.633 -29.1445 0.368541 0.0995274 0.384409 0.589228 0.0668748 -0.376118 -0.665773 -0.982025 -1.11066 -1.05861 -0.814666 -0.366385 0.0840289 0.441998 1.20683 0.823072 0.238172 0.365174 0.241916 0.0744473 0.196559 0.690391 1.19347 1.13358 -2.82397 -5.07265
-6.71654 -14.2497 -36.3545 8.06105 -15.0493 -30.8508 14.6516 -15.5298 -16.4215 10.3765 -10.1489 -2.10342 1.75899 -0.155615 6.64009 -3.46886 4.40152 20.761 -0.295678 -6.46137 31.5567 4.64229 -20.1438 25.4928 3.06199 -26.1614 10.9073 -3.70469 -24.9276 -3.41264 -12.3116 -18.0025 -14.7745 -22.3338 -6.7864 -19.4347 -30.32 3.49333 -10.8182 -28.1346 5.64751 4.60714 -17.0222 3.05139 15.5912 -2.15107 4.02104 21.0906 11.9172 11.3254 20.4859 24.07 18.4881 13.4615 30.7938 23.934 0.483325 24.8091 26.7515 -13.7546 9.74806 24.0516 -17.7573 -4.03556 17.4457 -13.4498 -16.4995 7.92718 -10.9885 -24.6086 -4.35183 -16.8112 -20.8748 -12.4291 -29.7825 0.422467 0.147496 0.418845 0.605987 0.0658496 -0.384651 -0.696619 -1.01889 -1.15469 -1.10883 -0.862877 -0.400397 0.0630075 0.419559 1.19437 0.851333 0.256697 0.394559 0.317771 0.0897768 0.156311 0.655536 1.18976 1.16542 -2.78778 -5.09486
-6.39325 -14.2418 -37.8119 8.0479 -14.7887 -31.451 14.0999 -15.158 -16.7844 9.90694 -9.77586 -2.44244 1.64162 0.2065 6.64685 -3.30091 4.72988 20.881 0.00744581 -5.9884 31.7798 4.54114 -19.7369 25.5522 2.64931 -25.68 10.9732 -4.07672 -24.4231 -3.36396 -12.4568 -17.5512 -14.926 -22.3209 -6.30333 -19.8404 -30.3458 3.84974 -11.1104 -28.6123 5.80403 4.39874 -18.0092 3.0178 15.8303 -3.14533 3.57427 21.4059 11.0409 10.6719 21.4368 23.0531 18.1192 14.4671 29.5311 23.706 1.42406 23.7662 26.4497 -12.9186 8.96091 23.6556 -17.729 -4.8818 16.7177 -14.2046 -16.9922 6.69483 -11.9943 -24.7192 -5.59601 -18.2917 -20.7851 -12.9343 -31.6374 0.429614 0.174324 0.428236 0.589044 0.0531264 -0.416626 -0.706795 -1.01392 -1.15018 -1.11805 -0.877725 -0.413321 0.0567022 0.422173 1.16799 0.813681 0.256841 0.387127 0.311985 0.160919 0.239934 0.64592 1.17962 1.17362 -2.79425 -5.02979
-6.63462 -14.7553 -37.8673 7.74986 -14.9713 -31.3599 13.8557 -15.1206 -16.7118 9.854 -9.55953 -2.38337 1.74212 0.429547 6.83585 -3.31615 4.57429 21.1445 -0.225314 -6.42356 31.8265 4.34092 -20.0898 25.4435 2.60207 -25.8632 10.7775 -4.06813 -24.456 -3.57172 -12.4566 -17.4515 -15.0478 -22.3086 -6.11428 -19.7776 -30.2045 4.02518 -10.9152 -28.2082 5.8664 4.57614 -17.3686 3.17927 15.8079 -2.4996 4.13282 21.3156 11.5911 11.4176 21.2086 23.0543 19.5205 14.0483 28.4154 25.6409 0.740624 21.7463 27.5512 -13.343 7.11894 23.3987 -17.6952 -6.36902 15.827 -14.1008 -18.3295 5.58972 -12.0635 -25.7631 -6.62532 -18.843 -21.21 -13.8265 -32.0659 0.428646 0.170142 0.423527 0.581583 0.0724628 -0.378143 -0.667401 -0.979919 -1.12484 -1.0959 -0.858737 -0.400427 0.064803 0.434528 1.20922 0.826255 0.239945 0.338223 0.191066 0.0794223 0.247171 0.669692 1.19768 1.15218 -2.82114 -4.95754
-6.99278 -15.5088 -37.4656 7.58369 -15.7389 -31.4009 14.1834 -16.0696 -16.9716 10.2796 -10.6118 -2.57665 1.92593 -0.525222 6.31467 -3.25184 4.32848 20.3551 -0.0122928 -5.99464 31.6489 4.83185 -19.852 25.9158 3.25854 -26.1473 11.4472 -3.38387 -25.0345 -2.94078 -11.8225 -18.031 -14.3807 -21.6474 -6.72089 -19.2307 -29.7313 3.44373 -10.5686 -27.924 5.25698 4.94928 -17.0843 2.29657 16.1122 -2.14308 3.06151 21.4513 11.688 10.8285 21.4025 22.6025 19.7454 14.3531 27.3722 26.3127 1.03327 20.3738 27.6402 -12.9572 5.95844 22.5973 -17.0698 -7.33089 14.7155 -13.4026 -19.2655 4.43748 -11.4189 -26.5112 -7.72463 -18.4908 -21.5843 -14.7358 -31.6819 0.473727 0.187291 0.448733 0.633932 0.0993939 -0.394116 -0.699453 -1.017 -1.14751 -1.10297 -0.867759 -0.405161 0.0690912 0.435301 1.22293 0.85352 0.229543 0.309281 0.118759 0.0399392 0.2561 0.694586 1.21369 1.144 -2.79585 -4.95874
-6.8775 -16.1879 -37.3885 7.87091 -15.9996 -31.7533 14.7696 -16.5177 -17.4701 10.9469 -11.1012 -3.03795 2.54829 -0.741595 5.48961 -2.8828 4.59883 19.255 -0.0899947 -5.57369 30.8018 4.40991 -19.5634 25.1099 2.73165 -25.837 10.6437 -3.97971 -24.9057 -3.72504 -12.7362 -17.8994 -14.9215 -22.8144 -6.39932 -18.6812 -30.5245 3.84228 -9.77279 -28.564 5.59837 5.73291 -17.6511 1.96991 16.6238 -2.5084 1.99262 21.4225 11.2687 9.85401 21.2933 21.9435 19.2365 14.4853 26.7207 26.179 1.35993 19.7813 27.42 -12.6678 5.48672 21.8867 -16.5657 -7.41046 13.5599 -12.5035 -19.1451 3.01882 -10.7178 -26.2746 -9.06606 -18.0358 -21.3054 -16.1724 -31.1597 0.469916 0.128973 0.39547 0.597919 0.060119 -0.42306 -0.694433 -0.998625 -1.13487 -1.07216 -0.826904 -0.395928 0.057625 0.401814 1.19966 0.903845 0.24928 0.324178 0.115595 0.021469 0.229302 0.695391 1.22228 1.15824 -2.68509 -4.83073
-7.50091 -16.1844 -37.1938 7.32642 -15.9393 -31.7719 14.5528 -16.6906 -17.6622 10.5842 -11.6879 -3.12046 1.54408 -1.61358 5.08687 -4.00314 4.38444 18.5314 -0.296531 -4.76352 30.6633 4.83726 -18.7346 25.4851 3.1205 -25.6582 11.323 -3.7313 -25.3421 -3.00611 -12.6215 -18.5254 -14.2142 -22.7079 -6.98211 -17.8163 -30.3713 3.3627 -8.98708 -28.7123 5.34146 6.52701 -18.1382 1.46505 17.6639 -2.97795 0.816203 22.3624 10.6755 8.8908 22.2692 21.0237 18.6242 15.4496 25.7998 25.6394 2.36249 19.1506 26.7243 -11.8179 4.98558 21.0378 -15.9605 -8.00154 12.8045 -11.9955 -19.9789 2.50864 -10.4017 -27.1648 -9.39075 -17.9644 -21.9743 -16.3639 -31.0742 0.538751 0.171066 0.440783 0.681016 0.100157 -0.470076 -0.76505 -1.0843 -1.19596 -1.10013 -0.844832 -0.418252 0.0343026 0.369421 1.13236 0.90836 0.239872 0.310545 0.111257 0.0460585 0.254239 0.751216 1.26563 1.17925 -2.65569 -4.83678
-6.80597 -16.6345 -37.2756 8.11558 -16.7937 -32.1153 15.5347 -17.7314 -18.1172 11.8269 -12.5344 -3.57481 3.08768 -2.06588 4.46336 -2.65347 4.41142 17.6006 0.164186 -4.58275 30.0816 4.87295 -18.8507 25.3263 3.26414 -25.7187 11.1246 -3.37095 -25.1563 -3.29869 -12.0859 -18.2773 -14.6061 -22.218 -6.84009 -18.4123 -30.0728 3.37364 -9.59876 -28.2862 5.10205 5.93106 -17.4647 1.19412 16.8164 -2.263 0.82173 21.41 11.3776 8.91466 21.1564 21.7251 18.6266 14.3051 26.3518 25.78 1.23923 19.4178 27.2074 -12.7735 5.0928 21.7952 -16.7288 -7.86396 13.5628 -12.6637 -19.6674 3.09032 -10.9291 -26.6012 -9.09679 -18.2655 -21.265 -16.4205 -31.1232 0.472473 0.107455 0.38343 0.627068 0.0632318 -0.482544 -0.743238 -1.03755 -1.15524 -1.07877 -0.825853 -0.38828 0.0743755 0.416215 1.21047 0.967448 0.289658 0.355907 0.14318 0.0396289 0.239653 0.715071 1.2138 1.11904 -2.72661 -4.89174
-6.68911 -16.3969 -37.5679 8.13399 -16.4224 -32.129 15.1572 -17.0659 -17.9118 11.1529 -11.784 -3.47903 2.385 -1.53409 4.80601 -3.35025 3.93985 18.3944 -0.507415 -6.10639 30.0391 4.25457 -19.9249 24.1459 2.54832 -25.7762 9.50698 -4.30564 -24.4978 -4.76746 -13.1366 -17.301 -15.7831 -23.1979 -5.69522 -19.2521 -30.6988 4.34919 -9.94935 -28.3709 5.3896 5.57006 -17.2758 1.19983 16.0684 -2.14492 1.40165 20.8999 11.4547 9.56665 20.8091 21.9785 19.1176 14.0001 26.6864 26.1362 0.890204 19.7087 27.5007 -13.1071 5.36208 22.0936 -16.9906 -7.58519 13.8489 -12.9201 -19.3697 3.35336 -11.1963 -26.3652 -8.80321 -18.5248 -21.1515 -16.1402 -31.4251 0.449545 0.107703 0.380248 0.602323 0.0616691 -0.427035 -0.683863 -0.988293 -1.12969 -1.0741 -0.833445 -0.407621 0.0464964 0.400359 1.25459 0.937674 0.270831 0.341585 0.130144 0.0253045 0.229153 0.70359 1.21007 1.12473 -2.73197 -4.86744
-6.68403 -16.1296 -37.6149 7.97323 -15.9767 -31.7457 14.5042 -16.4578 -17.2893 9.91092 -11.5428 -2.90239 0.579027 -2.07563 5.69222 -5.14497 2.6012 19.5798 -1.04042 -7.39349 30.8877 4.80813 -20.6944 24.7854 3.32005 -26.5156 10.1107 -3.59415 -25.178 -4.12917 -12.2737 -17.9682 -15.2561 -22.2723 -6.45306 -19.1789 -30.0698 3.64175 -10.1795 -27.8566 4.67828 5.35692 -16.6909 0.708212 15.8657 -1.77318 1.79606 21.2142 11.6303 10.2797 21.1805 22.1393 19.6246 14.0696 26.812 26.3283 0.783408 19.8046 27.5452 -13.2126 5.44904 22.1416 -17.068 -7.52859 13.9264 -13.0348 -19.3738 3.48793 -11.382 -26.4523 -8.58348 -18.7713 -21.2342 -15.8991 -31.6819 0.539771 0.219265 0.484741 0.698511 0.157702 -0.378666 -0.707702 -1.05403 -1.19063 -1.13745 -0.895837 -0.450663 0.0244346 0.393012 1.28359 0.883051 0.226529 0.296951 0.0977502 0.00581407 0.217827 0.702321 1.21474 1.12771 -2.75873 -4.94653
-6.7274 -15.4284 -38.2397 7.68993 -15.0536 -31.8127 13.5634 -15.5192 -17.0765 8.26687 -11.1323 -2.76064 -1.60314 -2.29597 5.90429 -7.30985 1.80593 19.9794 -2.18044 -8.47666 30.5893 4.52708 -21.0944 23.9439 3.20371 -26.7076 9.1727 -4.0006 -25.1174 -4.89639 -12.812 -17.6679 -15.7588 -22.7256 -5.97848 -19.3692 -30.1263 3.9714 -9.88641 -27.4855 4.33114 5.61359 -16.3612 0.103483 16.0657 -1.79054 2.08572 22.0735 11.3177 11.0149 21.8078 21.8867 19.9914 14.3211 26.7519 26.3467 0.933152 19.943 27.5218 -13.1641 5.62295 22.1639 -17.2105 -7.3943 13.9325 -13.3413 -19.2921 3.53005 -11.8462 -26.5099 -8.3317 -19.4376 -21.361 -15.4035 -32.5109 0.536585 0.2357 0.496786 0.709311 0.169297 -0.329602 -0.699952 -1.08194 -1.20545 -1.14492 -0.907759 -0.470685 -0.00206042 0.383242 1.32737 0.866072 0.198416 0.26712 0.0883016 0.0094369 0.219252 0.706143 1.23168 1.15117 -2.75351 -4.8963
-6.6653 -13.9017 -40.1279 7.48106 -13.7236 -33.1167 13.0378 -14.5204 -18.2722 7.97079 -10.4748 -3.77396 -1.57492 -1.88249 5.47974 -6.95972 1.99648 19.7437 -1.82572 -8.33333 30.3054 4.69462 -21.0467 23.6558 3.12871 -26.5718 8.87519 -4.1737 -24.8025 -5.12187 -12.9036 -17.276 -15.9972 -22.6096 -5.55608 -20.0476 -30.0215 4.1409 -10.3147 -27.3241 4.42793 5.17723 -16.2103 0.345126 15.698 -1.65127 2.20991 21.7715 11.5444 11.0125 21.6376 22.1746 19.9853 14.2336 27.0296 26.384 0.862577 20.3103 27.6274 -13.2718 6.08784 22.2905 -17.6744 -6.98319 13.9237 -14.3096 -18.7909 3.39902 -12.9619 -26.1798 -8.15263 -20.8608 -21.3701 -14.138 -34.5895 0.580632 0.291022 0.529224 0.712272 0.179796 -0.344173 -0.720808 -1.09354 -1.21217 -1.16339 -0.9397 -0.492548 -0.021145 0.369757 1.29057 0.831075 0.174102 0.244846 0.070508 0.0161165 0.242652 0.69194 1.24885 1.20923 -2.69514 -4.89193
-5.98167 -14.2548 -40.1722 8.1051 -13.3206 -33.1014 13.2667 -14.2485 -18.1224 7.9146 -10.4534 -3.65888 -1.69868 -1.90546 5.56585 -7.07137 1.98347 19.8316 -1.86615 -8.31802 30.3862 4.75417 -21.0139 23.8024 3.31119 -26.7021 9.07123 -3.97423 -25.1495 -4.96024 -12.8276 -17.7208 -15.8027 -22.7592 -6.06366 -19.4677 -30.1945 3.95929 -10.0896 -27.521 4.48186 5.40018 -16.3396 0.293903 15.8072 -1.77099 2.21545 21.8399 11.2684 11.2487 21.7956 21.8337 20.4337 14.5607 26.8587 26.9447 1.3073 20.2925 28.0192 -12.9126 6.22667 22.1472 -17.1335 -6.16922 12.9798 -13.3288 -17.1133 1.57289 -11.8748 -24.306 -10.1699 -19.6722 -20.2615 -15.7942 -33.7946 0.644712 0.315448 0.547655 0.721956 0.185993 -0.337669 -0.721337 -1.10147 -1.2208 -1.15974 -0.924419 -0.488774 -0.0242932 0.352459 1.28768 0.81399 0.143977 0.217522 0.0406505 -0.0189738 0.191833 0.591976 1.19625 1.25055 -2.50517 -4.76756
-5.84218 -12.9795 -40.3007 8.12075 -11.8312 -33.019 13.3425 -13.0224 -18.0796 7.9571 -9.7948 -3.49117 -1.81833 -1.64277 5.91966 -7.28542 1.94466 20.2285 -2.09143 -8.47015 30.6768 4.59377 -21.0825 23.9987 3.21453 -26.6423 9.21253 -4.00937 -25.0412 -4.84526 -12.7998 -17.6297 -15.7505 -22.7306 -6.01637 -19.5541 -30.3755 3.94849 -10.2832 -27.9815 4.39449 5.25464 -16.9625 0.138519 15.8063 -2.5197 2.14008 22.1093 10.1254 11.704 22.6195 20.4117 21.6214 15.9734 25.5965 28.4181 2.92659 19.6141 28.8701 -11.5813 6.03512 22.3002 -16.3345 -6.44326 13.0453 -13.0464 -17.6468 1.84295 -12.0499 -24.7589 -9.67523 -20.2461 -20.26 -14.9475 -34.3668 0.688877 0.339238 0.55794 0.726415 0.198881 -0.328178 -0.718786 -1.10596 -1.23579 -1.18188 -0.948255 -0.506854 -0.0306391 0.351796 1.28109 0.760181 0.0703222 0.151025 -0.0203965 0.00657941 0.25484 0.673477 1.24602 1.26694 -2.49688 -4.72375
-5.31629 -11.2167 -40.5255 8.33268 -9.11763 -32.8701 13.6726 -10.6896 -18.0078 8.28799 -8.49649 -3.22822 -1.70992 -0.909034 6.41793 -7.20689 2.12742 20.8423 -2.12385 -8.63458 30.989 4.50513 -21.1903 24.1502 3.16902 -26.6707 9.33043 -3.97992 -25.0224 -4.76018 -12.6639 -17.556 -15.7132 -22.5372 -5.87881 -19.4708 -30.2188 4.00502 -10.1436 -28.0651 4.47033 5.42874 -17.2888 0.387262 16.2947 -2.79526 2.23227 22.5287 10.1397 11.4144 22.4813 20.4636 20.9528 15.356 25.4136 27.6012 2.14265 19.1535 28.3859 -12.2334 5.34622 22.3001 -16.9735 -7.23781 13.1708 -13.7372 -18.2127 1.75039 -12.674 -24.7641 -10.0343 -20.9581 -19.6605 -14.6512 -35.1026 0.755346 0.350466 0.545719 0.707708 0.19009 -0.319376 -0.710225 -1.10052 -1.23596 -1.18682 -0.954605 -0.512784 -0.0308332 0.362018 1.26825 0.806134 0.118663 0.189483 0.0178031 0.0210175 0.255938 0.63935 1.17641 1.17823 -2.53148 -4.65366
-5.3449 -13.5299 -41.1197 8.15856 -11.3399 -33.2351 13.1733 -12.1436 -18.1992 7.8893 -9.13939 -3.52627 -1.89021 -1.32935 6.16611 -7.37155 1.86428 20.5625 -2.17187 -8.6957 30.8613 4.54309 -21.2339 24.0743 3.19605 -26.7005 9.25043 -3.92188 -25.0388 -4.8543 -12.5066 -17.5427 -15.865 -22.3184 -5.83232 -19.6801 -30.0643 4.00015 -10.3517 -27.9559 4.32198 5.23045 -17.1548 0.125968 16.0286 -2.72935 2.01217 22.4064 10.0846 11.3605 22.6033 20.1415 21.0475 15.299 24.6163 27.5722 1.8565 18.1879 28.0989 -12.4569 4.52334 21.8859 -17.4391 -8.06812 12.599 -14.7218 -18.8805 1.00538 -13.8927 -25.1375 -11.0924 -21.9501 -19.8462 -16.3917 -35.783 0.707751 0.353888 0.557604 0.720996 0.21019 -0.313889 -0.705961 -1.09602 -1.23186 -1.18602 -0.955639 -0.511633 -0.0229724 0.3742 1.28534 0.802615 0.122919 0.178739 -0.00114276 0.0452581 0.310605 0.660938 1.16005 1.14987 -2.61581 -4.68636
-5.64831 -14.6646 -40.9939 7.8846 -12.0098 -33.3051 12.9185 -12.4997 -18.262 7.80054 -9.29856 -3.57181 -1.8489 -1.37745 6.16075 -7.27141 1.92352 20.5553 -2.09333 -8.6045 30.8975 4.5578 -21.1804 24.1174 3.18265 -26.6338 9.29126 -3.8894 -24.9765 -4.83705 -12.4536 -17.5197 -15.8904 -22.3142 -5.84805 -19.6979 -30.0659 3.96079 -10.3496 -27.9262 4.32498 5.2274 -17.1016 0.184804 16.0235 -2.66438 2.06247 22.3773 10.1779 11.3694 22.6659 20.3616 21.1426 15.658 25.0704 27.9187 2.42139 18.8233 28.3549 -11.9751 5.47862 21.4537 -16.9186 -6.46079 11.3967 -14.0058 -16.789 -0.600887 -12.8258 -23.6443 -12.6681 -20.4294 -19.7066 -17.867 -34.7436 0.72381 0.358249 0.560142 0.724339 0.212466 -0.315729 -0.706957 -1.09589 -1.23581 -1.19406 -0.963148 -0.520525 -0.0363735 0.356622 1.26153 0.768895 0.0845683 0.147057 -0.0389488 0.0103567 0.277848 0.596063 1.18337 1.26914 -2.42701 -4.55629
-5.80893 -13.8359 -40.548 7.79686 -11.2854 -32.953 13.0095 -12.1141 -17.9859 7.7531 -9.16411 -3.29199 -2.17831 -1.4707 6.33905 -7.89759 1.45459 20.6999 -2.66731 -9.23956 30.8435 4.31643 -21.5679 23.9442 3.24178 -26.9368 9.06249 -3.86355 -25.237 -5.04404 -12.6578 -17.6425 -15.8194 -22.5616 -5.92582 -19.3683 -30.1997 3.93898 -9.98545 -27.9336 4.25538 5.57468 -17.0768 -0.159974 16.2285 -2.75609 1.64703 22.8603 9.98255 11.0743 23.5536 20.113 21.0411 16.7441 25.0003 27.8029 3.565 19.1973 27.6215 -11.0215 6.30992 19.8779 -15.9303 -5.31674 9.56366 -12.6724 -15.8773 -2.22635 -11.4574 -23.2835 -13.6307 -19.5518 -19.7011 -17.7197 -34.3124 0.751357 0.364972 0.568488 0.738853 0.240267 -0.280705 -0.689859 -1.10301 -1.25235 -1.20183 -0.977568 -0.546915 -0.0738646 0.306843 1.21045 0.693162 0.0142115 0.0789119 -0.100987 -0.0112526 0.259536 0.625216 1.27469 1.3743 -2.26294 -4.41404
-6.15594 -13.4976 -39.965 7.59271 -10.9521 -32.6301 13.0261 -11.9444 -17.7517 7.73096 -9.16216 -3.03898 -2.35871 -1.64619 6.56765 -8.17841 1.19096 20.9059 -2.80813 -9.39916 31.0854 4.35802 -21.5946 24.1371 3.3689 -26.8134 9.19624 -3.67218 -25.0093 -4.92955 -12.4163 -17.3487 -15.699 -22.3413 -5.65201 -19.2544 -30.1354 4.09084 -9.87238 -27.9872 4.24237 5.70693 -17.1788 -0.313934 16.3506 -2.94328 1.34777 23.2002 9.77735 10.7652 24.2606 19.8557 20.935 17.6778 24.81 27.7432 4.54762 19.3849 26.9245 -10.162 7.05965 18.2639 -14.9814 -4.12892 7.59214 -11.3614 -14.7887 -4.0883 -9.96756 -22.7482 -14.8873 -18.3614 -19.7648 -17.9608 -33.4969 0.800847 0.390783 0.593457 0.765463 0.265599 -0.274762 -0.697134 -1.12182 -1.28278 -1.24091 -1.02168 -0.589766 -0.110122 0.271831 1.16038 0.626795 -0.0466952 0.0175499 -0.162848 -0.0302416 0.247015 0.64393 1.36537 1.49707 -2.0673 -4.27743
-5.7775 -13.7028 -40.5509 7.85045 -11.0568 -33.0286 13.0948 -11.8729 -18.0719 7.78889 -8.96571 -3.38726 -2.21887 -1.34589 6.22324 -7.9818 1.47604 20.5874 -2.64623 -9.24248 30.6501 4.54277 -21.3694 23.6062 3.73235 -26.3464 8.57235 -3.09251 -24.1568 -5.60498 -11.7263 -16.2333 -16.2727 -21.8526 -4.65124 -19.6303 -30.0299 4.57415 -10.0534 -28.0382 4.31016 5.54516 -17.1384 -0.207118 16.112 -2.8351 1.70918 22.7507 9.7983 11.2676 23.5634 19.8956 21.3307 16.847 24.8533 28.065 3.68008 19.1952 27.6882 -10.9595 6.43798 19.7319 -15.8682 -5.07697 9.3205 -12.524 -15.5751 -2.51868 -11.2474 -23.0145 -13.8818 -19.3692 -19.5676 -17.7804 -34.2134 0.7621 0.368351 0.571581 0.742611 0.244905 -0.277852 -0.695644 -1.12102 -1.2908 -1.26359 -1.04463 -0.592531 -0.0796107 0.326264 1.24231 0.702252 0.0176218 0.0818018 -0.0971572 0.00386246 0.272986 0.635714 1.29489 1.40492 -2.20934 -4.36742
-5.52612 -12.797 -40.5552 8.16458 -10.091 -33.1694 13.4841 -11.0124 -18.2454 7.97028 -8.34729 -3.59148 -2.32804 -1.05752 5.96795 -8.33096 1.30674 20.3164 -2.85251 -9.55133 30.1501 4.79987 -21.2196 22.8253 4.54493 -25.4779 7.55283 -1.8118 -22.4982 -6.69791 -10.265 -14.0112 -17.0729 -20.763 -2.63677 -19.9663 -29.7224 5.46924 -10.0812 -28.145 4.25228 5.51956 -17.1749 -0.399866 15.9543 -2.89565 1.62571 22.6124 9.73766 11.1705 23.5735 19.8994 21.2516 16.9824 24.9444 28.0297 3.87125 19.3741 27.6021 -10.8006 6.6729 19.5219 -15.6518 -4.78092 9.10117 -12.1314 -15.3084 -2.71229 -10.8585 -22.7147 -13.8774 -19.2795 -19.2113 -17.2457 -34.2398 0.782342 0.372818 0.575008 0.747408 0.261792 -0.258661 -0.694544 -1.14901 -1.35781 -1.36332 -1.15318 -0.668999 -0.0920159 0.357819 1.28822 0.722989 0.0405374 0.105348 -0.0763052 0.0200313 0.280767 0.655675 1.31928 1.42956 -2.14573 -4.30649
-4.60866 -10.6366 -40.6728 9.10434 -7.75545 -33.3955 14.4645 -8.93744 -18.5044 8.48587 -6.9593 -3.92414 -2.35117 -0.428729 5.58843 -8.63045 1.37348 19.9001 -3.00867 -9.46137 29.6784 4.80422 -21.1097 22.4926 4.42646 -25.7219 7.32592 -2.20617 -23.056 -6.86104 -10.7943 -14.6729 -17.2096 -21.1681 -3.18376 -20.0978 -29.7887 5.25556 -10.1904 -27.8648 4.28591 5.38881 -16.7566 -0.305829 15.7035 -2.59795 1.84324 22.5768 10.0234 11.387 23.6915 20.2054 21.3974 17.0243 25.2263 28.122 3.8764 19.5742 27.7621 -10.7659 6.74114 19.8024 -15.467 -4.75906 9.51442 -11.7148 -15.2731 -2.32697 -10.6006 -22.2242 -13.2823 -19.661 -18.1878 -15.7743 -34.6586 0.838303 0.401619 0.5975 0.766477 0.288945 -0.245437 -0.698601 -1.15822 -1.3463 -1.33156 -1.11934 -0.647395 -0.091433 0.346173 1.27635 0.694301 0.0271933 0.093586 -0.08592 -0.00427025 0.245536 0.640184 1.27855 1.37515 -2.14139 -4.29567
-4.13109 -10.256 -40.8133 9.51195 -7.33785 -33.4201 14.8262 -8.52071 -18.5127 8.81362 -6.61486 -3.93672 -2.14729 -0.218405 5.52495 -8.37995 1.54281 19.8621 -1.98473 -9.08759 29.3861 6.38529 -19.7574 21.3576 6.05228 -23.5527 5.96498 -0.920887 -21.3634 -8.14007 -10.4325 -13.818 -18.3245 -21.5268 -2.89748 -20.6944 -30.1534 5.12542 -10.4518 -28.1132 4.1455 5.11191 -16.9739 -0.25507 15.4763 -2.79409 1.97299 22.2805 9.70166 11.6672 23.507 19.8682 21.802 17.0063 25.081 28.4695 3.90403 19.6474 27.9382 -10.8156 6.88714 19.8907 -15.5652 -4.59912 9.58868 -11.8091 -15.0558 -2.30969 -10.7639 -21.8754 -13.2381 -19.9558 -17.7197 -15.5421 -34.9509 0.843266 0.411137 0.606798 0.781939 0.299324 -0.240221 -0.702536 -1.20355 -1.43743 -1.38377 -1.12352 -0.632233 -0.0736314 0.366319 1.29042 0.690739 0.0167981 0.0895999 -0.0803577 0.0153835 0.265168 0.658201 1.28913 1.38327 -2.13025 -4.27066
-2.33833 -8.28057 -40.3855 11.2375 -5.81363 -32.7097 16.0811 -8.12711 -17.7746 9.05343 -7.14936 -3.56558 -2.40266 -0.814653 5.33432 -8.51068 1.32559 19.6735 -1.67206 -9.00622 29.218 6.79387 -19.4698 21.0203 6.38595 -23.1782 5.60829 -0.649012 -21.0661 -8.47785 -10.3037 -13.6488 -18.6216 -21.5066 -2.79961 -20.8009 -29.9499 5.17153 -10.367 -27.7054 4.21696 5.17017 -16.5936 -0.213009 15.5515 -2.36716 1.70237 22.3537 10.495 10.9252 23.4165 20.7225 20.9483 16.8386 25.6342 27.9438 3.79118 19.7891 27.908 -10.7796 6.79764 20.1213 -15.333 -4.70534 9.91598 -11.3696 -15.1188 -2.03958 -10.5775 -21.2155 -12.7105 -20.5468 -16.0543 -14.0617 -35.3444 0.897288 0.443603 0.638174 0.800399 0.272451 -0.262105 -0.72108 -1.22322 -1.45508 -1.38977 -1.11565 -0.619863 -0.0638007 0.375182 1.28344 0.729742 0.0719239 0.140311 -0.0488434 0.00273735 0.241187 0.657338 1.24709 1.29791 -2.19938 -4.35738
-1.3038 -7.73278 -40.7343 11.9513 -5.03519 -32.5898 16.5252 -7.09182 -17.5326 9.5213 -6.07491 -3.31456 -2.0407 -0.0446467 5.65956 -8.62737 1.64837 19.8458 -2.21764 -8.99785 29.3424 6.34989 -19.5017 21.3032 6.18376 -23.2463 5.89554 -0.744879 -21.1131 -8.24001 -10.3175 -13.6296 -18.4129 -21.4917 -2.79052 -20.7816 -30.2585 5.12157 -10.5721 -28.3262 3.99754 4.99568 -17.1884 -0.435006 15.3481 -3.14881 2.23816 22.2814 8.86642 12.5108 23.5983 18.9554 22.7755 17.1811 24.7122 29.1817 4.17667 19.9488 28.354 -10.7598 7.32187 20.198 -15.6775 -4.15344 9.93974 -11.7709 -14.4062 -2.16235 -11.119 -20.2738 -12.7969 -21.2631 -15.0079 -13.8327 -36.0492 0.84974 0.421365 0.609881 0.77341 0.282524 -0.237637 -0.702697 -1.21413 -1.45495 -1.39694 -1.13246 -0.634672 -0.0658371 0.381336 1.33179 0.685509 -0.00930162 0.0769491 -0.0566765 0.0659631 0.298843 0.701067 1.27655 1.32639 -2.17602 -4.23648
-0.954193 -7.46235 -41.176 12.1029 -5.23675 -32.5816 15.6712 -8.63433 -17.4953 7.68759 -8.39735 -3.76771 -3.78326 -1.90971 5.00211 -9.38178 1.10762 19.3915 -2.09071 -8.66014 29.1917 6.37282 -19.3964 21.3517 5.9811 -23.5778 6.06089 -0.950127 -21.4541 -8.07483 -10.353 -13.802 -18.2806 -21.3591 -2.79278 -20.6515 -29.9199 5.21479 -10.342 -27.81 3.98054 5.19436 -16.6948 -0.69693 15.463 -2.68432 1.85697 22.4994 9.55943 11.8779 23.6384 19.6443 22.0459 17.0628 25.0951 28.7263 4.06437 19.9737 28.2955 -10.77 7.299 20.1825 -15.6355 -3.87586 9.56808 -11.8104 -13.6221 -2.95222 -11.3034 -19.2928 -13.5909 -21.5545 -14.4241 -14.0727 -36.5043 0.982687 0.537942 0.722179 0.843314 0.259217 -0.30109 -0.777335 -1.2696 -1.47774 -1.41593 -1.15491 -0.66025 -0.0939535 0.353092 1.31288 0.696957 0.0111769 0.0903644 -0.0595718 0.0394542 0.278365 0.649032 1.23377 1.33083 -2.13088 -4.36559
-0.853716 -8.61584 -41.9152 11.8967 -6.50329 -32.845 14.5914 -10.3072 -17.6746 6.24113 -10.0931 -4.16644 -4.87506 -3.19098 4.74266 -9.72377 0.774031 19.1743 -1.8299 -8.264 29.2049 6.65504 -19.0315 21.4313 6.16476 -23.1881 6.13649 -0.657878 -20.983 -8.03956 -9.95066 -13.2738 -18.3031 -20.9979 -2.29832 -20.6386 -29.7652 5.39285 -10.2619 -27.8504 3.71183 5.25781 -16.7279 -1.14851 15.4331 -2.74956 1.71283 22.4149 9.14085 12.1502 23.5576 19.0567 22.5307 17.0574 24.686 29.1315 4.09441 19.918 28.4062 -10.8459 7.53469 19.9523 -15.8785 -3.26763 8.90822 -12.2025 -12.4247 -4.05073 -11.7344 -18.1412 -14.9087 -21.7271 -14.0964 -15.444 -36.9187 1.07064 0.640307 0.821083 0.908854 0.268448 -0.353676 -0.843271 -1.33114 -1.5397 -1.48528 -1.22353 -0.718996 -0.130893 0.335282 1.33281 0.687436 -0.0210357 0.0615604 -0.0740415 0.0602112 0.309796 0.634448 1.23731 1.39913 -2.04577 -4.4098
0.504882 -9.38405 -42.5743 12.7964 -6.61763 -33.0574 15.4212 -9.53009 -17.6788 7.50732 -8.86809 -3.9246 -3.64426 -2.22095 5.13291 -9.05546 0.996687 19.5506 -1.69232 -8.65087 29.4157 6.74387 -19.309 21.441 6.33918 -23.0463 6.03588 -0.311422 -20.429 -8.15179 -9.34282 -12.4083 -18.41 -20.2944 -1.32619 -20.6919 -29.2468 6.05966 -10.2518 -27.6111 3.93109 5.24491 -16.6171 -1.06373 15.4944 -2.66602 1.85479 22.5071 9.02807 12.5129 23.6381 18.8072 22.9945 17.0931 24.5226 29.5089 4.12409 20.0235 28.5819 -10.8883 7.89897 19.8656 -16.1002 -2.56578 8.4287 -12.6562 -11.1404 -4.9295 -12.4591 -16.5247 -15.9455 -22.4633 -12.6247 -16.5067 -37.6919 0.962041 0.572685 0.752579 0.860895 0.27711 -0.305171 -0.780317 -1.27335 -1.50183 -1.47484 -1.23018 -0.728253 -0.127176 0.355094 1.35695 0.701659 -0.0229482 0.0548727 -0.0739067 0.0846816 0.344155 0.631502 1.21513 1.39735 -2.04874 -4.23148
0.792494 -11.1444 -42.7834 12.8952 -8.43086 -33.0127 15.262 -10.715 -17.4867 7.47597 -9.48186 -3.69895 -3.46561 -2.48219 5.34914 -8.7748 1.03379 19.7351 -1.49194 -8.61991 29.6536 6.89301 -19.2573 21.5976 6.57076 -22.5367 6.08657 0.235661 -19.2517 -8.10664 -8.24387 -10.667 -18.3793 -18.8621 0.720559 -20.7323 -28.175 7.63914 -10.2874 -27.1976 4.4732 5.08705 -16.5873 -1.07888 15.4536 -2.70419 1.81576 22.6095 8.79485 12.6792 23.7861 18.5194 23.2899 17.3691 24.4509 29.7761 4.48326 20.3586 28.6616 -10.6324 8.49069 19.8034 -16.1849 -2.12856 8.38881 -13.1662 -11.1271 -4.68903 -13.1369 -16.9389 -15.7425 -22.8566 -12.8453 -17.2889 -37.9656 0.908505 0.564951 0.749453 0.860295 0.26921 -0.307482 -0.773329 -1.26293 -1.5075 -1.5227 -1.30934 -0.806921 -0.169453 0.351798 1.37511 0.715295 -0.0241972 0.0569656 -0.0584904 0.134063 0.41017 0.713012 1.2974 1.44271 -2.10659 -4.25628
0.203489 -10.3733 -42.2764 12.5193 -7.88358 -32.7147 15.0098 -10.8821 -17.3303 6.99619 -9.91502 -3.65218 -3.99902 -2.65997 5.12566 -9.38391 1.06806 19.4298 -2.26942 -8.62526 29.4316 6.26152 -19.2114 21.4618 6.41132 -22.1976 5.88908 0.625495 -18.4762 -8.4304 -7.37165 -9.53745 -18.7876 -17.8161 1.98846 -21.2421 -27.4168 8.67033 -10.9042 -26.9233 5.09128 4.40269 -16.7552 -0.754143 15.0475 -3.06133 1.72967 22.7049 8.85431 12.096 24.1826 18.8964 22.501 17.9194 24.746 29.1232 5.0654 20.4542 28.0247 -9.99605 8.72189 18.8443 -15.3079 -1.48232 7.11939 -12.0559 -10.2806 -6.09396 -11.9969 -16.3844 -16.7817 -21.9439 -12.9977 -17.2933 -37.2965 0.961333 0.579959 0.765939 0.872845 0.272359 -0.286539 -0.750657 -1.24783 -1.51736 -1.56365 -1.36681 -0.859438 -0.198732 0.338207 1.31961 0.678363 -0.0258996 0.0563109 -0.0760717 0.102927 0.381495 0.68714 1.31715 1.51231 -1.95295 -4.17492
-0.110999 -9.21675 -41.7844 12.1001 -6.52079 -32.1447 15.0787 -10.0801 -16.9679 7.57439 -9.63947 -2.97746 -3.24947 -2.52711 6.12404 -8.40064 0.720907 20.6298 -1.41931 -9.5214 30.1675 6.80405 -20.026 21.7776 6.69483 -22.7353 6.154 0.691797 -18.9662 -8.06323 -7.51279 -10.0935 -18.3144 -18.0432 1.39342 -20.5771 -27.5383 8.04629 -10.1236 -27.0588 4.55162 5.20321 -16.9481 -1.23222 15.936 -3.00707 1.17763 23.1587 8.75451 11.7655 24.2497 18.4781 22.5132 18.0631 24.406 29.2979 5.33024 20.48 27.841 -9.80042 9.13874 18.1304 -15.0178 -0.614074 6.09488 -11.5242 -9.01229 -7.37568 -11.3852 -15.2591 -17.8803 -21.438 -12.6722 -17.3248 -36.9439 0.983452 0.56135 0.732415 0.837489 0.246442 -0.286147 -0.741147 -1.23464 -1.51016 -1.55637 -1.35933 -0.861316 -0.214595 0.315542 1.30459 0.689771 -0.0587406 0.0193964 -0.110902 0.0919632 0.373305 0.663869 1.32928 1.58307 -1.79859 -3.99081
-0.593186 -9.18741 -40.9395 11.8091 -6.41646 -31.5688 15.0049 -10.2215 -16.4963 7.359 -9.88544 -2.57984 -3.58385 -2.6188 6.25353 -9.11973 0.437114 20.6589 -2.54206 -10.2413 30.0034 5.88456 -20.7046 21.7647 6.5338 -23.4818 6.16613 1.00367 -19.7888 -8.26129 -7.15012 -10.9574 -18.5884 -17.7259 0.480915 -20.8853 -27.2619 7.24803 -10.5429 -26.9494 4.0114 4.84478 -17.0862 -1.61807 15.8855 -3.44563 1.07937 23.5658 8.11646 11.8649 24.838 17.8792 22.6001 18.6914 24.008 29.1706 5.94134 20.4698 27.1063 -9.21428 9.58626 16.7886 -14.2378 0.175522 4.5675 -10.4618 -8.21245 -8.9085 -10.2506 -14.7719 -19.0862 -20.4396 -12.7482 -17.8301 -35.9882 0.972978 0.521328 0.69613 0.806559 0.236369 -0.225568 -0.683745 -1.196 -1.49648 -1.54476 -1.34587 -0.850493 -0.211064 0.309663 1.27417 0.620046 -0.129313 -0.0480265 -0.16655 0.072369 0.362528 0.667056 1.36944 1.6548 -1.66558 -3.83871
0.608286 -10.1975 -41.293 12.4051 -6.61842 -31.4274 15.3585 -9.87294 -16.1775 7.88242 -9.41846 -2.17242 -2.98957 -2.23047 6.81144 -8.60273 0.285223 21.2912 -2.34171 -10.9946 30.133 5.92905 -21.4375 21.7124 6.79586 -24.305 6.14084 1.4368 -20.9098 -8.42364 -6.86928 -12.3914 -18.8913 -17.6879 -1.17382 -21.1455 -27.1529 5.77216 -10.8566 -26.9298 3.27835 4.67037 -17.3192 -1.87544 16.1572 -3.6218 0.779589 23.7506 7.99004 11.5488 24.6551 17.6231 22.2999 18.3343 23.5959 28.9753 5.56465 19.9825 27.0302 -9.58898 9.16615 16.6763 -14.6828 0.0609103 4.19597 -11.007 -7.63437 -9.6881 -10.8631 -13.4743 -20.3532 -20.9913 -11.2525 -19.3405 -36.5306 0.886376 0.462199 0.634798 0.74981 0.208382 -0.185805 -0.628869 -1.14309 -1.45384 -1.49042 -1.27182 -0.77458 -0.152818 0.347459 1.27499 0.651356 -0.113587 -0.0400307 -0.163255 0.0759509 0.369092 0.628882 1.28342 1.57645 -1.73107 -3.71697
1.61779 -9.99873 -41.3889 13.3314 -6.16408 -31.5202 16.3141 -9.55414 -16.3056 8.52676 -9.34332 -2.46539 -2.68595 -2.28885 6.19985 -8.70157 0.0585951 20.5456 -2.56087 -11.2188 29.4745 6.06109 -21.6044 21.3402 7.52712 -24.584 5.83467 2.66986 -21.2882 -8.92727 -5.30936 -12.7414 -19.6236 -15.9593 -1.41294 -22.114 -25.5954 5.62363 -12.048 -25.817 3.10362 3.4748 -16.6534 -2.11492 15.2928 -3.36985 0.723837 23.528 8.0014 11.7152 24.7579 17.4249 22.6228 18.3895 23.249 29.2539 5.5284 19.763 26.9985 -9.61208 9.25285 16.3063 -14.6474 0.418531 3.64403 -10.9328 -6.94482 -10.4196 -10.9463 -12.3199 -21.0623 -21.3516 -9.93052 -19.634 -36.8333 0.928696 0.48994 0.663205 0.783414 0.251397 -0.139526 -0.597194 -1.13004 -1.459 -1.50223 -1.28606 -0.784826 -0.150524 0.357699 1.26432 0.607146 -0.151948 -0.082948 -0.202365 0.0653461 0.371481 0.62429 1.25255 1.54728 -1.72012 -3.69862
2.69664 -7.92599 -41.4974 14.3181 -4.81669 -31.271 16.9417 -8.99838 -16.1878 8.64897 -9.25437 -2.64516 -2.8275 -2.31476 5.76372 -8.84126 0.274484 20.0686 -2.4051 -10.635 29.2432 6.40922 -21.0509 21.3577 7.93147 -24.4569 5.94569 3.06282 -21.6623 -8.91557 -4.93625 -13.4364 -19.8461 -15.5608 -2.16132 -22.6654 -25.2545 5.16214 -12.8626 -25.597 3.00367 2.71235 -16.5355 -2.01243 14.6956 -3.49709 1.04371 23.239 7.58714 12.2824 24.8076 16.8552 23.4324 18.6339 22.7749 30.1831 5.87916 19.7459 27.8267 -9.34403 9.59433 16.9359 -14.6807 0.676717 4.2657 -11.1997 -6.93239 -9.66183 -11.56 -12.1445 -19.8066 -22.5302 -9.13276 -17.5914 -37.8094 0.974524 0.541257 0.711166 0.821347 0.266936 -0.149824 -0.626117 -1.16546 -1.48534 -1.50989 -1.2813 -0.773822 -0.14061 0.361975 1.25339 0.556435 -0.203555 -0.128118 -0.229062 0.074987 0.393123 0.668797 1.28411 1.53764 -1.7526 -3.77694
3.90205 -7.27117 -41.2404 15.0829 -4.8474 -30.3583 17.2207 -9.22274 -15.2534 8.88355 -9.49428 -1.73828 -2.47967 -2.48738 6.768 -8.50428 0.00608749 21.0853 -2.45432 -11.2506 30.1018 6.05975 -21.7009 21.9367 7.40238 -24.704 6.42458 2.49962 -21.6084 -8.36564 -5.54462 -13.341 -19.2315 -16.3006 -2.17383 -21.9813 -26.0758 4.98427 -12.1374 -26.4364 2.75132 3.4266 -17.3204 -2.32435 15.3433 -4.00418 0.477196 23.5383 6.97323 11.8406 24.9524 15.8535 23.4678 19.0971 21.7812 30.835 6.69209 19.4424 28.6648 -8.67974 9.96144 17.4873 -14.6227 0.958878 4.74619 -11.6574 -7.20811 -8.85182 -12.2897 -12.5887 -18.6355 -23.5038 -8.64179 -16.3493 -38.5579 0.896137 0.50941 0.673829 0.773018 0.22632 -0.167429 -0.617005 -1.14508 -1.47559 -1.5143 -1.28694 -0.776809 -0.141509 0.360053 1.25601 0.586601 -0.20941 -0.134984 -0.22329 0.121301 0.456793 0.759232 1.36934 1.54818 -1.84391 -3.78594
3.91183 -7.88119 -40.3629 14.9775 -4.79337 -29.5314 17.4145 -8.88479 -14.3922 9.34626 -9.12336 -0.714331 -1.97413 -2.08155 7.82012 -8.17806 0.0243695 22.123 -2.49569 -11.7975 30.6417 5.84224 -22.1342 22.1566 7.24123 -24.671 6.56632 2.45424 -20.997 -8.12916 -5.37021 -12.3285 -18.8419 -16.0035 -1.02961 -21.5298 -25.9836 5.83294 -11.681 -26.7279 3.05275 3.78093 -17.927 -2.36544 15.7834 -4.59188 0.26306 24.0049 6.19028 11.8407 25.1596 14.7339 23.6798 19.2284 20.6544 31.1441 6.87807 18.7867 28.6 -8.50088 9.8716 16.8749 -14.2615 1.32571 3.91248 -10.9268 -6.40933 -9.94555 -11.2863 -11.6141 -20.0029 -22.3402 -8.08701 -17.6117 -37.482 0.832173 0.431749 0.595168 0.703977 0.182522 -0.135496 -0.564783 -1.09079 -1.43567 -1.50423 -1.30035 -0.794457 -0.145438 0.369022 1.26527 0.620286 -0.209284 -0.145909 -0.229259 0.140986 0.477481 0.75764 1.36622 1.57542 -1.76226 -3.58606
4.48377 -8.94904 -39.9149 15.7367 -6.28329 -29.1644 17.8484 -10.2243 -13.9367 9.65088 -9.96257 -0.336265 -1.56118 -2.64333 8.10739 -7.60449 0.116824 22.3677 -1.88897 -11.245 31.4702 6.25196 -21.8065 23.0712 7.22178 -24.4612 7.46791 2.28356 -21.1265 -7.25847 -5.55196 -12.8834 -18.294 -16.2429 -1.7601 -21.4456 -26.3186 5.35825 -11.8798 -27.0386 2.98961 3.65164 -18.1155 -2.24744 15.6442 -4.71585 0.1618 23.8279 6.02162 11.7373 25.3594 14.3738 23.9375 19.9068 20.3344 31.7176 7.77256 19.0932 28.8609 -7.6148 11.0429 16.5394 -13.4042 2.90865 3.29765 -10.1384 -4.95174 -10.4904 -10.4696 -10.8088 -20.3713 -21.355 -7.80868 -18.1751 -36.6392 0.862244 0.480327 0.648647 0.751921 0.19843 -0.192859 -0.616223 -1.12935 -1.46949 -1.5338 -1.3166 -0.802049 -0.159059 0.341214 1.2142 0.559748 -0.27391 -0.204658 -0.274878 0.14552 0.506875 0.798605 1.45571 1.68665 -1.67722 -3.60931
4.41768 -8.48185 -39.1377 15.5239 -6.32186 -28.1243 17.8201 -10.673 -13.0356 10.0288 -10.4451 0.802074 -0.813893 -2.71674 9.36258 -6.89972 -0.184867 23.6471 -1.93056 -12.3456 32.1346 5.88054 -22.9183 23.4413 7.32191 -25.1869 7.8136 2.99651 -21.5193 -7.02591 -4.53143 -13.1714 -18.196 -15.2543 -2.08777 -21.3789 -25.472 4.93088 -11.8904 -26.6658 2.71124 3.63392 -18.3785 -2.38549 16.1326 -5.02828 -0.370218 24.5015 6.13601 10.8493 25.5563 14.945 22.6334 19.9105 21.3012 30.2549 7.87678 20.1159 27.6482 -7.55931 11.7326 15.6049 -13.4602 3.3545 2.54495 -10.0806 -4.83698 -11.0507 -10.3309 -11.075 -20.5305 -21.3604 -8.01099 -17.7396 -36.5345 0.75103 0.374389 0.539627 0.643561 0.119648 -0.152167 -0.538075 -1.04657 -1.41987 -1.51225 -1.29959 -0.785182 -0.142394 0.354201 1.17234 0.584558 -0.244724 -0.167806 -0.230291 0.163259 0.499961 0.808612 1.49666 1.71056 -1.67948 -3.49338
5.55911 -6.85 -39.4065 16.345 -4.98113 -28.0277 18.1353 -9.99748 -13.0776 9.66768 -10.3064 0.355326 -1.53813 -2.8631 8.69816 -7.48259 -0.0627495 22.9921 -1.90247 -11.6991 31.8279 6.08864 -22.2088 23.2226 7.19474 -24.6189 7.58871 2.51892 -21.0378 -7.16543 -5.17944 -12.6667 -18.2011 -15.922 -1.56564 -21.2541 -26.0318 5.41573 -11.6235 -26.8629 3.02917 3.89968 -18.1741 -2.2193 16.0582 -4.78945 -0.111809 24.349 6.35028 11.0941 25.7507 15.1994 22.8531 20.1156 21.5182 30.2233 7.9069 20.4655 27.2474 -7.47196 12.4534 14.9442 -13.3524 4.37808 1.63725 -10.2076 -3.55204 -12.0888 -11.0534 -9.49769 -20.9248 -22.7582 -6.46929 -16.8065 -37.6343 0.846712 0.470023 0.628782 0.71484 0.152295 -0.183433 -0.594177 -1.10622 -1.46177 -1.54302 -1.33143 -0.820562 -0.181493 0.313952 1.15546 0.533103 -0.279666 -0.204269 -0.260544 0.164054 0.521599 0.833017 1.50677 1.73157 -1.6056 -3.46295
6.2627 -4.70373 -39.6263 16.7525 -3.52365 -27.8841 18.0984 -9.41923 -13.2109 9.1966 -10.3118 -0.0884285 -2.16716 -3.05374 8.20379 -8.07681 -0.290778 22.5195 -2.19008 -11.8237 31.2917 6.08594 -22.184 22.7748 7.55621 -24.686 7.18544 3.17337 -21.1541 -7.67014 -4.48583 -12.7436 -18.7031 -15.3676 -1.74925 -21.6476 -25.6322 5.0598 -12.0576 -26.6451 2.64625 3.45064 -18.0691 -2.58861 15.6948 -4.90314 -0.19157 24.2528 5.8057 11.3801 25.9982 14.2999 23.4638 20.5054 20.5952 30.8951 8.32165 20.2798 27.5886 -7.02244 13.1896 14.864 -13.1834 5.30004 1.33565 -10.5537 -2.80344 -12.2324 -12.0524 -8.76413 -20.2248 -24.3414 -5.64122 -14.9313 -38.8209 0.888984 0.515027 0.665086 0.73254 0.163131 -0.165539 -0.599269 -1.12892 -1.49397 -1.57466 -1.3593 -0.842498 -0.194765 0.303229 1.14489 0.468871 -0.356871 -0.284106 -0.316366 0.171836 0.561995 0.894404 1.56442 1.78245 -1.54059 -3.41809
7.49608 -5.7723 -40.1557 17.2531 -4.02935 -27.8647 18.4616 -9.31242 -12.9482 9.82503 -9.90079 0.367283 -1.43505 -2.63517 8.7932 -7.42467 -0.162137 23.1286 -1.91234 -11.9761 31.7691 6.16417 -22.3778 23.1123 7.59381 -24.6543 7.48461 3.2924 -20.9626 -7.35589 -4.32112 -12.5505 -18.4192 -15.2849 -1.65423 -21.4233 -25.6755 5.08145 -11.9174 -26.8348 2.7727 3.59651 -18.3534 -2.34937 15.9537 -5.01365 -0.250578 24.3189 6.10978 10.9848 25.61 14.8701 22.6995 19.7484 21.0314 29.9524 7.38989 19.9002 27.0778 -8.00267 11.8634 14.9809 -14.265 3.60083 1.65787 -11.7345 -4.16952 -12.0996 -13.2701 -8.8949 -20.7277 -25.6658 -4.41886 -16.0174 -39.9909 0.816842 0.482531 0.634609 0.710606 0.160658 -0.16739 -0.579068 -1.09903 -1.47056 -1.5588 -1.33899 -0.811857 -0.154767 0.34683 1.17545 0.564603 -0.247615 -0.178643 -0.231999 0.204952 0.575434 0.878835 1.45542 1.60061 -1.76867 -3.47464
6.63291 -6.07839 -40.9028 16.1128 -3.46492 -28.5493 17.6082 -8.56674 -13.5957 9.23898 -9.44918 -0.126627 -2.03494 -2.52806 8.56656 -7.81295 -0.355758 23.0369 -1.91589 -12.1036 31.5121 6.3825 -22.3182 22.8424 8.04341 -24.6295 7.24273 3.90814 -20.9851 -7.65659 -3.75871 -12.5762 -18.6855 -14.8829 -1.81086 -21.5692 -25.3784 4.77424 -12.0731 -26.6517 2.48651 3.43502 -18.2762 -2.59138 15.8824 -5.09567 -0.361514 24.4632 5.84936 11.0155 26.0121 14.5013 22.8249 20.1796 20.6718 29.8724 7.7074 20.0209 26.4702 -7.60521 12.7913 13.9362 -13.9906 5.02401 0.229962 -11.9938 -2.37719 -13.7082 -13.713 -7.40793 -22.4843 -25.8826 -4.2151 -17.4387 -40.4352 0.891385 0.539814 0.6846 0.761546 0.21074 -0.149398 -0.590213 -1.12846 -1.50926 -1.59651 -1.37345 -0.843736 -0.184341 0.315007 1.13296 0.48722 -0.325726 -0.260424 -0.298907 0.19602 0.601248 0.871178 1.46186 1.68733 -1.5805 -3.28696
6.64294 -4.77074 -40.4104 15.8816 -1.05058 -28.1584 17.9513 -6.12673 -13.2647 9.61198 -8.14136 0.100682 -2.07681 -1.99598 8.82869 -7.70397 -0.401382 23.433 -1.64734 -12.301 31.5774 6.73051 -22.4587 22.9171 8.57554 -24.9798 7.37074 4.50049 -21.5841 -7.6037 -3.26499 -13.3454 -18.6919 -14.497 -2.69109 -21.5701 -24.9901 3.93827 -12.1021 -26.3455 1.96479 3.44216 -18.1713 -2.77393 16.1543 -5.06963 -0.376672 24.8103 5.92631 10.986 26.0796 14.666 22.777 20.3414 20.9589 30.161 8.1277 20.0959 27.2607 -7.2774 12.3887 14.992 -13.6193 4.59515 1.34553 -11.3365 -2.24601 -12.8793 -13.0274 -6.45404 -22.0138 -25.2455 -3.27632 -16.9438 -39.7929 0.978642 0.588223 0.715898 0.79113 0.231677 -0.143419 -0.599812 -1.14614 -1.5255 -1.59859 -1.36136 -0.823538 -0.162353 0.337536 1.14271 0.509208 -0.311148 -0.235482 -0.279136 0.175792 0.560886 0.807902 1.34995 1.5912 -1.59429 -3.28866
6.45732 -5.36602 -40.071 16.1692 -2.32118 -27.9997 18.1261 -7.58073 -13.1545 9.64994 -9.12544 0.187289 -1.99756 -2.71961 8.78232 -7.88322 -0.936177 23.2624 -1.84225 -12.6038 31.747 6.79648 -22.8147 23.4118 8.84267 -25.6058 7.93692 4.81909 -22.5851 -7.13151 -2.94764 -14.6379 -18.4295 -14.1329 -4.01549 -21.5937 -24.6197 2.8853 -12.3146 -25.9818 1.18864 3.26176 -17.8234 -3.43751 16.0254 -4.93907 -0.798384 24.9337 5.75814 10.8027 26.5508 14.3581 22.6408 20.6996 20.5737 29.6171 8.20977 19.7559 26.0474 -7.05659 12.3247 13.3914 -12.9512 4.88168 -0.41154 -10.4498 -1.88984 -14.6226 -12.4985 -6.48124 -23.0291 -25.0952 -3.74861 -17.3015 -39.4882 0.99528 0.605162 0.741821 0.819758 0.268526 -0.129503 -0.600417 -1.15757 -1.53845 -1.60065 -1.35484 -0.816158 -0.161984 0.329256 1.12813 0.446663 -0.367518 -0.297985 -0.339612 0.140634 0.541917 0.814679 1.39416 1.65938 -1.52068 -3.29352
6.13087 -5.3663 -39.5452 15.998 -2.10221 -27.6586 18.1277 -7.34998 -12.833 9.56493 -9.14251 0.422299 -2.24992 -3.07822 9.03666 -8.04483 -1.49924 23.577 -1.67774 -13.0553 31.9754 7.05079 -22.9501 23.3573 8.7655 -25.2934 7.76828 4.35117 -21.9109 -7.1127 -3.56227 -13.7383 -18.145 -14.6668 -3.02801 -21.2971 -25.4058 3.73022 -12.2033 -27.1619 1.47323 3.26208 -19.046 -3.80003 15.7998 -5.99882 -1.61082 24.5922 4.51791 10.1275 26.392 12.942 22.2014 20.7712 19.4509 29.0758 8.37467 19.0814 24.9138 -6.75854 11.8375 11.9224 -12.1336 4.48293 -1.85699 -9.2676 -2.08049 -16.0965 -11.7498 -6.34313 -23.9239 -24.8261 -3.75292 -17.5707 -38.9809 1.05011 0.640825 0.771861 0.844971 0.28436 -0.146077 -0.630557 -1.19463 -1.57649 -1.64749 -1.41937 -0.882204 -0.20861 0.294826 1.11157 0.448996 -0.378468 -0.302729 -0.332904 0.16151 0.570012 0.861662 1.42208 1.69453 -1.4378 -3.245
6.36096 -5.37066 -40.1252 16.0053 -2.21089 -28.0294 18.0447 -7.51646 -13.2117 9.56753 -9.47827 0.0746356 -2.26114 -3.68004 8.8517 -7.92151 -2.04388 23.4386 -1.29127 -13.2597 32.0908 7.71213 -23.111 23.7089 9.47801 -25.5321 8.13753 4.9567 -22.2065 -6.72415 -3.03714 -14.0607 -17.7182 -14.2057 -3.48067 -21.0775 -25.4548 3.10216 -12.4856 -27.9206 0.629033 2.84926 -19.8831 -4.7962 15.3726 -6.70468 -2.26864 23.8736 2.99113 10.1968 25.3687 10.6444 22.8439 19.9084 17.5185 30.0275 7.89002 18.3944 25.6766 -7.16902 11.9264 12.3924 -12.8115 4.4995 -1.39821 -10.1967 -2.21334 -15.5794 -12.6123 -6.44937 -23.6398 -25.555 -3.62009 -17.5033 -39.7596 1.09838 0.699291 0.823348 0.891348 0.32019 -0.173911 -0.691574 -1.26979 -1.65218 -1.72124 -1.49528 -0.943066 -0.237878 0.282846 1.14103 0.463001 -0.430005 -0.34733 -0.33158 0.219215 0.643777 0.928848 1.47749 1.73276 -1.4277 -3.27817
6.23904 -5.30726 -39.9572 15.9563 -2.1997 -27.9063 18.0315 -7.53108 -13.1029 9.60246 -9.27512 0.244321 -2.06995 -3.05477 8.94126 -7.59344 -0.858999 23.5072 -0.697207 -11.9428 32.1215 8.30448 -21.8734 23.8318 10.1978 -24.7043 8.34473 5.68159 -21.6774 -6.58218 -2.38411 -13.7447 -17.6791 -13.6133 -3.28106 -21.1972 -24.8049 3.33651 -12.5571 -26.9282 0.971207 2.84584 -18.715 -4.16183 15.3784 -5.95719 -0.92742 24.2723 2.75426 12.1904 26.1865 9.95446 24.9776 20.4435 16.6425 31.4145 7.90821 17.5564 26.0958 -6.83458 11.5416 12.4556 -12.1178 4.55117 -1.6018 -9.73053 -1.83444 -15.8914 -12.3831 -6.10988 -23.8562 -25.372 -3.60993 -17.5464 -39.5625 1.05225 0.653868 0.787094 0.863424 0.280911 -0.151968 -0.666816 -1.2416 -1.6106 -1.66559 -1.42996 -0.872786 -0.17577 0.338029 1.19525 0.41598 -0.493323 -0.42975 -0.41151 0.188109 0.645129 0.916539 1.46809 1.7438 -1.39878 -3.20526
6.23245 -5.1942 -40.0848 15.9432 -2.13757 -28.0156 18.0622 -7.52957 -13.2403 9.70705 -9.57289 0.110884 -2.03992 -3.88264 9.06659 -7.15173 -1.67179 23.7798 0.604783 -11.9399 32.669 10.2487 -21.3921 24.5438 12.2289 -24.1485 9.05411 7.47073 -21.2852 -5.82983 -0.91158 -13.6037 -16.8688 -12.4509 -3.53632 -20.5361 -24.1727 2.62381 -12.2688 -26.7957 0.0632259 3.0256 -18.6778 -4.99687 15.6496 -5.7695 -1.81086 24.3416 3.22041 11.1513 26.0135 10.5428 23.8851 20.3066 17.2606 30.6914 7.98421 18.0895 25.9269 -6.95183 11.8525 12.4731 -12.4508 4.82895 -1.55226 -9.97372 -1.50637 -15.8729 -12.5789 -5.88576 -23.8424 -25.5302 -3.56236 -17.4779 -39.7262 1.16427 0.764726 0.891726 0.963615 0.358594 -0.19124 -0.76541 -1.37046 -1.74153 -1.78019 -1.52692 -0.935705 -0.197573 0.337874 1.20006 0.447848 -0.459295 -0.389713 -0.374113 0.199496 0.639701 0.910204 1.47241 1.75976 -1.37813 -3.29638
6.25816 -5.22315 -40.134 15.9312 -2.14552 -28.0399 18.0323 -7.50228 -13.2493 9.57973 -9.73249 0.0103747 -2.52406 -4.54029 8.79187 -8.07388 -2.71454 23.3988 0.0356235 -12.5964 32.41 10.0973 -21.5811 24.2612 12.1008 -24.0609 8.72786 7.36626 -21.1875 -6.16171 -1.07298 -13.7325 -17.312 -13.2085 -4.31992 -20.789 -25.1637 0.32494 -11.89 -26.8312 -3.19481 3.34765 -18.0104 -7.2548 15.8608 -5.75625 -2.28349 24.6613 2.48219 11.1984 26.0741 9.79241 23.854 20.1806 16.8127 30.5265 7.95394 18.0279 25.7325 -6.94617 11.9004 12.2588 -12.5189 4.76429 -1.7077 -10.0309 -1.65938 -15.9822 -12.6728 -5.98521 -23.8938 -25.6775 -3.55369 -17.4949 -39.8399 1.17335 0.775762 0.899287 0.979599 0.393824 -0.19305 -0.797888 -1.42688 -1.81192 -1.85431 -1.57044 -0.924259 -0.143703 0.438423 1.33182 0.43898 -0.495517 -0.421096 -0.384534 0.200141 0.639011 0.915223 1.47237 1.75304 -1.38725 -3.30905
6.28221 -5.17226 -40.2795 15.9691 -2.06769 -28.2034 17.9998 -7.40114 -13.3945 9.45665 -9.62193 -0.191461 -2.76689 -4.50501 8.46755 -8.56778 -3.2127 23.0338 -0.129159 -13.565 31.1723 10.1479 -21.8592 22.5725 13.0915 -24.0511 7.14589 9.24302 -21.4012 -8.03756 0.511833 -14.0925 -19.0591 -12.0801 -4.95702 -21.4968 -23.776 -0.551907 -12.1428 -25.7143 -3.78537 3.12628 -17.3429 -7.64557 16.006 -5.37292 -2.30364 24.9787 2.58231 11.3571 26.2935 9.80762 23.9733 20.2138 16.8149 30.5536 7.92984 18.0388 25.7271 -6.95907 11.9058 12.2531 -12.5251 4.76336 -1.70972 -10.035 -1.64591 -15.9805 -12.7311 -5.94635 -23.8495 -25.77 -3.52848 -17.4436 -39.9315 1.05968 0.665642 0.795204 0.886475 0.334953 -0.0851753 -0.686281 -1.34533 -1.77643 -1.79997 -1.48644 -0.859198 -0.0999434 0.472398 1.3528 0.432317 -0.511405 -0.441649 -0.403249 0.182845 0.621873 0.899594 1.45462 1.73657 -1.39989 -3.20828
6.27457 -5.57625 -40.2573 16.0612 -2.34919 -28.2943 17.9987 -7.47693 -13.4005 9.29846 -9.38725 -0.251536 -2.99622 -4.01063 8.14542 -9.53418 -3.27495 22.4356 -1.97808 -14.6316 30.0873 7.93775 -23.1567 21.2913 11.1957 -25.0841 5.89252 8.03706 -21.9451 -9.35675 -0.243812 -14.0341 -20.3097 -12.6705 -4.54159 -22.1607 -23.9824 -0.259901 -12.2913 -25.646 -3.65442 2.97525 -17.323 -7.4936 15.8926 -5.59696 -1.92331 25.0468 2.43347 11.6926 26.3697 9.83789 24.1862 20.2526 16.9063 30.6805 7.9579 18.0969 25.8221 -6.92333 11.8803 12.364 -12.4349 4.64367 -1.53048 -9.83702 -1.87075 -15.7805 -12.3874 -6.20974 -23.7988 -25.3221 -3.70153 -17.7008 -39.6034 0.934588 0.540533 0.674581 0.770417 0.268832 -0.00627127 -0.5575 -1.20491 -1.65936 -1.71674 -1.42624 -0.827242 -0.0875836 0.484417 1.36114 0.419675 -0.517538 -0.446378 -0.408376 0.173167 0.608009 0.888151 1.44367 1.71953 -1.42857 -3.12928
6.3958 -3.82655 -40.8221 15.5564 -0.890479 -28.3013 17.4341 -6.56017 -13.5975 8.82014 -8.851 -0.452583 -3.44474 -3.64644 8.09497 -9.92711 -3.30989 22.4254 -2.47652 -14.8677 29.8767 7.38122 -23.3669 20.9908 10.7114 -25.2129 5.59755 7.70621 -22.0075 -9.66892 -0.485574 -13.9968 -20.6163 -12.8793 -4.43752 -22.3402 -24.1239 -0.190112 -12.3794 -25.7994 -3.62288 2.87728 -17.5799 -7.47872 15.8558 -5.94187 -1.91621 25.1263 2.14209 11.6683 26.4457 9.63505 24.0255 20.1615 16.6986 30.3021 7.7515 17.911 25.3956 -7.11222 11.9383 11.9151 -12.8347 5.12981 -2.28657 -10.802 -0.779704 -16.6282 -14.1785 -4.76327 -23.9703 -27.6192 -2.68564 -16.6395 -41.3805 0.958393 0.577076 0.702261 0.78937 0.298848 -0.00245112 -0.549153 -1.19725 -1.65863 -1.72173 -1.43481 -0.84141 -0.104904 0.466888 1.33548 0.394121 -0.53656 -0.469098 -0.427614 0.169488 0.620642 0.883017 1.41471 1.7128 -1.37949 -3.01744
7.2838 -2.32059 -39.9455 16.9578 0.513822 -27.7929 18.9393 -5.4748 -13.2298 10.001 -8.16967 -0.381401 -2.55504 -3.24273 7.90387 -9.52343 -3.25253 22.0083 -2.45734 -15.0583 29.4455 7.44024 -23.6021 20.6472 10.8306 -25.3939 5.26064 7.75667 -22.1052 -9.97437 -0.508017 -14.0316 -20.8203 -12.8813 -4.43173 -22.4638 -24.0396 -0.119479 -12.4341 -25.4974 -3.52007 2.85212 -17.0174 -7.36845 15.6642 -5.33173 -1.74188 24.8355 2.65206 11.8927 26.2455 10.0125 24.4159 20.1359 17.044 30.9797 7.85692 18.3121 26.1285 -7.02026 12.3347 12.4869 -12.3418 5.65653 -1.65019 -9.56346 -0.103426 -16.0376 -13.0023 -3.93257 -22.8247 -26.7755 -1.90163 -15.0663 -40.3076 0.973147 0.558518 0.678381 0.759782 0.29123 0.000707049 -0.534655 -1.18294 -1.64454 -1.70672 -1.42287 -0.83343 -0.100793 0.470201 1.35254 0.400697 -0.535866 -0.466914 -0.429447 0.152369 0.587507 0.873253 1.41025 1.7094 -1.3598 -3.04388
7.47704 0.0193234 -39.7126 16.8572 2.90475 -27.3436 18.9052 -3.3181 -12.8883 9.86651 -6.6067 -0.250189 -2.97605 -2.36685 7.97579 -10.1003 -3.15033 21.9802 -3.06905 -15.0225 29.3444 7.0456 -23.409 20.6422 10.6171 -25.1367 5.28934 7.66433 -21.9203 -9.98499 -0.572196 -13.9157 -20.9033 -12.9852 -4.37046 -22.5654 -24.1754 -0.0935371 -12.5563 -25.6929 -3.44875 2.73414 -17.3172 -7.20893 15.6407 -5.80353 -1.52706 24.9937 2.22007 12.0694 26.5392 9.72612 24.5177 20.4538 16.8925 30.99 8.20432 18.2317 26.1322 -6.66446 12.2298 12.5171 -12.0261 5.58981 -1.67055 -9.41917 0.136686 -15.9706 -13.635 -3.15744 -21.8333 -27.9599 -1.11839 -13.0852 -40.8729 1.05066 0.633599 0.740863 0.815135 0.363098 0.000588149 -0.549268 -1.21154 -1.68253 -1.74299 -1.45187 -0.856185 -0.118467 0.455474 1.32636 0.364645 -0.559477 -0.482891 -0.437373 0.14731 0.587668 0.883338 1.38741 1.68 -1.34356 -3.03494
7.48837 0.907636 -40.9824 16.647 3.16863 -28.3209 18.5896 -3.17765 -13.9048 9.86299 -6.13417 -0.96866 -2.71378 -2.02117 7.71946 -9.90664 -3.14863 21.6653 -3.07769 -15.1053 29.0829 7.10395 -23.5053 20.4722 10.727 -25.1259 5.11982 7.78424 -21.8252 -10.1385 -0.467362 -13.7966 -21.0278 -12.9191 -4.30551 -22.7093 -24.18 -0.0689457 -12.7624 -25.6799 -3.43478 2.52739 -17.1498 -7.19826 15.3315 -5.61538 -1.52916 24.6665 2.36873 12.0794 26.3064 9.89402 24.4027 19.9944 16.932 30.5822 7.52134 18.0375 25.7567 -7.37717 12.0276 12.2885 -13.0893 5.5696 -2.09194 -11.1733 0.375968 -16.2913 -16.0113 -2.85013 -21.6087 -30.5627 -0.954989 -12.1891 -43.0172 1.04175 0.651719 0.760491 0.833538 0.410125 0.00508426 -0.547912 -1.21469 -1.69161 -1.75614 -1.46588 -0.86719 -0.12504 0.450668 1.32557 0.359388 -0.55576 -0.487327 -0.446241 0.144758 0.598123 0.881972 1.37608 1.67049 -1.35194 -3.01686
10.0373 0.64777 -41.0243 18.7735 2.74365 -28.04 20.1442 -3.61002 -13.5615 11.0305 -6.39155 -0.855583 -1.6626 -2.17082 7.60885 -9.23021 -3.25721 21.3583 -2.73239 -15.3573 28.8404 7.43572 -23.8431 20.2982 11.08 -25.3771 4.94196 8.06836 -21.8739 -10.2576 -0.271473 -13.7368 -20.9981 -12.7761 -4.31404 -22.672 -24.1189 -0.103666 -12.8074 -25.5099 -3.47791 2.49083 -16.6518 -7.31213 15.0488 -4.98218 -1.70578 24.2528 2.84556 11.9711 26.0686 10.2862 24.3265 19.7193 17.192 30.3436 7.09383 17.958 25.4712 -7.8107 11.6654 12.1127 -13.4761 5.28349 -2.30137 -11.5583 0.710454 -16.6439 -16.5962 -1.35353 -21.8489 -31.3973 1.49552 -12.2959 -43.5651 0.973182 0.613669 0.727807 0.799149 0.389731 0.0118386 -0.525831 -1.18767 -1.66245 -1.72943 -1.44256 -0.839778 -0.0908138 0.486868 1.37859 0.407798 -0.503619 -0.439193 -0.408029 0.172872 0.623504 0.884022 1.31107 1.549 -1.49973 -3.07043
11.1245 1.43322 -40.245 19.1044 4.73031 -27.0255 20.6137 -1.42949 -12.4773 11.2701 -5.34446 -0.245912 -1.9686 -1.92295 7.72929 -9.57578 -3.42835 21.4172 -2.79558 -15.4783 28.7279 7.50055 -23.7789 20.1571 11.2352 -25.2959 4.82089 8.39732 -21.794 -10.4124 0.284738 -13.6079 -21.2889 -12.1626 -4.13064 -23.078 -23.59 -0.0973153 -13.2371 -25.1838 -3.72786 1.98252 -16.7514 -7.59568 14.8202 -5.48059 -1.82426 24.4111 2.10147 11.998 26.1678 9.39526 24.4334 19.8042 16.3565 30.595 7.27932 17.3232 25.7473 -7.6216 11.1397 12.2859 -13.1619 4.97615 -2.18118 -10.9508 1.22915 -16.7377 -16.0563 0.461583 -21.8762 -31.004 3.65686 -12.1307 -42.9308 1.0329 0.666756 0.764286 0.832033 0.409254 0.0307709 -0.51932 -1.18885 -1.66684 -1.7393 -1.45127 -0.837893 -0.0744016 0.516308 1.39272 0.41135 -0.509443 -0.44168 -0.401225 0.184115 0.630769 0.864041 1.2192 1.43228 -1.55655 -3.06339
10.8971 1.90211 -40.0399 18.4042 5.71422 -26.6826 19.9188 -0.249896 -12.0537 10.6726 -4.58265 0.110676 -2.56799 -1.51788 8.22649 -9.86737 -3.22777 22.0572 -2.92195 -15.3468 29.0934 7.3583 -23.5888 20.4473 11.1972 -25.1325 5.13956 8.15884 -21.5827 -10.0438 -0.577611 -13.4959 -20.5034 -13.3644 -4.40809 -21.8692 -24.7631 -0.272268 -12.0374 -26.2699 -3.32775 3.31673 -17.42 -7.0719 15.9076 -5.47142 -1.72871 24.9081 2.84174 11.6571 26.7355 10.7386 23.8718 20.6714 17.9367 29.8458 8.18956 18.5284 25.1135 -6.76795 11.6676 12.0779 -12.5252 4.95591 -2.19413 -10.6716 1.01395 -16.6223 -15.9902 0.514581 -21.6817 -30.9761 3.87374 -11.8801 -42.8116 1.03578 0.676131 0.765731 0.825396 0.393545 0.0127022 -0.543278 -1.21646 -1.69208 -1.74593 -1.44805 -0.841522 -0.09137 0.47789 1.36352 0.420753 -0.46879 -0.383563 -0.351015 0.20696 0.646727 0.882064 1.21475 1.41508 -1.55497 -3.01012
11.4203 1.8847 -39.8169 18.873 5.78669 -26.4551 20.2923 -0.162723 -11.8106 10.917 -4.60388 0.214985 -2.48606 -1.77731 8.14857 -10.0424 -3.66937 21.8166 -3.0418 -15.7013 28.9469 7.377 -23.7956 20.3273 11.2153 -25.2253 5.00824 8.3848 -21.6814 -10.2167 0.120523 -13.5201 -20.9971 -12.4586 -4.21484 -22.7678 -24.067 -0.277899 -13.1013 -25.8381 -3.90675 2.09908 -17.3748 -7.84381 14.8953 -6.19332 -2.21498 24.6736 1.04148 11.6901 27.1094 8.36095 24.3808 21.3036 15.7282 30.5537 9.01889 17.19 25.6439 -5.82126 11.2108 12.2473 -11.7306 4.92084 -2.24731 -10.1443 1.32491 -16.6923 -15.6589 1.06469 -21.713 -30.6639 4.45359 -11.9407 -42.5151 1.05717 0.698225 0.786626 0.847649 0.426156 0.037908 -0.525336 -1.20566 -1.68932 -1.75947 -1.46852 -0.849484 -0.076635 0.514585 1.37881 0.362558 -0.549658 -0.458418 -0.394466 0.216408 0.677316 0.897947 1.21422 1.4133 -1.55192 -3.02448
11.4869 2.0098 -39.91 19.005 5.89106 -26.5789 20.5708 -0.15392 -11.9886 11.1714 -4.77123 -0.0483823 -2.41668 -2.11396 7.62476 -10.1638 -4.07745 21.1754 -3.03028 -15.9018 28.5181 7.49134 -23.8706 19.9065 11.2106 -25.2181 4.55067 8.74911 -21.7912 -10.7649 1.42709 -13.5971 -22.1829 -10.7077 -3.83657 -24.5139 -22.2671 -0.0858461 -14.7156 -24.036 -4.39091 0.307511 -16.4095 -8.40615 13.596 -6.58869 -2.41835 24.5515 0.00629338 11.7335 27.3546 7.39082 24.3931 21.5634 15.127 30.5193 9.48375 17.0885 25.6855 -5.32368 11.3481 12.2802 -11.4463 5.13304 -2.26369 -10.0245 1.69594 -16.6914 -15.6837 1.43212 -21.6694 -30.7029 4.62808 -11.8734 -42.5881 1.10839 0.742197 0.827839 0.894789 0.475396 0.0714115 -0.498709 -1.18169 -1.67244 -1.76855 -1.48392 -0.849674 -0.0623714 0.550304 1.35881 0.27509 -0.631859 -0.524695 -0.431764 0.199023 0.663799 0.879788 1.19633 1.40858 -1.54607 -3.06995
11.4716 2.07393 -39.9389 18.9949 5.93064 -26.6036 20.5677 -0.112623 -12.0133 11.1949 -4.82223 -0.0882774 -2.44448 -2.49741 7.60165 -10.2584 -4.68711 21.0791 -2.97642 -16.3274 28.5687 7.68944 -24.2529 20.0957 11.4662 -25.8282 4.77562 9.32232 -22.6185 -10.6345 2.76813 -13.8723 -22.1093 -8.361 -2.89736 -24.0188 -19.5146 1.33573 -13.9504 -21.8985 -3.74767 0.740845 -15.1035 -8.59819 14.2008 -6.10337 -2.35114 25.7027 0.0716019 12.0608 28.1091 7.23505 24.5708 21.7437 14.9354 30.5882 9.58666 17.0231 25.7983 -5.21776 11.385 12.3757 -11.3974 5.24737 -2.20317 -9.99805 1.88669 -16.6365 -15.6887 1.56656 -21.6222 -30.7042 4.64702 -11.8256 -42.6194 1.17529 0.810612 0.895487 0.964869 0.555794 0.129424 -0.451794 -1.1393 -1.62779 -1.72993 -1.49058 -0.911628 -0.133559 0.50199 1.32803 0.237216 -0.685393 -0.587305 -0.481624 0.160538 0.62956 0.846451 1.16941 1.39191 -1.55768 -3.14788
11.5285 1.99951 -39.9545 18.9865 5.85636 -26.5826 20.4692 -0.123949 -11.957 11.1574 -4.87905 -0.00217317 -2.43682 -3.13569 7.91824 -10.3028 -5.8809 21.2632 -2.82905 -17.2792 28.9337 8.04278 -24.8703 20.4165 11.7469 -26.1518 5.05135 9.52356 -22.9781 -10.355 2.48021 -14.4737 -21.7211 -9.36528 -4.19344 -23.119 -20.4154 -0.964529 -12.5756 -21.8489 -6.17299 2.19514 -14.1985 -9.83921 15.5705 -5.57651 -2.4028 26.6467 0.20875 12.2485 28.516 7.29406 24.5239 21.628 15.048 30.2138 9.34804 17.1259 25.3269 -5.426 11.3329 11.9606 -11.5842 5.02329 -2.53805 -10.1176 1.61179 -16.9338 -15.8727 1.44844 -21.7673 -30.9404 4.68882 -11.8735 -42.7323 1.19362 0.833367 0.914616 0.979479 0.592057 0.112211 -0.488277 -1.19062 -1.6892 -1.77711 -1.49909 -0.888296 -0.0981822 0.564434 1.40891 0.256423 -0.689031 -0.600811 -0.489218 0.152597 0.618263 0.842004 1.15709 1.36856 -1.58379 -3.18736
11.4387 2.10126 -39.8119 18.9979 6.00546 -26.5107 20.5094 0.0229434 -11.8889 11.2096 -4.79835 0.0487222 -2.40529 -3.12535 7.94881 -10.3477 -5.96406 21.2288 -2.99039 -17.3904 28.9699 7.92117 -24.9389 20.4656 11.7604 -26.0801 5.12264 9.72851 -22.8008 -10.288 2.69589 -14.3279 -21.6843 -9.39494 -4.34634 -23.1446 -20.6642 -1.51678 -12.719 -22.1314 -6.85475 2.00212 -14.3857 -10.2401 15.3966 -5.83501 -2.48412 26.3078 -0.712862 12.3889 28.3527 5.5109 25.4233 22.0516 13.0133 32.1151 10.1256 15.9336 27.377 -4.55413 11.4609 13.5418 -10.777 5.78395 -1.24587 -9.64965 2.20591 -15.7041 -15.1412 1.44741 -21.1675 -29.9737 4.44994 -11.7661 -42.2224 1.19673 0.829756 0.908601 0.972194 0.589385 0.101584 -0.497497 -1.20438 -1.71365 -1.80948 -1.52288 -0.892445 -0.0851893 0.588857 1.4378 0.241548 -0.748516 -0.661475 -0.536649 0.155268 0.651954 0.8655 1.20952 1.44318 -1.51971 -3.14849
11.0945 1.90766 -40.016 18.4256 5.84075 -26.5962 20.0954 -0.19264 -12.0126 10.8526 -5.10198 -0.0667259 -2.82539 -3.03812 7.62927 -10.5781 -5.29825 21.1305 -2.757 -16.5103 28.7292 8.08368 -24.3159 20.3674 11.9341 -26.1244 5.0915 9.74797 -23.1872 -10.367 2.65007 -14.8551 -21.8264 -9.36355 -4.79059 -23.3535 -20.4054 -1.6854 -12.7644 -21.5155 -6.69074 2.10409 -13.8054 -9.72553 15.6028 -6.30038 -1.1073 26.6356 -2.43956 14.1877 28.3034 3.7565 26.9795 21.4981 11.664 32.3896 9.18971 14.8303 26.5873 -5.05044 10.5657 12.5958 -11.0665 5.05062 -2.26864 -10.1687 1.88154 -16.7243 -15.9126 1.56124 -21.8821 -30.8698 4.53069 -12.0929 -42.8192 1.1918 0.829575 0.909451 0.97981 0.567928 0.120446 -0.491677 -1.1892 -1.67372 -1.75218 -1.46163 -0.837318 -0.0483801 0.614861 1.46513 0.192852 -0.830881 -0.745088 -0.592441 0.149878 0.666637 0.865016 1.18457 1.413 -1.52843 -3.11423
9.96571 1.68084 -40.0335 17.1085 5.88184 -26.5934 19.219 -0.191879 -12.0838 10.2875 -5.65915 -0.143448 -3.46293 -3.8406 7.48489 -10.8724 -5.79099 21.2249 -2.63112 -16.5239 29.0674 8.3279 -24.3357 20.8672 12.4167 -26.49 5.69843 10.7185 -24.0073 -9.90038 3.96002 -15.9666 -21.7659 -8.07526 -5.96738 -23.5322 -19.1689 -2.92318 -12.9795 -20.5462 -7.7778 1.91661 -13.546 -10.3134 15.8965 -6.88294 -1.09001 26.9805 -3.56884 14.363 28.3394 2.28434 27.4022 21.7022 10.3344 33.1801 9.65607 14.1864 27.3301 -4.39432 10.6972 13.1495 -10.4672 5.5908 -1.88086 -10.0332 2.43043 -16.387 -15.6532 1.62493 -22.102 -30.3881 3.95165 -12.5909 -42.6991 1.28091 0.907497 0.975351 1.04647 0.603503 0.118294 -0.516104 -1.2186 -1.70758 -1.78268 -1.47238 -0.832254 -0.0400671 0.62436 1.44441 0.124224 -0.931004 -0.835644 -0.656519 0.12697 0.669539 0.852459 1.19514 1.46756 -1.44385 -3.09152
9.92257 1.67097 -40.2075 16.9426 5.92783 -26.7203 18.9915 -0.0965368 -12.1814 10.0151 -5.71208 -0.343919 -3.7978 -4.38448 7.27278 -11.1693 -6.49769 21.0092 -2.81541 -16.7076 29.4108 8.57937 -24.2956 21.604 13.1357 -26.5807 6.58837 12.0544 -24.7383 -9.15349 5.52589 -17.3076 -21.5344 -6.65354 -7.54933 -23.6291 -17.7912 -4.3691 -13.1632 -19.4757 -8.63137 1.88184 -13.232 -10.4662 16.322 -7.02599 -1.13581 27.5804 -2.85977 14.1314 28.6668 3.63112 26.577 21.5041 11.6972 32.1086 9.35347 15.1137 26.5878 -4.94065 10.9731 12.6508 -11.1664 5.48445 -2.23221 -10.4294 2.28847 -16.7447 -16.0127 1.65768 -22.2973 -30.818 4.04252 -12.6328 -42.9976 1.37368 1.0056 1.07074 1.13957 0.695367 0.129835 -0.536479 -1.26085 -1.76982 -1.83221 -1.48067 -0.817631 -0.0263157 0.629691 1.39374 0.0909055 -0.926485 -0.831901 -0.658554 0.0943762 0.616937 0.810681 1.15083 1.42055 -1.48161 -3.20617
10.7128 1.91494 -40.1941 17.8935 6.113 -26.7732 19.4953 0.181668 -12.1402 9.96101 -4.98268 -0.535714 -4.12183 -3.49285 6.53738 -12.3677 -5.97236 19.7038 -4.73763 -16.1836 28.7659 7.37654 -23.4555 21.7852 13.507 -25.589 7.3175 13.6833 -24.0355 -8.49149 7.1105 -17.212 -21.1942 -5.57193 -8.19969 -23.62 -17.1759 -5.10631 -13.6463 -19.4942 -8.82191 1.45918 -13.6001 -9.86452 16.1233 -7.69614 -0.432153 27.4588 -3.60094 14.8384 28.7465 2.80537 27.3588 21.6381 10.9452 32.8332 9.51089 14.6365 27.0492 -4.60973 10.8226 12.9399 -10.6533 5.47491 -1.99681 -9.96745 2.30263 -16.4418 -15.7363 1.75671 -21.8337 -30.6042 4.41164 -12.2457 -42.7884 1.34218 0.982591 1.06198 1.1426 0.739756 0.16856 -0.509217 -1.27509 -1.8347 -1.88977 -1.48756 -0.790622 0.0176886 0.670128 1.38728 0.0621261 -0.952425 -0.85519 -0.671045 0.103238 0.638994 0.838669 1.17251 1.42878 -1.49147 -3.21123
9.86399 1.65642 -40.307 16.6954 5.96802 -26.7406 18.5753 0.0776115 -12.1241 9.46848 -5.17349 -0.219186 -4.48539 -3.69692 7.10759 -13.0874 -7.08814 19.8354 -6.0837 -18.5867 27.7948 6.11471 -25.6403 20.7369 13.5015 -26.6475 6.74147 14.6988 -23.8938 -8.85832 7.80986 -16.5905 -21.119 -5.29753 -8.07128 -23.0088 -17.1797 -5.17864 -13.3059 -20.2243 -8.61412 1.73698 -14.5306 -9.9369 16.4579 -8.04312 -0.803845 27.7195 -3.09123 14.2199 28.8984 3.57319 26.6085 21.7962 11.485 32.2532 9.59628 14.8377 26.8117 -4.74329 10.9174 12.8433 -11.0406 5.70237 -2.14495 -10.4656 2.64529 -16.6807 -16.0665 1.95082 -22.3308 -30.832 4.16272 -12.7214 -43.0876 1.25242 0.896325 0.968947 1.05095 0.708451 0.243676 -0.397834 -1.18219 -1.80323 -1.89486 -1.49511 -0.804761 0.0111764 0.648668 1.3681 0.0926868 -0.901526 -0.810717 -0.645728 0.108552 0.634405 0.817312 1.15748 1.43584 -1.45903 -3.05149
10.7072 1.90786 -40.3892 17.731 6.03305 -26.8631 19.5444 0.105662 -12.2532 10.5827 -5.01399 -0.182025 -3.19189 -3.73758 7.51241 -12.0269 -7.40082 20.0031 -5.62842 -19.3602 27.791 6.10191 -27.2808 20.8606 12.8041 -28.8709 6.57773 13.5759 -26.0969 -9.04527 7.45748 -18.0834 -21.271 -4.95418 -8.58776 -23.2035 -16.5099 -5.54615 -13.1581 -18.9678 -9.2406 1.9306 -13.2203 -10.432 16.6418 -7.61443 -0.677069 27.8551 -3.513 14.6133 28.8586 2.94276 27.0786 21.6983 11.0341 32.6064 9.56276 14.7478 26.9529 -4.60483 11.0971 12.8693 -10.807 5.95967 -2.14869 -10.3156 2.93894 -16.6051 -16.137 2.32353 -22.0214 -30.9934 4.70366 -12.3471 -43.1661 1.25005 0.891557 0.962171 1.03758 0.722272 0.269411 -0.348051 -1.10166 -1.69119 -1.80808 -1.46749 -0.802458 0.00178834 0.649249 1.38098 0.0421443 -0.97959 -0.88334 -0.698198 0.0803544 0.618717 0.808757 1.1449 1.41426 -1.49416 -3.10749
10.6168 1.85889 -41.0655 17.0412 6.10317 -27.2807 18.5539 0.312833 -12.5818 9.58873 -4.7457 -0.487418 -4.23706 -3.89815 7.17439 -13.5719 -8.29018 19.0516 -7.64926 -20.5446 26.7569 4.61147 -28.2176 20.4987 12.2837 -29.3409 6.6667 13.488 -25.9032 -8.79613 7.29731 -17.4212 -20.6642 -5.17808 -7.97339 -22.4123 -17.0426 -5.04899 -12.6974 -20.0025 -8.85409 2.27318 -14.1967 -10.216 16.9465 -8.31587 -0.595019 28.1348 -3.50544 14.4914 29.0741 3.18937 26.8205 21.8975 11.1485 32.4152 9.70535 14.8284 26.9312 -4.53744 11.5489 12.874 -11.0016 6.93825 -2.3218 -10.9518 4.30329 -16.7977 -16.9106 3.58432 -22.342 -31.7151 5.35362 -12.658 -43.9838 1.22754 0.894532 0.966126 1.04585 0.779491 0.34267 -0.287907 -1.0777 -1.70243 -1.8443 -1.52568 -0.866289 -0.0472301 0.604076 1.34267 0.0328131 -0.970244 -0.877657 -0.697743 0.0880436 0.63334 0.799778 1.13586 1.4379 -1.43351 -2.97799
11.0728 1.93604 -41.7062 17.3118 6.14554 -27.826 18.8067 0.220046 -13.1793 9.81328 -4.91696 -1.13904 -4.04014 -4.03874 6.46914 -12.8836 -8.55034 18.673 -5.9052 -20.3727 26.1666 6.57524 -27.4341 19.6288 13.9984 -28.4422 5.65273 14.7282 -25.2664 -9.89556 7.88935 -17.2762 -21.7491 -4.9822 -8.32386 -23.2089 -16.5486 -5.56618 -13.094 -19.0265 -9.13023 2.02285 -13.286 -10.3563 16.7339 -8.10097 -0.373003 27.9488 -3.84387 14.8687 29.0404 2.73324 27.313 21.9543 10.7635 32.7101 9.71987 14.7142 26.9857 -4.35483 11.9917 12.8537 -10.9136 7.91717 -2.48772 -11.3767 5.63254 -16.9113 -17.601 4.8819 -22.434 -32.412 6.23485 -12.712 -44.7036 1.25239 0.923254 0.995279 1.07567 0.788507 0.340238 -0.321925 -1.12357 -1.74005 -1.84948 -1.49301 -0.825375 -0.0201299 0.619788 1.35461 -0.00984928 -1.0235 -0.927729 -0.735156 0.0826315 0.64678 0.796638 1.12956 1.45497 -1.39053 -2.94072
11.0383 1.85817 -41.9496 16.6801 5.85806 -27.7553 18.2309 -0.233811 -13.1828 9.39995 -5.34804 -1.0134 -4.37918 -3.92729 6.64748 -13.2267 -7.40856 19.1813 -6.61133 -19.1016 27.1896 5.44255 -26.8473 20.6264 12.6815 -28.3119 6.5942 13.8742 -25.2499 -8.94834 7.71389 -17.1753 -21.1127 -5.04587 -8.14198 -22.9941 -16.7595 -5.4322 -13.0369 -19.3294 -8.82671 2.10352 -13.769 -9.58215 16.9151 -8.72609 0.583321 28.0307 -4.72683 15.8717 29.4071 1.81768 28.4219 22.4794 9.81896 33.3388 10.0255 13.9184 27.0968 -3.78421 12.1079 12.9018 -10.5202 9.07423 -2.61995 -11.9517 7.37873 -17.0187 -18.4175 6.53077 -22.764 -33.1383 7.14852 -12.965 -45.4277 1.2585 0.948201 1.01853 1.09769 0.776463 0.306422 -0.339078 -1.11407 -1.72286 -1.85353 -1.50226 -0.822686 -0.0138892 0.625119 1.34001 -0.056837 -1.0697 -0.97364 -0.774547 0.0911824 0.684568 0.79646 1.12552 1.48963 -1.31523 -2.8181
9.9642 1.93871 -41.5385 15.9539 6.0372 -27.516 17.8054 -0.411424 -13.1334 8.7387 -6.23379 -1.46598 -5.40828 -4.85309 5.50012 -14.0628 -8.09292 18.2317 -6.84417 -19.2425 26.49 5.54252 -26.6414 20.1501 12.9841 -28.1865 6.23303 14.1133 -25.2936 -9.34658 7.68373 -17.4019 -21.4916 -5.19249 -8.49233 -23.1572 -16.6777 -5.71588 -12.9553 -19.1097 -8.792 2.27574 -13.9465 -9.12755 17.2458 -9.69173 1.58072 28.1799 -5.91464 16.9065 29.7543 0.764173 29.5336 23.0999 8.81044 34.1533 10.5616 12.7306 27.5629 -3.13793 10.87 13.3352 -9.79067 7.84728 -2.18568 -11.2544 6.12041 -16.616 -17.641 5.24519 -22.5212 -32.2968 5.90002 -12.903 -44.7263 1.35062 1.01117 1.07335 1.15248 0.794951 0.30898 -0.36496 -1.15188 -1.75499 -1.86366 -1.49126 -0.809106 -0.00815579 0.628921 1.33823 -0.114016 -1.11764 -1.00681 -0.805466 0.0716565 0.672594 0.786112 1.12056 1.49135 -1.31303 -2.92753
8.77217 2.18965 -41.2816 14.0372 6.43473 -27.014 16.0699 -0.436867 -12.8535 7.03546 -7.63061 -1.95114 -7.32628 -6.79749 4.65302 -15.0905 -8.93619 18.1672 -6.99785 -18.9736 27.0203 5.46163 -26.2205 20.6475 12.6598 -27.9224 6.62116 13.8192 -25.1618 -8.98025 7.5737 -17.2629 -21.2163 -5.2358 -8.27009 -22.9476 -16.8043 -5.5578 -12.8228 -19.5861 -8.85709 2.30132 -14.7063 -9.52398 17.3551 -9.8581 1.00832 28.2128 -5.35872 16.1671 29.4748 1.45754 28.6288 22.6502 9.48129 33.4774 10.184 13.4457 27.1653 -3.63325 11.4876 12.9765 -10.3408 8.36352 -2.53496 -11.6867 6.70098 -16.9892 -18.0363 5.85941 -22.7711 -32.7431 5.91664 -12.8266 -44.9306 1.52079 1.18379 1.22144 1.27587 0.818905 0.248638 -0.463508 -1.24794 -1.83971 -1.94573 -1.57077 -0.883214 -0.0731439 0.567577 1.28859 -0.113073 -1.10617 -0.997659 -0.795708 0.0717797 0.666982 0.779132 1.1142 1.51067 -1.23172 -2.93466
9.25016 3.26027 -39.9835 13.673 8.58358 -25.7917 15.5806 2.53646 -11.243 6.71327 -5.77701 -1.02101 -7.90342 -6.41917 5.02119 -15.509 -9.30804 18.4859 -7.01955 -19.2139 27.1126 5.5383 -26.2136 20.6571 12.7395 -27.9641 6.63828 13.8255 -25.3063 -8.98623 7.49577 -17.4691 -21.2186 -5.29493 -8.44595 -22.9309 -16.8187 -5.63169 -12.7829 -19.5662 -8.86538 2.36158 -14.6612 -9.43944 17.4109 -9.95493 1.19068 28.2358 -5.59601 16.3915 29.4849 1.11911 28.8638 22.5799 9.03967 33.5319 9.97956 12.8967 26.8819 -3.70904 10.951 12.4724 -9.93203 7.95457 -3.10073 -10.7536 6.55012 -17.5219 -17.2389 6.34294 -22.4452 -32.277 6.91736 -11.7948 -43.8387 1.56232 1.24518 1.26201 1.30316 0.84347 0.260419 -0.468241 -1.25997 -1.84882 -1.94621 -1.56761 -0.880878 -0.0718325 0.571323 1.29537 -0.114451 -1.11047 -1.00661 -0.808547 0.0618709 0.657478 0.778479 1.08778 1.43594 -1.28116 -2.93675
8.96615 3.70239 -40.2465 13.3277 8.62075 -25.8906 15.5101 2.19097 -11.5461 6.71048 -5.97814 -1.15082 -7.84405 -6.25974 5.0664 -15.5007 -9.19081 18.493 -7.14824 -19.2607 27.0634 5.42016 -26.289 20.6598 12.7503 -27.9641 6.69868 13.93 -25.2512 -8.90955 7.60797 -17.4514 -21.1698 -5.2387 -8.52937 -22.9898 -16.8558 -5.73677 -12.9428 -19.6466 -8.91994 2.20452 -14.7373 -9.49954 17.2523 -10.0145 1.06496 28.134 -5.69327 16.2931 29.1606 0.843996 28.4765 21.6001 8.23439 32.5129 8.47061 11.4194 25.3397 -5.12632 9.3982 10.7149 -10.7989 7.2466 -5.00723 -11.3985 7.14535 -19.1393 -18.6286 7.60765 -22.741 -34.0313 7.50921 -11.2695 -44.7937 1.55191 1.23323 1.24989 1.29301 0.844475 0.275004 -0.446264 -1.2383 -1.83186 -1.93122 -1.54801 -0.853315 -0.0389815 0.603686 1.32545 -0.0708797 -1.07065 -1.00045 -0.831369 0.0344403 0.637078 0.740651 1.00911 1.3643 -1.30092 -2.90911
8.9243 5.55269 -40.4218 12.5854 10.1591 -25.7698 14.7605 3.37057 -11.5905 6.16706 -4.81463 -1.03659 -8.18718 -5.22725 5.62314 -15.8229 -9.00878 18.8475 -7.69472 -19.6352 26.9488 4.90501 -26.599 20.5363 12.6473 -27.9321 6.76204 14.3812 -24.807 -8.71687 8.33 -16.8787 -21.0313 -4.8514 -8.50705 -23.0612 -16.8071 -6.14047 -13.3062 -19.7909 -9.1547 1.83889 -14.9818 -9.44914 16.9272 -10.3046 1.03807 27.903 -5.99997 16.2514 29.1867 0.650152 28.5243 21.8735 8.28609 32.6672 8.91881 11.8133 25.6146 -4.65677 10.1136 11.0425 -10.5654 8.31897 -4.69789 -11.6576 8.76564 -18.4584 -19.5602 9.6722 -21.1761 -35.1236 8.78953 -9.3376 -45.4437 1.51353 1.21335 1.22534 1.26038 0.853091 0.307768 -0.404648 -1.20828 -1.82969 -1.96004 -1.56791 -0.846968 -0.0169318 0.620227 1.31535 -0.0921598 -1.08711 -1.00621 -0.825506 0.0501412 0.658096 0.748981 0.980548 1.35064 -1.25198 -2.75788
9.24835 4.8582 -40.6491 12.8064 9.68529 -26.0428 14.0468 3.58088 -11.4459 5.10043 -3.16649 -0.191126 -8.91633 -3.39277 7.1607 -16.6753 -8.88245 19.6968 -9.18126 -20.5929 26.861 3.4625 -27.505 20.4794 11.7697 -28.5035 7.00936 14.0065 -25.3491 -8.39889 8.07016 -17.782 -20.9932 -5.23942 -9.78349 -23.6066 -17.387 -7.33561 -14.1123 -20.3468 -9.68949 1.15402 -15.5341 -9.38792 16.241 -10.9656 1.03466 27.3237 -6.8748 16.2719 28.9719 -0.179711 28.6876 21.9465 7.69781 32.8636 9.14804 11.5097 25.7768 -4.33244 9.93105 11.188 -10.2332 7.92222 -4.5319 -11.2455 7.98255 -18.4161 -18.9414 8.61353 -21.6411 -34.4214 8.34429 -10.1638 -45.1747 1.35265 1.08377 1.12784 1.17628 0.857057 0.372037 -0.31279 -1.13297 -1.7888 -1.93357 -1.52649 -0.785638 0.0383328 0.656831 1.31455 -0.114607 -1.10749 -1.01559 -0.824534 0.0570741 0.662769 0.761198 1.00692 1.35983 -1.28468 -2.66222
9.18691 5.15379 -40.7573 12.467 9.83941 -26.0403 13.4385 3.92323 -11.3459 4.63482 -2.02571 0.458368 -8.90834 -1.94301 8.6527 -16.1547 -7.90441 21.2798 -8.30835 -19.8833 27.5697 4.02431 -26.7317 20.5431 11.9694 -27.805 6.862 13.9514 -24.7204 -8.59517 8.01931 -16.7741 -20.9558 -4.94514 -8.05 -22.896 -16.7241 -5.52833 -12.9664 -19.7943 -8.66218 2.13705 -15.4941 -9.12407 17.3741 -11.4545 1.13708 28.8071 -7.73156 16.5044 30.0755 -1.19745 28.6938 22.5221 6.63521 32.6368 9.62266 10.697 25.5989 -3.81036 9.58284 11.0586 -9.93287 7.9626 -4.67851 -11.308 8.30925 -18.4018 -19.28 9.01307 -21.3987 -34.8026 8.54973 -9.83021 -45.451 1.29144 1.0455 1.10361 1.15344 0.854051 0.39856 -0.265784 -1.07051 -1.7147 -1.85645 -1.48244 -0.785206 0.0276437 0.656762 1.30881 -0.116497 -1.12933 -1.05344 -0.852964 0.0468079 0.65873 0.7475 0.983658 1.34149 -1.29066 -2.58991
9.27246 4.87275 -40.6857 12.5534 9.68901 -26.0111 13.3087 3.98684 -11.2198 4.39603 -1.60254 0.67802 -9.17416 -1.36036 8.82428 -16.7142 -7.61784 21.1321 -8.99442 -19.7673 27.2492 3.40475 -26.6999 20.425 11.7085 -27.8847 6.96795 14.0232 -24.9198 -8.4664 8.08288 -17.3593 -21.0628 -5.20541 -9.22586 -23.3476 -17.0806 -6.81141 -13.5064 -20.0116 -9.39745 1.72793 -16.0102 -9.32132 17.053 -13.2551 1.14946 28.6761 -10.53 16.69 30.3159 -3.98139 29.0245 23.0149 4.36194 32.7143 10.363 9.27976 25.5328 -2.7029 9.15431 11.0343 -9.02168 7.98085 -4.69577 -10.8552 8.23056 -18.3936 -18.8745 8.77925 -21.579 -34.3658 8.41772 -10.1615 -45.1799 1.24797 1.00754 1.07204 1.12714 0.851967 0.414985 -0.246694 -1.05748 -1.71194 -1.85232 -1.44595 -0.720911 0.0902439 0.704585 1.31081 -0.19572 -1.22041 -1.12318 -0.883656 0.0622961 0.686239 0.76965 1.01188 1.37102 -1.2701 -2.53524
9.02765 4.66433 -40.1497 12.7925 9.66293 -25.6534 14.2454 3.6645 -11.0322 5.14888 -2.97542 0.165893 -9.09262 -2.92623 7.07579 -17.0573 -8.29918 19.5331 -9.06511 -19.6628 26.7173 3.64433 -26.4192 20.2994 11.992 -27.7513 6.88333 14.3887 -24.807 -8.54244 8.50472 -17.0363 -21.037 -4.73539 -8.73523 -22.9712 -16.4365 -6.35428 -12.9157 -19.4709 -9.04301 2.2805 -16.1908 -8.85957 17.775 -14.7468 1.87756 29.392 -12.4656 17.4978 30.9498 -5.86306 29.6467 23.3908 2.64637 32.6848 10.6765 8.10814 25.0855 -1.92905 9.14925 10.5914 -8.17305 8.8291 -5.13576 -10.3477 9.13451 -18.7849 -18.4478 9.29057 -21.8887 -33.9645 8.3702 -10.379 -44.6469 1.37938 1.10099 1.15026 1.21246 0.893974 0.418655 -0.275804 -1.09364 -1.73861 -1.87237 -1.46569 -0.747257 0.0646662 0.686049 1.26835 -0.290452 -1.3177 -1.21595 -0.948065 0.0502601 0.692424 0.771326 1.03621 1.42751 -1.18698 -2.58296
9.05696 3.90949 -39.433 12.9367 9.29942 -25.1082 14.1507 3.94136 -10.219 4.90471 -1.89673 1.29888 -9.23351 -1.7376 8.41618 -17.1958 -7.99943 20.4528 -9.26905 -19.8381 26.9054 3.38228 -26.5016 20.2789 11.9669 -27.7067 7.00101 14.8844 -24.7553 -8.33348 9.4022 -16.9873 -21.0111 -3.8294 -8.69855 -23.0537 -15.5287 -6.2069 -13.023 -18.7082 -8.72531 2.17278 -15.9223 -8.5381 17.7637 -15.3522 1.95779 29.6732 -13.4805 17.5924 31.5904 -6.70019 29.5711 23.9179 1.95362 31.7232 11.1204 7.80931 23.5247 -0.920232 10.0358 9.0642 -6.9275 10.6197 -6.61176 -9.39746 10.6003 -20.1064 -17.758 10.0442 -22.8072 -33.3408 8.46374 -11.1724 -43.8083 1.32098 1.0486 1.11193 1.18392 0.906608 0.468101 -0.210698 -1.03297 -1.69705 -1.85007 -1.44214 -0.728146 0.0745432 0.683843 1.22164 -0.375269 -1.39362 -1.28969 -1.00629 0.0355419 0.691356 0.779852 1.08074 1.50489 -1.08661 -2.41826
9.62366 4.31499 -39.8208 13.1977 9.08712 -25.2003 14.4419 3.44099 -10.4205 5.47601 -2.56352 1.23247 -8.55534 -2.62637 8.55961 -16.5209 -8.63648 20.7218 -8.76271 -20.4801 27.3673 3.79432 -27.275 20.6951 12.093 -28.4816 7.2368 14.8211 -25.5262 -8.1317 9.72325 -17.3975 -20.7434 -2.87678 -8.18071 -22.8027 -14.4565 -5.25982 -12.749 -17.9018 -8.3549 2.28144 -15.4786 -9.46102 17.8949 -14.6047 0.0381427 30.5964 -12.4206 15.5849 32.8658 -5.82587 27.6058 25.0983 2.4685 30.5177 12.2134 7.93181 23.292 -0.60942 9.42477 9.09831 -7.42554 9.68094 -6.53282 -10.2144 10.3134 -19.8398 -18.8473 10.382 -22.4093 -34.462 9.16771 -10.5922 -44.773 1.3365 1.08452 1.14468 1.21744 0.935219 0.493219 -0.176555 -0.987914 -1.6404 -1.8006 -1.43567 -0.75016 0.0513269 0.662474 1.191 -0.346062 -1.34322 -1.25196 -0.985641 0.0216923 0.665755 0.736234 0.996278 1.3931 -1.21125 -2.54554
10.3882 4.30229 -39.6546 13.5968 8.72462 -24.8406 14.4859 3.30174 -9.95198 5.4871 -2.0494 1.99036 -8.5325 -2.13138 9.33982 -16.6225 -8.73772 21.1041 -8.99796 -20.792 27.5213 3.59152 -27.5307 20.8533 11.9892 -28.6925 7.45266 14.9752 -25.7005 -7.86071 10.2918 -17.4393 -20.5468 -2.11509 -8.00174 -22.772 -13.6613 -5.011 -12.7004 -17.0286 -8.00534 2.36799 -14.8706 -8.68102 18.0447 -15.0801 1.1318 30.5343 -13.9262 16.7916 32.7839 -7.97996 29.0847 24.9195 -0.0546886 31.8361 11.7697 5.46503 24.2791 -0.836088 7.81517 10.1369 -7.51659 9.12423 -5.40232 -10.5159 10.5049 -18.8763 -18.7955 10.9451 -22.1389 -34.2742 9.9721 -10.5265 -44.84 1.26221 1.04506 1.12004 1.2121 0.96613 0.549381 -0.107485 -0.917912 -1.57306 -1.744 -1.38582 -0.694627 0.109847 0.728408 1.24357 -0.358558 -1.39045 -1.31452 -1.04749 -0.00647791 0.652176 0.6867 0.930447 1.32522 -1.29091 -2.54149
12.8034 3.89461 -39.4916 14.7502 7.47069 -24.2361 14.8251 2.50963 -9.16099 5.90363 -1.66819 3.29665 -8.03706 -1.83464 10.7935 -16.4272 -9.13994 21.917 -9.12029 -21.5702 27.9766 3.50385 -28.1831 21.2485 11.9187 -28.9333 7.82928 15.0654 -25.5742 -7.37542 10.6473 -17.1829 -20.0712 -1.83451 -7.89541 -22.4994 -13.5463 -5.16023 -12.547 -16.781 -8.33896 2.51262 -14.2177 -8.88263 18.1332 -14.2397 1.30535 30.3204 -13.2992 17.016 32.2983 -7.71313 29.4305 24.3608 -0.316081 32.1635 10.9031 4.48386 24.3912 -1.86535 6.49584 10.2278 -8.61089 8.1526 -5.24497 -11.7777 10.5426 -18.7577 -19.759 12.7432 -22.3242 -35.019 12.8574 -10.6164 -45.5236 1.09169 0.956254 1.05167 1.17331 0.978299 0.595428 -0.044193 -0.858197 -1.52534 -1.71788 -1.35947 -0.6483 0.171427 0.801206 1.34729 -0.259778 -1.31299 -1.25658 -1.01903 0.0127173 0.67556 0.670951 0.825612 1.14888 -1.49855 -2.52659
13.5094 3.79074 -40.261 14.6437 7.29733 -24.9077 14.3706 2.29963 -9.84709 5.56869 -1.81097 2.71743 -8.10974 -1.88561 10.6841 -16.3498 -9.09038 21.9839 -8.96923 -21.5491 27.8941 3.61832 -28.0354 20.9768 12.0734 -28.6065 7.57409 15.3892 -25.2778 -7.60132 11.122 -16.7838 -20.2804 -1.08951 -7.03686 -22.236 -12.3337 -4.07867 -11.819 -15.7953 -7.51868 3.13252 -14.5308 -9.05647 18.8459 -15.5707 0.154837 31.7454 -14.2419 15.8321 33.7647 -7.92454 27.5607 25.3469 -0.126352 30.0366 12.067 4.93831 22.8451 -0.937436 6.80407 9.01838 -8.3868 8.37444 -6.32534 -12.1658 11.3067 -19.4076 -20.6665 14.1795 -22.4758 -35.923 14.3286 -10.6817 -46.3301 1.10395 0.994843 1.09165 1.20397 1.0103 0.636175 0.00488613 -0.805739 -1.4774 -1.67117 -1.32252 -0.642769 0.157139 0.774074 1.25568 -0.330219 -1.3428 -1.27385 -1.01419 0.0140073 0.674526 0.657721 0.767697 1.07634 -1.54232 -2.53403
11.8259 4.23548 -40.7515 13.4016 8.25854 -25.5647 13.488 2.98056 -10.5978 4.67342 -1.73812 1.74222 -8.88325 -1.78448 9.91452 -16.6251 -8.78259 21.6866 -9.02402 -21.1302 27.5503 3.60363 -27.4056 20.5127 12.2982 -27.7415 7.256 15.9784 -24.4857 -7.85108 12.1579 -16.0196 -20.6903 0.467392 -5.67598 -22.7611 -10.6552 -2.33689 -12.3287 -14.6104 -6.04913 2.4341 -14.4646 -8.19633 18.1262 -16.3143 0.284085 31.4298 -15.2433 15.925 33.8454 -9.22452 27.7523 25.3474 -1.8129 30.3814 11.8769 3.20938 23.2275 -1.16459 5.7347 9.32535 -8.27131 8.55794 -5.91931 -11.7077 12.2648 -18.8235 -20.1781 14.2706 -21.9313 -35.5648 13.0485 -10.4401 -46.2368 1.23055 1.08708 1.1767 1.26932 1.04988 0.667449 0.036769 -0.774068 -1.45577 -1.65597 -1.32179 -0.657566 0.140364 0.75669 1.1907 -0.40183 -1.408 -1.3531 -1.10029 -0.0585796 0.606955 0.571069 0.720977 1.11606 -1.43357 -2.55085
11.3339 4.56397 -39.7726 13.164 8.27268 -24.5344 13.4072 3.06502 -9.54456 4.7771 -1.49543 2.98385 -8.84856 -1.7305 11.0373 -17.1683 -9.05727 22.1995 -9.89179 -21.6347 27.9858 3.01848 -27.6985 21.2834 12.1618 -27.4467 8.33017 15.9575 -23.6072 -6.61035 11.6453 -15.2824 -19.3861 -0.797549 -5.88338 -21.5729 -12.2176 -3.1053 -11.2986 -15.977 -6.82475 3.51339 -15.3779 -9.02786 19.1869 -17.0409 -0.491528 32.4793 -16.3543 15.2017 34.6857 -11.0257 27.1725 25.9316 -3.9418 30.1941 12.3674 1.62349 23.4495 -0.671786 5.08978 9.77868 -7.83033 8.32039 -5.38996 -11.244 11.8231 -18.4063 -19.6293 13.5902 -21.5752 -35.0327 12.3188 -9.99587 -45.6031 1.17257 1.02908 1.11774 1.22223 1.03983 0.680044 0.04813 -0.784313 -1.49256 -1.7018 -1.33151 -0.626325 0.188136 0.802038 1.24926 -0.348757 -1.39509 -1.36924 -1.10954 -0.0471378 0.617182 0.582042 0.744565 1.14034 -1.4269 -2.50158
11.2075 5.42321 -39.0051 12.4232 8.40254 -23.5469 12.6519 2.8189 -8.69278 4.10716 -1.90175 3.83475 -9.5553 -2.22229 11.8226 -17.9705 -9.54018 22.9188 -10.7971 -22.0939 28.8827 2.2954 -28.1638 22.5491 11.8813 -27.6058 9.92963 16.1547 -23.189 -4.71992 12.38 -14.7239 -17.5742 -0.451651 -6.10187 -20.5687 -12.7848 -3.7339 -11.2956 -16.9963 -7.53017 3.37475 -15.7978 -9.51598 19.0431 -16.9235 -0.373973 31.9846 -16.831 15.4252 33.3987 -12.4722 27.5343 24.3046 -5.67928 30.812 10.6514 0.336983 23.9641 -2.13113 4.5035 10.2122 -8.74037 8.21234 -4.93868 -11.7201 12.1862 -17.9225 -19.9446 14.6276 -20.612 -35.3474 13.1293 -8.73388 -45.5503 1.15665 1.03808 1.12342 1.2282 1.04729 0.68002 0.0383543 -0.807404 -1.53803 -1.78389 -1.39742 -0.636453 0.227772 0.853756 1.34307 -0.257752 -1.37502 -1.38136 -1.11586 -0.0330901 0.634501 0.585717 0.714094 1.09774 -1.44239 -2.44973
10.3834 6.1569 -39.5386 11.6347 9.06325 -24.0695 12.0452 3.02884 -9.39676 3.46334 -2.26241 2.87476 -10.0346 -2.72685 11.1308 -17.2645 -9.90722 23.1167 -9.3267 -22.0613 28.9379 3.30717 -28.1649 21.7617 11.9587 -28.2708 8.47296 15.8486 -24.5094 -6.46321 12.2441 -15.7449 -19.164 0.18732 -5.91383 -21.5998 -11.5109 -3.07668 -11.66 -15.4879 -6.79028 3.09641 -14.6708 -8.57823 18.8128 -16.4308 0.354877 31.829 -16.7603 16.1283 33.4748 -12.8465 28.1054 24.0111 -6.91356 30.6292 9.80792 -1.84961 23.079 -2.99195 2.27427 9.20076 -9.35935 6.93949 -5.66501 -12.4295 11.9972 -18.037 -20.9946 14.65 -20.0559 -36.4644 12.7306 -7.86988 -46.2239 1.25412 1.12744 1.20929 1.2973 1.06603 0.67247 0.038032 -0.769128 -1.45133 -1.67037 -1.32366 -0.607577 0.231421 0.864642 1.33489 -0.282788 -1.39666 -1.43446 -1.20384 -0.114568 0.567056 0.497279 0.604582 0.996535 -1.50667 -2.59046
9.54036 7.04266 -38.1713 10.5445 9.18639 -22.5604 11.0324 3.00673 -7.95069 2.63967 -2.22162 4.47755 -10.7405 -3.19247 12.8799 -17.5616 -11.2045 24.5748 -9.26409 -23.413 29.7443 3.46018 -28.8808 22.2235 12.1461 -28.2665 8.97111 16.3775 -23.9661 -5.72479 13.4788 -14.7363 -18.2758 1.79026 -4.46314 -20.6813 -9.96714 -1.79179 -10.7655 -14.3317 -6.2927 3.65867 -14.4461 -9.03647 19.2578 -17.1148 -0.717013 32.5238 -17.4367 15.0665 34.0709 -13.1136 26.7626 24.4354 -6.8265 29.4401 10.414 -1.27486 22.5125 -2.53473 3.18825 8.88511 -9.20744 7.91757 -5.96964 -12.2316 13.0733 -18.0375 -21.164 15.4257 -19.0483 -36.7803 12.6515 -6.39428 -45.7028 1.24925 1.14467 1.22702 1.32012 1.11081 0.736585 0.104872 -0.712293 -1.41386 -1.67191 -1.35909 -0.647741 0.206114 0.843923 1.27851 -0.343087 -1.44689 -1.47112 -1.21623 -0.120748 0.555495 0.487703 0.597374 1.00288 -1.4623 -2.49932
10.7425 7.03414 -38.3078 9.75655 8.50558 -22.6178 9.30128 2.119 -8.09596 0.916189 -3.15428 4.31863 -12.1687 -4.1977 13.1656 -18.4091 -12.0297 25.2987 -9.68953 -23.8897 30.5835 3.21824 -29.0438 23.1544 12.2166 -27.9862 10.1405 16.8242 -23.0102 -4.22542 14.2726 -13.3376 -16.5158 2.27937 -3.47151 -19.1178 -10.1561 -1.55485 -9.87736 -15.14 -6.57886 4.1684 -15.3676 -9.45919 19.7415 -17.9507 -1.01503 32.9454 -17.8134 14.7455 34.736 -12.9417 26.7041 25.7034 -6.2929 29.8401 11.9463 -0.707075 23.4185 -1.24644 3.49875 10.1774 -8.80558 7.85004 -4.60406 -12.6474 13.3934 -16.7645 -21.2151 17.3915 -18.3794 -36.4415 15.3111 -5.96176 -45.8703 1.23386 1.20244 1.28775 1.3676 1.13544 0.731785 0.0768633 -0.753434 -1.47509 -1.76863 -1.46011 -0.71092 0.190544 0.842252 1.28109 -0.337561 -1.41131 -1.40026 -1.13592 -0.0469742 0.627565 0.535745 0.569986 0.929372 -1.51167 -2.43556
12.3607 6.12098 -37.4992 11.2228 8.08445 -21.8737 10.4513 2.12175 -7.18606 1.74216 -2.82425 5.13979 -11.6741 -3.77299 13.487 -18.4674 -11.6188 25.3101 -10.0763 -23.6294 30.7831 2.69869 -29.2831 23.4892 11.6216 -29.0128 10.3836 16.4404 -24.6707 -4.11794 14.6372 -14.8067 -16.3886 3.49767 -3.93828 -18.7836 -8.64563 -1.38175 -9.31262 -13.9837 -6.34376 4.62459 -15.2891 -9.30579 20.1293 -19.1379 -1.06818 33.1542 -19.7378 14.6831 34.9304 -15.0388 26.8585 26.0982 -8.1235 30.2697 12.5395 -2.05436 23.7949 -0.411273 2.63513 10.4702 -7.52513 7.50482 -4.22777 -11.0511 13.3961 -16.6384 -19.0057 17.9654 -19.2291 -33.9335 16.656 -7.41258 -44.2333 1.21341 1.18786 1.28321 1.38114 1.16708 0.784506 0.146997 -0.666036 -1.36566 -1.65521 -1.38635 -0.677387 0.207514 0.85645 1.25364 -0.416478 -1.50585 -1.47627 -1.18624 -0.0748803 0.608482 0.502654 0.521945 0.875742 -1.57855 -2.49517
12.9455 7.6572 -37.7737 11.2876 9.47784 -22.1775 10.3126 3.19754 -7.63514 1.56745 -2.28524 4.43542 -11.8385 -3.67627 12.7371 -18.3 -11.8609 24.5163 -9.30748 -23.5551 29.7122 3.48772 -28.7748 22.1356 12.1691 -28.4006 8.87133 16.6572 -23.9917 -5.71595 14.1027 -14.0711 -17.8065 2.28677 -3.76735 -19.2774 -9.34792 -1.80113 -9.05637 -14.1523 -6.65227 5.11224 -15.7686 -9.65714 20.5794 -20.7147 -2.07411 33.6314 -22.1651 13.6051 35.549 -17.9509 25.6607 26.3168 -11.1045 29.011 12.7078 -4.01621 23.3001 -0.0840314 2.17542 10.9194 -7.73544 7.55823 -3.46224 -11.7825 13.4627 -15.7746 -19.8791 18.4654 -17.8869 -34.7433 17.5147 -5.71086 -44.6564 1.21602 1.20425 1.29566 1.38496 1.17224 0.791205 0.142182 -0.671606 -1.36054 -1.62607 -1.31994 -0.612151 0.257021 0.899205 1.25638 -0.456491 -1.56708 -1.55313 -1.22404 -0.0657083 0.621125 0.51302 0.51045 0.828095 -1.62906 -2.52226
13.5528 8.8116 -36.1255 10.7947 10.7713 -20.7027 9.01295 4.79887 -6.10711 0.191304 -0.858193 5.82669 -13.0274 -3.16561 14.224 -19.1672 -12.3895 25.3914 -10.0092 -24.2626 29.8392 3.01684 -28.9088 22.2826 12.1803 -27.6436 9.40328 16.7939 -22.6823 -4.96576 13.2596 -13.1482 -17.12 0.803058 -3.6563 -18.7593 -10.8556 -2.10924 -8.49379 -15.2073 -6.75976 5.88674 -16.5699 -9.29085 21.4627 -22.3303 -1.55551 34.0844 -24.4821 14.0601 35.8564 -20.0125 26.1675 26.8143 -12.5434 29.0502 13.4276 -5.23668 22.816 1.0087 1.05612 10.3219 -6.37045 6.95 -3.82019 -10.5468 13.6179 -15.5628 -18.8929 19.215 -17.0077 -33.6243 18.6459 -4.37836 -42.9841 1.15183 1.17703 1.26996 1.35258 1.17222 0.817546 0.169501 -0.665884 -1.38918 -1.64897 -1.30018 -0.553978 0.320045 0.960918 1.31032 -0.462854 -1.58722 -1.54724 -1.20256 -0.0349475 0.657095 0.529259 0.483001 0.750289 -1.70251 -2.48175
11.5122 10.39 -35.3458 8.83577 12.2053 -19.8911 6.95324 6.18851 -5.32663 -1.62665 0.134141 6.58824 -14.0588 -3.31471 15.7594 -18.4431 -13.2933 27.1037 -8.82806 -25.1776 30.41 3.59343 -29.8178 21.893 12.0636 -28.7595 8.52949 16.5982 -23.9795 -5.9258 13.9433 -14.1586 -18.0756 1.95208 -4.07496 -19.6492 -9.38108 -1.88627 -9.13891 -13.6912 -5.88361 5.44901 -15.6538 -7.94466 21.0302 -22.1609 -0.634331 33.5418 -25.3171 14.777 35.5783 -21.0516 27.1404 26.7874 -12.9278 30.0048 13.7836 -4.72921 23.8563 1.88964 2.01484 11.6114 -5.50858 7.41936 -2.65193 -9.92792 12.9936 -14.6367 -18.7201 17.6941 -15.5421 -33.8036 16.5395 -2.58539 -42.6479 1.20987 1.23654 1.32437 1.38392 1.18662 0.825929 0.201137 -0.60248 -1.30301 -1.57848 -1.25728 -0.544526 0.300491 0.929628 1.23835 -0.58817 -1.72925 -1.66166 -1.27326 -0.0825395 0.613023 0.523405 0.528393 0.822014 -1.62418 -2.46229
10.051 9.85671 -34.4995 6.5997 11.8177 -19.217 3.83963 6.86811 -4.39265 -4.45239 1.02771 7.82945 -15.1453 -4.48084 18.12 -17.1821 -15.8247 28.8284 -7.06449 -27.6342 30.4983 5.13582 -31.6225 21.3544 13.4023 -29.7822 7.94826 17.5108 -24.1628 -6.33143 14.4934 -13.8229 -17.9547 3.03542 -3.13989 -19.5468 -8.55883 -0.584189 -9.41092 -13.0261 -5.06143 4.98896 -15.033 -7.63224 20.4883 -21.4555 -0.691465 33.2514 -24.7556 14.6349 35.6654 -20.1485 27.3708 27.6096 -11.614 30.6502 14.9721 -3.79326 24.2998 2.93071 1.99039 11.5981 -4.51059 7.52971 -2.56421 -9.08494 13.5013 -14.3001 -17.9516 17.7253 -15.5676 -33.1496 15.7328 -2.724 -42.0096 1.22348 1.28708 1.37827 1.41493 1.22426 0.866681 0.255451 -0.546827 -1.25607 -1.54822 -1.29133 -0.605259 0.253849 0.889478 1.19475 -0.628019 -1.74874 -1.64173 -1.25922 -0.0957987 0.599482 0.496136 0.515818 0.853136 -1.55221 -2.3576
10.7153 10.573 -34.3741 6.42484 13.359 -19.4358 2.72402 9.69884 -4.44251 -5.17744 3.85799 8.03604 -14.0775 -3.55936 18.8232 -15.312 -16.2088 28.0956 -6.06242 -28.8192 28.3295 6.0343 -32.9166 19.0966 14.8734 -30.4048 6.17342 19.275 -24.2069 -7.77574 16.1536 -13.5883 -19.1168 4.96901 -2.5641 -20.2643 -6.23471 0.589318 -9.861 -10.9324 -3.37129 4.61679 -13.5965 -5.98506 20.0097 -20.8278 0.0906029 32.7814 -25.0401 15.0995 35.7151 -21.1034 28.0779 27.6908 -12.7937 31.254 14.8783 -4.85278 24.7568 2.99497 1.34217 12.1592 -4.29051 7.77796 -1.69792 -8.61948 14.3235 -13.3409 -17.1989 18.6465 -14.8354 -32.3482 16.6226 -2.16013 -41.4405 1.19596 1.28862 1.38164 1.40329 1.25793 0.967094 0.425741 -0.364393 -1.10427 -1.41535 -1.18153 -0.537608 0.294325 0.919889 1.18471 -0.674553 -1.80542 -1.70575 -1.31634 -0.133895 0.568078 0.448401 0.466008 0.817585 -1.56492 -2.31116
9.77525 11.9432 -34.3669 5.41286 14.9386 -19.4902 1.88468 11.2553 -4.46108 -5.46434 4.43782 7.85854 -13.3972 -4.49918 18.2405 -14.1501 -17.7878 26.628 -4.86969 -30.3761 26.4525 7.21692 -34.8248 17.3704 16.2457 -32.8087 4.49198 20.8287 -26.5026 -9.34958 18.0694 -15.1932 -20.1012 7.11341 -3.88873 -20.4529 -3.95472 -0.583417 -9.95196 -9.39608 -4.20287 4.35373 -12.874 -7.22954 19.5067 -20.4736 -1.98601 32.4325 -24.4174 12.9614 35.987 -20.2741 26.0909 28.3207 -12.2072 30.0128 15.5597 -4.51057 24.2681 3.14021 1.28711 11.6642 -4.4542 7.46426 -2.34778 -8.65936 13.8025 -13.6189 -17.8676 17.9206 -13.8064 -33.1461 15.6849 -0.711822 -41.5702 1.27119 1.36164 1.444 1.46049 1.33245 1.05689 0.522697 -0.260198 -0.989604 -1.31325 -1.11503 -0.509282 0.315914 0.934169 1.1655 -0.679931 -1.77045 -1.66075 -1.27755 -0.11032 0.590831 0.490675 0.509758 0.851436 -1.52766 -2.34265
9.86707 13.3085 -34.7153 5.6071 17.2849 -20.0405 1.69694 13.4992 -5.13212 -4.65039 6.27109 7.50588 -12.2915 -3.27975 17.5545 -13.3217 -17.2734 24.6693 -4.87706 -30.4026 23.6993 7.48067 -35.2174 15.1865 17.8435 -33.072 3.37748 23.5138 -26.5305 -9.94241 20.8187 -15.127 -20.6105 10.0329 -3.6559 -20.7682 -1.01204 -0.0928907 -10.3274 -7.15365 -3.48837 3.7477 -11.6854 -6.68629 18.5835 -19.8086 -1.63929 31.2666 -24.7471 13.1045 34.4043 -21.6317 26.2713 26.3263 -13.9739 30.2124 13.3215 -5.83697 24.2771 1.27794 1.60772 11.8729 -5.11481 8.45369 -2.03636 -8.55654 14.8455 -13.174 -17.8892 18.0318 -12.9436 -33.3881 15.3248 0.241078 -41.5284 1.38702 1.46677 1.53979 1.56008 1.47086 1.25056 0.763016 -0.0230373 -0.796265 -1.13838 -0.942886 -0.347155 0.481631 1.10111 1.31121 -0.575061 -1.7301 -1.65621 -1.26517 -0.0538728 0.650463 0.549764 0.603568 0.972966 -1.40386 -2.34821
11.2985 15.3877 -33.5281 5.5612 19.3391 -19.3581 0.332856 16.0312 -4.74276 -6.00402 8.96891 7.9939 -12.9279 -1.17164 17.9843 -13.4233 -15.4392 24.5945 -5.38918 -28.8051 23.3971 6.73095 -34.751 15.2661 17.656 -33.8347 3.8099 24.3471 -27.7042 -9.22888 22.9206 -15.7921 -19.5819 12.8798 -3.66241 -19.6061 1.7674 0.45629 -9.44465 -5.47543 -2.17374 4.26645 -11.7235 -5.03059 18.5381 -21.1426 -0.880069 30.6372 -27.1396 13.4558 33.821 -23.6553 26.3459 25.4526 -15.2218 29.0361 12.6098 -6.74922 22.3672 1.19786 1.27212 10.1353 -4.81843 8.61644 -3.47053 -8.44076 15.5252 -13.5757 -18.5482 19.4702 -11.3036 -33.7042 17.2914 2.68057 -40.5695 1.58917 1.72527 1.81152 1.83131 1.74883 1.53915 1.06994 0.305518 -0.458657 -0.826464 -0.677395 -0.108622 0.723204 1.34192 1.49546 -0.455384 -1.59952 -1.49579 -1.07533 0.165664 0.880754 0.774032 0.766709 1.05551 -1.33231 -2.42195
11.1914 17.7557 -33.9354 4.83254 22.4702 -20.2733 -0.357017 20.0438 -5.4723 -7.00691 12.8223 7.01311 -12.9704 1.78445 16.6662 -13.0979 -12.7949 22.5766 -5.33253 -26.3454 21.7344 6.86933 -33.312 14.5968 18.6547 -33.3967 3.98839 26.4335 -27.6515 -8.61501 25.3581 -15.813 -19.0939 14.7736 -4.15795 -19.3665 3.22472 -0.412095 -9.55361 -4.58731 -2.50366 3.93572 -11.5011 -4.84237 17.9928 -21.425 -1.08979 29.815 -27.9794 12.8775 33.4984 -24.5143 26.2672 25.9465 -15.582 29.4873 13.5715 -7.03756 22.7719 2.24114 0.681501 10.29 -3.65502 8.85299 -2.82272 -7.32342 16.251 -11.9361 -18.0106 20.0055 -9.01757 -33.1039 17.5981 4.82966 -40.1674 2.08062 2.22429 2.31375 2.32981 2.25074 2.03782 1.55814 0.78309 -0.00208281 -0.385724 -0.209592 0.391924 1.23682 1.85181 1.97908 -0.0146641 -1.14903 -1.00126 -0.56536 0.670339 1.38639 1.26294 1.24296 1.54508 -0.808737 -2.35779
10.4453 19.1731 -33.923 3.65914 25.0084 -20.9149 -2.26322 23.4201 -6.27637 -8.51786 15.646 6.08078 -13.4532 3.54472 15.0132 -12.8259 -11.0707 20.8019 -4.59096 -24.3602 21.2647 7.6022 -32.4558 15.4201 19.6349 -34.1948 5.24001 27.7719 -29.027 -7.38718 26.7803 -17.0619 -17.7296 16.0499 -5.55538 -18.367 3.81424 -1.82142 -9.41999 -4.71278 -3.73385 3.65661 -11.721 -5.99864 17.6791 -21.5638 -2.70855 29.7051 -28.93 10.7273 33.808 -26.8689 24.3234 26.1124 -18.4615 27.5975 13.3888 -9.18283 20.921 2.62703 0.320176 9.38674 -2.55051 9.57435 -2.92071 -6.43123 17.0197 -11.3515 -17.6332 20.0574 -7.74353 -32.7388 17.0772 6.1003 -39.5873 3.01227 3.164 3.24831 3.25616 3.16106 2.90741 2.37411 1.58386 0.809692 0.430798 0.603843 1.22898 2.10286 2.72399 2.85087 0.843255 -0.335036 -0.222529 0.232025 1.51846 2.2382 2.10251 2.0982 2.42598 0.0987282 -2.36001
12.5733 21.7387 -34.2644 4.40254 26.9812 -21.8119 -2.32354 25.0661 -7.56531 -8.63985 17.4346 4.84871 -13.8636 5.42157 13.735 -12.8843 -9.16797 19.5389 -4.4564 -22.2935 20.6865 7.50389 -31.3612 15.8812 19.7248 -34.3465 6.22844 28.3158 -29.2783 -6.1354 27.7115 -16.9524 -16.076 16.942 -5.51774 -17.1772 3.95794 -1.9878 -9.26204 -5.08878 -3.99565 3.44538 -12.1189 -5.72134 17.533 -22.2396 -1.89344 29.1622 -30.4119 11.1565 32.9736 -28.7088 24.8187 25.3078 -19.4699 27.3656 13.0012 -9.4624 19.8948 3.48652 0.956003 8.9829 -1.26225 10.8744 -2.26562 -6.48538 19.0601 -9.21021 -18.1804 23.2403 -4.73953 -32.7739 20.4158 9.1807 -39.5329 4.29983 4.4927 4.58422 4.59221 4.49288 4.21897 3.6607 2.86572 2.09191 1.69083 1.84502 2.50304 3.41519 4.04404 4.1764 2.12318 0.91083 1.0598 1.55988 2.87494 3.59324 3.42275 3.33958 3.61902 1.3225 -2.35906
13.1325 21.8146 -32.6581 3.61735 26.1234 -20.8166 -4.4938 24.5361 -7.26742 -10.7975 17.41 5.45041 -13.9866 5.04341 14.8038 -12.157 -9.83455 19.5807 -4.79179 -23.633 19.6035 6.60374 -33.5287 15.066 19.2746 -37.2364 6.28261 28.7901 -32.4722 -5.51222 29.1741 -19.9106 -15.1646 19.3096 -7.67149 -16.0807 6.6758 -2.94405 -8.22339 -3.08749 -3.48947 4.09506 -11.774 -4.41908 17.307 -22.9186 -1.33342 28.1979 -32.2452 10.9107 32.0337 -30.6993 24.3755 23.9946 -20.8103 25.7861 12.0148 -10.1793 17.6712 3.7915 0.412791 6.77509 -0.595006 10.7824 -3.83754 -6.25405 19.8111 -9.55676 -17.9921 24.7227 -4.1564 -32.0328 21.8838 10.0155 -38.2405 5.66922 5.9249 6.03845 6.036 5.94152 5.70709 5.20596 4.43326 3.64924 3.22216 3.33365 3.94716 4.83406 5.45863 5.5539 3.43262 2.21096 2.38756 2.92595 4.25469 4.97431 4.77776 4.6409 4.88731 2.61231 -2.37727
12.6902 22.8446 -33.3143 3.40986 26.6521 -21.1205 -4.43559 23.6567 -7.65362 -10.4101 16.4011 5.14923 -13.8941 4.74597 15.2783 -12.8498 -10.1216 20.3153 -6.26287 -24.3072 20.1911 4.85292 -34.6235 15.9038 17.7333 -38.7606 7.63213 27.9622 -34.2644 -3.6603 30.0229 -21.4611 -12.7679 22.1902 -7.84251 -13.8375 9.72216 -1.55845 -6.85381 -1.34718 -1.55756 4.31979 -11.4051 -3.0097 16.4697 -22.6823 -1.04704 27.4841 -32.7653 10.4251 31.7674 -32.2467 23.7865 23.4295 -22.3027 25.0485 11.4787 -10.8374 16.9818 4.40982 0.31522 6.50578 0.405478 10.9965 -3.51021 -5.74034 20.1295 -8.5713 -17.6976 24.6306 -3.04655 -31.8271 21.3681 10.8159 -38.5072 7.77442 8.03209 8.14774 8.14114 8.05516 7.84379 7.36911 6.60751 5.81622 5.34075 5.35751 5.92479 6.82527 7.46257 7.53787 5.39874 4.15078 4.3185 4.89539 6.24482 6.96147 6.7591 6.63112 6.91168 4.66144 -2.43548
14.0488 23.6432 -32.8161 3.58857 27.0947 -21.5029 -4.73799 23.3964 -8.50769 -10.1813 15.3269 4.04265 -13.3078 3.83752 14.4733 -12.4364 -10.5242 20.8366 -6.04294 -24.7658 21.8034 4.88481 -35.3796 17.7666 17.4635 -39.8826 9.22609 27.4442 -35.7301 -2.41435 29.57 -23.1191 -11.7714 22.1652 -9.30843 -13.3149 9.71771 -2.19198 -7.14107 -1.44854 -1.48212 3.91218 -11.316 -2.64983 16.2468 -22.3948 -0.422819 27.4107 -32.8758 10.7892 31.418 -33.2355 23.9175 22.7097 -23.3757 25.0789 10.6795 -11.8712 16.6341 4.13558 -0.816131 5.91545 0.522626 9.88982 -4.11629 -5.55392 19.4751 -8.54001 -17.4097 25.509 -2.32995 -30.6559 23.2987 11.756 -37.2996 10.3202 10.615 10.7364 10.7178 10.6075 10.3694 9.88073 9.12518 8.3551 7.89724 7.91373 8.48278 9.38774 10.0304 10.1202 7.9778 6.67525 6.82595 7.41248 8.76443 9.48117 9.26467 9.06629 9.26357 7.00896 -2.58208
13.0924 24.3381 -34.0835 2.73301 28.1913 -22.8075 -5.16786 24.0508 -9.68066 -10.206 15.1463 2.46772 -12.874 3.26983 12.5876 -11.2032 -10.6894 19.6487 -4.2345 -24.5208 21.8328 6.78203 -35.2893 18.5096 19.1912 -40.103 9.8909 28.5916 -35.7702 -2.15975 29.4011 -23.0035 -11.5124 20.8219 -9.85324 -12.7052 7.91721 -3.64872 -6.48589 -2.84606 -2.91903 4.95911 -12.717 -3.10703 17.3449 -24.1959 -0.06668 27.8961 -34.5604 11.4067 31.4402 -34.1506 24.2807 22.3624 -23.8801 24.5113 10.6255 -12.8308 15.3595 4.24968 -2.09869 4.38621 0.432767 8.8867 -5.05172 -6.08078 18.3884 -8.61729 -18.2877 24.2116 -1.99938 -31.4303 22.0656 12.0805 -38.1078 12.8621 13.1493 13.2679 13.2453 13.1136 12.8342 12.3082 11.5429 10.7902 10.3695 10.4239 11.017 11.9194 12.5515 12.6392 10.4792 9.19009 9.35424 9.92664 11.2671 11.9828 11.758 11.5582 11.7545 9.49697 -2.64198
