# num_vectors 34
# vector_size 401
# Iterations: 1000000, stepsize: 0.001000, max step size: 1.000000, spring constant: 100.000000, global NEB: true, climbing image: false
0.0627664 40.1125 24.4536 -3.67512 38.3618 19.3422 -6.98347 35.836 14.2589 -9.83932 32.6255 9.28894 -12.2321 28.8157 4.50107 -13.5477 26.0351 1.49185 -14.6634 23.0506 -1.40063 -15.5798 19.8816 -4.16385 -16.2945 16.548 -6.78954 -16.773 13.3295 -9.09441 -17.0716 10.0022 -11.2714 -17.1864 6.58082 -13.3159 -17.1135 3.08097 -15.2252 -16.7305 -1.56908 -17.4965 -16.0142 -6.29465 -19.5176 -14.9546 -11.0613 -21.2742 -13.5522 -15.8363 -22.7441 -12.0813 -19.8963 -23.753 -10.3621 -23.912 -24.5179 -8.39634 -27.8548 -25.0227 -6.18874 -31.6941 -25.2508 -2.52223 -37.081 -25.0554 1.61179 -42.0459 -24.1832 6.15294 -46.4469 -22.5986 11.0109 -50.1275 -20.2849 15.043 -52.4383 -17.9116 19.1149 -54.096 -15.1008 23.127 -55.0241 -11.8959 26.9649 -55.1603 -8.36298 30.688 -54.4022 -4.37989 33.9276 -52.7075 -0.264992 36.5382 -50.1101 3.8263 38.3921 -46.6942 7.72438 39.3067 -43.1908 10.7979 39.5472 -39.2879 13.4936 39.103 -35.1165 15.7205 37.9907 -30.8187 17.4085 35.5696 -25.1715 18.7349 32.2207 -19.8583 18.9924 28.1437 -15.1383 18.2107 23.5596 -11.2053 16.47 18.9699 -8.33328 14.0637 14.2943 -6.31674 11.0344 9.73094 -5.05527 7.47241 5.34867 -4.41921 3.53597 1.82329 -4.25561 0.051836 -1.58869 -4.33958 -3.54618 -4.91687 -4.58297 -7.21473 -8.19885 -4.89928 -10.9192 -11.3057 -5.18743 -14.437 -14.4422 -5.39103 -17.9343 -17.6399 -5.43596 -21.3817 -20.92 -5.24497 -24.7453 -25.256 -4.53827 -28.8738 -29.7227 -3.15027 -32.6774 -34.2475 -0.93966 -35.9917 -38.6878 2.18564 -38.6109 -42.4996 5.86877 -40.2026 -45.8335 10.2393 -40.8443 -48.4459 15.0992 -40.4126 -50.1091 20.147 -38.8697 -50.6597 24.8265 -36.4089 -50.1291 28.9969 -33.1559 -48.5656 32.3662 -29.353 -46.1086 34.7343 -25.2773 -42.9017 36.025 -21.1289 -39.2057 36.2114 -17.1966 -35.2305 35.3959 -13.6341 -31.1454 33.7278 -10.5213 -26.8971 31.2574 -7.77412 -22.7368 28.2199 -5.5016 -18.695 24.773 -3.63543 -14.7663 21.0492 -2.08719 -11.3316 17.584 -0.889593 -7.94047 14.0462 0.215961 -4.56442 10.491 1.31236 -1.17394 6.97278 2.48112 2.91422 2.90974 4.07608 7.08763 -0.904225 6.02589 11.3479 -4.32608 8.45617 15.6564 -7.18102 11.4648 19.3996 -9.03017 14.5785 23.0891 -10.1459 18.0813 26.6199 -10.4575 21.8976 29.8775 -9.92007 25.9256 33.22 -8.16889 30.8024 35.825 -5.25298 35.5704 37.533 -1.29201 39.9767 38.2353 3.51419 43.7753 37.9413 8.50247 46.5668 36.753 13.7499 48.5199 34.7376 19.0066 49.5533 32.0039 24.0346 49.6433 28.7777 28.5189 48.8492 25.1391 32.4361 47.248 21.2302 35.6773 44.9321 17.1842 38.1756 42.0106 12.6346 40.056 38.1611 8.19785 40.9753 33.8573 3.98097 40.9734 29.2452 -22.0203 -21.9867 -21.9724 -21.9496 -21.9597 -21.9394 -21.9331 -21.9038 -21.9422 -21.9149 -21.9095 -21.8499 -21.9549 -21.8994 -21.8908 -21.8562 -21.9322 -21.9014 -21.9082 -21.9213 -21.9269 -21.9445 -21.9627 -21.9886 -21.9929 -22.0125 -22.0257 -22.044 -22.0381 -22.0501 -22.0511 -22.0573 -22.027 -22.0242 -22.0071 -22.0107 -21.9124 -21.942 -21.896 -21.7983 -21.8531 -21.7926 -21.7774 -21.7509 -21.7853 -21.7647 -21.7616 -21.7432 -21.7723 -21.7521 -21.7449 -21.7231 -21.7392 -21.7087 -21.6888 -21.6641 -21.6574 -21.6344 -21.6223 -21.6231 -21.6131 -21.6257 -21.6412 -21.6682 -21.6758 -21.7044 -21.7236 -21.737 -21.7531 -21.7589 -21.764 -21.7598 -21.7756 -21.768 -21.7678 -21.7099 -21.8408 -21.7736 -21.7637 -21.7001 -21.8275 -21.7669 -21.7701 -21.7425 -21.8154 -21.7997 -21.8164 -21.8018 -21.8944 -21.8825 -21.9008 -21.9233 -21.9429 -21.9404 -21.9593 -21.9603 -21.9754 -21.9676 -21.957 -21.9277 -0.0194034
1.16288 40.3551 25.914 -2.47905 38.842 20.6595 -5.70514 36.5282 15.4247 -8.51952 33.5264 10.303 -10.9353 29.9244 5.36809 -12.3055 27.2694 2.27105 -13.5039 24.3931 -0.696907 -14.5236 21.3047 -3.51469 -15.3553 18.015 -6.16125 -15.9462 14.8027 -8.44845 -16.3557 11.451 -10.5692 -16.5789 7.98132 -12.5214 -16.6147 4.41673 -14.308 -16.3835 -0.328486 -16.3955 -15.8448 -5.15006 -18.237 -15.0026 -10.0095 -19.8513 -13.8539 -14.8738 -21.2466 -12.6203 -19.0109 -22.2601 -11.1444 -23.1087 -23.0944 -9.41472 -27.1426 -23.7268 -7.42183 -31.0837 -24.1293 -4.01133 -36.6384 -24.2484 -0.0425133 -41.7829 -23.7169 4.42553 -46.3626 -22.4662 9.29012 -50.211 -20.4599 13.3724 -52.6462 -18.3074 17.5254 -54.4198 -15.6925 21.6423 -55.4559 -12.6584 25.6042 -55.6921 -9.27059 29.4743 -55.0298 -5.41259 32.8735 -53.4181 -1.39421 35.6519 -50.8881 2.62825 37.677 -47.5217 6.48391 38.7377 -44.0457 9.5416 39.118 -40.1562 12.2405 38.8031 -35.9846 14.489 37.8061 -31.6731 16.2136 35.5098 -25.9908 17.6099 32.2563 -20.6236 17.9549 28.2548 -15.8251 17.2673 23.7387 -11.7728 15.6256 19.2175 -8.7201 13.314 14.6084 -6.42552 10.3823 10.0401 -4.84593 6.95619 5.59544 -3.89662 3.1552 1.99758 -3.49962 -0.23472 -1.48795 -3.38908 -3.76073 -4.87852 -3.48309 -7.37861 -8.20395 -3.69587 -11.0515 -11.3314 -3.92506 -14.5554 -14.4678 -4.10217 -18.0542 -17.6459 -4.14529 -21.5196 -20.8917 -3.96951 -24.9173 -25.1737 -3.29744 -29.1073 -29.5878 -1.94564 -32.9846 -34.0681 0.239823 -36.3751 -38.4726 3.35787 -39.0624 -42.2567 7.04902 -40.7009 -45.5648 11.435 -41.37 -48.1518 16.3091 -40.9471 -49.7926 21.3624 -39.3978 -50.3274 26.0355 -36.9213 -49.788 30.1882 -33.6472 -48.222 33.5284 -29.8199 -45.7655 35.854 -25.7195 -42.5592 37.0832 -21.552 -38.8635 37.1847 -17.6162 -34.8925 36.2584 -14.0762 -30.8215 34.4558 -11.0206 -26.6045 31.8266 -8.37441 -22.4969 28.6201 -6.24249 -18.5291 25.0033 -4.54726 -14.6916 21.1152 -3.18519 -11.3467 17.5121 -2.15158 -8.04832 13.8458 -1.1938 -4.76393 10.1723 -0.215598 -1.46266 6.54644 0.876943 2.52166 2.37007 2.44159 6.59019 -1.5387 4.42494 10.7407 -5.04115 6.92916 14.9385 -7.97825 10.014 18.5791 -9.93872 13.1809 22.1358 -11.2325 16.759 25.5252 -11.7662 20.6774 28.6515 -11.4718 24.8326 31.8768 -10.0137 29.8817 34.4293 -7.37341 34.835 36.1671 -3.65488 39.4366 36.9873 0.958873 43.4444 36.8809 5.82828 46.4509 35.9415 11.0321 48.6418 34.215 16.3333 49.9376 31.7844 21.5023 50.3059 28.8429 26.2162 49.7824 25.4582 30.4432 48.4319 21.7593 34.053 46.3258 17.8759 36.9501 43.5557 13.4594 39.2752 39.7952 9.12235 40.5997 35.4954 4.99245 40.9397 30.8176 -15.6208 -15.4713 -15.3088 -15.152 -15.5885 -15.4602 -15.3168 -15.1476 -15.6809 -15.4606 -15.1749 -14.8007 -16.1924 -15.647 -15.1036 -14.7695 -15.8374 -15.7067 -15.6517 -15.6488 -15.4988 -15.4869 -15.5219 -15.5919 -15.3884 -15.4436 -15.5108 -15.5874 -15.3851 -15.4576 -15.5402 -15.6344 -15.3042 -15.393 -15.5108 -15.6567 -14.7973 -15.9597 -15.9304 -14.9283 -16.0316 -15.5184 -15.2063 -14.9805 -15.5066 -15.3411 -15.1879 -15.041 -15.4587 -15.3186 -15.1775 -15.039 -15.4068 -15.2182 -15.0601 -14.9488 -15.0697 -14.9736 -14.9303 -14.9442 -14.7761 -14.8047 -14.8866 -15.0014 -14.8083 -14.9006 -14.9727 -15.0189 -15.1247 -15.13 -15.1237 -15.1085 -15.3795 -15.3208 -15.2434 -15.1195 -17.3235 -16.5336 -15.4948 -14.5061 -16.3045 -15.6497 -15.1201 -14.6794 -15.6605 -15.3165 -14.9746 -14.6358 -15.7844 -15.6066 -15.3965 -15.2424 -15.3007 -14.9902 -14.9507 -14.9257 -15.3105 -15.2021 -15.0501 -14.9209 0.197731
0.131606 39.1084 23.8573 -3.61271 37.4073 18.7338 -6.97863 34.9182 13.6703 -9.94934 31.7562 8.73661 -12.5096 28.0178 3.97912 -13.9513 25.2939 0.975716 -15.1937 22.3685 -1.92541 -16.2203 19.2528 -4.7105 -17.0123 15.9584 -7.36347 -17.5218 12.7596 -9.68881 -17.8063 9.43616 -11.8735 -17.8615 6.00704 -13.9075 -17.689 2.49304 -15.784 -17.1323 -2.17381 -17.9836 -16.2184 -6.90566 -19.9078 -14.9657 -11.6644 -21.5551 -13.3869 -16.4155 -22.9195 -11.7824 -20.4436 -23.8496 -9.94141 -24.4174 -24.5461 -7.86024 -28.3082 -24.9875 -5.53596 -32.0814 -25.1484 -1.68623 -37.3328 -24.8289 2.64653 -42.0897 -23.7805 7.3802 -46.1898 -21.9688 12.3913 -49.4747 -19.4002 16.4962 -51.4161 -16.8291 20.5865 -52.6775 -13.8444 24.56 -53.2044 -10.5035 28.306 -52.9556 -6.87918 31.8819 -51.8302 -2.84849 34.9343 -49.8267 1.27071 37.3309 -46.9932 5.33606 38.9574 -43.4216 9.19587 39.6721 -39.8489 12.2425 39.7105 -35.932 14.9283 39.0573 -31.7942 17.1665 37.7213 -27.5709 18.88 34.9683 -22.0861 20.2404 31.2526 -17.0219 20.4862 26.8177 -12.6548 19.6074 21.9524 -9.17341 17.6785 17.2285 -6.77294 15.0278 12.5676 -5.20711 11.7223 8.09884 -4.38536 7.91997 3.88062 -4.17163 3.76495 0.537212 -4.33628 0.105982 -2.66377 -4.71447 -3.66289 -5.76692 -5.20646 -7.49983 -8.82467 -5.71347 -11.3711 -11.7314 -6.11766 -15.0451 -14.6872 -6.36441 -18.6937 -17.7255 -6.37134 -22.2825 -20.8679 -6.05738 -25.7662 -25.054 -5.07282 -29.9913 -29.3827 -3.29309 -33.7913 -33.7521 -0.623346 -36.9733 -37.9927 2.95901 -39.3243 -41.5742 6.99014 -40.5697 -44.6467 11.5869 -40.8095 -47.0005 16.5252 -39.9717 -48.4527 21.5136 -38.0651 -48.8817 26.046 -35.321 -48.3245 30.0347 -31.8517 -46.8207 33.2352 -27.8826 -44.4814 35.4754 -23.6675 -41.417 36.6822 -19.3881 -37.8548 36.817 -15.332 -33.9874 35.9604 -11.662 -29.9814 34.2424 -8.47442 -25.7936 31.6984 -5.70167 -21.6869 28.5601 -3.46879 -17.7077 24.9867 -1.70937 -13.863 21.1133 -0.32642 -10.5267 17.4968 0.687981 -7.251 13.7951 1.5853 -4.00006 10.0661 2.45967 -0.736163 6.36624 3.40657 3.21143 2.0798 4.75107 7.2708 -1.95693 6.4806 11.4567 -5.59386 8.72024 15.7431 -8.65284 11.5547 19.5004 -10.6883 14.5323 23.1966 -12.009 17.956 26.7253 -12.5048 21.7547 29.9615 -12.0983 25.8153 33.2384 -10.4167 30.7608 35.7215 -7.4861 35.5846 37.258 -3.46664 40.0013 37.7663 1.39741 43.757 37.3125 6.41287 46.4777 36.0141 11.6635 48.3506 33.9564 16.9165 49.3169 31.2501 21.9599 49.3616 28.1073 26.4984 48.5416 24.5898 30.5179 46.9237 20.8186 33.9051 44.5885 16.9086 36.5775 41.636 12.4932 38.6593 37.7342 8.16116 39.7556 33.3656 4.01512 39.8857 28.6914 -9.55675 -9.40455 -9.23726 -9.07518 -9.50875 -9.38119 -9.24356 -9.08748 -9.64093 -9.44914 -9.20073 -8.86924 -10.2969 -9.71312 -9.01387 -8.5306 -9.53385 -9.38816 -9.33757 -9.34634 -9.21268 -9.21793 -9.2673 -9.34913 -9.15513 -9.21765 -9.29096 -9.37238 -9.17361 -9.24766 -9.32971 -9.42015 -9.08265 -9.15892 -9.25478 -9.36201 -8.42013 -9.42424 -9.59431 -8.93232 -10.0856 -9.57083 -9.25101 -9.01769 -9.53615 -9.36259 -9.19939 -9.04003 -9.44319 -9.28813 -9.13248 -8.98161 -9.33946 -9.14767 -8.99373 -8.89117 -9.02182 -8.93424 -8.89714 -8.91389 -8.74435 -8.76635 -8.83571 -8.93244 -8.71905 -8.79184 -8.84809 -8.88293 -8.98188 -8.9848 -8.98052 -8.97175 -9.25328 -9.20786 -9.14641 -9.0391 -11.2509 -10.4253 -9.27669 -8.22151 -10.0326 -9.41002 -8.91231 -8.49969 -9.50643 -9.18743 -8.86852 -8.55379 -9.73264 -9.60454 -9.47955 -9.41344 -9.41717 -8.96633 -8.83787 -8.77214 -9.13936 -9.02583 -8.87362 -8.74494 0.310537
2.72996 41.3388 19.4277 -1.95672 39.8463 15.0726 -6.19 37.194 10.806 -9.85713 33.56 6.74327 -12.9159 29.1614 2.94123 -14.5991 25.9754 0.588959 -16.0344 22.5992 -1.65995 -17.2243 19.0697 -3.81486 -18.1671 15.4167 -5.8846 -18.8182 11.9445 -7.73354 -19.2544 8.40735 -9.52156 -19.477 4.82262 -11.2532 -19.4883 1.20583 -12.9316 -19.1902 -3.52759 -15.0369 -18.5402 -8.2667 -17.0481 -17.5334 -12.9889 -18.9493 -16.1529 -17.6709 -20.7096 -14.6547 -21.6182 -22.0654 -12.8417 -25.4896 -23.2441 -10.6926 -29.2496 -24.1963 -8.19291 -32.8507 -24.8656 -3.89266 -37.7366 -25.2291 1.06706 -41.9344 -24.7045 6.48313 -45.2452 -23.2208 12.0894 -47.5329 -20.806 16.5295 -48.5904 -18.2775 20.8002 -48.9602 -15.3024 24.8019 -48.66 -11.9674 28.4515 -47.7152 -8.35986 31.8405 -46.0546 -4.35298 34.6818 -43.7577 -0.236101 36.9058 -40.8812 3.89641 38.4461 -37.4943 7.95281 39.1732 -34.2255 11.3207 39.2959 -30.7002 14.5008 38.764 -26.9918 17.42 37.5295 -23.1923 19.9883 34.7763 -18.2191 22.6713 30.7932 -13.6297 24.2775 25.8272 -9.78903 24.5862 20.3043 -6.98606 23.5157 15.0305 -5.40318 21.3296 10.0388 -4.79692 18.197 5.53224 -5.00025 14.3568 1.56266 -5.79055 10.0306 -1.40041 -6.72491 6.16562 -4.11186 -7.78072 2.15009 -6.66199 -8.8437 -1.96796 -9.14119 -9.80972 -6.15274 -11.502 -10.5466 -10.1518 -13.9303 -11.0308 -14.149 -16.4687 -11.1873 -18.104 -19.1421 -10.945 -21.9645 -22.7715 -9.95679 -26.6754 -26.5912 -8.10097 -30.9543 -30.5018 -5.32632 -34.6084 -34.3514 -1.65125 -37.44 -37.6667 2.4339 -39.1571 -40.6047 7.06234 -39.9149 -42.9989 12.0445 -39.6418 -44.6967 17.1434 -38.3204 -45.5579 21.8987 -36.1064 -45.5965 26.261 -33.069 -44.7954 29.9904 -29.3668 -43.193 32.8832 -25.2049 -40.8389 34.8166 -20.7464 -37.8925 35.665 -16.3015 -34.519 35.4394 -12.0912 -30.8855 34.2236 -8.28626 -26.9796 32.0459 -4.86607 -23.0812 29.1204 -2.04798 -19.2729 25.6303 0.191002 -15.5915 21.7403 1.92631 -12.4115 18.0464 3.14315 -9.31057 14.2214 4.13867 -6.25516 10.3299 5.00978 -3.2039 6.42935 5.85426 0.4822 1.84926 6.94941 4.30203 -2.55139 8.29373 8.31652 -6.63451 10.0188 12.5591 -10.2262 12.2243 16.4351 -12.7841 14.5821 20.4359 -14.6509 17.3451 24.4774 -15.6607 20.4712 28.4252 -15.6611 23.8682 32.7303 -14.226 28.0428 36.2992 -11.2254 32.0775 38.8205 -6.86754 35.6371 40.1139 -1.53631 38.4521 40.2039 3.89074 40.2684 39.3171 9.45225 41.2899 37.5988 14.9055 41.5536 35.203 20.086 41.1259 32.3462 24.7722 40.1139 29.0783 29.0274 38.5777 25.4783 32.7909 36.5717 21.6089 35.9962 34.1427 17.0263 38.8271 30.9743 12.2681 40.7337 27.4 7.4528 41.5976 23.5116 -5.01623 -4.90277 -4.76958 -4.63064 -5.06802 -4.93399 -4.7811 -4.60214 -5.12795 -4.90717 -4.63315 -4.2912 -5.75468 -5.32081 -4.84106 -4.46383 -5.43168 -5.20152 -5.05527 -4.97351 -4.74508 -4.66223 -4.65152 -4.69591 -4.48373 -4.53852 -4.61024 -4.69479 -4.50319 -4.58872 -4.68648 -4.79695 -4.48231 -4.58406 -4.71051 -4.85885 -4.00838 -5.29902 -5.96115 -5.26365 -6.22046 -5.58632 -5.19963 -4.92855 -5.42709 -5.24228 -5.07206 -4.90861 -5.31008 -5.15525 -5.00179 -4.85513 -5.2198 -5.03818 -4.89566 -4.80408 -4.94329 -4.86066 -4.82431 -4.83657 -4.65653 -4.6616 -4.7082 -4.78018 -4.54326 -4.59725 -4.64139 -4.67101 -4.77103 -4.78093 -4.78912 -4.79868 -5.10427 -5.08942 -5.06948 -5.01869 -7.30973 -6.53156 -5.134 -3.73743 -5.47995 -4.87482 -4.41135 -4.03707 -5.08811 -4.82042 -4.55537 -4.29404 -5.51455 -5.39584 -5.19417 -4.89437 -4.6342 -4.10356 -4.01462 -4.01159 -4.4383 -4.37698 -4.26881 -4.17906 0.298159
2.19833 40.4954 12.9746 -3.19592 38.7386 9.66161 -8.09335 35.6605 6.54692 -12.2756 31.4827 3.68109 -15.647 26.5048 1.03284 -17.4317 22.9652 -0.64125 -18.8965 19.2744 -2.29912 -20.0519 15.4811 -3.96993 -20.9021 11.6225 -5.67419 -21.4198 8.0154 -7.29245 -21.6804 4.39769 -8.9483 -21.6881 0.784863 -10.635 -21.4477 -2.81136 -12.34 -20.7682 -7.45226 -14.5594 -19.6771 -12.0364 -16.732 -18.172 -16.5505 -18.8018 -16.2406 -20.9747 -20.7047 -14.2352 -24.6591 -22.1422 -11.888 -28.2208 -23.3542 -9.18606 -31.6121 -24.2823 -6.12679 -34.7693 -24.8623 -1.02937 -38.8317 -24.9624 4.61085 -41.9605 -24.0167 10.4767 -43.9656 -22.0002 16.2177 -44.785 -19.0228 20.5282 -44.6355 -16.0865 24.4819 -43.8384 -12.7762 28.0195 -42.466 -9.19484 31.1035 -40.5853 -5.42952 33.834 -38.1164 -1.33741 35.9994 -35.2162 2.80938 37.5695 -31.9526 6.95426 38.5075 -28.3966 11.0496 38.7697 -25.1536 14.5094 38.4781 -21.8056 17.8652 37.5661 -18.4182 21.0667 35.954 -15.078 24.0332 32.6429 -10.9259 27.3958 27.9757 -7.42965 29.7417 22.2622 -4.98217 30.6772 16.1199 -3.84532 29.9781 10.5817 -3.97539 27.8779 5.74628 -5.06842 24.6343 1.80291 -6.81553 20.5731 -1.30173 -8.90388 15.9801 -3.41758 -10.7119 11.8761 -5.24609 -12.4503 7.60718 -6.93559 -14.0169 3.21621 -8.61522 -15.3224 -1.26313 -10.294 -16.2445 -5.5572 -12.1201 -16.7955 -9.85474 -14.1329 -16.9174 -14.1024 -16.3481 -16.5584 -18.2343 -19.4708 -15.3332 -23.2432 -22.8504 -13.1959 -27.7546 -26.3732 -10.1536 -31.5858 -29.8912 -6.27273 -34.5698 -32.9726 -2.07446 -36.4426 -35.7755 2.60046 -37.4005 -38.167 7.59138 -37.3861 -40.0219 12.7064 -36.3742 -41.1957 17.5316 -34.4776 -41.6974 22.0565 -31.7338 -41.4809 26.0651 -28.2492 -40.5379 29.3541 -24.1811 -38.8721 31.7873 -19.6574 -36.5748 33.1919 -14.9768 -33.7645 33.5303 -10.3783 -30.58 32.8414 -6.07215 -27.0118 31.1385 -2.06398 -23.3295 28.5923 1.34988 -19.6407 25.3835 4.14158 -16.0143 21.6858 6.34892 -12.8554 18.1 7.89859 -9.76831 14.3338 9.13243 -6.73319 10.4594 10.1396 -3.7154 6.53916 11.0122 -0.0842322 1.8903 11.9946 3.6832 -2.629 13.0645 7.68307 -6.88272 14.3563 11.9966 -10.6935 15.979 16.0467 -13.4668 17.7196 20.3564 -15.5435 19.7783 24.8559 -16.7085 22.1285 29.3908 -16.746 24.6893 34.4653 -15.1322 27.7985 38.71 -11.7051 30.6729 41.6436 -6.79504 32.9771 43.0245 -0.978273 34.4874 42.9625 4.70941 35.126 41.7987 10.3133 35.0784 39.7697 15.6265 34.4361 37.0881 20.5523 33.2936 34.0005 24.9467 31.7771 30.5471 28.9206 29.9258 26.7879 32.4498 27.7906 22.7537 35.4872 25.4148 17.9332 38.2096 22.5161 12.829 40.0629 19.4235 7.53033 40.8746 16.2115 -2.42675 -2.33942 -2.22882 -2.10575 -2.54743 -2.41487 -2.26529 -2.09591 -2.64039 -2.44903 -2.21737 -1.93026 -3.46487 -3.07708 -2.51935 -1.9292 -2.70895 -2.37851 -2.18588 -2.0861 -1.85189 -1.76886 -1.7615 -1.8108 -1.60548 -1.6676 -1.7477 -1.84126 -1.65904 -1.7543 -1.86171 -1.98118 -1.6736 -1.77964 -1.90627 -2.04996 -1.19723 -2.54572 -3.47964 -3.10146 -4.15157 -3.51273 -3.10673 -2.82101 -3.31258 -3.12461 -2.95307 -2.78925 -3.19118 -3.03776 -2.88725 -2.74551 -3.1179 -2.94778 -2.81777 -2.73744 -2.88441 -2.80514 -2.76747 -2.77323 -2.58132 -2.56902 -2.59285 -2.639 -2.37541 -2.40435 -2.4269 -2.43908 -2.52555 -2.52598 -2.52896 -2.53814 -2.84913 -2.84582 -2.84616 -2.82746 -5.16933 -4.42782 -2.75603 -1.10433 -2.89756 -2.35317 -1.9367 -1.59938 -2.68433 -2.45068 -2.22144 -2.00211 -3.27063 -3.20117 -3.02812 -2.68855 -2.30579 -1.64315 -1.47183 -1.43496 -1.8582 -1.81224 -1.72675 -1.66091 0.201247
4.13708 40.8384 6.1704 -1.99656 39.2566 4.42837 -7.53419 36.0668 2.90568 -12.1319 31.5608 1.59585 -15.6756 26.1566 0.414298 -17.4905 22.3352 -0.372814 -18.9556 18.3782 -1.21658 -20.1156 14.3437 -2.16191 -21.0017 10.2747 -3.24561 -21.5967 6.50348 -4.39524 -21.9832 2.75333 -5.69313 -22.1642 -0.958752 -7.13713 -22.1363 -4.62012 -8.71547 -21.7715 -9.29368 -10.9403 -20.9992 -13.8511 -13.2981 -19.7743 -18.2777 -15.7128 -18.0434 -22.5495 -18.0962 -16.1197 -26.0453 -20.0302 -13.757 -29.3553 -21.7982 -10.9348 -32.4186 -23.3189 -7.65265 -35.1561 -24.5007 -2.07841 -38.4022 -25.4411 4.10216 -40.4592 -25.1895 10.3988 -41.183 -23.6655 16.3163 -40.6299 -20.9877 20.5505 -39.4216 -18.1884 24.252 -37.671 -14.9543 27.4047 -35.4991 -11.4092 30.0242 -33.0023 -7.65045 32.2375 -30.0973 -3.53251 33.9153 -26.9826 0.683972 35.0762 -23.7183 4.9608 35.7204 -20.3611 9.27471 35.8398 -17.4371 13.0151 35.5109 -14.5336 16.7589 34.6554 -11.7096 20.4802 33.1628 -9.0495 24.1204 30.0296 -5.97988 28.6226 25.441 -3.79453 32.3209 19.6656 -2.8755 34.6248 13.4179 -3.39777 35.0714 7.89309 -5.05632 33.7213 3.27269 -7.48307 30.9178 -0.26264 -10.2714 27.0676 -2.83305 -13.0951 22.5379 -4.45735 -15.3202 18.4147 -5.77902 -17.3339 14.0801 -6.95694 -19.0714 9.58739 -8.12145 -20.476 4.97629 -9.30641 -21.4506 0.531718 -10.6317 -22.0331 -3.94175 -12.1373 -22.1803 -8.39379 -13.8427 -21.8524 -12.7633 -16.3195 -20.6869 -18.1344 -19.0848 -18.6412 -23.0852 -22.0563 -15.7231 -27.4439 -25.123 -11.9903 -31.05 -27.9128 -7.93357 -33.5774 -30.5729 -3.38279 -35.2631 -32.9992 1.53123 -36.0337 -35.0884 6.65214 -35.8359 -36.6847 11.5958 -34.7095 -37.7965 16.379 -32.6747 -38.353 20.8028 -29.7802 -38.302 24.6619 -26.1249 -37.6027 27.8057 -21.7907 -36.2624 30.0027 -17.0436 -34.3338 31.1501 -12.1321 -31.9061 31.2221 -7.3094 -28.965 30.2075 -2.61718 -25.7414 28.2121 1.54497 -22.3613 25.4148 5.07288 -18.9237 22.0077 7.9485 -15.8597 18.6022 10.0103 -12.8201 14.9612 11.6654 -9.80348 11.1716 12.9977 -6.78996 7.305 14.0951 -3.15954 2.68494 15.207 0.602235 -1.84693 16.2426 4.59326 -6.16844 17.3184 8.91217 -10.1261 18.5206 13.0085 -13.115 19.708 17.4452 -15.504 21.0243 22.2071 -17.0752 22.4314 27.1936 -17.58 23.8473 33.0733 -16.5099 25.3653 38.339 -13.4935 26.4583 42.322 -8.80811 26.9101 44.5956 -3.0827 26.644 45.1529 2.55405 25.8212 44.4252 8.09188 24.571 42.7021 13.3264 23.0249 40.2437 18.1955 21.2908 37.3213 22.5979 19.4958 33.9886 26.6763 17.6507 30.297 30.4263 15.7922 26.2572 33.804 13.944 21.308 37.0286 11.905 15.9041 39.4533 9.91271 10.1156 40.8112 7.98877 -0.732079 -0.708604 -0.656356 -0.576491 -1.02824 -0.887475 -0.713782 -0.508242 -1.01277 -0.786355 -0.532311 -0.246906 -1.8319 -1.59561 -1.29379 -0.922314 -1.67931 -1.16569 -0.764371 -0.496734 -0.123604 0.0558069 0.111788 0.0851628 0.297023 0.234409 0.1491 0.0464279 0.21563 0.102774 -0.0267697 -0.172983 0.105226 -0.0320813 -0.194997 -0.383625 0.392806 -1.10855 -2.28114 -2.10174 -3.21034 -2.55708 -2.12254 -1.81318 -2.29115 -2.09652 -1.92364 -1.76359 -2.17402 -2.03283 -1.89747 -1.77232 -2.16301 -2.01031 -1.89241 -1.81844 -1.9665 -1.8841 -1.83944 -1.83421 -1.62718 -1.59537 -1.59555 -1.61646 -1.32753 -1.33305 -1.33568 -1.33194 -1.40606 -1.39742 -1.39411 -1.39936 -1.70896 -1.70668 -1.71174 -1.7042 -4.07138 -3.37572 -1.56595 0.291461 -1.51532 -0.987748 -0.579298 -0.243665 -1.32613 -1.08629 -0.848885 -0.6185 -1.86672 -1.75306 -1.4904 -1.01548 -0.501915 0.231055 0.404857 0.3999 -0.0898809 -0.120776 -0.106867 -0.104161 0.00164785
3.19544 38.0665 -0.563238 -3.11383 36.259 -0.852413 -8.75815 32.8975 -0.847682 -13.4167 28.2673 -0.724724 -16.9953 22.7582 -0.694962 -18.8184 18.8631 -0.836604 -20.2752 14.8266 -1.15336 -21.4044 10.7084 -1.68362 -22.2314 6.5563 -2.45304 -22.7409 2.71405 -3.38862 -23.008 -1.09574 -4.53397 -23.0312 -4.85094 -5.87396 -22.8031 -8.53392 -7.38442 -22.1094 -13.1946 -9.5576 -20.9256 -17.6799 -11.8827 -19.2066 -21.9584 -14.2629 -16.9066 -25.9853 -16.5909 -14.4509 -29.1772 -18.4466 -11.5336 -32.0804 -20.0972 -8.16169 -34.6204 -21.4542 -4.37175 -36.7084 -22.4239 1.78603 -38.7752 -22.9776 8.23535 -39.4448 -22.3036 14.4234 -38.6912 -20.3968 19.8815 -36.7005 -17.4402 23.5583 -34.4351 -14.5123 26.5882 -31.7383 -11.2302 29.0011 -28.7439 -7.70363 30.848 -25.5548 -4.00997 32.2387 -22.0653 0.0131883 33.1066 -18.5215 4.13424 33.4843 -14.9892 8.33856 33.3808 -11.5335 12.6216 32.8893 -8.67053 16.3788 31.988 -5.97609 20.1845 30.6098 -3.52959 24.0147 28.6646 -1.4431 27.8119 25.0906 0.524318 32.5938 20.3304 1.19456 36.6437 14.7272 0.279602 39.3411 9.00341 -2.17912 40.1779 4.22389 -5.52653 39.1535 0.484557 -9.35516 36.6125 -2.13424 -13.2093 32.954 -3.81512 -16.7911 28.5445 -4.73302 -19.462 24.4685 -5.38445 -21.7844 20.1358 -5.92618 -23.7226 15.6036 -6.48642 -25.2421 10.9165 -7.1269 -26.2631 6.3717 -7.93547 -26.8441 1.77647 -8.95236 -26.9552 -2.81293 -10.1976 -26.5695 -7.33052 -12.1277 -25.3187 -12.9029 -14.3989 -23.2025 -18.0706 -16.9387 -20.249 -22.6716 -19.6523 -16.5258 -26.5597 -22.2049 -12.5154 -29.3931 -24.7309 -8.03526 -31.4365 -27.1454 -3.197 -32.6152 -29.362 1.86768 -32.8654 -31.2219 6.80089 -32.1872 -32.7366 11.6395 -30.5908 -33.8256 16.2029 -28.0915 -34.4142 20.2961 -24.7517 -34.4393 23.7743 -20.6214 -33.8526 26.3902 -15.9341 -32.6567 28.0168 -10.926 -30.8936 28.5967 -5.85513 -28.5337 28.1061 -0.767187 -25.7534 26.5966 3.88995 -22.6742 24.2246 7.96298 -19.4072 21.1727 11.3848 -16.4045 18.0265 13.8993 -13.3594 14.5971 15.9496 -10.288 10.9806 17.6001 -7.18488 7.25818 18.9234 -3.41613 2.78437 20.166 0.508416 -1.61641 21.1625 4.68316 -5.81263 22.0139 9.20756 -9.64477 22.7924 13.501 -12.5213 23.4372 18.1479 -14.7948 24.0381 23.1226 -16.2511 24.5438 28.3051 -16.6529 24.8648 34.3632 -15.5042 24.8589 39.7159 -12.5009 24.2676 43.69 -7.95081 23.0326 45.885 -2.47567 21.2361 46.3377 2.85997 19.2142 45.4945 8.06769 16.9939 43.6509 12.9701 14.6857 41.0644 17.5203 12.3695 38.0031 21.6305 10.1606 34.5109 25.436 8.04724 30.6336 28.9306 6.07258 26.3795 32.0657 4.27864 21.1606 35.027 2.53403 15.4706 37.1902 1.12174 9.40688 38.2877 0.0837581 0.205109 0.2128 0.260103 0.346063 -0.0943271 0.0536677 0.229179 0.427864 -0.0928229 0.109464 0.332219 0.581224 -1.04788 -0.85102 -0.533538 0.0164856 -0.403273 0.32417 0.75744 0.974542 1.26804 1.37156 1.37967 1.32528 1.5225 1.45159 1.36008 1.25219 1.41666 1.29939 1.16613 1.01744 1.29468 1.15713 0.992699 0.797037 1.54746 -0.0355504 -1.36724 -1.38726 -2.64854 -2.07772 -1.68045 -1.38586 -1.86953 -1.678 -1.50852 -1.35323 -1.77007 -1.63674 -1.51063 -1.39556 -1.79767 -1.6565 -1.54695 -1.47721 -1.62521 -1.53898 -1.48689 -1.47069 -1.24942 -1.20021 -1.17987 -1.17863 -0.866928 -0.850338 -0.832602 -0.810635 -0.868233 -0.844614 -0.827796 -0.820822 -1.12037 -1.10971 -1.10739 -1.09265 -3.44741 -2.69675 -0.662825 1.09038 -0.796088 -0.29657 0.101924 0.43776 -0.637336 -0.38367 -0.1305 0.115573 -1.11759 -0.986482 -0.698277 -0.187057 0.366703 1.13107 1.31736 1.30399 0.787835 0.719915 0.698806 0.675065 -0.179319
3.66856 35.6613 -7.3127 -2.55477 34.0269 -5.98654 -8.10543 30.8645 -4.4535 -12.7114 26.4214 -2.96908 -16.2922 21.045 -1.77235 -18.135 17.1922 -1.24638 -19.6193 13.1629 -0.968112 -20.7839 9.02037 -0.971735 -21.6571 4.81825 -1.28243 -22.2213 0.913076 -1.85651 -22.5544 -2.96827 -2.70638 -22.6519 -6.7949 -3.82244 -22.5002 -10.5389 -5.18552 -21.8975 -15.2447 -7.28737 -20.7723 -19.7095 -9.6803 -19.0555 -23.8694 -12.2639 -16.683 -27.6441 -14.9187 -14.1004 -30.4873 -17.1344 -11.0077 -32.9014 -19.2011 -7.43375 -34.8031 -21.0103 -3.44602 -36.1061 -22.4469 2.91957 -36.7874 -23.6764 9.37997 -35.9184 -23.61 15.3237 -33.641 -22.2018 20.2867 -30.2963 -19.6179 23.4224 -27.1354 -16.8972 25.8165 -23.7329 -13.748 27.5346 -20.2268 -10.2867 28.662 -16.7154 -6.59554 29.3016 -13.0833 -2.50953 29.4601 -9.59037 1.74139 29.1988 -6.29624 6.14331 28.5519 -3.26438 10.6915 27.6871 -0.919072 14.7296 26.5194 1.11181 18.8609 25.0079 2.74249 23.0575 23.0982 3.85941 27.26 19.8908 4.33127 32.6453 15.907 3.35171 37.4079 11.3996 0.7866 40.9598 6.86151 -3.17138 42.7628 3.05771 -7.712 42.6414 0.0426766 -12.4935 40.8676 -2.09873 -17.0634 37.7646 -3.48053 -21.1429 33.6968 -4.2222 -24.0874 29.7762 -4.72383 -26.5749 25.5156 -5.11126 -28.5949 21.0033 -5.48962 -30.1391 16.306 -5.91695 -31.1545 11.7349 -6.46409 -31.7217 7.0994 -7.16812 -31.828 2.45152 -8.05169 -31.4609 -2.15209 -9.46003 -30.283 -7.89419 -11.175 -28.3038 -13.3242 -13.1679 -25.5438 -18.2996 -15.3929 -22.0507 -22.6803 -17.5903 -18.2619 -26.0632 -19.8834 -13.9922 -28.7352 -22.2151 -9.33375 -30.6036 -24.5203 -4.39884 -31.5836 -26.6398 0.475849 -31.6217 -28.5897 5.3401 -30.7315 -30.2851 10.0332 -28.8991 -31.6355 14.3786 -26.1514 -32.563 18.2512 -22.5043 -32.9626 21.401 -18.1366 -32.7782 23.6838 -13.2464 -31.9872 25.0073 -8.0713 -30.5336 25.3354 -2.64201 -28.496 24.6349 2.55948 -25.9633 23.0178 7.32063 -23.0386 20.6408 11.503 -20.1792 18.024 14.699 -17.1426 15.0619 17.3902 -13.9674 11.8625 19.6081 -10.6722 8.5207 21.4 -6.59323 4.46814 23.0436 -2.3136 0.466034 24.2394 2.21562 -3.35225 25.0569 7.04877 -6.84097 25.5371 11.5395 -9.47446 25.6827 16.2932 -11.5975 25.5459 21.2702 -13.0553 25.068 26.3619 -13.6821 24.1707 32.2666 -13.1629 22.472 37.5683 -11.1757 20.0291 41.7411 -7.8585 16.9294 44.4091 -3.57268 13.3885 45.4462 0.877683 9.94151 45.1987 5.47125 6.53567 43.8633 10.0087 3.31248 41.6468 14.3879 0.368024 38.8017 18.4629 -2.17071 35.3944 22.3176 -4.33325 31.4959 25.9093 -6.07881 27.1485 29.1609 -7.37224 21.7891 32.2523 -8.25102 15.978 34.5356 -8.51195 9.85723 35.7499 -8.17502 1.10712 1.10779 1.15637 1.24972 0.818555 0.974411 1.15906 1.36639 0.849422 1.04579 1.24798 1.4565 -0.250726 -0.201514 -0.127881 0.0799848 -0.372609 0.942097 1.73834 2.02413 2.28669 2.32121 2.26564 2.15881 2.3175 2.21835 2.10223 1.97186 2.1141 1.97358 1.81596 1.64147 1.89259 1.7275 1.52848 1.28544 1.95648 0.23893 -1.26207 -1.44866 -2.82844 -2.31869 -1.94102 -1.64288 -2.11536 -1.91292 -1.73514 -1.5758 -1.99351 -1.86549 -1.74847 -1.645 -2.06118 -1.9337 -1.83255 -1.76469 -1.90861 -1.81394 -1.74968 -1.71787 -1.47789 -1.40675 -1.3611 -1.33273 -0.992958 -0.948827 -0.905499 -0.860445 -0.896854 -0.853483 -0.817707 -0.791323 -1.07113 -1.03867 -1.00897 -0.956954 -3.24851 -2.38096 -0.434994 1.11224 -0.75915 -0.232081 0.192393 0.552934 -0.495386 -0.209719 0.0808069 0.37464 -0.796757 -0.586864 -0.20347 0.404004 1.02749 1.81115 1.95523 1.84675 1.20305 1.01656 0.920989 0.864646 -0.908778
2.87814 31.6323 -13.188 -2.86879 29.9494 -10.4866 -7.91632 26.9182 -7.57233 -12.1314 22.717 -4.78996 -15.4995 17.5886 -2.44189 -17.2876 13.8572 -1.26057 -18.7662 9.90621 -0.411906 -19.9538 5.79858 0.0713906 -20.859 1.59286 0.170451 -21.4438 -2.3431 -0.0844929 -21.7749 -6.27397 -0.665325 -21.8345 -10.1606 -1.55402 -21.5976 -13.9653 -2.7233 -20.7998 -18.7324 -4.61183 -19.3699 -23.2071 -6.81662 -17.2384 -27.2839 -9.21777 -14.3604 -30.8349 -11.6742 -11.3081 -33.3412 -13.6913 -7.75498 -35.261 -15.5233 -3.78501 -36.5071 -17.057 0.474654 -37.0091 -18.1837 6.91385 -36.328 -18.941 13.0046 -34.0492 -18.4829 18.2089 -30.4766 -16.8548 22.2113 -26.0367 -14.2535 24.5114 -22.1488 -11.6418 26.0534 -18.1396 -8.67935 26.9218 -14.1343 -5.44979 27.2072 -10.2245 -2.00599 26.9663 -6.28242 1.82817 26.2518 -2.60183 5.85814 25.129 0.742206 10.0837 23.6449 3.66583 14.5052 22.098 5.77256 18.4707 20.3137 7.41634 22.5537 18.2935 8.50293 26.7125 16.0403 8.92201 30.8724 12.7364 8.27352 36.1804 9.18667 6.06068 40.8721 5.64835 2.29398 44.45 2.45748 -2.72885 46.4741 0.0390497 -8.12985 46.7564 -1.67026 -13.6617 45.5009 -2.68175 -18.8962 42.917 -3.11827 -23.5522 39.2794 -3.18036 -26.8985 35.6201 -3.07657 -29.7037 31.532 -2.9095 -31.9557 27.1169 -2.76763 -33.6522 22.4591 -2.72341 -34.7493 17.8871 -2.81499 -35.3505 13.2245 -3.07722 -35.4586 8.53096 -3.53287 -35.0771 3.86664 -4.41615 -33.8809 -1.97558 -5.64147 -31.9117 -7.54016 -7.19542 -29.2072 -12.6991 -9.0518 -25.8204 -17.328 -10.9925 -22.1685 -21.0056 -13.1257 -18.0614 -24.0403 -15.4115 -13.5746 -26.3363 -17.7996 -8.80099 -27.7983 -20.1292 -4.05304 -28.3329 -22.4196 0.728381 -27.9491 -24.5807 5.39546 -26.6057 -26.5081 9.78045 -24.3008 -28.1124 13.7642 -21.0276 -29.248 17.0956 -16.9325 -29.8204 19.6244 -12.1959 -29.7665 21.2481 -7.04626 -29.018 21.9331 -1.5084 -27.5825 21.6175 3.92651 -25.5198 20.3956 9.02075 -22.9156 18.4088 13.5999 -20.2115 16.1274 17.1667 -17.2113 13.4865 20.2103 -13.9635 10.5974 22.729 -10.5019 7.56164 24.7391 -6.12929 3.88068 26.4984 -1.49242 0.272402 27.6138 3.40709 -3.11849 28.1237 8.56462 -6.14465 28.052 13.2482 -8.35894 27.5184 18.0666 -10.0728 26.5334 22.942 -11.1767 25.0719 27.7489 -11.5692 23.1065 33.1138 -11.0185 20.1177 37.7805 -9.34073 16.4534 41.4033 -6.64484 12.2548 43.7415 -3.15806 7.73858 44.6888 0.540216 3.47392 44.5009 4.47393 -0.679748 43.285 8.48561 -4.57717 41.1676 12.467 -8.10228 38.3482 16.2464 -11.088 34.8763 19.8587 -13.5463 30.8302 23.2256 -15.401 26.2861 26.2419 -16.5837 20.7176 29.0394 -17.0498 14.8042 31.006 -16.5876 8.76925 31.9248 -15.2515 1.51494 1.53654 1.63936 1.80851 1.44143 1.63836 1.84726 2.05788 1.52383 1.68767 1.8445 1.99761 0.217151 0.173338 0.156543 0.428323 1.25589 2.70798 2.93532 2.90441 2.9613 2.85561 2.71677 2.55623 2.68216 2.5624 2.43146 2.29074 2.42598 2.28105 2.1208 1.94437 2.19285 2.02295 1.81387 1.55193 2.18555 0.397621 -1.19993 -1.49863 -2.98526 -2.56195 -2.24585 -1.98518 -2.47567 -2.28119 -2.10728 -1.95049 -2.3711 -2.24699 -2.13501 -2.03734 -2.45999 -2.33809 -2.23876 -2.16776 -2.30363 -2.19681 -2.11645 -2.06506 -1.80301 -1.70788 -1.6366 -1.58238 -1.21722 -1.14891 -1.08321 -1.0176 -1.03455 -0.972387 -0.918138 -0.872731 -1.13326 -1.07977 -1.02354 -0.93363 -3.1524 -2.11191 -0.138418 1.16965 -0.754387 -0.235169 0.191365 0.557366 -0.483019 -0.186066 0.118906 0.432177 -0.713669 -0.471637 -0.050174 0.595845 1.24837 2.0404 2.15945 1.98436 1.23391 0.931633 0.752765 0.656281 -1.54177
0.395039 27.5045 -18.6391 -5.01639 25.8579 -15.2979 -9.77276 22.9332 -11.8361 -13.7684 18.857 -8.58343 -16.9581 13.8219 -5.8203 -18.6141 10.1175 -4.38783 -19.9254 6.16564 -3.30115 -20.8911 2.03307 -2.58948 -21.5043 -2.21422 -2.26966 -21.7455 -6.19389 -2.32771 -21.6563 -10.1607 -2.72191 -21.2186 -14.0587 -3.43852 -20.4149 -17.8298 -4.45459 -18.8033 -22.453 -6.1746 -16.5402 -26.6355 -8.25156 -13.6409 -30.2612 -10.5705 -10.1423 -33.2235 -13.0019 -6.40565 -34.5395 -14.995 -2.4162 -35.1749 -16.8247 1.7335 -35.0685 -18.3848 5.9148 -34.1861 -19.5699 11.7987 -31.5256 -20.4656 16.917 -27.4957 -20.214 20.9039 -22.5278 -18.8268 23.6046 -17.093 -16.446 24.8676 -12.6826 -13.9596 25.4017 -8.38035 -11.0556 25.301 -4.29608 -7.80961 24.6629 -0.510491 -4.27546 23.508 3.08834 -0.273696 21.9579 6.2146 3.98332 20.1026 8.79968 8.47495 18.0231 10.7699 13.1754 16.106 11.9129 17.3677 14.1186 12.485 21.6432 12.0992 12.4308 25.9416 10.0836 11.6973 30.1792 7.48607 9.62214 35.5139 5.05203 6.25927 40.2339 2.88624 1.70453 43.9856 1.09076 -3.79629 46.4406 -0.196351 -9.50587 47.3597 -1.0679 -15.3446 46.86 -1.55483 -20.9514 45.0091 -1.73254 -26.0369 41.9751 -1.72389 -29.7506 38.6888 -1.63479 -32.8996 34.8589 -1.52573 -35.4529 30.6092 -1.44929 -37.4019 26.0497 -1.44699 -38.6967 21.5295 -1.54163 -39.4641 16.8915 -1.75518 -39.7184 12.201 -2.10426 -39.4751 7.51828 -2.76683 -38.4591 1.61304 -3.69416 -36.6874 -4.07428 -4.90314 -34.201 -9.43154 -6.40715 -31.0463 -14.3438 -8.05615 -27.6096 -18.356 -9.96067 -23.7088 -21.789 -12.1095 -19.4109 -24.5347 -14.4748 -14.8026 -26.4831 -16.9051 -10.1872 -27.5068 -19.4237 -5.50766 -27.6235 -21.943 -0.902483 -26.7852 -24.3557 3.47766 -24.9827 -26.5751 7.54094 -22.2038 -28.4337 11.0687 -18.5626 -29.8124 13.9396 -14.2019 -30.6117 16.0683 -9.30408 -30.7513 17.4515 -3.8483 -30.1397 17.9839 1.72324 -28.7723 17.7146 7.17827 -26.6793 16.7323 12.3119 -24.2457 15.3501 16.484 -21.3324 13.5859 20.1772 -17.9983 11.5373 23.3279 -14.3039 9.30107 25.895 -9.51823 6.51917 28.1586 -4.40382 3.74998 29.5512 0.944854 1.12752 30.0789 6.43258 -1.2276 29.7594 11.2459 -2.97522 28.8094 16.0143 -4.3765 27.2521 20.6538 -5.37767 25.1077 25.0691 -5.93446 22.4021 29.8648 -5.97645 18.5263 34.0126 -5.32302 14.0104 37.3316 -3.97938 8.99016 39.6656 -1.98442 3.64253 40.8479 0.390411 -1.42961 41.0276 3.19403 -6.41676 40.1906 6.33734 -11.1266 38.3619 9.71594 -15.3697 35.6833 13.1205 -18.8885 32.2113 16.503 -21.6544 28.0655 19.7169 -23.5598 23.3905 22.6025 -24.5412 17.7282 25.2464 -24.532 11.8501 27.0564 -23.4268 5.99766 27.8505 -21.3851 5.78677 5.87573 6.04814 6.27145 5.92671 6.12892 6.33483 6.53762 5.99298 6.14335 6.28071 6.40348 4.56533 4.38919 4.03988 2.72279 2.78832 2.12527 1.72514 1.44975 1.38765 1.24849 1.12432 1.00059 1.17082 1.09449 1.00916 0.914474 1.09593 0.996096 0.877424 0.737733 1.01457 0.864092 0.665842 0.40437 1.02479 -0.795659 -2.43746 -2.783 -4.30803 -3.90778 -3.59648 -3.3225 -3.7879 -3.56385 -3.35752 -3.16855 -3.56026 -3.41159 -3.27904 -3.16447 -3.57107 -3.43284 -3.31634 -3.22537 -3.33855 -3.20682 -3.09868 -3.01697 -2.72282 -2.59389 -2.48651 -2.39469 -1.99092 -1.88402 -1.78103 -1.67998 -1.6626 -1.56681 -1.47928 -1.39947 -1.62508 -1.53394 -1.43208 -1.28359 -3.4185 -2.3378 -0.697561 0.490453 -1.38695 -0.82377 -0.36476 0.0242413 -0.998086 -0.684799 -0.361486 -0.022292 -1.13182 -0.842864 -0.364646 0.342044 1.04831 1.87307 1.98342 1.74055 0.872799 0.475026 0.271408 0.201473 -6.22469
-1.67365 24.5708 -22.3252 -6.05195 22.5937 -17.8438 -9.73353 19.5103 -13.3604 -12.7585 15.4192 -9.20401 -15.1741 10.4488 -5.65114 -16.4451 6.79394 -3.76863 -17.4651 2.88292 -2.29167 -18.2224 -1.22429 -1.25482 -18.6947 -5.46251 -0.67831 -18.8497 -9.44517 -0.560529 -18.7005 -13.4201 -0.837733 -18.21 -17.3224 -1.49417 -17.3388 -21.0801 -2.50402 -15.5823 -25.6255 -4.28803 -13.0646 -29.592 -6.49186 -9.78357 -32.7651 -8.96077 -5.81523 -34.9385 -11.5017 -2.00111 -35.8724 -13.5623 2.04531 -35.8885 -15.3769 6.13868 -34.9793 -16.8201 10.0815 -33.1991 -17.7956 15.2358 -29.2363 -18.2746 19.2439 -24.1362 -17.6233 21.8975 -18.4153 -15.9708 23.1903 -12.516 -13.516 23.3337 -7.88727 -11.1111 22.7763 -3.46542 -8.39707 21.6174 0.665629 -5.42722 19.9535 4.43865 -2.2296 17.7518 7.96266 1.38069 15.1969 10.9441 5.23848 12.3954 13.3012 9.3489 9.45915 14.9457 13.7048 6.91001 15.7197 17.6367 4.4284 15.8413 21.6844 2.09444 15.2655 25.7804 -0.0145642 13.964 29.832 -2.34358 11.1295 34.9362 -4.03245 7.10146 39.4565 -5.00902 2.0643 43.0876 -5.26961 -3.70499 45.5693 -4.92071 -9.51155 46.6942 -4.0965 -15.3775 46.5738 -2.93064 -21.0273 45.2235 -1.56928 -26.2255 42.728 -0.389059 -30.0939 39.8581 0.754006 -33.4372 36.3783 1.79782 -36.2024 32.3961 2.69385 -38.3599 28.0216 3.37401 -39.836 23.6093 3.86878 -40.7629 19.0261 4.165 -41.1563 14.3497 4.25437 -41.039 9.64997 4.06031 -40.18 3.68604 3.5061 -38.5856 -2.10154 2.57793 -36.3163 -7.60914 1.25804 -33.4305 -12.735 -0.316981 -30.2889 -17.0103 -2.25067 -26.7244 -20.7766 -4.54517 -22.7942 -23.9259 -7.18434 -18.5713 -26.3404 -10.0048 -14.3279 -27.8557 -13.0373 -10.008 -28.4864 -16.185 -5.73681 -28.1602 -19.323 -1.65366 -26.842 -22.3513 2.15562 -24.5017 -25.0578 5.48525 -21.2234 -27.2851 8.21969 -17.1344 -28.8942 10.2776 -12.4085 -29.7965 11.6596 -7.02574 -29.8268 12.2652 -1.42835 -28.9501 12.1426 4.13175 -27.1765 11.3779 9.42017 -24.8767 10.2477 13.7414 -21.9594 8.78976 17.5625 -18.4986 7.10226 20.7897 -14.5804 5.2833 23.3543 -9.44833 3.07285 25.485 -3.96643 0.951853 26.5872 1.70046 -0.957051 26.6699 7.39345 -2.55547 25.7757 12.2556 -3.63672 24.2539 16.9349 -4.39407 22.0957 21.3485 -4.80784 19.3615 25.4205 -4.86892 16.1148 29.7055 -4.48317 11.6974 33.3052 -3.60891 6.76789 36.1171 -2.25837 1.44887 38.0428 -0.446291 -4.12159 38.9529 1.63363 -9.37591 38.9469 4.07469 -14.5531 37.9675 6.83968 -19.4682 35.9849 9.86332 -23.9054 33.1024 12.9599 -27.5455 29.3626 16.0623 -30.2907 24.9176 18.9938 -31.9626 19.9857 21.5589 -32.457 14.2023 23.7709 -31.613 8.48924 25.0821 -29.4468 3.13544 25.3645 -26.236 7.95488 8.06008 8.3061 8.66573 8.4718 8.79973 9.11875 9.41006 8.92324 9.1046 9.2482 9.34683 7.42414 6.98506 5.93258 4.05006 1.58586 1.042 0.700591 0.451786 0.406276 0.285723 0.186231 0.094311 0.298927 0.255743 0.205171 0.145695 0.362541 0.296891 0.208847 0.0951692 0.391274 0.253895 0.0636694 -0.195289 0.420773 -1.4151 -3.08304 -3.46429 -5.03103 -4.67462 -4.40644 -4.17054 -4.66328 -4.45659 -4.26013 -4.07418 -4.46331 -4.30799 -4.16572 -4.03907 -4.42938 -4.26975 -4.12782 -4.00656 -4.08548 -3.91607 -3.76571 -3.6379 -3.29569 -3.1179 -2.96111 -2.82111 -2.37171 -2.22255 -2.08125 -1.9456 -1.89608 -1.76991 -1.65317 -1.54369 -1.73886 -1.61384 -1.46833 -1.2574 -3.28448 -2.06771 -0.556927 0.44943 -1.47843 -0.924572 -0.464531 -0.0718505 -1.08982 -0.772054 -0.444159 -0.0995379 -1.20246 -0.90599 -0.420238 0.290983 0.992176 1.78888 1.82068 1.41809 0.33372 -0.215239 -0.484593 -0.592715 -9.22005
-4.27455 24.6995 -21.3204 -7.99797 21.8998 -16.6878 -10.9738 18.1606 -12.1792 -13.2981 13.5819 -8.08079 -15.0513 8.27068 -4.634 -15.9131 4.4567 -2.83712 -16.5407 0.429743 -1.45601 -16.9146 -3.75508 -0.525915 -17.0009 -8.03315 -0.0694177 -16.7836 -12.0146 -0.07742 -16.2376 -15.9421 -0.496278 -15.3172 -19.7354 -1.31062 -13.9796 -23.301 -2.49219 -11.5703 -27.4313 -4.50809 -8.38478 -30.737 -6.92715 -4.49704 -32.9566 -9.55133 -0.0935931 -33.8781 -12.1372 3.85981 -33.5512 -14.1189 7.76475 -32.2143 -15.7402 11.4081 -29.967 -16.8972 14.6106 -26.9669 -17.5363 18.2702 -21.5719 -17.5251 20.5384 -15.5423 -16.5257 21.4314 -9.33609 -14.7408 21.079 -3.27097 -12.3764 20.0203 1.34355 -10.1823 18.3622 5.66568 -7.77406 16.1904 9.63567 -5.17577 13.587 13.1944 -2.38534 10.4643 16.4306 0.789011 7.0615 19.0459 4.23573 3.50333 20.9392 7.98461 -0.0612105 22.0054 12.0413 -3.00643 22.1845 15.7628 -5.70577 21.6341 19.6315 -8.03901 20.3389 23.5602 -9.8991 18.3181 27.4349 -11.5011 14.6306 32.2668 -12.0454 9.99276 36.4746 -11.5493 4.67951 39.7966 -10.1301 -1.01787 42.0411 -8.11857 -6.49581 43.0659 -5.64243 -11.878 42.9924 -2.90177 -17.0002 41.8286 -0.0919362 -21.7264 39.6213 2.17576 -25.2954 37.0302 4.27355 -28.4498 33.8297 6.1256 -31.1429 30.1 7.67426 -33.3396 25.9323 8.82628 -34.9438 21.665 9.65169 -36.073 17.1757 10.1441 -36.7289 12.5456 10.3057 -36.9219 7.85018 10.0433 -36.5153 1.84101 9.27097 -35.4208 -4.03698 8.00529 -33.6867 -9.67048 6.25506 -31.3606 -14.9498 4.22159 -28.744 -19.3823 1.78144 -25.7048 -23.3115 -1.05731 -22.2908 -26.6153 -4.26844 -18.5691 -29.1582 -7.65307 -14.7938 -30.7544 -11.2501 -10.9355 -31.4108 -14.9462 -7.13203 -31.0488 -18.5991 -3.53728 -29.638 -22.1016 -0.257293 -27.1615 -25.2244 2.50498 -23.7297 -27.81 4.63999 -19.4971 -29.7265 6.08278 -14.6592 -30.9061 6.83186 -9.20521 -31.1796 6.84194 -3.58169 -30.5133 6.18781 1.97052 -28.908 4.9779 7.22953 -26.7085 3.5384 11.5108 -23.832 1.86699 15.2751 -20.3457 0.0749585 18.4173 -16.339 -1.72605 20.8547 -11.0412 -3.73917 22.7642 -5.37019 -5.46083 23.5646 0.457943 -6.77129 23.2804 6.23923 -7.59361 21.9897 11.098 -7.88509 20.1365 15.6966 -7.78005 17.6933 19.9654 -7.29482 14.7489 23.8524 -6.45443 11.3856 27.9052 -5.03574 6.96013 31.3039 -3.19773 2.15448 33.977 -0.969675 -2.93606 35.8332 1.62887 -8.21093 36.7224 4.35787 -13.1631 36.7025 7.36734 -18.0319 35.6718 10.608 -22.6359 33.5613 13.9882 -26.7446 30.465 17.2791 -30.0201 26.4431 20.3819 -32.3315 21.7021 23.0879 -33.4924 16.5355 25.1966 -33.419 10.6461 26.6624 -31.9294 5.04647 27.0686 -29.185 0.0257337 26.397 -25.5251 7.01419 7.11413 7.33151 7.65098 7.42613 7.74004 8.05215 8.33596 7.83151 7.97798 8.05933 8.05562 5.94807 5.22885 4.20441 3.18998 1.27823 0.900056 0.615326 0.389357 0.358602 0.253136 0.17048 0.0989682 0.325864 0.304832 0.278242 0.243539 0.485276 0.443104 0.375059 0.277 0.58321 0.451096 0.26208 0.00014396 0.607491 -1.2454 -2.93743 -3.34908 -4.95041 -4.63104 -4.4017 -4.20443 -4.73043 -4.55031 -4.3751 -4.2036 -4.59918 -4.4425 -4.29156 -4.14975 -4.51634 -4.32436 -4.14633 -3.987 -4.02875 -3.82395 -3.63906 -3.4781 -3.105 -2.89851 -2.71416 -2.5473 -2.07213 -1.89798 -1.7325 -1.57354 -1.50119 -1.35288 -1.21497 -1.08458 -1.25863 -1.10974 -0.931114 -0.666668 -2.58866 -1.24015 0.170381 1.03589 -0.950406 -0.41979 0.0299622 0.41876 -0.599318 -0.278704 0.0538371 0.403351 -0.696948 -0.40314 0.0693903 0.747462 1.37916 2.04312 1.85961 1.25506 0.177092 -0.21229 -0.357633 -0.407728 -8.07011
-2.27427 25.6216 -24.0726 -6.20641 22.7311 -19.6742 -9.53455 18.8983 -15.5031 -12.3754 14.2052 -11.888 -14.7491 8.74979 -9.10106 -16.0061 4.8325 -7.83895 -16.9715 0.710384 -7.0681 -17.5757 -3.54215 -6.80603 -17.7387 -7.83564 -7.04572 -17.4231 -11.7584 -7.68755 -16.6001 -15.5295 -8.68788 -15.2261 -19.0415 -9.98304 -13.2803 -22.1777 -11.492 -9.91885 -25.5073 -13.6232 -5.73387 -27.7526 -15.7143 -0.964236 -28.7158 -17.5173 4.04454 -28.3025 -18.8089 8.20763 -26.8875 -19.3838 12.01 -24.6059 -19.4235 15.259 -21.6267 -18.9415 17.8316 -18.1407 -17.9958 20.2789 -12.4646 -15.9239 21.1828 -6.55653 -13.3204 20.6744 -0.738489 -10.4233 18.9272 4.76894 -7.40395 16.7609 8.8451 -4.97045 14.0053 12.5515 -2.54164 10.7511 15.8251 -0.10777 7.09021 18.6028 2.36445 2.89346 20.9226 5.06762 -1.5209 22.5318 7.93532 -6.00156 23.3422 11.0284 -10.3641 23.2711 14.3846 -13.8617 22.4508 17.4911 -16.9525 20.9162 20.7544 -19.4836 18.6926 24.102 -21.3247 15.8473 27.4294 -22.5606 11.3104 31.6008 -22.3873 6.18129 35.2303 -20.8997 0.774576 38.0704 -18.3106 -4.6382 39.9439 -15.1129 -9.56409 40.7276 -11.4275 -14.1984 40.5169 -7.49451 -18.4614 39.3078 -3.53734 -22.2942 37.1273 -0.360132 -25.1387 34.596 2.58787 -27.6209 31.4747 5.21895 -29.7171 27.8309 7.46379 -31.4072 23.7446 9.18913 -32.6207 19.542 10.4944 -33.4449 15.1006 11.366 -33.8746 10.4998 11.8013 -33.9095 5.818 11.733 -33.3835 -0.18726 10.9838 -32.2468 -6.06025 9.58236 -30.5397 -11.6698 7.55306 -28.306 -16.8887 5.15242 -25.8257 -21.2147 2.25786 -22.962 -24.9631 -1.09279 -19.754 -27.9816 -4.82817 -16.2699 -30.1115 -8.67565 -12.7645 -31.1911 -12.6474 -9.23198 -31.2439 -16.5984 -5.81806 -30.2478 -20.381 -2.66834 -28.2408 -23.9091 0.128559 -25.2594 -26.9952 2.41383 -21.463 -29.5359 4.11613 -17.0126 -31.4502 5.19934 -12.0809 -32.7127 5.66607 -6.61407 -33.176 5.48482 -1.00593 -32.8023 4.71243 4.55848 -31.5663 3.43129 9.89974 -29.7255 1.94584 14.3319 -27.1967 0.231503 18.3199 -24.0095 -1.60508 21.7415 -20.2226 -3.44542 24.4822 -15.0653 -5.4738 26.7301 -9.41644 -7.13356 27.7791 -3.54574 -8.26116 27.6112 2.26867 -8.75401 26.3017 7.09669 -8.64271 24.3513 11.5856 -8.05045 21.7772 15.6716 -7.03261 18.7119 19.3356 -5.66141 15.2738 23.1412 -3.67893 10.8454 26.4138 -1.41784 6.13366 29.1848 1.04048 1.20404 31.4459 3.65174 -3.90391 33.0268 6.20721 -8.77557 33.9959 8.90832 -13.7281 34.1852 11.7819 -18.6747 33.391 14.8334 -23.4517 31.4867 17.9271 -27.6885 28.3828 20.9956 -31.1665 24.1721 23.8047 -33.5172 19.1613 26.0726 -34.4632 13.1606 27.6766 -33.7768 7.3597 28.1203 -31.4956 2.1699 27.4017 -28.0893 6.86844 7.06437 7.41373 7.84627 7.63396 7.88862 8.08421 8.21456 7.54321 7.51697 7.40926 7.1908 4.81115 3.8936 2.99392 2.24643 0.510235 0.229025 0.00562207 -0.1781 -0.16987 -0.238859 -0.287488 -0.323146 -0.060609 -0.0468667 -0.0365465 -0.0332412 0.247416 0.243778 0.211703 0.145979 0.478273 0.366354 0.19354 -0.0562591 0.56013 -1.28867 -2.98291 -3.40244 -5.01622 -4.7127 -4.50208 -4.32552 -4.87154 -4.70965 -4.55179 -4.39574 -4.80335 -4.65423 -4.50567 -4.36036 -4.71567 -4.50282 -4.2972 -4.10549 -4.1134 -3.87561 -3.6594 -3.47056 -3.07398 -2.84734 -2.64367 -2.45616 -1.95916 -1.7618 -1.57225 -1.38897 -1.29226 -1.12042 -0.961143 -0.812409 -0.972891 -0.815325 -0.633274 -0.372317 -2.30703 -0.958391 0.496587 1.38765 -0.591606 -0.0588313 0.392427 0.78367 -0.229596 0.09974 0.445412 0.813186 -0.263684 0.059887 0.572606 1.30816 2.02699 2.82774 2.83211 2.34604 1.1534 0.565503 0.310407 0.234699 -7.2427
0.287726 27.1647 -26.6782 -4.25288 24.7605 -22.5838 -8.33047 21.307 -18.7615 -12.0254 16.8937 -15.5941 -15.2939 11.6392 -13.3875 -17.1181 7.82728 -12.5759 -18.6101 3.80055 -12.2987 -19.6778 -0.360289 -12.5526 -20.2209 -4.5627 -13.3022 -20.1686 -8.40117 -14.3802 -19.5143 -12.0881 -15.7502 -18.211 -15.516 -17.3152 -16.2431 -18.5681 -18.9616 -12.7405 -21.7893 -21.0309 -8.34644 -23.9467 -22.7529 -3.37015 -24.8831 -23.8876 1.79445 -24.5537 -24.2689 6.0422 -23.3233 -23.9413 9.89317 -21.3257 -23.0221 13.1618 -18.705 -21.5687 15.7218 -15.6225 -19.6685 18.0712 -10.5808 -16.2682 18.7655 -5.34155 -12.4514 17.9654 -0.23629 -8.47673 15.9136 4.51816 -4.51614 13.5492 7.98338 -1.41269 10.6641 11.0953 1.62417 7.36229 13.8111 4.61624 3.73467 16.0789 7.60408 -0.350998 17.9121 10.8053 -4.59409 19.072 14.1146 -8.86144 19.4449 17.5717 -12.9836 18.9212 21.1819 -16.2618 17.6829 24.3878 -19.1301 15.7026 27.614 -21.4462 13.0144 30.771 -23.0922 9.70344 33.7517 -24.1219 4.58331 37.2497 -23.8227 -1.04363 40.0353 -22.2949 -6.82931 41.9597 -19.7362 -12.4859 42.9438 -16.6035 -17.5147 42.983 -12.9864 -22.1343 42.1586 -9.09389 -26.2731 40.4787 -5.12493 -29.8793 37.9594 -1.88813 -32.4556 35.2244 1.16293 -34.5959 31.9527 3.92989 -36.271 28.1934 6.32544 -37.4541 24.0154 8.18708 -38.1033 19.7465 9.60317 -38.2827 15.2662 10.5441 -37.993 10.6682 10.9966 -37.2444 6.04807 10.8674 -35.642 0.237709 9.96961 -33.375 -5.27595 8.3522 -30.5126 -10.3293 6.0786 -27.1363 -14.7764 3.47638 -23.6654 -18.2131 0.44715 -19.9221 -20.9409 -2.93783 -15.9981 -22.8836 -6.59866 -11.9941 -23.9769 -10.2901 -8.17449 -24.1799 -14.0588 -4.48353 -23.5239 -17.7993 -1.02626 -22.0025 -21.3952 2.09342 -19.6373 -24.7753 4.81817 -16.4263 -27.755 7.00952 -12.492 -30.2172 8.60319 -7.95809 -32.06 9.56133 -2.97355 -33.2331 9.87446 2.52407 -33.5745 9.51085 8.1321 -33.0399 8.52598 13.6496 -31.6095 7.00518 18.8783 -29.5796 5.28798 23.1409 -26.8625 3.33077 26.8858 -23.5047 1.24628 29.9873 -19.5822 -0.840687 32.3318 -14.3303 -3.15199 34.017 -8.68152 -5.07321 34.4236 -2.92165 -6.43338 33.5644 2.66763 -7.12871 31.5541 7.21682 -7.17476 29.0186 11.3695 -6.73082 25.9064 15.0894 -5.86318 22.3658 18.39 -4.65534 18.5222 21.8125 -2.89644 13.704 24.8056 -0.906165 8.69374 27.4475 1.22424 3.54558 29.7671 3.44867 -1.71679 31.5931 5.60207 -6.69579 33.0003 7.88323 -11.7533 33.8139 10.3603 -16.8488 33.7978 13.0986 -21.875 32.7332 16.0364 -26.4992 30.4463 19.1571 -30.5215 26.9101 22.2517 -33.5323 22.3392 25.0066 -35.1641 16.5244 27.2956 -35.1601 10.6387 28.449 -33.4058 5.16735 28.3826 -30.3873 7.92826 8.2313 8.69477 9.1751 8.93096 9.13389 9.27199 9.34956 8.63524 8.5729 8.42741 8.15307 5.64975 4.52536 3.49943 2.71949 0.974912 0.686456 0.453643 0.259038 0.253263 0.165632 0.095392 0.0330424 0.265578 0.248752 0.225998 0.195894 0.444446 0.412801 0.359482 0.279857 0.605602 0.492131 0.321079 0.0751392 0.696966 -1.14649 -2.83736 -3.25661 -4.87388 -4.57777 -4.37894 -4.21865 -4.78338 -4.64139 -4.50581 -4.374 -4.80679 -4.68351 -4.562 -4.4449 -4.83376 -4.66046 -4.49692 -4.35098 -4.40686 -4.21732 -4.04863 -3.90302 -3.54225 -3.34377 -3.16196 -2.99128 -2.50855 -2.32453 -2.14826 -1.97862 -1.89626 -1.73936 -1.59521 -1.46172 -1.63666 -1.49241 -1.32157 -1.0618 -2.94714 -1.39008 0.144391 0.954566 -1.08647 -0.592879 -0.170292 0.198608 -0.834026 -0.520575 -0.184965 0.179714 -0.892332 -0.555803 -0.020287 0.751384 1.52648 2.41697 2.56201 2.24065 1.06301 0.2783 -0.113007 -0.211719 -8.6971
-6.07405 25.7591 -19.7775 -10.4864 21.8803 -16.8366 -14.2148 17.1814 -14.1563 -17.2517 11.7153 -12.1408 -19.4809 5.61987 -11.1212 -20.3957 1.415 -11.1142 -20.8038 -2.83474 -11.6538 -20.6392 -7.00175 -12.7152 -19.8482 -10.9508 -14.2308 -18.5261 -14.2978 -15.9481 -16.6333 -17.2416 -17.8587 -14.1907 -19.6922 -19.8404 -11.2477 -21.5741 -21.763 -6.80305 -23.0835 -23.9756 -1.89564 -23.4754 -25.6164 3.17013 -22.7609 -26.4859 8.06288 -21.0322 -26.4681 11.8657 -18.8734 -25.7312 15.1468 -16.2195 -24.3686 17.787 -13.2098 -22.4617 19.7168 -9.97871 -20.1163 21.2199 -5.07015 -16.0979 21.2159 -0.232918 -11.7274 19.8617 4.3344 -7.27685 17.3565 8.50188 -2.93442 14.665 11.4897 0.390984 11.4656 14.1223 3.56331 7.85262 16.3546 6.5952 3.91572 18.1321 9.52284 -0.488259 19.442 12.5544 -5.03119 20.0807 15.5964 -9.56812 19.95 18.7109 -13.9172 18.9592 21.9364 -17.3451 17.3624 24.8099 -20.3087 15.0756 27.7331 -22.6508 12.1414 30.642 -24.2384 8.65306 33.447 -25.0462 3.41992 36.8342 -24.3638 -2.16243 39.6418 -22.3294 -7.7394 41.7082 -19.1941 -13.0464 42.9401 -15.4972 -17.6628 43.2947 -11.3218 -21.8422 42.8447 -6.88989 -25.5622 41.5708 -2.40764 -28.8091 39.4562 1.23328 -31.1484 37.0343 4.65799 -33.1151 34.0348 7.75876 -34.6778 30.494 10.4371 -35.8021 26.4745 12.5096 -36.4347 22.3014 14.0726 -36.6254 17.8707 15.0912 -36.3656 13.2875 15.5505 -35.6587 8.66157 15.3298 -34.1215 2.83641 14.2416 -31.9348 -2.67532 12.3571 -29.176 -7.69351 9.76588 -25.9352 -12.067 6.8513 -22.6208 -15.406 3.51082 -19.0618 -18.0143 -0.16389 -15.3406 -19.825 -4.07343 -11.5432 -20.7859 -7.95005 -7.90713 -20.8764 -11.8435 -4.36387 -20.1395 -15.6499 -0.99456 -18.5849 -19.2661 2.12103 -16.2453 -22.6436 4.94844 -13.1217 -25.6288 7.36222 -9.32415 -28.1377 9.29594 -4.95089 -30.0967 10.6917 -0.116261 -31.4853 11.524 5.27608 -32.1459 11.6833 10.8651 -32.0282 11.1562 16.4693 -31.0951 9.96097 21.8914 -29.5565 8.37713 26.4039 -27.3526 6.38063 30.453 -24.5026 4.07767 33.8899 -21.0509 1.60646 36.5764 -16.2686 -1.33043 38.6426 -10.9491 -3.96542 39.3671 -5.36196 -6.00511 38.7446 0.195493 -7.22042 36.9001 4.79943 -7.50646 34.4819 9.04697 -7.06184 31.5006 12.8685 -5.93906 28.1448 16.2516 -4.23108 24.5721 19.725 -1.59789 20.2104 22.7059 1.51539 15.8008 25.2691 4.94951 11.3669 27.4435 8.57823 6.88064 29.0741 12.0374 2.62183 30.2224 15.5289 -1.76605 30.7034 19.0022 -6.29006 30.2691 22.3858 -10.8863 28.7117 25.4771 -15.2642 25.8705 28.174 -19.2393 21.7766 30.237 -22.4222 16.7217 31.4447 -24.4558 10.5158 31.6441 -25.1631 4.39959 30.6605 -24.3411 -1.18316 28.647 -22.3836 7.94228 8.14518 8.42893 8.70389 8.31013 8.41574 8.47302 8.481 7.70726 7.59722 7.42844 7.1931 4.88995 4.1933 3.49529 2.82613 1.08982 0.783657 0.52846 0.312947 0.285459 0.179307 0.0972253 0.0298836 0.264356 0.253887 0.241637 0.225262 0.489919 0.475299 0.437908 0.371734 0.706925 0.599346 0.431361 0.185771 0.804892 -1.04529 -2.74629 -3.1784 -4.81014 -4.5293 -4.3463 -4.20168 -4.77998 -4.64906 -4.5227 -4.39768 -4.83426 -4.71161 -4.58755 -4.46482 -4.84392 -4.6566 -4.47728 -4.31508 -4.35577 -4.15256 -3.97152 -3.81524 -3.44575 -3.24024 -3.05253 -2.87686 -2.38989 -2.20197 -2.02192 -1.84866 -1.7632 -1.60472 -1.46214 -1.33577 -1.52603 -1.40801 -1.28221 -1.10012 -3.12939 -1.60603 0.313432 1.22604 -0.817624 -0.336527 0.0770059 0.443521 -0.583428 -0.255237 0.100218 0.483354 -0.580659 -0.253671 0.246059 0.946016 1.60552 2.33877 2.327 1.99206 1.13472 0.831924 0.716913 0.710201 -7.78993
-6.72181 19.6899 -19.9978 -10.928 15.1777 -17.7369 -14.5294 10.1307 -15.564 -17.3729 4.43406 -13.9436 -19.1771 -1.84672 -13.2662 -19.6115 -6.1231 -13.4695 -19.3627 -10.3568 -14.1984 -18.3782 -14.3686 -15.404 -16.6488 -17.9784 -16.9838 -14.4125 -20.824 -18.6575 -11.631 -23.0861 -20.4025 -8.39487 -24.6952 -22.0868 -4.81598 -25.6136 -23.5859 0.147277 -25.7655 -25.093 5.17645 -24.7984 -25.93 9.97906 -22.8337 -25.9927 14.2914 -20.0432 -25.2546 17.4232 -17.1556 -24.0222 19.9405 -13.9383 -22.2967 21.7811 -10.515 -20.1617 22.9168 -6.9968 -17.7125 23.3136 -1.8495 -13.7315 22.2995 3.06362 -9.56814 20.0323 7.57914 -5.44848 16.7023 11.5854 -1.5291 13.4075 14.3719 1.40511 9.65414 16.7433 4.14724 5.53634 18.6598 6.71632 1.14542 20.075 9.15508 -3.67945 20.9638 11.6515 -8.57959 21.1596 14.1517 -13.4054 20.5871 16.7372 -17.97 19.182 19.4741 -21.5189 17.2687 21.9846 -24.5332 14.7135 24.6193 -26.8352 11.5602 27.3239 -28.2549 7.89878 29.9953 -28.5625 2.52091 33.235 -27.0496 -3.00359 35.8239 -24.1012 -8.2109 37.7484 -20.1103 -12.8946 39.0325 -15.6935 -16.7936 39.6604 -10.8605 -20.2208 39.6948 -5.79064 -23.2243 39.0783 -0.64664 -25.841 37.7376 3.59132 -27.7444 36.0023 7.66069 -29.3717 33.6814 11.4504 -30.6967 30.77 14.8466 -31.6836 27.2934 17.6021 -32.2716 23.5288 19.821 -32.4908 19.3889 21.4373 -32.3212 14.9765 22.4073 -31.7558 10.4104 22.681 -30.4638 4.52818 21.8831 -28.5873 -1.1452 20.0798 -26.2037 -6.38082 17.3752 -23.4079 -10.9866 14.2101 -20.5676 -14.5283 10.5079 -17.5453 -17.319 6.39134 -14.4167 -19.2927 1.98951 -11.2525 -20.4064 -2.38358 -8.24001 -20.6472 -6.77936 -5.30597 -20.0772 -11.0833 -2.49791 -18.7174 -15.1881 0.139304 -16.6073 -19.0563 2.59838 -13.7527 -22.5365 4.78796 -10.2522 -25.5592 6.65471 -6.18559 -28.0673 8.13686 -1.63894 -30.0793 9.19731 3.51136 -31.4202 9.67725 8.95838 -32.0343 9.50023 14.5521 -31.8736 8.62292 20.1111 -31.0533 7.26072 24.8766 -29.598 5.42061 29.3189 -27.5357 3.22374 33.3387 -24.8464 0.803164 36.8238 -20.7123 -2.17922 39.9508 -15.6426 -4.87894 41.616 -9.98882 -6.82746 41.649 -4.25507 -7.65063 40.1624 0.428797 -7.31336 37.9101 4.60136 -6.01837 35.0748 8.17669 -3.88684 31.9443 11.1746 -1.08425 28.7374 14.0874 2.87573 25.015 16.5043 7.27869 21.438 18.6021 11.9126 17.9525 20.4902 16.5997 14.4187 22.0595 20.8529 10.9245 23.3539 24.8748 7.06299 24.1691 28.498 2.70756 24.2158 31.5035 -2.1634 23.2269 33.5834 -7.24694 21.0329 34.5875 -12.2792 17.6672 34.3933 -16.7268 13.411 33.0674 -20.0843 8.11087 30.5296 -22.2103 2.78961 27.2829 -22.6516 -2.20207 23.6314 -21.7555 7.93316 8.12897 8.37099 8.56466 8.07737 8.1014 8.07436 7.99861 7.14866 6.97586 6.76691 6.53153 4.29527 3.74946 3.21587 2.6709 1.00795 0.743545 0.514531 0.316068 0.30293 0.209572 0.139328 0.0846228 0.331803 0.333633 0.334315 0.330961 0.608278 0.60492 0.576118 0.515175 0.852015 0.743503 0.572758 0.323189 0.936631 -0.922863 -2.6372 -3.08574 -4.73661 -4.47759 -4.31961 -4.20272 -4.80829 -4.703 -4.60233 -4.50219 -4.96118 -4.85747 -4.74823 -4.63508 -5.01765 -4.82423 -4.62902 -4.44325 -4.45673 -4.22546 -4.01618 -3.83256 -3.43772 -3.20892 -2.99944 -2.80383 -2.29954 -2.09667 -1.9037 -1.71913 -1.62364 -1.4568 -1.30848 -1.18005 -1.37309 -1.26315 -1.15442 -1.01138 -3.14585 -1.87506 0.158037 1.23084 -0.783351 -0.302179 0.105835 0.468851 -0.555537 -0.214662 0.162077 0.567821 -0.485087 -0.168158 0.294731 0.937055 1.54578 2.2868 2.39575 2.2925 1.70526 1.61053 1.61021 1.65547 -6.81263
-2.67867 10.4995 -17.7249 -7.53783 6.43001 -15.9959 -12.1086 1.86956 -14.7819 -15.9707 -3.44328 -14.6396 -18.4809 -9.37915 -15.9148 -19.0441 -13.3308 -17.5223 -18.6231 -17.067 -19.6155 -17.2064 -20.3573 -21.9995 -14.8783 -23.0222 -24.4483 -12.0423 -24.8379 -26.5835 -8.70788 -25.9894 -28.4422 -5.03608 -26.4845 -29.9159 -1.18283 -26.3577 -30.9336 3.87228 -25.3417 -31.5184 8.71395 -23.492 -31.2628 13.1122 -20.9456 -30.2136 16.8827 -17.8411 -28.4606 19.5002 -14.8487 -26.4961 21.4947 -11.6306 -24.1869 22.8295 -8.2688 -21.6216 23.4917 -4.84158 -18.8863 23.2655 0.161248 -14.7124 21.718 4.93824 -10.5548 19.003 9.31967 -6.56309 15.3039 13.1704 -2.82287 11.7661 15.7965 -0.0270728 7.81472 17.9656 2.60208 3.54362 19.6326 5.09374 -0.955032 20.7517 7.48955 -5.84262 21.2841 9.96535 -10.7524 21.0875 12.4465 -15.5353 20.0964 14.9846 -20.0059 18.2546 17.6157 -23.4312 15.9558 19.9696 -26.277 13.0165 22.3819 -28.3529 9.49923 24.806 -29.4685 5.52906 27.162 -29.221 -0.07938 29.9897 -27.1775 -5.56129 32.2886 -23.7957 -10.5784 33.9929 -19.4844 -15.0188 35.0919 -14.8561 -18.6877 35.5644 -9.87764 -21.8985 35.4622 -4.7039 -24.6922 34.7331 0.525256 -27.0864 33.3089 4.83424 -28.7758 31.5276 8.98133 -30.153 29.1826 12.8583 -31.1864 26.2678 16.35 -31.8424 22.8078 19.2002 -32.0904 19.0762 21.5132 -31.9599 14.9844 23.2177 -31.4506 10.6316 24.264 -30.5765 6.1315 24.6076 -28.9632 0.33292 23.834 -26.8811 -5.27167 21.9953 -24.4302 -10.4636 19.1843 -21.7169 -15.055 15.8537 -19.086 -18.6067 11.9215 -16.3953 -21.4221 7.51658 -13.7082 -23.4234 2.7812 -11.0758 -24.5526 -1.93593 -8.63571 -24.7804 -6.67375 -6.30845 -24.1533 -11.2851 -4.11407 -22.6775 -15.6234 -2.07106 -20.3834 -19.6095 -0.171677 -17.2751 -23.0489 1.5239 -13.4732 -25.8524 2.98331 -9.0949 -27.9762 4.16963 -4.27397 -29.4725 5.07428 1.07774 -30.2947 5.59627 6.62301 -30.5379 5.69642 12.247 -30.3133 5.34407 17.8616 -29.8084 4.63372 22.8092 -29.0774 3.55571 27.6612 -28.1605 2.13707 32.3925 -26.7777 0.42412 36.9083 -24.1413 -1.83989 41.7753 -20.1017 -3.9771 45.6324 -14.7596 -5.4436 47.8851 -8.78917 -5.71057 48.1 -3.87557 -4.76198 46.6573 0.185764 -2.79906 44.0537 3.16315 -0.062747 40.7714 5.13839 3.19265 37.218 6.51345 7.4648 32.9896 7.35368 11.9932 28.8896 8.11077 16.6328 24.8992 9.11172 21.2201 20.9022 10.4106 25.2357 17.0357 12.0609 28.7935 12.8667 13.9162 31.6295 8.25402 15.6929 33.4494 3.12636 16.9669 33.9653 -2.28268 17.3768 33.0525 -7.77311 16.6001 30.7361 -12.7908 14.5522 27.3329 -16.7112 11.0129 22.879 -19.2972 6.67946 18.4288 -19.9814 2.02619 14.3245 -19.237 7.99792 8.37747 8.70787 8.87611 8.31955 8.28029 8.19215 8.06145 7.16681 6.96016 6.72994 6.48918 4.26579 3.7561 3.26608 2.76119 1.12882 0.886285 0.673664 0.48685 0.482947 0.394368 0.324723 0.267894 0.511373 0.508674 0.50371 0.493894 0.764458 0.755427 0.723647 0.663224 1.00354 0.899653 0.733363 0.486316 1.09823 -0.766986 -2.48799 -2.94405 -4.60256 -4.35104 -4.20089 -4.09279 -4.7079 -4.61281 -4.52396 -4.4373 -4.91096 -4.82281 -4.73006 -4.63371 -5.03454 -4.85846 -4.67488 -4.49334 -4.5036 -4.26351 -4.04148 -3.84329 -3.43433 -3.1934 -2.97449 -2.7727 -2.26661 -2.06585 -1.87766 -1.69868 -1.6077 -1.44239 -1.29194 -1.15937 -1.35111 -1.24989 -1.17264 -1.08313 -3.34258 -2.51381 -0.991467 0.427249 -1.36759 -0.805786 -0.374902 -0.0192939 -1.06899 -0.758495 -0.399636 0.0116245 -1.01087 -0.643452 -0.108395 0.633412 1.37268 2.26915 2.53946 2.57882 2.10833 2.10327 2.18572 2.34523 -6.01394
6.88787 4.00569 -11.4522 1.51637 0.333215 -10.5453 -4.00473 -3.22776 -10.5138 -9.18119 -7.02087 -11.9209 -13.2562 -11.0998 -15.0704 -14.8631 -13.7883 -18.0212 -15.3994 -16.3087 -21.4676 -14.7762 -18.4863 -25.1264 -13.0373 -20.1726 -28.6831 -10.5681 -21.2127 -31.6362 -7.45952 -21.72 -34.0813 -3.91573 -21.7063 -35.909 -0.133512 -21.2101 -37.07 4.86877 -19.9269 -37.579 9.67353 -18.0429 -37.0372 14.0496 -15.6735 -35.5656 17.8254 -12.9218 -33.3074 20.4794 -10.3361 -30.8711 22.5444 -7.59245 -28.065 23.9819 -4.74508 -24.9842 24.7727 -1.84878 -21.7205 24.7648 2.38049 -16.7593 23.4394 6.42796 -11.8235 20.9247 10.1421 -7.09241 17.3899 13.3899 -2.68127 13.9561 15.5735 0.585178 10.0876 17.3286 3.61589 5.88487 18.6019 6.43452 1.4482 19.3398 9.08053 -3.37101 19.4772 11.7372 -8.19889 18.8897 14.3152 -12.8781 17.5143 16.8675 -17.2203 15.3047 19.4294 -20.5231 12.7168 21.6547 -23.2564 9.53026 23.8754 -25.272 5.82084 26.0513 -26.4482 1.71203 28.1229 -26.606 -4.06687 30.5908 -25.1867 -9.85307 32.595 -22.4042 -15.3041 34.0289 -18.5561 -20.2098 34.8277 -14.2272 -24.2531 34.9559 -9.44321 -27.7098 34.4375 -4.40177 -30.5763 33.2248 0.712089 -32.843 31.2716 4.90789 -34.2647 29.0427 8.90979 -35.2332 26.2785 12.6039 -35.7345 23.008 15.8822 -35.764 19.287 18.5196 -35.3653 15.4145 20.6335 -34.5721 11.2899 22.1782 -33.4183 7.00117 23.1269 -31.9473 2.63699 23.4565 -29.6717 -2.93594 22.7976 -27.0712 -8.33481 21.1785 -24.2583 -13.4153 18.6438 -21.3405 -18.0419 15.5627 -18.6548 -21.7732 11.8253 -16.0288 -24.8981 7.51925 -13.5173 -27.302 2.76252 -11.1625 -28.8694 -2.08745 -9.07612 -29.4871 -7.04205 -7.17856 -29.1597 -11.9047 -5.47908 -27.8469 -16.4632 -3.98378 -25.5576 -20.5708 -2.68071 -22.3038 -23.9738 -1.60587 -18.2513 -26.562 -0.774496 -13.5857 -28.3133 -0.204987 -8.50958 -29.316 0.090614 -2.97749 -29.627 0.0657694 2.64394 -29.431 -0.282778 8.2598 -28.9079 -0.936383 13.8272 -28.2803 -1.73384 18.7475 -27.5436 -2.66555 23.6287 -26.6691 -3.6272 28.4814 -25.5501 -4.47202 33.3055 -23.6533 -5.07324 38.945 -20.7943 -4.84394 44.1925 -16.8532 -3.42075 48.4592 -12.1749 -0.684834 50.9872 -8.11024 2.55067 51.3533 -4.62462 6.1891 50.0351 -2.03844 9.85839 47.3944 -0.370176 13.3401 43.8987 0.669398 17.1505 39.1635 1.17588 20.7207 34.1616 1.62789 24.1694 29.0701 2.42354 27.521 23.9559 3.71648 30.4374 19.2036 5.64377 32.953 14.4372 8.17461 34.766 9.63406 11.1365 35.5229 4.79503 14.1278 34.9158 0.122732 16.787 32.7775 -4.29351 18.6157 29.1486 -8.1189 19.1912 24.3961 -10.9876 18.1332 18.5052 -12.7848 15.4423 12.8773 -13.1544 11.5476 8.03255 -12.5124 7.73117 8.34786 8.8295 9.07685 8.5705 8.57095 8.52428 8.43486 7.57598 7.39487 7.17643 6.92989 4.67813 4.1227 3.58719 3.04518 1.38613 1.12368 0.894209 0.692634 0.672469 0.566905 0.482346 0.412737 0.646826 0.637624 0.628109 0.615717 0.885554 0.877595 0.848534 0.792342 1.13804 1.04051 0.88214 0.644844 1.27071 -0.576763 -2.28081 -2.72191 -4.36819 -4.10699 -3.94928 -3.83571 -4.44774 -4.35165 -4.26388 -4.18093 -4.66133 -4.5832 -4.50425 -4.42539 -4.84987 -4.70292 -4.54733 -4.38793 -4.40996 -4.17048 -3.93889 -3.72333 -3.29334 -3.03151 -2.79405 -2.57729 -2.06038 -1.85218 -1.65876 -1.47565 -1.38069 -1.21102 -1.05531 -0.915435 -1.09592 -0.976646 -0.866824 -0.743734 -2.99322 -2.32523 -1.45839 -0.574616 -2.40811 -1.79312 -1.32561 -0.96396 -2.03623 -1.77036 -1.45993 -1.08217 -2.10657 -1.70576 -1.10341 -0.267453 0.583253 1.60036 1.99469 2.15545 1.80697 1.9225 2.12734 2.43661 -5.4389
3.6492 2.74985 -9.99689 -1.24051 -1.62619 -9.67542 -6.21083 -5.86954 -10.3489 -10.7596 -10.095 -12.4976 -14.1842 -14.1823 -16.3353 -15.4139 -16.6104 -19.6684 -15.6543 -18.6829 -23.432 -14.8374 -20.2725 -27.3464 -13.0069 -21.2897 -31.1057 -10.5302 -21.6879 -34.2051 -7.4698 -21.5711 -36.7584 -4.01255 -20.9784 -38.6545 -0.342742 -19.9664 -39.8409 4.48538 -18.1247 -40.316 9.08902 -15.8194 -39.6673 13.2394 -13.1708 -38.0277 16.7711 -10.2807 -35.5574 19.2105 -7.68284 -32.9183 21.0654 -5.01707 -29.8985 22.3067 -2.32693 -26.599 22.9227 0.345808 -23.1143 22.7059 4.15411 -17.8275 21.2317 7.71336 -12.5684 18.6272 10.913 -7.52058 15.0557 13.6532 -2.8051 11.6254 15.4512 0.691997 7.78527 16.8439 3.93916 3.63185 17.7748 6.95772 -0.735481 18.1807 9.78463 -5.45624 17.9649 12.6076 -10.1496 17.0084 15.3201 -14.6441 15.2467 17.965 -18.7418 12.6493 20.5655 -21.7896 9.75195 22.7732 -24.2461 6.30536 24.9281 -25.9956 2.40495 26.9976 -26.9555 -1.82226 28.9383 -26.9517 -7.67524 31.2305 -25.53 -13.506 33.0993 -22.8239 -19.0178 34.4439 -19.0413 -23.9839 35.1801 -14.7131 -28.0294 35.2526 -9.86151 -31.3808 34.6748 -4.70019 -34.0003 33.4089 0.561904 -35.8726 31.4318 4.89049 -36.866 29.2249 9.02893 -37.3382 26.5333 12.866 -37.2998 23.3918 16.3007 -36.7694 19.8541 19.1068 -35.8376 16.1977 21.4157 -34.5205 12.3191 23.1877 -32.8576 8.29348 24.3995 -30.8949 4.19596 25.1209 -28.0152 -1.05104 24.9139 -24.8367 -6.16954 23.7949 -21.472 -11.0452 21.7819 -18.0362 -15.5714 19.1585 -14.9239 -19.3211 15.809 -11.9524 -22.5738 11.7662 -9.23157 -25.1971 7.10408 -6.88161 -27.0331 2.17463 -5.09006 -27.8978 -2.99357 -3.85543 -27.7515 -8.12957 -3.24789 -26.5227 -12.9257 -3.28726 -24.2309 -17.1555 -3.94553 -20.9393 -20.524 -5.12188 -16.8862 -22.9398 -6.67174 -12.3122 -24.4334 -8.43831 -7.43286 -25.136 -10.3507 -2.18429 -25.1534 -12.1809 3.14013 -24.6802 -13.7791 8.51797 -23.8923 -14.9848 13.9608 -23.0469 -15.5741 18.8779 -22.1505 -15.5589 23.821 -21.2658 -14.7954 28.7071 -20.4366 -13.1703 33.388 -19.5552 -10.0597 38.4191 -18.7815 -5.75526 42.4982 -18.0668 -0.51932 45.2981 -17.3193 5.26461 46.6221 -16.5458 10.4145 46.5413 -15.5899 15.4018 45.3832 -14.4015 20.0252 43.3 -12.9563 24.1644 40.4885 -10.9141 28.3861 36.4847 -8.52605 31.9177 32.0295 -5.81423 34.8327 27.3207 -2.80547 37.1688 22.4717 0.218896 38.7819 17.8876 3.41108 39.7473 13.2356 6.67256 39.8796 8.53365 9.83285 38.9521 3.85233 12.5648 36.8376 -0.530928 14.6383 33.4769 -4.47469 15.7458 29.0385 -7.67178 15.691 23.9136 -9.8805 14.2409 17.9594 -11.104 11.5423 12.3245 -11.229 7.91283 7.26614 -10.6875 7.82938 8.36756 8.82892 9.10661 8.63779 8.6683 8.65143 8.59284 7.76642 7.62028 7.43983 7.23117 5.01602 4.48454 3.95544 3.4094 1.74281 1.47234 1.23463 1.02483 0.99467 0.87754 0.781479 0.700272 0.923893 0.905553 0.887547 0.867762 1.13145 1.11883 1.08656 1.02821 1.3725 1.27407 1.11516 0.877733 1.50401 -0.342277 -2.04465 -2.4846 -4.1313 -3.87272 -3.72031 -3.61506 -4.23763 -4.15361 -4.08032 -4.01417 -4.51303 -4.45467 -4.39704 -4.34086 -4.79261 -4.6776 -4.55449 -4.42623 -4.47381 -4.25108 -4.02473 -3.80013 -3.34693 -3.05072 -2.77063 -2.50582 -1.93981 -1.68431 -1.44745 -1.22525 -1.09392 -0.887938 -0.691619 -0.500124 -0.615913 -0.421577 -0.230665 -0.0422526 -2.28798 -1.79469 -1.34207 -0.950772 -3.10363 -2.63395 -2.21277 -1.84184 -2.87376 -2.55841 -2.21576 -1.83732 -2.89113 -2.53442 -1.97583 -1.17136 -0.335556 0.680338 1.08252 1.25659 0.925827 1.06298 1.28626 1.5902 -6.43914
-1.52219 3.9372 -9.10183 -5.73244 -1.04041 -9.914 -9.67434 -5.95615 -11.7743 -12.7922 -10.7924 -14.9449 -14.4481 -15.3186 -19.4096 -14.4357 -17.9051 -22.8487 -13.4595 -20.0279 -26.4624 -11.5324 -21.5631 -29.9903 -8.76442 -22.4308 -33.1689 -5.61269 -22.6167 -35.6043 -2.08318 -22.2298 -37.4186 1.63325 -21.3236 -38.5439 5.35998 -19.9699 -38.9662 9.98635 -17.6642 -38.5093 14.1275 -14.8976 -37.0515 17.613 -11.8088 -34.7623 20.3353 -8.51165 -31.8219 22.0096 -5.5985 -28.9279 23.0621 -2.65128 -25.7858 23.49 0.282919 -22.4885 23.3042 3.15888 -19.118 21.9657 7.18631 -14.1694 19.4746 10.8581 -9.3931 15.9771 14.0515 -4.91299 11.6412 16.6548 -0.799115 7.68973 18.2419 2.21689 3.40887 19.3333 4.99415 -1.10366 19.8785 7.55718 -5.74545 19.8275 9.94068 -10.6601 19.0755 12.3033 -15.4478 17.5586 14.5565 -19.941 15.2468 16.74 -23.9511 12.1422 18.8803 -26.8642 8.86183 20.6997 -29.1389 5.09408 22.4849 -30.6639 0.941919 24.2143 -31.3582 -3.4609 25.8545 -30.944 -9.41619 27.8228 -29.0566 -15.1836 29.4615 -25.8578 -20.4563 30.6775 -21.5937 -25.0188 31.3938 -16.8517 -28.5672 31.5532 -11.6389 -31.3568 31.1662 -6.16617 -33.4053 30.1883 -0.62574 -34.7508 28.5766 3.927 -35.3694 26.7101 8.29265 -35.5431 24.3638 12.3638 -35.2865 21.5435 16.0332 -34.6103 18.2765 19.046 -33.5907 14.8133 21.523 -32.213 11.0615 23.3952 -30.4924 7.10604 24.6092 -28.452 3.04731 25.1521 -25.42 -2.13501 24.5288 -22.0144 -7.07044 22.754 -18.3634 -11.5275 19.8866 -14.6288 -15.2925 16.3783 -11.2959 -17.9781 12.1492 -8.22761 -19.8029 7.35407 -5.6077 -20.6815 2.19128 -3.61725 -20.5708 -2.89057 -2.44541 -19.5418 -7.85333 -2.09223 -17.6702 -12.4627 -2.5835 -15.0681 -16.5193 -3.86759 -11.8819 -19.9354 -5.85719 -8.20341 -22.5801 -8.35494 -4.21271 -24.4642 -11.1498 0.00608818 -25.6478 -14.0205 4.42402 -26.2259 -16.8524 9.25567 -26.2377 -19.2535 14.3482 -25.7858 -20.9434 19.6997 -24.9748 -21.6435 25.2269 -24.0413 -21.2346 30.1463 -22.9982 -19.7569 34.8331 -21.9309 -17.2226 39.0375 -20.9118 -13.7552 42.527 -19.8301 -8.69724 45.529 -18.9125 -3.02496 47.1868 -18.1336 2.89265 47.5611 -17.4286 8.78529 46.8229 -16.8015 13.7691 45.4463 -16.0991 18.5582 43.5232 -15.2583 23.1269 41.1679 -14.2213 27.4568 38.4656 -12.6778 32.2373 34.8897 -10.7298 36.5643 30.952 -8.34379 40.3056 26.6704 -5.52653 43.2715 22.0565 -2.58237 45.1148 17.5072 0.55897 45.8656 12.7817 3.70264 45.3311 8.02842 6.5811 43.4032 3.47214 8.83863 40.2209 -0.518328 10.2914 35.9608 -3.81792 10.7658 30.9686 -6.26731 10.2145 25.6427 -7.84117 8.47165 19.7035 -8.70216 5.7581 14.0789 -8.93101 2.33652 8.84962 -8.92555 7.84345 8.2471 8.5812 8.77875 8.26767 8.26977 8.22378 8.13285 7.27241 7.0945 6.8905 6.67597 4.48413 4.01185 3.55546 3.07632 1.45979 1.22553 1.01603 0.82831 0.819612 0.721932 0.642011 0.575625 0.812429 0.80581 0.799348 0.790596 1.06478 1.06205 1.03903 0.989556 1.34196 1.25083 1.09886 0.867718 1.49996 -0.341848 -2.04268 -2.4843 -4.13572 -3.88438 -3.74145 -3.64732 -4.28097 -4.20708 -4.14339 -4.08566 -4.59091 -4.53633 -4.47942 -4.42045 -4.86459 -4.73605 -4.5965 -4.45253 -4.48973 -4.26448 -4.04441 -3.83395 -3.39905 -3.12034 -2.85186 -2.58825 -2.01489 -1.7448 -1.48773 -1.24053 -1.07835 -0.83349 -0.588415 -0.336272 -0.383964 -0.119796 0.1385 0.381023 -1.83174 -1.34198 -0.925854 -0.58793 -2.79111 -2.35721 -1.95523 -1.58595 -2.60392 -2.26507 -1.90181 -1.5144 -2.57357 -2.23189 -1.69144 -0.901051 -0.0702276 0.951074 1.36843 1.56628 1.26862 1.44693 1.70677 2.01483 -6.09335
-7.15175 4.26236 -5.77084 -10.4222 -1.03289 -7.87492 -13.1919 -6.22404 -10.7979 -14.986 -11.1854 -14.7131 -15.3016 -15.6161 -19.5536 -14.489 -18.0028 -23.0409 -12.8276 -19.8241 -26.5679 -10.3644 -20.9682 -29.9056 -7.22975 -21.3738 -32.8257 -3.89431 -21.0903 -34.9921 -0.323178 -20.2164 -36.5355 3.3108 -18.8265 -37.408 6.85439 -17.0092 -37.6075 11.1292 -14.1512 -36.9107 14.8319 -10.9121 -35.2595 17.8238 -7.45206 -32.8088 20.0218 -3.9048 -29.7244 21.2405 -0.887029 -26.7123 21.8454 2.05779 -23.4523 21.8475 4.88137 -20.0329 21.2707 7.54287 -16.533 19.4397 11.0863 -11.3763 16.5713 14.1135 -6.36542 12.8184 16.5507 -1.62442 8.34221 18.3325 2.76754 4.35112 19.2407 6.00415 0.0866163 19.6484 8.98368 -4.36093 19.5134 11.7096 -8.89344 18.7907 14.1922 -13.6463 17.345 16.5631 -18.2245 15.1586 18.6984 -22.4626 12.2154 20.616 -26.1805 8.53596 22.3304 -28.8258 4.8202 23.6544 -30.8359 0.682755 24.8368 -32.1199 -3.77011 25.8763 -32.6153 -8.40871 26.768 -32.0222 -14.5953 27.7092 -30.0543 -20.5303 28.3528 -26.8517 -25.9299 28.6683 -22.6247 -30.5821 28.6199 -17.9243 -34.1645 28.2001 -12.7412 -36.914 27.3755 -7.27878 -38.8211 26.0996 -1.72979 -39.9031 24.3269 2.84283 -40.1994 22.4302 7.23955 -39.962 20.1484 11.3559 -39.2173 17.4847 15.0907 -37.9956 14.4592 18.192 -36.4287 11.291 20.7901 -34.4981 7.88041 22.821 -32.2425 4.28883 24.2314 -29.7059 0.589405 25.0733 -26.1187 -4.18216 24.7799 -22.2692 -8.81248 23.3338 -18.2939 -13.1079 20.7596 -14.3511 -16.8725 17.4652 -10.916 -19.6966 13.3835 -7.81143 -21.7777 8.66576 -5.19161 -23.0058 3.51172 -3.19855 -23.3087 -1.62694 -1.9783 -22.707 -6.71863 -1.49282 -21.2595 -11.5433 -1.74139 -19.0416 -15.915 -2.66676 -16.1625 -19.7574 -4.19088 -12.6881 -22.9257 -6.157 -8.78228 -25.4094 -8.39907 -4.54393 -27.2446 -10.7446 -0.0394885 -28.5362 -13.1158 4.90094 -29.2804 -15.2162 10.0714 -29.5658 -16.8491 15.452 -29.4752 -17.8186 20.9973 -29.1406 -17.9687 26.0077 -28.6176 -17.3376 30.9642 -27.9529 -15.8623 35.7203 -27.1884 -13.5384 40.1082 -26.1976 -9.75354 44.6312 -25.1561 -5.05898 48.1867 -24.0811 0.282945 50.6511 -22.9631 6.0009 52.0003 -21.9255 11.0954 52.3094 -20.7968 16.1614 51.8736 -19.5376 21.0921 50.765 -18.1075 25.7983 49.0524 -16.1492 30.9693 46.3232 -13.8606 35.5687 42.9127 -11.2343 39.434 38.8898 -8.31388 42.3772 34.3257 -5.43654 44.1006 29.6875 -2.55065 44.693 24.7801 0.137771 44.0392 19.7694 2.3881 42.1108 14.8726 3.93645 39.0933 10.4403 4.68504 35.1604 6.55214 4.56542 30.5991 3.33847 3.61108 25.7102 0.821552 1.69001 20.145 -1.27378 -0.908235 14.6863 -2.85589 -3.93966 9.40042 -4.24265 8.51168 8.81177 9.06969 9.22692 8.70033 8.69515 8.64392 8.55009 7.69161 7.52343 7.33925 7.15379 5.00034 4.5652 4.13199 3.66166 2.04342 1.80213 1.58208 1.38152 1.35504 1.23417 1.12933 1.03666 1.24932 1.22147 1.19502 1.1685 1.42752 1.41317 1.3827 1.32955 1.68142 1.59168 1.44236 1.21463 1.85101 0.0134709 -1.68396 -2.12386 -3.77614 -3.52907 -3.39484 -3.31471 -3.9664 -3.91335 -3.8746 -3.84566 -4.38233 -4.36115 -4.33995 -4.31834 -4.8059 -4.72516 -4.62966 -4.5234 -4.58932 -4.38459 -4.17934 -3.98 -3.55458 -3.28556 -3.02857 -2.77937 -2.22301 -1.97218 -1.73647 -1.51332 -1.37975 -1.17047 -0.969777 -0.772808 -0.883001 -0.683767 -0.489953 -0.30216 -2.55297 -2.07108 -1.63206 -1.25178 -3.40841 -2.93307 -2.49636 -2.10209 -3.10563 -2.76615 -2.41588 -2.05179 -3.13953 -2.82798 -2.31778 -1.55586 -0.749791 0.251648 0.654665 0.843711 0.540554 0.710924 0.947258 1.19995 -7.66661
-2.31426 -0.99345 -5.07561 -5.48077 -6.19218 -7.54725 -8.58817 -10.7422 -11.1257 -11.1806 -14.3669 -15.9532 -12.7521 -16.73 -21.8784 -12.9855 -17.4339 -26.1172 -12.4994 -17.4104 -30.3929 -11.2773 -16.6623 -34.4505 -9.37009 -15.2451 -38.0382 -7.08831 -13.4228 -40.7533 -4.43685 -11.217 -42.7541 -1.5572 -8.74211 -43.9713 1.40755 -6.10873 -44.3895 5.18439 -2.60171 -43.7857 8.64222 0.847011 -42.0312 11.6024 4.13068 -39.3138 13.9409 7.18843 -35.834 15.3837 9.60222 -32.4051 16.2812 11.8203 -28.6713 16.6175 13.8366 -24.7361 16.3905 15.6449 -20.6933 15.0622 17.9013 -14.723 12.6353 19.6594 -8.93333 9.24213 20.8827 -3.50277 5.0516 21.53 1.44909 1.25567 21.5987 5.02897 -2.82413 21.2342 8.26196 -7.07783 20.3974 11.1663 -11.39 19.0435 13.7743 -15.866 17.0056 16.247 -20.1062 14.2978 18.4803 -23.9305 10.9011 20.5143 -27.1457 6.84023 22.3778 -29.2786 2.86432 23.8611 -30.706 -1.45379 25.2298 -31.3491 -5.99083 26.4783 -31.1686 -10.6035 27.5953 -29.6782 -16.5797 28.8503 -26.8848 -22.1278 29.8132 -22.9914 -27.022 30.4456 -18.239 -31.1281 30.7046 -13.1921 -34.2283 30.5589 -7.7832 -36.5771 29.9837 -2.18351 -38.1943 28.9198 3.44453 -39.1058 27.3078 8.05474 -39.3463 25.4961 12.4698 -39.1222 23.2486 16.586 -38.4476 20.5662 20.2996 -37.3401 17.4715 23.3576 -35.9129 14.1971 25.888 -34.1464 10.6493 27.8274 -32.0761 6.89911 29.1275 -29.7449 3.02804 29.8123 -26.4501 -1.97391 29.3645 -22.9266 -6.84515 27.7864 -19.3065 -11.4004 25.1135 -15.7376 -15.4578 21.7557 -12.6492 -18.5907 17.6247 -9.88062 -21.0194 12.8546 -7.57599 -22.6207 7.63228 -5.87266 -23.2944 2.41248 -4.90785 -23.0122 -2.76083 -4.65774 -21.8162 -7.64134 -5.12112 -19.7611 -12.0151 -6.23359 -16.9523 -15.786 -7.90502 -13.4672 -18.8094 -9.95737 -9.49159 -21.0975 -12.2081 -5.14908 -22.7267 -14.4735 -0.525998 -23.8465 -16.6609 4.53955 -24.5249 -18.4746 9.82621 -24.9107 -19.7224 15.3028 -25.1392 -20.2185 20.9063 -25.305 -19.8885 25.9166 -25.4943 -18.7458 30.8049 -25.7402 -16.7564 35.4115 -26.0483 -13.9466 39.5647 -26.4705 -9.65404 43.7071 -26.8802 -4.55157 46.7993 -27.1844 1.09339 48.7504 -27.2838 7.0172 49.5649 -27.1257 12.2207 49.4086 -26.6866 17.3337 48.5188 -25.9228 22.2496 46.977 -24.8023 26.8756 44.8626 -22.9926 31.8598 41.7152 -20.6506 36.1681 37.9768 -17.8022 39.6405 33.7516 -14.5144 42.1029 29.1529 -11.1735 43.3271 24.6694 -7.7004 43.4027 20.1203 -4.28518 42.2523 15.6735 -1.15051 39.8779 11.5144 1.41802 36.4834 7.90503 3.32341 32.2128 4.85894 4.44621 27.3172 2.42587 4.74277 22.0627 0.568666 4.12857 16.037 -0.969936 2.63176 10.0963 -2.20247 0.417479 4.38803 -3.45389 7.36667 7.76877 8.14909 8.4303 8.00708 8.08599 8.12433 8.12703 7.36678 7.29301 7.19442 7.07532 4.96423 4.53212 4.06992 3.55932 1.9061 1.63827 1.39792 1.18251 1.14336 1.01396 0.905288 0.812054 1.026 1.0002 0.976179 0.95211 1.21348 1.20131 1.17283 1.12144 1.47471 1.38602 1.23755 1.01043 1.64731 -0.189941 -1.88714 -2.32639 -3.97711 -3.72701 -3.58768 -3.4999 -4.142 -4.07785 -4.02573 -3.9811 -4.50035 -4.46028 -4.41847 -4.37478 -4.83575 -4.72392 -4.59653 -4.45776 -4.49174 -4.25542 -4.0174 -3.7844 -3.32599 -3.02591 -2.74039 -2.46608 -1.88816 -1.61891 -1.36727 -1.12975 -0.982383 -0.759671 -0.546799 -0.340798 -0.4486 -0.256014 -0.0805817 0.0757396 -2.22214 -1.79929 -1.41723 -1.08374 -3.2721 -2.81603 -2.39006 -1.99968 -3.00122 -2.65344 -2.28865 -1.90297 -2.96204 -2.61535 -2.06342 -1.25538 -0.402475 0.643207 1.08543 1.30651 1.02894 1.21823 1.47247 1.75583 -5.90336
1.03124 -5.6587 -3.27041 -1.0279 -10.9307 -6.60639 -3.21801 -15.1081 -11.1799 -5.15882 -17.7358 -16.88 -6.45241 -18.4415 -23.2824 -6.7749 -17.7699 -27.5207 -6.62123 -16.2301 -31.536 -5.98428 -13.9214 -35.1112 -4.89882 -10.9891 -38.0678 -3.55249 -7.86304 -40.145 -1.95114 -4.483 -41.5271 -0.175821 -0.976147 -42.1975 1.69013 2.54763 -42.1711 4.1287 7.01395 -41.1543 6.42196 11.2141 -39.1471 8.42935 15.0523 -36.2892 10.0322 18.4696 -32.7282 11.0043 21.0324 -29.2422 11.561 23.2502 -25.4425 11.6665 25.1159 -21.4209 11.2988 26.6251 -17.2673 9.89314 28.1856 -11.0956 7.48477 28.9747 -5.08915 4.16258 28.9999 0.520107 0.0725056 28.2746 5.54462 -3.62195 27.1642 9.05849 -7.55319 25.5889 12.1071 -11.5889 23.5499 14.7119 -15.5993 21.0413 16.9149 -19.6613 17.8764 18.8604 -23.3963 14.1722 20.4817 -26.643 9.9394 21.8395 -29.2358 5.22109 22.9864 -30.8206 0.826108 23.8406 -31.7102 -3.77848 24.5915 -31.8412 -8.47969 25.2536 -31.1851 -13.1475 25.835 -29.131 -19.0525 26.4851 -25.8495 -24.3909 26.9812 -21.5422 -28.9583 27.2917 -16.4474 -32.6393 27.3678 -11.1404 -35.2655 27.1626 -5.52834 -37.0865 26.6208 0.223198 -38.14 25.6651 5.95902 -38.4706 24.2176 10.6311 -38.2251 22.5729 15.0858 -37.525 20.509 19.2219 -36.3929 18.0178 22.936 -34.8534 15.1145 25.9758 -33.0441 12.0167 28.4677 -30.9245 8.63915 30.3454 -28.53 5.05424 31.5575 -25.9019 1.34832 32.087 -22.2631 -3.42904 31.4349 -18.4307 -8.03686 29.6085 -14.5346 -12.2594 26.6588 -10.7258 -15.8838 23.0453 -7.45711 -18.5082 18.6889 -4.55921 -20.3117 13.7625 -2.19059 -21.1772 8.49448 -0.501184 -21.0315 3.36802 0.371668 -19.9295 -1.56105 0.45732 -17.9414 -6.05398 -0.229535 -15.1847 -9.93014 -1.6063 -11.8177 -13.1374 -3.57109 -7.94325 -15.603 -5.93172 -3.75906 -17.3995 -8.50389 0.635831 -18.653 -11.1072 5.19771 -19.5441 -13.6672 10.1323 -20.1912 -15.8685 15.2737 -20.766 -17.4982 20.6321 -21.4191 -18.3348 26.1612 -22.1642 -18.2362 31.1285 -23.1087 -17.23 35.9589 -24.2558 -15.2722 40.4411 -25.5646 -12.4031 44.3518 -27.232 -7.97188 48.0054 -28.8561 -2.73238 50.3874 -30.2718 2.97972 51.4516 -31.3358 8.86209 51.2769 -31.8839 13.9363 50.2386 -32.0241 18.8413 48.4925 -31.7165 23.4848 46.1535 -30.9343 27.7876 43.3252 -29.3795 32.3366 39.4636 -27.1427 36.1618 35.1755 -24.2574 39.106 30.5898 -20.8014 40.9991 25.847 -17.1984 41.6693 21.4503 -13.3737 41.1914 17.2188 -9.52552 39.5276 13.322 -5.87489 36.7269 9.91735 -2.70825 33.0354 7.18007 -0.0867086 28.59 5.05564 1.89473 23.6097 3.5004 3.17724 18.2968 2.37138 3.77733 12.1567 1.37482 3.54736 5.99973 0.33052 2.5849 -0.0050454 -1.10819 6.61027 7.00542 7.39678 7.70938 7.32444 7.4389 7.51773 7.5674 6.86086 6.8488 6.82274 6.78566 4.77423 4.44534 4.06104 3.59654 1.9617 1.69729 1.45301 1.23041 1.18153 1.04236 0.927149 0.83118 1.04616 1.02306 1.00309 0.984215 1.25209 1.24816 1.22991 1.19087 1.55747 1.48237 1.3483 1.1359 1.78944 -0.0301893 -1.71201 -2.13887 -3.78105 -3.52618 -3.38558 -3.29966 -3.94574 -3.88634 -3.83951 -3.80019 -4.3242 -4.28808 -4.24934 -4.20771 -4.66967 -4.5574 -4.42851 -4.28815 -4.32175 -4.08718 -3.85362 -3.62789 -3.17876 -2.88876 -2.61262 -2.34493 -1.77085 -1.50258 -1.24943 -1.00866 -0.857115 -0.630404 -0.415163 -0.209938 -0.322934 -0.140533 0.0186265 0.152179 -2.17743 -1.79574 -1.45887 -1.17128 -3.40063 -2.97888 -2.58203 -2.2146 -3.23337 -2.89475 -2.52947 -2.13421 -3.17631 -2.80722 -2.22821 -1.39002 -0.506025 0.569885 1.03997 1.28543 1.02897 1.23355 1.49383 1.77218 -5.14223
-2.36822 -2.72858 -0.276911 -3.88528 -8.11205 -3.72348 -5.607 -12.3645 -8.4262 -7.22067 -14.9735 -14.2358 -8.3923 -15.5313 -20.6762 -8.77259 -14.6924 -24.8797 -8.79168 -12.9385 -28.8092 -8.4384 -10.3804 -32.2514 -7.73545 -7.17581 -35.036 -6.81614 -3.78862 -36.9284 -5.69414 -0.149312 -38.1098 -4.43213 3.60479 -38.5715 -3.09515 7.35393 -38.3352 -1.34059 12.066 -37.0522 0.306278 16.439 -34.7953 1.73479 20.3607 -31.7116 2.85171 23.76 -27.9533 3.49815 26.2214 -24.3217 3.82144 28.2581 -20.3957 3.79086 29.865 -16.2627 3.38375 31.0426 -12.0067 2.08296 31.9977 -5.69035 -0.0708664 32.0636 0.462473 -3.05199 31.2747 6.20634 -6.78815 29.6753 11.3037 -10.1774 27.8555 14.8294 -13.7707 25.5879 17.8586 -17.4342 22.8938 20.418 -21.0434 19.7844 22.5476 -24.6605 16.0596 24.3763 -27.9412 11.8846 25.8276 -30.739 7.27848 26.9486 -32.9043 2.28659 27.7811 -34.1492 -2.26771 28.2969 -34.7338 -6.96801 28.6472 -34.5994 -11.7111 28.8515 -33.7188 -16.3776 28.9265 -31.4275 -22.2305 28.8524 -27.9698 -27.4736 28.5959 -23.5414 -31.9133 28.161 -18.379 -35.4439 27.5307 -13.0582 -37.9204 26.7183 -7.48014 -39.6021 25.6407 -1.80473 -40.5504 24.2287 3.8254 -40.8362 22.4054 8.40081 -40.6189 20.5048 12.7675 -40.0189 18.2318 16.8415 -39.0652 15.5696 20.5373 -37.7817 12.522 23.6154 -36.2782 9.30091 26.2118 -34.5099 5.80214 28.2688 -32.488 2.08833 29.7386 -30.223 -1.76122 30.7112 -26.9807 -6.74982 30.6132 -23.3864 -11.5889 29.4263 -19.491 -16.0344 27.1703 -15.3815 -19.8246 24.2168 -11.5378 -22.495 20.5273 -7.7781 -24.1925 16.2683 -4.29025 -24.7626 11.6666 -1.28318 -24.1225 7.1757 0.965769 -22.3817 2.86656 2.45154 -19.6468 -1.04467 3.10697 -16.1069 -4.40977 2.94485 -11.9952 -7.20789 2.03117 -7.46812 -9.41198 0.50605 -2.7804 -11.1258 -1.45993 1.94788 -12.4984 -3.68883 6.67094 -13.7448 -6.10296 11.6021 -14.9914 -8.40394 16.5871 -16.4065 -10.3743 21.6678 -18.1205 -11.7817 26.8427 -19.9643 -12.3637 31.4795 -22.1054 -12.1608 36.0196 -24.4892 -11.0685 40.3048 -27.0104 -9.05026 44.153 -30.0023 -5.50811 47.9299 -32.7348 -0.926738 50.6334 -34.9827 4.39873 52.1666 -36.5836 10.1481 52.5488 -37.3752 15.2692 52.0253 -37.5811 20.3257 50.794 -37.2031 25.1814 48.9485 -36.2597 29.7199 46.5739 -34.4541 34.5396 43.1779 -31.9658 38.5952 39.2558 -28.8823 41.7124 34.9202 -25.3203 43.717 30.3034 -21.7205 44.4429 25.9129 -17.9966 43.9881 21.5899 -14.3273 42.3322 17.521 -10.8941 39.5411 13.89 -7.92301 35.873 10.9126 -5.42002 31.4704 8.56749 -3.41617 26.5515 6.85383 -1.97377 21.3027 5.62245 -1.06109 15.2136 4.55358 -0.871444 9.06448 3.45633 -1.34151 3.01483 1.96172 6.7208 7.09687 7.48023 7.79729 7.42276 7.5479 7.63875 7.70161 7.00914 7.01234 7.00365 6.98619 4.99955 4.69891 4.33932 3.89225 2.26549 2.00215 1.75391 1.52375 1.46255 1.30659 1.17432 1.06267 1.26418 1.22945 1.19817 1.16854 1.42638 1.41398 1.3898 1.34777 1.71445 1.64175 1.51213 1.30585 1.9679 0.158991 -1.5117 -1.92765 -3.5598 -3.29579 -3.14655 -3.05219 -3.69039 -3.62356 -3.56907 -3.52199 -4.03855 -3.9956 -3.95079 -3.90425 -4.36278 -4.25044 -4.12735 -4.00098 -4.05793 -3.85645 -3.66681 -3.49471 -3.10512 -2.87692 -2.66236 -2.45217 -1.92783 -1.70083 -1.48112 -1.26808 -1.14201 -0.941962 -0.757766 -0.591111 -0.749289 -0.616671 -0.512218 -0.434459 -2.82046 -2.48768 -2.18176 -1.90584 -4.13087 -3.69547 -3.27978 -2.89229 -3.89164 -3.53868 -3.16766 -2.77494 -3.8254 -3.46733 -2.89981 -2.07167 -1.19518 -0.124396 0.341602 0.582775 0.320707 0.51655 0.763516 1.02317 -6.02384
-0.16897 -2.68859 -0.164197 -0.000981689 -7.68259 -4.42966 0.0563953 -11.5868 -9.71339 0.166606 -13.9729 -15.8336 0.483375 -14.4909 -22.3753 0.867586 -13.72 -26.5914 1.40852 -12.0836 -30.5344 2.10581 -9.65515 -34.0178 2.9425 -6.55438 -36.8819 3.81458 -3.21433 -38.8775 4.74538 0.437985 -40.1788 5.69506 4.26647 -40.7618 6.62086 8.14279 -40.6342 7.72411 13.0754 -39.4592 8.62566 17.6914 -37.2665 9.24827 21.8395 -34.2112 9.52901 25.4185 -30.4642 9.45905 27.9821 -26.8466 9.08281 30.0695 -22.9521 8.38764 31.6775 -18.8783 7.36885 32.8131 -14.7143 5.29818 33.6483 -8.58938 2.5753 33.5647 -2.66661 -0.738205 32.6402 2.8712 -4.55826 30.9535 7.87744 -7.91235 29.102 11.4202 -11.4641 26.8309 14.4955 -15.0975 24.1619 17.1232 -18.6962 21.1029 19.3416 -22.3279 17.4508 21.2843 -25.6486 13.357 22.8696 -28.5055 8.82797 24.145 -30.7381 3.89859 25.1534 -32.0371 -0.618184 25.838 -32.6635 -5.29582 26.3715 -32.5519 -10.0271 26.7702 -31.6715 -14.6861 27.0469 -29.3481 -20.5234 27.2431 -25.8332 -25.7346 27.2507 -21.3404 -30.1268 27.0648 -16.1217 -33.6075 26.6613 -10.7622 -36.055 26.0375 -5.15836 -37.7454 25.1192 0.535613 -38.7576 23.8317 6.18396 -39.1748 22.0921 10.778 -39.1243 20.225 15.1674 -38.7426 17.9487 19.2666 -38.0542 15.2437 22.9864 -37.0748 12.1135 26.0819 -35.8847 8.78003 28.6863 -34.4411 5.14089 30.7389 -32.7406 1.26714 32.1919 -30.7768 -2.75059 33.1289 -27.865 -7.94555 32.9959 -24.5016 -12.9471 31.8033 -20.703 -17.4739 29.6119 -16.527 -21.2293 26.8233 -12.4609 -23.7431 23.4392 -8.3174 -25.1602 19.6529 -4.28506 -25.3424 15.6923 -0.579364 -24.2427 11.9427 2.47518 -22.0366 8.43356 4.88134 -18.8503 5.2969 6.54531 -14.8943 2.59638 7.44105 -10.4041 0.292562 7.60237 -5.52299 -1.63989 7.09814 -0.505992 -3.31741 6.04877 4.51832 -4.88243 4.59133 9.47676 -6.55563 2.79254 14.5426 -8.43832 0.882168 19.4928 -10.6776 -0.955446 24.3206 -13.3846 -2.5233 29.0017 -16.245 -3.52074 33.0094 -19.5182 -3.99578 36.7907 -23.1464 -3.8207 40.2613 -27.0201 -2.89853 43.3245 -31.7444 -0.765239 46.3067 -36.2919 2.48353 48.4353 -40.3402 6.7252 49.6121 -43.5959 11.7382 49.7993 -45.6015 16.5043 49.1764 -46.7321 21.4183 47.872 -46.9449 26.2598 45.9638 -46.2474 30.8196 43.5455 -44.3171 35.5999 40.1624 -41.3352 39.4582 36.3883 -37.5014 42.1869 32.4034 -33.0561 43.6439 28.3862 -28.6162 43.7975 24.7771 -24.0978 42.8045 21.4066 -19.7094 40.737 18.3686 -15.6287 37.7209 15.7203 -12.0701 34.023 13.5273 -8.99249 29.7434 11.6939 -6.40405 25.0418 10.1633 -4.31555 20.0528 8.78663 -2.55177 14.2667 7.21729 -1.33316 8.42486 5.36259 -0.573283 2.70016 2.97435 7.00749 7.28322 7.56861 7.8113 7.39699 7.50288 7.58291 7.64141 6.94975 6.95794 6.95828 6.95385 4.98693 4.71333 4.38365 3.96652 2.36544 2.12302 1.89266 1.67735 1.6306 1.48642 1.3604 1.24909 1.44744 1.4094 1.37437 1.34069 1.59434 1.57773 1.54942 1.50323 1.86583 1.78909 1.65509 1.44409 2.1003 0.284313 -1.39382 -1.8173 -3.45646 -3.19846 -3.0539 -2.96234 -3.60105 -3.53287 -3.47526 -3.42335 -3.93367 -3.88329 -3.82985 -3.7738 -4.22111 -4.09729 -3.96661 -3.83991 -3.90619 -3.72394 -3.56354 -3.42928 -3.08279 -2.89977 -2.73033 -2.56208 -2.07334 -1.87468 -1.67643 -1.47982 -1.3681 -1.18371 -1.02001 -0.882418 -1.07895 -0.993168 -0.946123 -0.934968 -3.40061 -3.15633 -2.93259 -2.72468 -4.99574 -4.5863 -4.18076 -3.7897 -4.77285 -4.39232 -3.9874 -3.55763 -4.57163 -4.1794 -3.58018 -2.72393 -1.82367 -0.733146 -0.250792 0.00303777 -0.251609 -0.059474 0.165165 0.376365 -7.0347
1.63899 -2.61018 0.0712815 4.37806 -6.82277 -4.16126 7.14225 -9.96153 -9.22799 9.87154 -11.6865 -14.9498 12.4666 -11.7268 -20.9853 14.034 -10.759 -24.8743 15.4528 -9.01031 -28.5413 16.6893 -6.53136 -31.8342 17.715 -3.41136 -34.6148 18.4573 -0.0536375 -36.6331 18.9862 3.6373 -38.0461 19.293 7.53806 -38.8137 19.373 11.5232 -38.9228 19.1382 16.6416 -38.1013 18.5243 21.4605 -36.2767 17.5441 25.7845 -33.5801 16.2166 29.4683 -30.1749 14.8225 32.0381 -26.8406 13.207 34.0423 -23.2296 11.3874 35.476 -19.4483 9.38166 36.3541 -15.5919 6.13926 36.6901 -9.94616 2.59329 36.0236 -4.51638 -1.20237 34.4952 0.558888 -5.19063 32.2363 5.19482 -8.47737 29.9779 8.56029 -11.803 27.3582 11.6111 -15.1139 24.3998 14.3524 -18.3438 21.1104 16.7974 -21.5751 17.2798 19.0749 -24.5136 13.073 21.0668 -27.0303 8.4933 22.7967 -28.9845 3.56722 24.2851 -30.1058 -0.91439 25.3875 -30.6207 -5.54119 26.3282 -30.4675 -10.2232 27.1104 -29.6136 -14.8534 27.7346 -27.4157 -20.7135 28.3172 -24.0962 -26.0433 28.6106 -19.827 -30.6569 28.5998 -14.8223 -34.4452 28.2611 -9.63321 -37.2288 27.6067 -4.16268 -39.262 26.5851 1.42982 -40.5842 25.1432 6.99636 -41.2435 23.224 11.5268 -41.3214 21.2084 15.8499 -40.9886 18.8012 19.8754 -40.2638 15.9969 23.512 -39.1626 12.8099 26.519 -37.7841 9.46801 29.0252 -36.0926 5.86698 30.9695 -34.1012 2.07677 32.3024 -31.8255 -1.81604 33.0661 -28.5217 -6.80061 32.7334 -24.8322 -11.5569 31.31 -20.8295 -15.8344 28.8506 -16.6168 -19.3768 25.7751 -12.6859 -21.7679 22.0534 -8.83616 -23.1671 17.8655 -5.22989 -23.4594 13.4276 -2.03672 -22.6016 9.14402 0.497292 -20.7343 5.03339 2.40653 -17.9569 1.24519 3.64027 -14.4377 -2.13179 4.20333 -10.3713 -5.12024 4.14477 -5.87409 -7.70856 3.54652 -1.17286 -9.99238 2.52743 3.61301 -12.0988 1.21763 8.40958 -14.2551 -0.31298 13.38 -16.5272 -1.85265 18.2959 -19.0523 -3.23449 23.1346 -21.9332 -4.28376 27.8566 -24.85 -4.78919 31.9156 -28.0881 -4.7682 35.7565 -31.5976 -4.11761 39.2919 -35.2841 -2.76293 42.4245 -39.7254 -0.19278 45.4959 -43.9638 3.39408 47.7174 -47.7154 7.87587 48.9838 -50.7136 13.0439 49.2432 -52.5335 17.8879 48.6521 -53.5084 22.8322 47.3368 -53.5804 27.6525 45.3655 -52.7404 32.1249 42.8321 -50.626 36.6881 39.2644 -47.4451 40.1776 35.2985 -43.4226 42.38 31.1765 -38.8355 43.1885 27.136 -34.3305 42.6969 23.6396 -29.812 41.0957 20.512 -25.4605 38.5321 17.8184 -21.4011 35.1852 15.5642 -17.786 31.3439 13.7411 -14.52 27.0885 12.2007 -11.5739 22.5522 10.8259 -8.8924 17.8462 9.48048 -6.12227 12.4912 7.83592 -3.49811 7.18253 5.83991 -0.932132 2.08059 3.30223 6.8608 7.02548 7.19692 7.34089 6.86473 6.93656 6.99563 7.04557 6.35674 6.37751 6.39962 6.42542 4.50211 4.28515 4.01461 3.65341 2.09764 1.89019 1.68802 1.49464 1.46759 1.33739 1.21694 1.1037 1.29402 1.24353 1.19241 1.14003 1.37251 1.33287 1.28085 1.2108 1.55144 1.45491 1.3019 1.07291 1.70982 -0.125646 -1.82021 -2.25688 -3.90566 -3.65437 -3.5145 -3.42661 -4.06876 -4.00464 -3.95252 -3.90793 -4.42732 -4.38764 -4.34665 -4.3045 -4.76883 -4.66427 -4.55083 -4.43674 -4.50862 -4.32461 -4.15548 -4.00638 -3.64081 -3.43639 -3.24488 -3.05651 -2.5516 -2.34136 -2.13604 -1.9361 -1.82371 -1.64021 -1.47766 -1.34036 -1.53569 -1.44698 -1.39517 -1.37762 -3.83504 -3.58151 -3.34965 -3.13613 -5.40506 -4.99665 -4.59496 -4.21015 -5.20221 -4.83257 -4.43845 -4.01788 -5.03809 -4.64886 -4.04971 -3.19115 -2.28708 -1.19233 -0.706377 -0.451912 -0.712547 -0.53961 -0.353645 -0.206117 -7.56034
8.40412 -5.88356 -5.05138 12.4163 -9.22321 -9.0403 16.5138 -11.1868 -13.7857 20.4463 -11.4933 -19.0397 23.9266 -10.0169 -24.4128 25.8265 -8.1056 -27.7677 27.3556 -5.5152 -30.845 28.474 -2.34244 -33.5283 29.1609 1.29545 -35.7219 29.409 4.96853 -37.2537 29.2914 8.82401 -38.2639 28.825 12.7562 -38.7324 28.0327 16.6634 -38.6558 26.5593 21.5581 -37.762 24.6514 26.0647 -36.036 22.3825 30.0302 -33.5751 19.8268 33.3398 -30.5021 17.4685 35.5916 -27.4966 14.9919 37.2871 -24.2321 12.4316 38.4249 -20.7948 9.81596 39.0212 -17.2637 5.92021 38.97 -12.0367 1.99948 37.9433 -6.93044 -1.92027 36.0774 -2.06678 -5.82108 33.4998 2.47635 -8.9161 30.9984 5.85174 -11.9647 28.1476 8.98373 -14.9342 24.973 11.8705 -17.7773 21.4875 14.5158 -20.5704 17.4789 17.0517 -23.0596 13.1324 19.3346 -25.136 8.4587 21.3706 -26.6807 3.48808 23.1615 -27.4914 -0.99408 24.507 -27.7494 -5.59362 25.6623 -27.4037 -10.2324 26.6208 -26.427 -14.8188 27.375 -24.1712 -20.6469 28.0502 -20.895 -26.0033 28.3441 -16.7406 -30.7197 28.248 -11.8904 -34.6873 27.7526 -6.85834 -37.6977 26.9044 -1.53952 -39.9952 25.6653 3.91735 -41.5984 24.0052 9.37214 -42.5341 21.89 13.8334 -42.8252 19.7437 18.1151 -42.6786 17.2459 22.1337 -42.1035 14.3973 25.8036 -41.1069 11.2141 28.8834 -39.7793 7.91819 31.5033 -38.0873 4.39919 33.5991 -36.0427 0.719814 35.1145 -33.6623 -3.04147 36.141 -30.1588 -7.839 36.0758 -26.218 -12.4009 34.8942 -21.9458 -16.487 32.6234 -17.4869 -19.8495 29.6553 -13.39 -22.0931 25.9683 -9.46497 -23.3695 21.7404 -5.89952 -23.5727 17.1941 -2.87628 -22.6678 12.7554 -0.625108 -20.8006 8.45735 0.899383 -18.0694 4.47041 1.67256 -14.6395 0.904366 1.7317 -10.6979 -2.247 1.1516 -6.35149 -4.95316 0.0549442 -1.80915 -7.29842 -1.41146 2.82857 -9.40254 -3.09458 7.50822 -11.4845 -4.91526 12.4122 -13.6066 -6.6243 17.3391 -15.9062 -8.03607 22.2805 -18.4863 -8.95874 27.1988 -21.0703 -9.20954 31.4998 -23.9126 -8.801 35.622 -26.9596 -7.64442 39.4452 -30.1144 -5.69637 42.835 -33.8361 -2.36918 46.128 -37.281 1.936 48.4436 -40.2095 7.00483 49.6665 -42.4203 12.5608 49.7578 -43.6438 17.5568 48.9396 -44.1544 22.4871 47.34 -43.931 27.1541 45.0388 -42.9845 31.3722 42.1339 -40.9884 35.5576 38.0695 -38.1599 38.6364 33.5371 -34.67 40.4267 28.7791 -30.7315 40.8307 24.0519 -26.879 39.9685 19.9074 -23.0211 38.0018 16.1644 -19.3057 35.0856 12.9311 -15.8296 31.4152 10.2465 -12.7046 27.3058 8.12652 -9.8212 22.8452 6.41263 -7.11792 18.1784 4.97707 -4.50629 13.424 3.66467 -1.57264 8.12101 2.13982 1.50258 2.99579 0.315755 4.81649 -1.75656 -2.02658 6.37769 6.48863 6.60035 6.68582 6.16758 6.21323 6.25433 6.29562 5.60775 5.63802 5.67749 5.7276 3.83902 3.66669 3.44276 3.12627 1.60745 1.429 1.25017 1.07446 1.06214 0.940193 0.820236 0.701473 0.882828 0.821796 0.758096 0.691393 0.907642 0.850162 0.779604 0.690804 1.01423 0.902361 0.734866 0.492487 1.11549 -0.733434 -2.43866 -2.88304 -4.53648 -4.28726 -4.1475 -4.05852 -4.69946 -4.63495 -4.58383 -4.54226 -5.06697 -5.03499 -5.00429 -4.97493 -5.45652 -5.37385 -5.28342 -5.19147 -5.28183 -5.1115 -4.9513 -4.80621 -4.44023 -4.23208 -4.03453 -3.83906 -3.32786 -3.11308 -2.9053 -2.7047 -2.59273 -2.40957 -2.24579 -2.10406 -2.29088 -2.18964 -2.12065 -2.08161 -4.512 -4.22751 -3.96699 -3.73152 -5.98941 -5.58091 -5.18958 -4.82496 -5.84814 -5.51925 -5.16888 -4.79102 -5.84839 -5.48957 -4.91461 -4.07392 -3.1818 -2.09435 -1.61263 -1.36117 -1.62612 -1.46227 -1.29383 -1.17552 -8.08861
12.9902 -9.69681 -7.73944 17.678 -12.3879 -11.4737 22.2898 -13.7486 -15.9508 26.5286 -13.5734 -20.9672 30.0835 -11.7932 -26.1975 31.9044 -9.79301 -29.5444 33.2579 -7.19841 -32.6994 34.1107 -4.09578 -35.5567 34.4502 -0.587124 -38.0249 34.3113 2.92925 -39.8998 33.7526 6.60799 -41.3329 32.7997 10.3584 -42.2948 31.485 14.0928 -42.7699 29.2946 18.7957 -42.6567 26.6508 23.1671 -41.7457 23.6523 27.067 -40.0939 20.3994 30.3853 -37.784 17.4914 32.7006 -35.3657 14.5239 34.5054 -32.6085 11.5465 35.7892 -29.5833 8.60116 36.5583 -26.3585 4.40062 36.7909 -21.3783 0.415787 36.0535 -16.2717 -3.31103 34.4583 -11.1661 -6.75882 32.1166 -6.1531 -9.31201 29.7722 -2.25248 -11.6742 27.0504 1.5214 -13.8364 23.9806 5.14501 -15.7839 20.5835 8.59419 -17.5633 16.669 12.0309 -19.0087 12.4373 15.2409 -20.0627 7.91496 18.197 -20.6654 3.13819 20.8653 -20.777 -1.14926 22.9056 -20.4777 -5.54583 24.677 -19.7445 -9.99939 26.1553 -18.5656 -14.4505 27.3195 -16.3249 -20.2316 28.3538 -13.3464 -25.7498 28.79 -9.70057 -30.8676 28.6223 -5.48358 -35.4659 27.8578 -1.08889 -39.2366 26.6038 3.6078 -42.3934 24.8489 8.49584 -44.8835 22.6105 13.4594 -46.6631 19.9086 17.5808 -47.5787 17.3068 21.5941 -47.9505 14.4172 25.4198 -47.7635 11.2671 28.9753 -47.0084 7.89332 32.0191 -45.7658 4.53144 34.6707 -44.0178 1.064 36.8598 -41.7821 -2.44617 38.5201 -39.0895 -5.92513 39.7902 -35.0415 -10.2082 40.0067 -30.4523 -14.1116 39.12 -25.4999 -17.4332 37.1391 -20.4054 -19.976 34.4229 -15.8226 -21.4754 30.9666 -11.542 -22.0747 26.9385 -7.76276 -21.7267 22.5438 -4.6532 -20.4443 18.1814 -2.40519 -18.4015 13.8653 -0.926411 -15.6738 9.74328 -0.200679 -12.3965 5.91342 -0.158875 -8.71044 2.36481 -0.705677 -4.67716 -0.851371 -1.70863 -0.457059 -3.79147 -3.01959 3.8784 -6.54188 -4.48848 8.28716 -9.31566 -6.029 12.9381 -12.1106 -7.4091 17.6267 -15.03 -8.45664 22.3254 -18.1491 -8.9984 26.9812 -21.1295 -8.91387 31.0246 -24.2819 -8.19 34.8685 -27.5548 -6.75028 38.3976 -30.8594 -4.55812 41.4818 -34.6745 -0.993398 44.3977 -38.1372 3.49199 46.3096 -41.0159 8.67667 47.0821 -43.1097 14.2624 46.6573 -44.1752 19.1847 45.3299 -44.478 23.9173 43.1764 -44.0074 28.2354 40.3025 -42.7935 31.9369 36.8454 -40.4906 35.2981 32.2171 -37.4141 37.3682 27.2905 -33.7749 38.0515 22.3598 -29.8024 37.3623 17.6944 -26.0072 35.5958 13.7909 -22.2531 32.8986 10.4153 -18.6346 29.4591 7.61563 -15.1904 25.4728 5.37744 -11.9855 21.2341 3.67142 -8.89191 16.7883 2.32547 -5.84731 12.2485 1.19893 -2.77352 7.71256 0.138657 0.797616 2.75051 -1.15688 4.5969 -1.93729 -2.78229 8.66954 -6.16317 -4.92913 4.45433 4.53903 4.62946 4.7024 4.18251 4.23316 4.28486 4.34204 3.67403 3.72696 3.79186 3.86933 2.01349 1.87801 1.68909 1.40408 -0.0898872 -0.249718 -0.414404 -0.580513 -0.58696 -0.709825 -0.837985 -0.971053 -0.806904 -0.886335 -0.970973 -1.0608 -0.870466 -0.956492 -1.05693 -1.17613 -0.880667 -1.01723 -1.20756 -1.47021 -0.866634 -2.73136 -4.44477 -4.88929 -6.53522 -6.27225 -6.11361 -6.0025 -6.62223 -6.53973 -6.47354 -6.42136 -6.94121 -6.91054 -6.88751 -6.87223 -7.37721 -7.32888 -7.27901 -7.23078 -7.36289 -7.22948 -7.10093 -6.98075 -6.63198 -6.4339 -6.24053 -6.04519 -5.53209 -5.31503 -5.10582 -4.90541 -4.79567 -4.61701 -4.45976 -4.32631 -4.52229 -4.43031 -4.37084 -4.34124 -6.78161 -6.50766 -6.25776 -6.03379 -8.30417 -7.90932 -7.53372 -7.18647 -8.22935 -7.92073 -7.58745 -7.22192 -8.28609 -7.92942 -7.35315 -6.50883 -5.61213 -4.5206 -4.03661 -3.78596 -4.05611 -3.90384 -3.75344 -3.65873 -8.67493
12.5495 -8.67795 -6.47498 16.7206 -11.616 -10.614 20.6461 -13.3284 -15.5962 24.0987 -13.6064 -21.1788 26.8639 -12.3612 -27.0069 28.2184 -10.737 -30.7546 29.175 -8.5207 -34.317 29.7197 -5.77984 -37.5894 29.8513 -2.59682 -40.4823 29.6125 0.666895 -42.7606 29.04 4.15465 -44.6064 28.1515 7.7879 -45.9881 26.9676 11.4882 -46.8858 25.0243 16.2807 -47.3145 22.6798 20.8929 -46.9152 19.9996 25.1723 -45.7184 17.0572 28.9815 -43.7792 14.3953 31.774 -41.5926 11.6536 34.0792 -38.9782 8.88663 35.8564 -36.0033 6.14702 37.0831 -32.739 2.27065 37.8804 -27.5584 -1.31584 37.5344 -22.1254 -4.52412 36.1425 -16.6235 -7.30332 33.83 -11.1987 -9.20736 31.4076 -6.98723 -10.8236 28.5432 -2.93597 -12.1576 25.2945 0.923579 -13.2167 21.7116 4.5665 -14.041 17.6176 8.15274 -14.5584 13.2505 11.4634 -14.7592 8.65471 14.4866 -14.6303 3.87212 17.2089 -14.242 -0.372561 19.304 -13.5854 -4.6977 21.1532 -12.6487 -9.07316 22.7454 -11.433 -13.4724 24.0593 -9.41084 -19.2876 25.3265 -6.94124 -25.0293 25.9948 -4.04578 -30.6085 26.0123 -0.747599 -35.9176 25.3428 2.70437 -40.5608 24.0667 6.45725 -44.735 22.1703 10.467 -48.3161 19.68 14.6732 -51.1784 16.6438 18.2853 -52.9316 13.7328 21.9184 -54.0336 10.5422 25.5005 -54.4343 7.13599 28.9485 -54.0997 3.58725 32.0096 -53.09 0.16364 34.7839 -51.4139 -3.24277 37.1867 -49.0993 -6.55646 39.1352 -46.1961 -9.70037 40.8575 -41.7263 -13.3608 41.5834 -36.6091 -16.4643 41.2313 -31.0919 -18.8688 39.7845 -25.4586 -20.4552 37.5402 -20.4434 -21.1185 34.5241 -15.805 -20.989 30.8881 -11.7342 -20.0738 26.8162 -8.37143 -18.4187 22.6749 -5.88004 -16.2053 18.4693 -4.12391 -13.4693 14.331 -3.06167 -10.3064 10.3544 -2.6109 -6.80778 6.53691 -2.66522 -2.98902 2.964 -3.10142 1.0363 -0.398488 -3.78861 5.2053 -3.61137 -4.59741 9.46944 -6.88223 -5.43582 13.9746 -10.1663 -6.13163 18.4946 -13.5557 -6.55275 22.9704 -17.1215 -6.56958 27.3274 -20.4656 -6.12765 31.0504 -23.9494 -5.16892 34.5407 -27.5331 -3.62521 37.705 -31.148 -1.45481 40.4365 -35.3608 1.94797 42.9738 -39.2776 6.17821 44.564 -42.6695 11.078 45.0649 -45.3097 16.4024 44.3971 -46.8382 21.1388 42.8623 -47.5515 25.7245 40.4981 -47.4018 29.9204 37.4161 -46.393 33.5039 33.7737 -44.1703 36.7064 28.9961 -41.0071 38.5866 24.0482 -37.1453 39.0605 19.2645 -32.8541 38.1727 14.9264 -28.7096 36.2634 11.4711 -24.5782 33.4852 8.6469 -20.5713 30.035 6.45535 -16.7418 26.1022 4.83351 -13.1786 21.9608 3.69329 -9.74722 17.6398 2.85505 -6.39815 13.2303 2.15671 -3.07096 8.80922 1.42774 0.696909 3.93686 0.371014 4.56347 -0.723422 -1.17285 8.52976 -5.00261 -3.41125 -0.114634 0.00282633 0.133957 0.252275 -0.229124 -0.149059 -0.069998 0.0117721 -0.635589 -0.565743 -0.486795 -0.397983 -2.24387 -2.37153 -2.55565 -2.83819 -4.33136 -4.49135 -4.6567 -4.82373 -4.83144 -4.95548 -5.08443 -5.21771 -5.05319 -5.13193 -5.21553 -5.3041 -5.11202 -5.19544 -5.29228 -5.4068 -5.10593 -5.23645 -5.41969 -5.67413 -5.05914 -6.90727 -8.599 -9.01571 -10.6282 -10.3269 -10.1248 -9.96657 -10.5417 -10.4194 -10.3162 -10.2316 -10.726 -10.6775 -10.6444 -10.6269 -11.1384 -11.1073 -11.082 -11.0622 -11.2215 -11.1111 -11.0005 -10.8919 -10.5479 -10.3486 -10.1491 -9.94461 -9.42047 -9.1916 -8.97087 -8.75939 -8.63889 -8.45 -8.28373 -8.14322 -8.33503 -8.2417 -8.18376 -8.15882 -10.6078 -10.3473 -10.1143 -9.90917 -12.1972 -11.8172 -11.4531 -11.1127 -12.1567 -11.8413 -11.4941 -11.1091 -12.1518 -11.7741 -11.1783 -10.3174 -9.40801 -8.30755 -7.81788 -7.56405 -7.83218 -7.67708 -7.51988 -7.41158 -7.83629
14.0899 -10.5623 -8.58014 18.4134 -13.0784 -12.8392 22.4214 -14.3732 -17.8813 25.8909 -14.2839 -23.4596 28.6208 -12.762 -29.2384 29.9322 -11.0193 -32.948 30.8346 -8.73597 -36.4821 31.3171 -5.97656 -39.7487 31.3808 -2.81637 -42.6688 31.0753 0.3979 -45.0086 30.4338 3.81852 -46.9546 29.4744 7.37715 -48.4761 28.2188 11.0057 -49.5514 26.181 15.7251 -50.2611 23.7429 20.3053 -50.1841 20.9715 24.609 -49.3316 17.9412 28.5078 -47.7366 15.2075 31.4305 -45.8263 12.3969 33.9125 -43.4585 9.56399 35.9059 -40.6898 6.76156 37.378 -37.5842 2.7985 38.5656 -32.5459 -0.863741 38.6096 -27.1527 -4.13338 37.5792 -21.6075 -6.95895 35.5858 -16.081 -8.89221 33.3886 -11.7608 -10.5365 30.7277 -7.58397 -11.9056 27.6692 -3.58391 -13.0179 24.2721 0.217732 -13.9338 20.3765 3.99744 -14.6066 16.2081 7.52909 -15.0523 11.805 10.8023 -15.2803 7.19689 13.8047 -15.3033 3.07509 16.1643 -15.1605 -1.16701 18.2955 -14.8415 -5.51489 20.18 -14.3313 -9.95172 21.7961 -13.3325 -15.924 23.4832 -11.9159 -21.947 24.5917 -10.0333 -27.9264 25.0547 -7.64709 -33.7366 24.8097 -4.92101 -38.9154 23.8865 -1.74447 -43.6492 22.2725 1.83875 -47.7718 19.9773 5.75023 -51.1193 17.045 9.19459 -53.2149 14.1572 12.7102 -54.594 10.9428 16.2063 -55.2104 7.47994 19.5873 -55.0424 3.85576 22.5989 -54.1609 0.353801 25.3416 -52.5988 -3.13146 27.7414 -50.3949 -6.5219 29.7305 -47.6035 -9.74081 31.5906 -43.2728 -13.4997 32.5784 -38.2636 -16.7054 32.624 -32.7825 -19.2156 31.6999 -27.0689 -20.902 30.0177 -21.8476 -21.6346 27.6035 -16.8686 -21.5329 24.5679 -12.3395 -20.5835 21.0603 -8.44004 -18.8175 17.4075 -5.41026 -16.4228 13.6335 -3.14404 -13.4433 9.87629 -1.64222 -9.99574 6.24032 -0.850307 -6.19975 2.73405 -0.671968 -2.09692 -0.566422 -0.991222 2.165 -3.68571 -1.65894 6.52198 -6.68052 -2.52078 10.9319 -9.75234 -3.46188 15.5554 -12.8688 -4.27394 20.1735 -16.1205 -4.78718 24.741 -19.5772 -4.83722 29.1848 -22.8643 -4.36238 32.9541 -26.3324 -3.30743 36.4323 -29.9353 -1.60986 39.4944 -33.5884 0.754231 42.0053 -37.8415 4.39878 44.1013 -41.7577 8.81732 45.0524 -45.0795 13.7809 44.7478 -47.5681 18.9857 43.1723 -48.9046 23.442 40.8311 -49.3837 27.5834 37.7092 -48.9771 31.1915 33.9752 -47.7096 34.0815 29.8319 -45.2016 36.3937 24.6952 -41.7964 37.3947 19.6529 -37.7435 37.083 15.0162 -33.306 35.5632 11.0137 -29.0522 33.2313 7.9756 -24.8208 30.1881 5.61001 -20.7079 26.6104 3.86458 -16.7562 22.6568 2.63348 -13.0547 18.5656 1.79179 -9.46794 14.3376 1.15347 -5.9429 10.0518 0.558229 -2.42134 5.78161 -0.156565 1.57766 1.11428 -1.28675 5.6773 -3.29195 -2.96903 9.8706 -7.25639 -5.36751 -2.86059 -2.75457 -2.63569 -2.52954 -3.02035 -2.94708 -2.87416 -2.79783 -3.44981 -3.38396 -3.30878 -3.22374 -5.07429 -5.20813 -5.39984 -5.69198 -7.19621 -7.36843 -7.54807 -7.73135 -7.76154 -7.91503 -8.07551 -8.24177 -8.10778 -8.21424 -8.32603 -8.44321 -8.28092 -8.39526 -8.52314 -8.66862 -8.39629 -8.55286 -8.76154 -9.04053 -8.45274 -10.3303 -12.0501 -12.4942 -14.1331 -13.8578 -13.6826 -13.5525 -14.1545 -14.0579 -13.9812 -13.9239 -14.4454 -14.4237 -14.4177 -14.4279 -14.9721 -14.9799 -14.9972 -15.0242 -15.2331 -15.1744 -15.1187 -15.0671 -14.7796 -14.6347 -14.4875 -14.3318 -13.8521 -13.6636 -13.4791 -13.3009 -13.2121 -13.0539 -12.9168 -12.8043 -13.0216 -12.9519 -12.9179 -12.9178 -15.3963 -15.1718 -14.9795 -14.8198 -17.1534 -16.8167 -16.4947 -16.1933 -17.2745 -16.9919 -16.6692 -16.302 -17.357 -16.9882 -16.4001 -15.5465 -14.6446 -13.5518 -13.0702 -12.8246 -13.1015 -12.956 -12.809 -12.7112 -10.3996
17.8806 -12.1572 -10.3319 22.6698 -13.9221 -14.4685 27.0488 -14.4937 -19.3327 30.775 -13.7646 -24.6944 33.6348 -11.7269 -30.2471 34.9581 -9.72366 -33.8183 35.8132 -7.24337 -37.2293 36.1895 -4.34878 -40.3912 36.0904 -1.1122 -43.2254 35.5877 2.12352 -45.5006 34.7095 5.52089 -47.3943 33.4818 9.01434 -48.8734 31.935 12.5389 -49.9145 29.4994 17.0707 -50.5922 26.6645 21.4162 -50.4995 23.5171 25.4543 -49.6528 20.1468 29.078 -48.0915 17.1574 31.7775 -46.2365 14.1229 34.064 -43.9496 11.0926 35.9047 -41.2862 8.11027 37.2795 -38.3061 3.88992 38.4393 -33.4745 -0.059634 38.5962 -28.2902 -3.6838 37.8034 -22.9294 -6.95687 36.1385 -17.5428 -9.32266 34.2399 -13.2969 -11.4638 31.886 -9.16114 -13.3851 29.1222 -5.17371 -15.0895 25.9906 -1.36345 -16.651 22.3304 2.43991 -17.962 18.344 6.00228 -19.0063 14.0684 9.30815 -19.7594 9.53851 12.3436 -20.1489 5.4532 14.7344 -20.2719 1.22956 16.9031 -20.1005 -3.1046 18.8378 -19.6057 -7.51686 20.5243 -18.4122 -13.4124 22.3491 -16.5529 -19.27 23.6697 -13.9969 -24.9605 24.442 -10.7456 -30.3371 24.6249 -7.07995 -34.9749 24.2269 -2.90089 -39.0617 23.2587 1.68933 -42.4761 21.7175 6.56022 -45.115 19.6164 10.7406 -46.6684 17.4471 14.9141 -47.5902 14.9318 18.9798 -47.8632 12.1053 22.836 -47.4837 9.0101 26.2066 -46.5288 5.87355 29.2143 -45.0116 2.59307 31.7788 -42.9581 -0.771107 33.8237 -40.4044 -4.14851 35.5816 -36.4765 -8.37054 36.2548 -31.9432 -12.2872 35.7644 -26.9861 -15.6831 34.0954 -21.8367 -18.3368 31.5816 -17.1751 -19.9425 28.2526 -12.8078 -20.63 24.2954 -8.94977 -20.3376 19.9415 -5.77529 -19.0748 15.6135 -3.47057 -17.0223 11.3398 -1.92332 -14.2658 7.27008 -1.09398 -10.9481 3.49388 -0.890376 -7.21233 -0.0127426 -1.19469 -3.11721 -3.21389 -1.86425 1.17969 -6.17673 -2.74511 5.60741 -8.9933 -3.68618 10.1175 -11.8829 -4.5756 14.867 -14.8371 -5.21049 19.6176 -17.9513 -5.43543 24.3027 -21.2906 -5.10494 28.8235 -24.4811 -4.23432 32.6053 -27.8497 -2.75446 36.0259 -31.3406 -0.631323 38.949 -34.8623 2.1281 41.2342 -38.9283 6.1632 42.9518 -42.6247 10.8411 43.4194 -45.6982 15.8971 42.5507 -47.9158 21.0029 40.3648 -49.003 25.2063 37.4881 -49.227 28.9396 33.8633 -48.57 31.9951 29.6969 -47.0712 34.2122 25.2288 -44.3375 35.624 19.885 -40.7835 35.692 14.8465 -36.6702 34.5017 10.4096 -32.2517 32.2321 6.75616 -28.0607 29.3611 4.11896 -23.9008 25.9433 2.17572 -19.8325 22.1481 0.831192 -15.867 18.1156 -0.0496288 -12.0742 14.0603 -0.613329 -8.30882 9.96309 -1.04036 -4.51642 5.89296 -1.48732 -0.646747 1.9195 -2.10745 3.81884 -2.31895 -3.17861 8.43508 -6.19542 -4.82644 13.1576 -9.53891 -7.18698 -6.83086 -6.75057 -6.65684 -6.57298 -7.07871 -7.01447 -6.94797 -6.87547 -7.52895 -7.46284 -7.38613 -7.29871 -9.14596 -9.27603 -9.46454 -9.75459 -11.2582 -11.4312 -11.613 -11.7996 -11.8356 -11.9979 -12.1686 -12.3459 -12.2224 -12.3383 -12.4598 -12.5868 -12.4349 -12.5603 -12.6998 -12.8579 -12.5984 -12.7681 -12.9914 -13.2867 -12.7207 -14.6273 -16.3819 -16.8672 -18.5527 -18.3286 -18.21 -18.1406 -18.8003 -18.756 -18.7296 -18.7188 -19.2802 -19.2909 -19.3099 -19.3368 -19.8899 -19.8948 -19.8967 -19.8983 -20.0762 -19.985 -19.8975 -19.8177 -19.5082 -19.3488 -19.1942 -19.0377 -18.5635 -18.3849 -18.213 -18.0484 -17.9734 -17.8281 -17.7025 -17.5994 -17.8241 -17.7604 -17.7317 -17.7371 -20.2226 -20.0082 -19.8298 -19.6885 -22.0437 -21.73 -21.4329 -21.1567 -22.2638 -22.006 -21.7037 -21.3521 -22.4182 -22.0574 -21.4751 -20.6263 -19.7287 -18.6403 -18.1642 -17.9257 -18.2127 -18.0813 -17.9523 -17.8762 -11.6181
17.851 -12.2226 -10.3937 22.443 -14.0725 -14.7127 26.6081 -14.7392 -19.7497 30.1274 -14.0923 -25.2596 32.8056 -12.0988 -30.9179 34.0285 -10.093 -34.5233 34.7986 -7.58267 -37.9326 35.1048 -4.63216 -41.05 34.9494 -1.319 -43.7917 34.4055 1.99861 -45.9358 33.4964 5.47962 -47.6548 32.2475 9.04908 -48.9191 30.6891 12.6329 -49.7111 28.2534 17.2041 -50.0263 25.4337 21.5344 -49.5502 22.3147 25.4962 -48.3234 18.9822 28.9823 -46.4078 16.029 31.5192 -44.2847 13.0317 33.607 -41.7701 10.0382 35.219 -38.9232 7.09204 36.3412 -35.8044 2.92883 37.098 -30.845 -0.944286 36.8275 -25.608 -4.44854 35.5938 -20.2508 -7.52748 33.4837 -14.9059 -9.66038 31.2315 -10.7098 -11.4824 28.5326 -6.63225 -12.984 25.4396 -2.70696 -14.1579 22.0031 1.04036 -15.0342 18.0586 4.77857 -15.5328 13.8393 8.27852 -15.6473 9.39611 11.5259 -15.3708 4.77784 14.5085 -14.812 0.689836 16.8608 -13.9507 -3.46157 19.0013 -12.7813 -7.64435 20.9233 -11.3062 -11.8307 22.6132 -8.89711 -17.3339 24.4634 -5.98621 -22.7357 25.8268 -2.59603 -27.9645 26.6507 1.24303 -32.9367 26.8771 5.23316 -37.2992 26.4877 9.52985 -41.2484 25.4648 14.0577 -44.6729 23.7691 18.7142 -47.4499 21.3796 22.6123 -49.1808 18.8494 26.4133 -50.2964 15.8656 30.0105 -50.7362 12.4803 33.2903 -50.4576 8.77091 36.002 -49.5127 5.04742 38.2334 -47.9144 1.22953 39.9049 -45.6983 -2.566 40.9546 -42.9264 -6.21628 41.3343 -38.6959 -10.4944 40.6083 -33.9223 -14.1041 38.8187 -28.8635 -16.8521 36.0713 -23.7901 -18.6 32.8416 -19.3445 -19.2593 29.0896 -15.2842 -19.0037 24.9827 -11.7511 -17.8727 20.6877 -8.84138 -15.9452 16.5266 -6.67547 -13.4449 12.4419 -5.12196 -10.4187 8.51175 -4.13715 -6.97748 4.77957 -3.64616 -3.22423 1.20045 -3.5536 0.818102 -2.18708 -3.7546 5.0185 -5.43028 -4.12637 9.31997 -8.59402 -4.54401 13.6761 -11.8875 -4.896 18.2289 -15.2622 -5.02499 22.7337 -18.7816 -4.78956 27.122 -22.4805 -4.05297 31.3022 -25.9372 -2.8727 34.7514 -29.515 -1.1377 37.8218 -33.1584 1.18396 40.3858 -36.78 4.08554 42.3103 -40.9042 8.21882 43.6034 -44.5991 12.9209 43.6556 -47.615 17.9268 42.3868 -49.7205 22.9049 39.8275 -50.6687 26.9319 36.6636 -50.7224 30.4305 32.8057 -49.8752 33.2036 28.4792 -48.1806 35.1087 23.9377 -45.2269 36.1455 18.6252 -41.482 35.8747 13.734 -37.2129 34.4166 9.53031 -32.6688 31.9686 6.15682 -28.3783 29.0127 3.78701 -24.1256 25.5765 2.09293 -19.9643 21.8127 0.962003 -15.9034 17.8423 0.248938 -12.0181 13.861 -0.200107 -8.1668 9.83807 -0.562088 -4.30403 5.83285 -0.992622 -0.3895 1.90833 -1.6421 4.08488 -2.29937 -2.7947 8.65668 -6.17417 -4.56574 13.2787 -9.5465 -7.07924 -11.4118 -11.3192 -11.212 -11.1146 -11.6101 -11.5387 -11.466 -11.3883 -12.0377 -11.9684 -11.8889 -11.7989 -13.6429 -13.7685 -13.9511 -14.2334 -15.7279 -15.8906 -16.0604 -16.2336 -16.2513 -16.3902 -16.5368 -16.6901 -16.5455 -16.6434 -16.7476 -16.8582 -16.6904 -16.8005 -16.9256 -17.07 -16.7984 -16.9574 -17.1703 -17.4558 -16.8786 -18.7726 -20.5136 -20.983 -22.65 -22.4039 -22.2582 -22.1557 -22.7794 -22.6973 -22.6289 -22.572 -23.0857 -23.0481 -23.0181 -22.9968 -23.497 -23.4478 -23.4029 -23.3663 -23.5159 -23.4043 -23.3014 -23.2092 -22.8887 -22.7178 -22.5503 -22.3791 -21.8885 -21.6921 -21.5016 -21.3182 -21.2244 -21.0609 -20.9184 -20.8 -21.0119 -20.9373 -20.8989 -20.8955 -23.3722 -23.1491 -22.9629 -22.8147 -25.1638 -24.8443 -24.5406 -24.2564 -25.3532 -25.0821 -24.765 -24.398 -25.4497 -25.0758 -24.4819 -23.6231 -22.7171 -21.6221 -21.1404 -20.8972 -21.1794 -21.0426 -20.9072 -20.823 -9.97424
18.0203 -11.6329 -10.991 22.5668 -13.5627 -15.3231 26.741 -14.3009 -20.3426 30.3253 -13.6872 -25.8143 33.1062 -11.6562 -31.4093 34.3991 -9.57556 -34.9473 35.2297 -6.95191 -38.2555 35.5769 -3.8572 -41.2253 35.4367 -0.383056 -43.7608 34.8821 3.08205 -45.6541 33.9402 6.69148 -47.0627 32.6418 10.3533 -47.9596 31.025 13.9787 -48.3357 28.5137 18.5113 -48.0571 25.6367 22.689 -46.9624 22.493 26.389 -45.1305 19.1759 29.5221 -42.6588 16.2677 31.7061 -40.1218 13.3403 33.414 -37.2617 10.4344 34.6393 -34.1442 7.5841 35.3863 -30.83 3.5563 35.6407 -25.7102 -0.217705 34.9564 -20.4386 -3.68633 33.4111 -15.1394 -6.81249 31.0881 -9.91145 -9.05016 28.7254 -5.83222 -11.0383 25.9565 -1.88121 -12.7651 22.8191 1.91406 -14.2185 19.3484 5.52953 -15.4409 15.3628 9.12423 -16.3283 11.0821 12.4692 -16.864 6.54506 15.5398 -17.0315 1.79196 18.3112 -16.8681 -2.44953 20.4421 -16.4109 -6.79004 22.3151 -15.6535 -11.1975 23.9144 -14.5921 -15.6378 25.2241 -12.7192 -21.5034 26.4887 -10.3188 -27.2709 27.1854 -7.40616 -32.8404 27.2812 -4.00854 -38.1018 26.7465 -0.399757 -42.6693 25.6422 3.5521 -46.7437 23.9435 7.77762 -50.2065 21.6506 12.1854 -52.9353 18.7819 15.9293 -54.565 15.9673 19.6383 -55.532 12.8206 23.2204 -55.7848 9.40027 26.5754 -55.2898 5.78184 29.4516 -54.1188 2.25093 31.9423 -52.2775 -1.2868 33.966 -49.802 -4.73464 35.4511 -46.753 -7.99163 36.4853 -42.1392 -11.7316 36.4755 -36.9503 -14.8008 35.4104 -31.4529 -17.0345 33.3448 -25.9355 -18.3134 30.6684 -21.0995 -18.5931 27.3796 -16.6862 -18.0146 23.6367 -12.8544 -16.6227 19.6071 -9.70993 -14.5006 15.6144 -7.37921 -11.8771 11.6216 -5.71429 -8.78816 7.71605 -4.66065 -5.33928 3.95021 -4.13057 -1.62517 0.285946 -4.01574 2.33955 -3.22904 -4.2001 6.43468 -6.63196 -4.55069 10.6128 -9.97568 -4.93388 14.8356 -13.4624 -5.22744 19.2463 -17.0152 -5.26642 23.6139 -20.6867 -4.91034 27.8673 -24.5064 -4.02985 31.9087 -28.038 -2.70825 35.2284 -31.6537 -0.825641 38.1645 -35.2925 1.64436 40.5929 -38.8631 4.69016 42.3852 -42.8643 8.98414 43.5329 -46.3693 13.8292 43.4615 -49.1341 18.9539 42.0984 -50.9382 24.0194 39.4811 -51.5952 28.0917 36.3014 -51.3462 31.6039 32.4635 -50.2016 34.3598 28.1949 -48.2327 36.2226 23.7474 -45.0044 37.1889 18.5835 -41.0539 36.8439 13.8616 -36.6506 35.3231 9.82177 -32.0338 32.8324 6.58089 -27.716 29.8548 4.28897 -23.4606 26.4094 2.62076 -19.3096 22.6424 1.4626 -15.2656 18.6692 0.673804 -11.4011 14.6818 0.112412 -7.57676 10.6483 -0.389705 -3.75078 6.62758 -0.976378 0.113526 2.68293 -1.78519 4.51403 -1.55361 -3.10454 8.99692 -5.46667 -5.01338 13.5263 -8.8905 -7.62396 -16.7168 -16.6225 -16.5154 -16.4204 -16.9195 -16.852 -16.7841 -16.7119 -17.3671 -17.3036 -17.2301 -17.1459 -18.9963 -19.1284 -19.3165 -19.6028 -21.0997 -21.2635 -21.4331 -21.6052 -21.62 -21.754 -21.8942 -22.04 -21.8878 -21.9783 -22.0746 -22.1767 -21.9996 -22.0995 -22.2138 -22.3466 -22.0635 -22.2109 -22.4113 -22.6832 -22.0888 -23.9615 -25.6796 -26.125 -27.768 -27.4985 -27.3301 -27.2068 -27.814 -27.7202 -27.6438 -27.5836 -28.099 -28.0681 -28.0496 -28.0444 -28.5676 -28.5483 -28.5357 -28.5311 -28.7091 -28.6209 -28.5368 -28.4581 -28.1458 -27.9786 -27.8109 -27.6368 -27.1415 -26.9396 -26.7436 -26.5553 -26.4573 -26.2903 -26.1449 -26.0242 -26.2339 -26.1572 -26.1163 -26.1097 -28.5816 -28.3514 -28.1559 -27.9958 -30.3319 -29.999 -29.6816 -29.3841 -30.4674 -30.184 -29.8572 -29.4833 -30.5303 -30.1536 -29.558 -28.6979 -27.7909 -26.6948 -26.2116 -25.9665 -26.2461 -26.1058 -25.9665 -25.8784 -9.72151
16.9367 -9.47359 -12.72 21.4475 -10.9718 -17.2555 25.6683 -11.2018 -22.285 29.3753 -10.0837 -27.5927 32.3448 -7.61749 -32.909 33.7859 -5.31107 -36.2439 34.7751 -2.51352 -39.3605 35.2802 0.704465 -42.1724 35.2842 4.25659 -44.6015 34.8397 7.76046 -46.4521 33.9762 11.3837 -47.8755 32.7176 15.0412 -48.8435 31.0973 18.6504 -49.3417 28.5148 23.151 -49.2853 25.4971 27.2916 -48.462 22.1554 30.9531 -46.9272 18.6001 34.0477 -44.7568 15.4719 36.2001 -42.4662 12.3217 37.8777 -39.8341 9.20103 39.0746 -36.9197 6.15339 39.7958 -33.7801 1.87923 40.0174 -28.8624 -2.07338 39.3091 -23.7267 -5.6457 37.7502 -18.5008 -8.80091 35.4265 -13.2907 -11.0125 33.0748 -9.19095 -12.9381 30.3288 -5.19328 -14.5758 27.2279 -1.3291 -15.9259 23.8089 2.37461 -17.0398 19.8947 6.08128 -17.8327 15.7044 9.56171 -18.2959 11.279 12.8024 -18.4204 6.65752 15.7902 -18.2475 2.54208 18.1547 -17.8083 -1.66641 20.3118 -17.0954 -5.94266 22.2516 -16.103 -10.2609 23.9619 -14.3614 -16.0001 25.8438 -12.1338 -21.7079 27.2474 -9.42605 -27.3123 28.1256 -6.25101 -32.7288 28.43 -2.85115 -37.573 28.1485 0.911085 -42.0669 27.2801 4.98741 -46.1032 25.7983 9.30955 -49.5641 23.6898 13.0492 -51.9249 21.4458 16.8287 -53.7216 18.7847 20.5669 -54.8855 15.7408 24.1711 -55.3578 12.3673 27.3714 -55.1263 8.92995 30.2678 -54.214 5.33994 32.7697 -52.6233 1.69007 34.7918 -50.3821 -1.91522 36.5726 -46.6479 -6.30026 37.3402 -42.1167 -10.202 37.0442 -37.0222 -13.4118 35.7014 -31.6358 -15.7629 33.6161 -26.6788 -17.0699 30.8192 -21.9247 -17.5223 27.4417 -17.5582 -17.1279 23.6295 -13.7282 -15.9338 19.696 -10.6558 -14.1048 15.6214 -8.23992 -11.6928 11.5345 -6.48667 -8.78049 7.56505 -5.31886 -5.44327 3.69102 -4.63704 -1.74378 -0.0225036 -4.35389 2.16632 -3.60024 -4.35577 6.21096 -7.08359 -4.52957 10.3336 -10.6689 -4.77515 14.6676 -14.2678 -4.96105 18.9934 -17.9385 -4.96102 23.2624 -21.7262 -4.64497 27.416 -25.2201 -3.98112 30.9643 -28.8146 -2.86317 34.2913 -32.4782 -1.20632 37.3032 -36.1477 1.05462 39.8842 -40.3872 4.56805 42.2182 -44.2592 8.93486 43.5233 -47.4741 13.977 43.6004 -49.7321 19.3701 42.3432 -50.7196 24.0057 40.1841 -50.6992 28.2491 37.1642 -49.6727 31.8033 33.4981 -47.7328 34.4447 29.4501 -44.4761 36.2321 24.5287 -40.4962 36.5637 19.8305 -36.1062 35.5756 15.6146 -31.5583 33.4901 12.0106 -27.3458 30.7916 9.22922 -23.2195 27.546 6.94843 -19.2061 23.9138 5.08765 -15.2963 20.0278 3.54643 -11.5564 16.0962 2.24125 -7.85549 12.1028 1.01501 -4.15617 8.11979 -0.24957 -0.422919 4.22182 -1.66951 3.82875 0.0593942 -3.5803 8.16761 -3.74252 -5.98281 12.562 -6.9977 -9.00718 -19.0391 -18.9552 -18.8666 -18.7966 -19.3198 -19.2724 -19.2245 -19.1717 -19.8443 -19.7961 -19.7363 -19.6644 -21.5273 -21.6721 -21.872 -22.1704 -23.6796 -23.8561 -24.0404 -24.2291 -24.2674 -24.4333 -24.6092 -24.7941 -24.6797 -24.8057 -24.939 -25.0796 -24.9431 -25.0858 -25.2439 -25.4215 -25.181 -25.3689 -25.6109 -25.9252 -25.3813 -27.3126 -29.0902 -29.5957 -31.2973 -31.0846 -30.9726 -30.9049 -31.5621 -31.5126 -31.4791 -31.4603 -32.0143 -32.0193 -32.0352 -32.0628 -32.6223 -32.6428 -32.6694 -32.7042 -32.9205 -32.8698 -32.8238 -32.784 -32.5099 -32.3798 -32.2496 -32.1148 -31.6596 -31.4977 -31.341 -31.191 -31.1314 -31.003 -30.8962 -30.8142 -31.0607 -31.0182 -31.01 -31.0338 -33.5348 -33.3293 -33.1496 -32.9959 -35.3302 -34.9911 -34.6657 -34.3616 -35.4424 -35.1636 -34.8496 -34.4951 -35.5649 -35.2113 -34.6381 -33.7983 -32.9082 -31.8255 -31.3525 -31.1145 -31.3988 -31.2611 -31.1227 -31.0349 -12.5577
