# num_vectors 190
# vector_size 101
-13.8208 -21.6832 -19.046 1.731 -20.579 -21.5426 15.1901 -12.4043 -19.5671 24.3572 -1.77191 -12.1398 28.2481 6.48028 0.79615 26.1694 7.00213 16.382 18.4473 -2.18666 26.4105 8.44652 -14.3337 25.5176 -0.991572 -22.9941 16.171 -9.60914 -25.2327 3.01491 -18.0503 -19.8596 -9.27305 -26.0388 -7.57825 -15.0448 -30.3475 6.3497 -9.46314 -27.25 14.4272 3.67165 -18.0084 14.9386 16.5246 -4.92359 10.7584 24.5022 10.1169 5.78894 25.3462 23.9187 4.17571 17.9137 30.6114 9.32832 4.80036 25.1897 17.5226 -7.44489 11.7404 22.9695 -13.7377 -4.11219 22.777 -14.6485 -18.3314 15.9274 -12.9449 -27.0761 2.77943 -11.8985 -25.8709 -12.6923 -14.4712 0 0 0 0 0 0 0 0 0 0 0 0 0 0 0 0 0 0 0 0 0 0 0 0 0 0
-13.481 -21.6234 -19.3623 1.97248 -19.816 -22.1609 15.2714 -11.5198 -19.5966 24.0107 -0.790374 -11.7803 27.3906 7.35544 1.37724 25.6357 7.07442 17.0332 18.1904 -2.67686 26.7594 8.71148 -15.2244 25.4692 -0.783935 -23.6395 15.9531 -9.28096 -25.627 2.67534 -17.1444 -19.995 -9.89626 -24.8816 -7.6003 -15.7747 -29.9008 6.00003 -9.92402 -27.3725 13.8976 3.45565 -18.5315 14.3644 16.5983 -5.51605 10.4492 24.8288 9.75941 6.23861 25.9543 23.3779 4.02016 18.3129 30.3701 9.47991 5.47307 25.1355 17.6418 -6.87672 11.7845 23.0903 -13.3782 -4.05103 22.8579 -14.5775 -18.2793 15.9439 -13.2082 -26.994 2.75635 -12.4092 -25.6673 -12.7009 -15.012 0 0 0 0 0 0 0 0 0 0 0 0 0 0 0 0 0 0 0 0 0 0 0 0 0 0
-14.6823 -20.3778 -19.9808 0.842522 -19.5714 -23.0318 15.2761 -13.6693 -18.607 23.4253 -1.39386 -12.2531 28.712 6.04018 0.855257 24.5674 7.61046 16.2766 20.9842 -4.5388 26.555 10.5384 -16.4245 25.9319 -2.82751 -22.2998 18.032 -6.59978 -25.6765 1.93864 -17.5901 -21.176 -9.18408 -23.7176 -8.03276 -15.6026 -32.51 3.75769 -8.78178 -26.6312 14.7473 2.13962 -19.2689 14.0918 16.317 -5.90072 11.7471 24.7366 8.72038 5.17118 25.8945 22.8448 4.01732 18.8456 30.3098 10.6136 6.74649 25.1102 18.1434 -6.03583 11.9328 24.6872 -11.976 -3.74726 23.3233 -15.0084 -17.9713 16.8837 -11.2004 -27.2023 3.99625 -11.078 -26.0209 -11.5924 -12.9747 0 0 0 0 0 0 0 0 0 0 0 0 0 0 0 0 0 0 0 0 0 0 0 0 0 0
-14.5291 -20.94 -18.9783 0.554185 -17.6923 -23.6306 15.0866 -12.5016 -18.5794 23.5582 -0.650162 -11.8197 29.0329 6.21645 1.53463 24.34 8.23042 16.7634 20.443 -3.62632 27.2782 10.7825 -16.1771 26.1764 -1.26129 -23.3852 17.0309 -4.39596 -23.8648 0.180162 -17.5964 -20.6136 -9.26422 -24.7253 -8.19691 -16.2145 -32.9245 4.08584 -9.4799 -26.6819 14.3807 1.94478 -19.8674 12.8418 16.3657 -6.28793 12.4408 24.9912 8.68569 6.79341 26.9709 22.4759 4.52403 19.4349 30.3451 11.1187 7.58433 25.5572 18.286 -5.57899 12.5966 24.7515 -12.0863 -2.94785 23.3001 -15.7808 -17.3906 17.1714 -12.2639 -26.3306 4.0878 -10.8547 -24.7026 -11.7258 -10.6243 0 0 0 0 0 0 0 0 0 0 0 0 0 0 0 0 0 0 0 0 0 0 0 0 0 0
-14.3471 -21.4046 -19.0989 0.710536 -17.9308 -23.6765 15.1672 -12.618 -18.5326 23.5071 -0.670947 -11.7756 28.4882 6.54356 1.60222 23.5559 8.34594 16.7852 20.073 -3.68561 27.2564 10.3999 -16.2405 26.3124 -1.29334 -23.803 16.9845 -4.42254 -23.9821 0.124179 -17.5232 -20.2479 -9.29345 -24.1254 -7.59256 -16.3576 -33.0215 4.34303 -9.8383 -27.8029 14.3514 2.4041 -20.216 12.2995 16.4053 -6.21217 12.28 24.3804 8.53783 6.03504 26.3467 22.7512 4.76559 19.2839 30.4977 11.8611 7.63061 25.5866 18.4549 -5.80021 12.566 24.64 -12.4666 -2.90436 22.8566 -16.3423 -17.3336 16.717 -12.789 -26.089 3.57584 -10.7429 -24.3241 -12.223 -10.4696 0 0 0 0 0 0 0 0 0 0 0 0 0 0 0 0 0 0 0 0 0 0 0 0 0 0
-14.2595 -21.6308 -19.003 0.539445 -17.4414 -23.8884 14.9164 -11.6718 -18.9923 22.836 0.198833 -11.5813 28.8058 5.98466 2.19884 23.6535 8.39062 17.2387 19.4912 -3.22144 27.9659 10.4404 -16.2249 26.6119 -1.70036 -23.4703 17.5878 -4.72178 -24.2994 0.714383 -17.5792 -20.3865 -8.9707 -23.9751 -7.60501 -16.0016 -32.9828 4.26415 -9.51292 -28.1405 13.853 3.23284 -20.2598 11.4082 17.0172 -6.13021 11.5158 24.7719 8.88547 5.7271 26.1942 22.5651 4.01115 18.1376 30.36 11.9577 7.0347 25.5392 19.2315 -6.09525 12.4672 25.405 -12.6723 -3.07648 23.6787 -16.2814 -17.3275 17.0782 -12.8006 -25.7995 3.66316 -11.3005 -23.3577 -12.0388 -9.79438 0 0 0 0 0 0 0 0 0 0 0 0 0 0 0 0 0 0 0 0 0 0 0 0 0 0
-14.2361 -20.9281 -19.2739 0.675313 -17.1528 -24.1738 15.0175 -11.1965 -19.3957 22.7782 0.488096 -11.5169 29.5501 5.3379 2.30876 24.684 8.48142 17.3287 19.9515 -2.57624 28.4347 11.0744 -15.7171 27.2382 -0.259162 -23.6648 17.6921 -3.49179 -23.1453 0.790261 -17.0478 -19.9217 -8.24582 -24.1842 -7.57157 -15.3875 -33.1828 4.2709 -8.83741 -27.9469 14.4246 3.33388 -19.8226 12.5529 17.0807 -5.44913 12.2841 24.3961 9.20638 5.5603 25.815 23.4034 4.78417 18.4367 30.6926 12.719 6.97025 25.3465 19.4973 -6.24133 12.1693 26.0875 -12.218 -3.44527 24.6113 -15.6416 -17.6389 17.8082 -12.31 -26.3531 4.3648 -12.4324 -24.1549 -11.3671 -10.8437 0 0 0 0 0 0 0 0 0 0 0 0 0 0 0 0 0 0 0 0 0 0 0 0 0 0
-14.9893 -20.7318 -18.3065 0.0688312 -17.1604 -22.917 14.9455 -13.036 -17.4598 24.0229 -0.659495 -11.9041 29.4654 6.99642 1.58844 23.7614 9.70064 16.4288 20.1091 -1.82594 27.5283 12.2388 -15.6519 26.3866 1.63052 -24.5792 16.795 -3.53945 -22.0775 0.324586 -18.2876 -18.422 -6.76899 -24.8662 -6.27799 -14.8244 -33.8522 6.10523 -9.23463 -29.8197 14.9905 4.51254 -20.0707 12.1807 17.1715 -5.00484 13.7922 23.1955 9.61777 7.13558 25.273 23.1336 3.85385 16.8476 31.656 11.5988 6.03374 27.1453 21.5626 -5.88156 13.5377 27.1262 -12.0414 -2.4996 25.3326 -13.4001 -16.0577 18.0391 -8.36256 -25.6892 5.21661 -11.3789 -24.9557 -10.7791 -10.3765 0 0 0 0 0 0 0 0 0 0 0 0 0 0 0 0 0 0 0 0 0 0 0 0 0 0
-14.3454 -20.8443 -19.1058 0.991835 -18.2838 -23.5878 15.6769 -13.5061 -18.1018 24.1295 -0.783542 -12.2963 29.7108 6.48545 1.35977 23.6268 9.85326 15.9332 19.4219 -1.18919 27.3536 12.6535 -15.639 26.1708 1.25573 -24.6063 17.4895 -4.52758 -22.7162 1.11872 -19.344 -18.3728 -5.47839 -25.219 -6.44149 -14.4291 -33.5189 6.85403 -9.75745 -30.3649 14.8743 4.80646 -20.6746 11.6801 17.4252 -5.85968 13.8971 23.9149 9.1597 8.0811 25.8929 21.8624 3.30472 16.7452 31.1811 10.4895 6.15771 27.7487 21.7873 -5.05015 14.6223 25.9579 -13.5312 -1.93162 26.5447 -11.934 -15.0294 18.0465 -7.40177 -24.3301 5.31912 -11.8789 -23.8669 -10.6887 -10.8714 0 0 0 0 0 0 0 0 0 0 0 0 0 0 0 0 0 0 0 0 0 0 0 0 0 0
-14.3718 -19.3003 -20.1209 1.05461 -16.7432 -24.2997 15.8421 -12.8559 -18.3124 24.8394 -0.672271 -12.119 31.4406 5.49406 1.70717 25.2291 11.0205 15.7285 17.9541 1.54739 27.536 12.0363 -13.311 26.4776 0.427841 -22.7327 18.5423 -4.5117 -22.7366 1.6548 -18.4446 -17.2616 -6.18174 -22.9306 -4.243 -14.5947 -32.3068 8.2804 -9.63778 -30.0904 15.9933 5.29844 -19.3217 13.8296 17.3499 -3.295 14.9029 21.4641 10.4166 6.0246 24.3684 24.2099 2.55012 16.0554 32.6916 10.3527 5.15051 28.1455 21.4853 -5.88288 14.6608 24.3663 -14.4435 -1.75178 26.2198 -11.8468 -15.2782 18.5507 -6.99866 -25.1234 6.02342 -10.9134 -24.2589 -10.0535 -11.1883 0 0 0 0 0 0 0 0 0 0 0 0 0 0 0 0 0 0 0 0 0 0 0 0 0 0
-15.582 -19.7621 -20.594 -0.169025 -16.6466 -24.4808 14.7721 -14.2153 -17.9276 24.7424 -2.90953 -11.4207 30.9863 2.91875 2.7268 24.3048 10.0125 15.9222 17.0137 1.80432 28.7346 9.99243 -12.7053 28.9499 0.764253 -22.9346 18.4914 -3.7908 -20.042 1.49074 -18.7655 -15.8166 -5.36641 -24.2171 -4.36375 -15.6875 -31.883 9.76157 -11.5429 -32.1087 14.5931 5.2437 -20.4736 13.1421 16.6489 -4.19361 14.7482 19.6373 9.39724 6.1715 24.0335 24.1249 2.91498 17.1798 32.569 10.021 5.74725 28.3264 21.8333 -4.72546 15.152 25.112 -13.641 -1.53272 25.5071 -11.7229 -14.2359 17.1626 -5.64633 -25.107 5.58131 -10.0084 -25.335 -10.5337 -11.4941 0 0 0 0 0 0 0 0 0 0 0 0 0 0 0 0 0 0 0 0 0 0 0 0 0 0
-16.2297 -20.3541 -18.9164 -1.03655 -16.5991 -23.1622 14.1624 -14.6461 -17.0195 24.7084 -3.64024 -10.8735 31.5762 2.05249 3.05456 25.5174 9.32812 16.4675 17.0618 1.39083 28.7907 9.39634 -12.8144 28.5112 -0.454232 -22.1949 17.7717 -5.04862 -18.443 0.927781 -20.2564 -14.8039 -5.78167 -26.4786 -2.82502 -15.112 -33.6493 11.1869 -9.66464 -32.2148 15.3555 7.33504 -20.1085 11.8183 17.9942 -3.83652 13.7538 20.8495 10.1466 5.27905 24.2317 24.0712 1.44985 15.9241 33.0445 10.004 5.78254 28.283 20.8756 -5.54089 14.1948 24.0195 -13.1557 -2.21524 25.8278 -9.14004 -15.297 16.7353 -4.88198 -26.2869 6.13525 -11.5531 -27.7275 -9.98014 -12.8481 0 0 0 0 0 0 0 0 0 0 0 0 0 0 0 0 0 0 0 0 0 0 0 0 0 0
-15.3763 -19.7339 -19.6145 -0.476316 -15.0147 -24.0566 14.7597 -12.5081 -18.1817 24.383 -1.44258 -10.5593 30.4044 3.28411 4.18087 23.5045 9.44488 17.8186 15.8784 0.166683 29.8473 8.92398 -14.4068 28.7821 0.986644 -24.4526 16.8688 -3.16955 -20.2374 0.00855583 -18.0056 -15.1832 -6.77614 -23.0592 -2.64206 -16.1639 -32.2183 10.3698 -10.7616 -32.8189 13.9277 6.5595 -21.547 10.8122 18.3064 -5.61178 13.3721 22.6571 8.77828 5.24077 25.2177 21.987 1.12348 15.8433 32.0736 10.5313 7.40674 28.3712 20.2993 -5.42162 14.4035 24.2472 -12.9274 -2.03197 25.8938 -8.94261 -15.1184 16.6388 -5.04588 -26.2148 6.43763 -12.1753 -27.607 -9.59693 -14.5299 0 0 0 0 0 0 0 0 0 0 0 0 0 0 0 0 0 0 0 0 0 0 0 0 0 0
-16.6044 -38.7371 -40.0192 -9.283 -20.3901 -13.442 16.0803 -2.66031 -25.3024 35.4999 -10.7816 -9.74299 40.4487 8.46718 0.202026 16.5003 12.9299 11.4492 19.4 16.4236 36.067 4.73387 -11.2357 47.9284 6.37212 -27.7731 22.0592 -3.63838 -15.3396 -0.224735 -24.3903 -25.2397 -9.82126 -29.349 -3.04421 -30.3249 -31.1091 25.5042 -14.5588 -31.3464 9.74708 4.25997 -15.1317 -2.28085 15.4763 -6.83786 0.0804123 43.8814 19.1754 15.2898 35.0024 21.6929 6.08765 8.34513 48.4659 7.48059 -0.743705 35.7516 26.0329 -21.1176 9.28447 20.7105 -20.23 -2.55199 24.5386 6.93541 -23.3674 20.5753 -9.8972 -40.5462 -4.94032 -10.5915 -23.374 -10.309 -33.0174 0 0 0 0 0 0 0 0 0 0 0 0 0 0 0 0 0 0 0 0 0 0 0 0 0 0
-16.6044 -38.7371 -40.0192 -9.283 -20.3901 -13.442 16.0803 -2.66031 -25.3024 35.4999 -10.7816 -9.74299 40.4487 8.46718 0.202026 16.5003 12.9299 11.4492 19.4 16.4236 36.067 4.73387 -11.2357 47.9284 6.37212 -27.7731 22.0592 -3.63838 -15.3396 -0.224735 -24.3903 -25.2397 -9.82126 -29.349 -3.04421 -30.3249 -31.1091 25.5042 -14.5588 -31.3464 9.74708 4.25997 -15.1317 -2.28085 15.4763 -6.83786 0.0804123 43.8814 19.1754 15.2898 35.0024 21.6929 6.08765 8.34513 48.4659 7.48059 -0.743705 35.7516 26.0329 -21.1176 9.28447 20.7105 -20.23 -2.55199 24.5386 6.93541 -23.3674 20.5753 -9.8972 -40.5462 -4.94032 -10.5915 -23.374 -10.309 -33.0174 0 0 0 0 0 0 0 0 0 0 0 0 0 0 0 0 0 0 0 0 0 0 0 0 0 0
-18.4969 -39.4282 -39.4163 -10.8813 -18.2368 -15.4473 16.4655 -4.68218 -27.5025 34.1385 -12.0354 -9.87194 38.3799 7.66536 -0.561102 14.0744 11.924 9.94264 16.2985 16.721 34.366 6.58556 -12.09 47.3749 8.69075 -28.735 21.6134 -1.51017 -16.6653 -0.779908 -23.4988 -24.9689 -8.59247 -27.9863 -3.18621 -29.6243 -29.4639 25.7241 -14.5234 -30.7946 10.4097 4.57415 -15.465 -2.37589 16.1266 -5.69026 1.02579 43.8826 18.6874 17.5246 33.2539 21.5764 6.64352 7.34313 48.4015 7.85261 -1.61455 35.7764 25.8135 -22.5496 9.24866 20.9253 -21.2625 -2.02385 24.4593 6.17246 -23.1844 20.7972 -10.2833 -40.937 -4.31576 -10.4196 -23.7365 -10.6927 -32.5327 0 0 0 0 0 0 0 0 0 0 0 0 0 0 0 0 0 0 0 0 0 0 0 0 0 0
-18.458 -39.4519 -39.6082 -10.8543 -18.2113 -15.6791 16.6141 -4.83187 -27.6514 34.1613 -12.1788 -9.8939 38.4012 7.53876 -0.61801 14.0632 11.8667 9.7808 16.2155 16.8776 34.1665 6.70564 -11.8994 47.3953 8.53949 -28.6388 21.6758 -1.57147 -16.5082 -0.725093 -23.4336 -24.9245 -8.76376 -27.8848 -3.0832 -29.7422 -29.3795 25.7857 -14.5641 -30.7649 10.4188 4.48722 -15.4788 -2.44512 16.0099 -5.58053 0.946694 43.723 18.6804 17.5574 33.0034 21.6561 6.54567 7.15824 48.4786 7.87294 -1.78954 35.8103 25.9214 -22.6225 9.28922 20.9989 -21.3284 -1.90736 24.1455 6.18184 -23.1055 20.5852 -10.2476 -40.9102 -4.49035 -10.4398 -23.8624 -10.7529 -32.7021 0 0 0 0 0 0 0 0 0 0 0 0 0 0 0 0 0 0 0 0 0 0 0 0 0 0
-18.283 -39.5084 -39.8247 -10.8477 -18.3554 -15.7666 16.488 -4.6554 -27.6747 34.0727 -11.778 -9.86452 38.1205 8.01003 -0.655683 13.7708 12.0932 9.81123 15.9326 17.0065 34.2158 7.07138 -12.0265 47.3159 8.87408 -28.526 21.4413 -1.54571 -16.3175 -0.771894 -23.3994 -24.8726 -8.68382 -28.0685 -3.11146 -29.6969 -28.7861 25.8712 -14.7016 -30.49 10.6695 4.45246 -15.5173 -2.57056 15.9501 -5.40913 0.628932 43.6088 18.8624 17.1678 32.8032 21.9301 5.91309 7.07535 48.7154 7.47958 -1.94163 35.8388 25.4436 -22.7185 9.34384 20.4454 -21.2161 -1.7066 23.8635 6.31908 -23.0042 20.3889 -9.99881 -40.6878 -4.76927 -10.3582 -23.5206 -10.8662 -32.5736 0 0 0 0 0 0 0 0 0 0 0 0 0 0 0 0 0 0 0 0 0 0 0 0 0 0
-19.3846 -38.1257 -39.894 -10.2213 -20.2287 -14.1851 16.3903 -5.12754 -25.9322 34.6803 -12.9112 -9.20051 38.506 6.25606 1.23059 13.686 10.4047 10.3943 14.6327 15.8896 34.7172 7.44588 -13.3871 48.1812 7.53244 -29.7032 22.1858 -2.26877 -16.5809 0.242736 -24.0126 -24.5915 -8.44613 -27.0975 -3.09369 -29.9497 -28.7801 26.0756 -15.4415 -30.0981 11.1523 3.95297 -14.8672 -1.80709 15.4249 -4.65391 1.67418 43.009 19.2885 18.5412 31.9906 24.5923 5.23283 7.88879 50.7222 9.77471 -1.51233 35.7123 25.3633 -22.5276 9.8521 18.6812 -19.3828 0.0872741 22.3408 8.5699 -21.9207 20.3531 -6.92995 -40.0989 -4.39048 -8.25055 -23.1106 -9.89907 -30.7452 0 0 0 0 0 0 0 0 0 0 0 0 0 0 0 0 0 0 0 0 0 0 0 0 0 0
-19.7168 -37.5049 -40.2427 -10.1491 -20.0298 -14.3983 16.575 -5.14006 -26.1575 34.7524 -12.8218 -9.25835 38.3262 6.35007 1.24987 13.4231 10.207 10.3092 14.205 15.7253 34.6299 7.22601 -13.6014 48.0928 7.45526 -29.9198 22.1001 -2.25263 -16.8096 0.108648 -24.012 -24.7534 -8.6024 -27.0211 -3.23133 -30.0923 -29.1405 25.8848 -15.5414 -30.0734 10.9248 3.84327 -14.542 -1.74818 15.2239 -4.60618 1.60801 42.9228 19.5074 18.4248 32.211 24.6358 5.55168 7.84228 50.8439 9.87799 -1.43833 36.0142 24.95 -22.9399 10.0734 18.7329 -19.5581 0.638276 22.5422 8.48508 -21.5461 20.7602 -6.78247 -39.8367 -3.90069 -8.09039 -23.0651 -9.34557 -30.7606 0 0 0 0 0 0 0 0 0 0 0 0 0 0 0 0 0 0 0 0 0 0 0 0 0 0
-19.9371 -37.3695 -40.4049 -10.1865 -20.3359 -14.3403 16.4476 -5.2373 -26.0347 34.6693 -12.8783 -9.16501 38.3153 6.33294 1.24532 13.4579 10.2628 10.3975 14.3353 15.6319 34.7476 6.81089 -13.6276 48.0496 7.35594 -29.9327 22.0551 -2.28281 -16.8858 -0.00400172 -24.0157 -24.8534 -8.75904 -27.0436 -3.28761 -30.2023 -28.9859 25.8138 -15.5984 -30.0583 10.8237 3.75523 -14.6271 -1.94126 15.1687 -4.66822 1.40533 42.8604 19.294 18.442 32.1596 24.6016 5.56986 7.82943 50.8213 10.042 -1.34702 35.9901 24.9545 -22.9577 10.0517 18.7471 -19.5404 0.738247 22.2535 8.5809 -21.5094 20.7937 -6.62497 -39.9359 -3.74838 -8.19502 -22.9351 -9.25822 -30.676 0 0 0 0 0 0 0 0 0 0 0 0 0 0 0 0 0 0 0 0 0 0 0 0 0 0
-19.7292 -37.5317 -40.469 -10.2695 -20.574 -14.2505 16.0148 -4.81519 -25.8405 34.4984 -12.5004 -9.28363 38.1719 6.63588 1.25326 13.3665 10.4403 10.5946 14.397 15.7287 34.9558 7.1527 -13.6224 48.2081 7.50078 -29.8138 22.1404 -2.43692 -16.7227 0.243369 -24.1453 -24.8633 -8.41039 -27.1766 -3.65254 -30.1988 -29.7194 25.6162 -16.0491 -30.3039 10.9281 3.54545 -14.568 -1.56827 14.8313 -4.74437 1.68706 42.5816 19.3631 18.6146 32.0376 24.9788 5.51583 7.90216 51.1453 10.3204 -1.25196 36.1402 24.847 -23.0004 10.2923 18.2843 -19.5814 0.810927 22.0738 8.4448 -21.3418 20.5993 -6.89681 -39.875 -3.86621 -8.39807 -23.0813 -9.36361 -31.0357 0 0 0 0 0 0 0 0 0 0 0 0 0 0 0 0 0 0 0 0 0 0 0 0 0 0
-19.8558 -37.5548 -40.4579 -10.2153 -20.6322 -14.2832 16.1866 -5.12165 -25.937 34.5488 -12.632 -9.16891 38.1699 6.61938 1.1721 13.3948 10.3701 10.6143 14.5202 15.7776 34.9446 7.08471 -13.4469 48.3666 7.17785 -29.7608 22.3749 -2.54274 -16.6158 0.414086 -24.148 -24.7544 -8.49179 -26.9771 -3.47821 -30.2425 -29.7691 25.7352 -16.0279 -30.2691 10.9969 3.53098 -14.4668 -1.45622 14.7715 -4.71251 1.70446 42.5569 19.4357 18.6449 32.1283 25.0461 5.67259 7.92383 51.1746 10.6128 -1.26552 36.0582 24.8012 -23.1563 10.2626 18.074 -19.6677 0.765719 22.0276 8.33008 -21.3752 20.5869 -7.03173 -40.0022 -3.81063 -8.47034 -23.3304 -9.34821 -31.1876 0 0 0 0 0 0 0 0 0 0 0 0 0 0 0 0 0 0 0 0 0 0 0 0 0 0
-20.676 -38.446 -39.2122 -10.6402 -21.7028 -13.0744 15.2489 -5.68508 -25.1549 34.1721 -13.4002 -9.14867 38.065 5.68159 1.39889 13.1248 10.2998 9.88358 13.5587 16.0698 34.14 7.79063 -13.3283 47.8904 6.45331 -29.6069 21.9503 -3.87339 -16.2333 0.422134 -24.2086 -25.784 -9.70249 -28.2855 -3.89984 -30.5719 -28.4386 25.0013 -15.7223 -29.8539 9.95844 3.53145 -14.5743 -2.44037 15.4958 -4.44169 2.03796 42.9263 19.0912 19.0952 31.413 25.2141 4.86288 8.11288 51.309 9.83016 -1.15626 36.1147 24.1055 -22.9357 10.4161 16.8988 -19.7497 0.625814 20.3458 8.20782 -21.2931 20.112 -7.48199 -41.1689 -3.19769 -9.22985 -24.3134 -9.84513 -31.4763 0 0 0 0 0 0 0 0 0 0 0 0 0 0 0 0 0 0 0 0 0 0 0 0 0 0
-20.7739 -38.3931 -39.1836 -10.5691 -21.7381 -13.0555 15.4062 -5.89386 -25.178 34.2207 -13.4033 -8.95067 38.0183 5.80085 1.40493 13.0868 10.3044 9.97516 13.5658 15.9536 34.2588 7.74376 -13.4975 47.8715 6.38589 -29.6535 21.8563 -3.96997 -16.1831 0.403104 -24.2495 -25.7545 -9.81273 -28.4016 -3.7443 -30.5332 -28.2736 25.0801 -15.5386 -29.8637 9.95733 3.63754 -14.7072 -2.56393 15.6296 -4.26722 2.06228 42.9174 18.9925 19.2575 31.0682 25.23 4.767 7.96092 51.2806 9.82534 -1.38254 35.9855 24.3463 -22.9248 10.3054 17.0836 -19.7169 0.635383 20.1769 8.32109 -21.3487 20.1686 -7.27706 -41.2537 -3.09701 -9.24859 -24.1383 -9.8082 -31.2736 0 0 0 0 0 0 0 0 0 0 0 0 0 0 0 0 0 0 0 0 0 0 0 0 0 0
-21.0091 -37.6525 -40.1089 -10.0929 -22.3542 -13.4928 15.7674 -6.17434 -25.4091 34.3777 -12.9011 -8.64117 37.8859 6.70087 1.01173 13.2979 10.4859 10.7308 14.7264 15.6412 35.0633 9.29939 -14.0552 48.2873 6.77098 -29.6556 22.0545 -4.21216 -15.6437 1.29878 -23.968 -25.6247 -9.49676 -28.078 -3.60967 -30.2205 -27.7556 25.2246 -15.249 -29.1716 10.1171 3.95196 -14.047 -2.92933 15.387 -3.26067 0.751127 42.6655 19.5495 18.7685 31.2142 25.5398 5.42648 7.40122 51.6965 10.4485 -1.65605 36.6489 24.2851 -23.7943 10.8985 17.315 -20.5163 1.56095 19.7382 7.68931 -20.6122 19.9427 -7.63243 -40.9265 -2.99254 -9.10162 -25.2992 -9.18805 -32.2684 0 0 0 0 0 0 0 0 0 0 0 0 0 0 0 0 0 0 0 0 0 0 0 0 0 0
-22.4075 -37.1688 -40.0959 -10.5784 -22.3368 -13.6265 15.2732 -6.51587 -26.0193 33.7705 -12.3232 -8.8194 36.6659 7.60081 0.325736 12.2942 10.4797 10.7972 14.2823 15.2595 35.1578 10.4109 -14.8243 47.9413 8.30459 -30.0983 21.4865 -3.13497 -16.1308 0.954797 -23.7832 -25.4691 -8.53071 -28.3192 -3.50717 -29.2173 -26.1708 25.4003 -14.6609 -28.603 10.7339 4.74616 -14.5857 -3.46423 16.108 -2.95666 -0.470296 43.0996 19.2992 18.1054 31.4793 25.0814 5.18256 7.39147 51.3663 9.8333 -1.4808 36.653 23.121 -24.1576 10.6985 17.4849 -20.3034 2.44646 18.6563 8.26713 -20.2134 20.239 -6.13747 -40.9121 -2.24004 -8.55729 -24.1567 -9.07777 -30.6707 0 0 0 0 0 0 0 0 0 0 0 0 0 0 0 0 0 0 0 0 0 0 0 0 0 0
-22.5294 -36.9905 -40.3966 -10.8376 -22.3505 -13.7615 15.1428 -6.53454 -25.8847 33.4952 -12.4646 -8.57325 36.527 7.45601 0.533949 12.1071 10.6225 10.8022 13.9607 15.6019 35.1321 10.5358 -14.4453 48.118 8.32576 -29.8896 21.7717 -2.96906 -15.9725 1.12687 -23.4574 -25.4217 -8.58816 -28.0165 -3.36043 -29.1632 -25.8369 25.4765 -14.4728 -28.266 10.721 4.86665 -14.3184 -3.71357 16.0095 -2.42573 -1.03979 42.9164 19.5537 17.8936 31.3562 25.4558 5.18407 7.18554 51.6458 10.2556 -1.72588 36.6906 23.2007 -24.4386 10.8226 17.2815 -20.4441 2.78579 18.0826 8.19711 -19.9686 19.9919 -6.01233 -40.8616 -2.29709 -8.50296 -24.4272 -8.92945 -30.9126 0 0 0 0 0 0 0 0 0 0 0 0 0 0 0 0 0 0 0 0 0 0 0 0 0 0
-21.7411 -35.6632 -40.5363 -10.1673 -21.5737 -13.5629 16.89 -7.13846 -24.8722 34.101 -12.9388 -6.45335 36.7126 7.08035 2.5567 11.9492 10.2038 11.9321 12.8078 13.731 36.5053 8.75037 -16.9412 47.5172 8.27531 -30.8646 20.3607 -2.73911 -16.2439 0.0707234 -23.7721 -24.6597 -9.35128 -28.0647 -1.81705 -29.0795 -28.1419 26.2274 -13.0164 -29.0556 10.4848 5.56111 -13.7929 -2.89548 16.1401 -2.50751 -0.544306 43.3269 19.6096 18.6544 32.5198 25.1317 7.12 7.718 51.5959 11.3812 -0.743797 37.4282 24.4377 -23.876 11.3061 20.2808 -19.716 3.85495 17.8228 8.79731 -19.225 20.3485 -4.74208 -40.156 -1.82558 -7.80443 -23.7896 -7.8402 -30.4275 0 0 0 0 0 0 0 0 0 0 0 0 0 0 0 0 0 0 0 0 0 0 0 0 0 0
-21.4519 -35.358 -40.6243 -9.66431 -21.4359 -13.658 17.1866 -6.75108 -25.1306 34.6635 -12.7377 -7.03008 37.2736 7.14755 2.26691 12.4737 10.1937 11.5704 13.2631 13.9328 36.1135 7.81233 -16.3952 47.3779 8.22925 -30.7871 20.4861 -2.29048 -16.6137 -0.357786 -23.4625 -24.821 -9.64735 -27.693 -1.89552 -29.2923 -28.314 26.0373 -13.0579 -28.9432 10.169 5.42141 -13.4056 -2.82547 16.07 -2.52916 -0.387395 43.4118 19.6323 18.9246 32.9067 25.1739 7.73027 7.95664 51.6101 12.2097 -0.477472 37.3673 24.4786 -23.9754 11.2953 20.0046 -19.8425 3.9512 16.8459 8.62075 -19.1267 20.3702 -4.65714 -40.4753 -1.24192 -8.54959 -23.6081 -7.46622 -30.733 0 0 0 0 0 0 0 0 0 0 0 0 0 0 0 0 0 0 0 0 0 0 0 0 0 0
-21.534 -35.3876 -40.5864 -9.58072 -21.837 -13.5073 17.1228 -6.87635 -24.9634 34.6873 -12.8085 -6.93035 37.1984 7.06338 2.42149 12.3465 10.0219 11.6125 13.0127 13.7816 36.1558 7.56002 -16.5468 47.4183 8.01487 -30.9427 20.5292 -2.25948 -16.6822 -0.37584 -23.516 -24.6245 -9.6984 -27.4839 -1.59335 -29.2723 -28.2342 26.2589 -12.9067 -28.9576 10.3002 5.49049 -13.4866 -2.79683 16.1098 -2.47984 -0.381769 43.401 19.5988 18.981 32.816 25.1894 7.70724 7.91287 51.6197 12.2257 -0.5186 37.3611 24.4807 -24.0142 11.2922 20.0052 -19.8634 3.97248 16.8174 8.60281 -19.1219 20.2863 -4.66083 -40.49 -1.33174 -8.40821 -23.8321 -7.48186 -30.768 0 0 0 0 0 0 0 0 0 0 0 0 0 0 0 0 0 0 0 0 0 0 0 0 0 0
-21.6217 -35.2866 -40.5489 -9.57649 -21.898 -13.4306 17.062 -6.82877 -24.8952 34.6497 -12.6681 -6.8546 37.0801 7.22494 2.47328 12.195 10.1289 11.5911 12.779 13.8629 36.1402 7.36497 -16.4907 47.3532 8.04091 -30.8704 20.461 -2.28111 -16.6914 -0.475675 -23.4712 -24.771 -9.83015 -27.6697 -1.65722 -29.2559 -28.1524 26.1311 -12.7746 -29.014 10.1043 5.55648 -13.621 -3.02076 16.2535 -2.41576 -0.369601 43.4399 19.3031 19.2545 32.607 25.1068 7.77234 7.8505 51.5507 12.3887 -0.483706 37.3373 24.3841 -24.1381 11.2444 20.1791 -19.8679 4.09034 16.5662 8.58597 -19.0749 20.2977 -4.4771 -40.541 -1.19229 -8.3898 -23.7888 -7.39409 -30.6643 0 0 0 0 0 0 0 0 0 0 0 0 0 0 0 0 0 0 0 0 0 0 0 0 0 0
-21.6448 -35.3721 -40.6309 -9.60152 -21.8944 -13.5562 17.2084 -7.12888 -25.0109 34.6038 -12.7566 -6.72236 36.958 7.24708 2.38204 12.0716 10.1424 11.4991 12.656 13.9162 36.0422 7.19089 -16.4099 47.3042 8.11027 -30.872 20.4647 -2.16797 -16.8212 -0.579018 -23.4553 -24.8186 -9.77986 -27.6454 -1.75001 -29.2609 -28.4387 26.0486 -12.812 -29.1681 10.0349 5.53578 -13.6889 -3.04247 16.166 -2.38928 -0.367748 43.3108 19.2067 19.3537 32.4105 25.3488 7.62512 7.8564 51.7473 12.5931 -0.411277 37.4281 24.6135 -23.9886 11.3801 20.0907 -19.7819 4.16669 16.5941 8.67121 -18.9713 20.2704 -4.4554 -40.3931 -1.25928 -8.39211 -23.5219 -7.52869 -30.5569 0 0 0 0 0 0 0 0 0 0 0 0 0 0 0 0 0 0 0 0 0 0 0 0 0 0
-21.6505 -35.2254 -40.8104 -9.61173 -22.1028 -13.5626 17.0361 -6.93824 -24.8641 34.5493 -12.7434 -6.74623 36.9735 7.17226 2.52893 12.0581 10.1436 11.5408 12.5566 14.0106 36.0709 7.40974 -16.3324 47.4323 8.0636 -30.8197 20.6 -2.30442 -16.7383 -0.378798 -23.4685 -24.9092 -9.70725 -27.7554 -1.85059 -29.1788 -28.5756 25.9463 -12.7284 -29.2695 9.93097 5.61932 -13.7845 -3.20636 16.1663 -2.36329 -0.602612 43.2667 19.1489 19.1909 32.3322 25.2144 7.54041 7.72222 51.6322 12.4097 -0.542091 37.3579 24.7191 -23.9952 11.2951 20.2292 -19.8455 4.00929 16.7786 8.59467 -19.099 20.3806 -4.60409 -40.478 -1.19299 -8.53292 -23.6354 -7.38828 -30.7401 0 0 0 0 0 0 0 0 0 0 0 0 0 0 0 0 0 0 0 0 0 0 0 0 0 0
-21.2883 -34.7602 -41.3061 -9.38357 -21.3891 -14.1218 17.5131 -6.63072 -25.3611 34.9398 -12.8708 -7.31009 37.2509 6.78783 2.50646 12.305 9.39402 11.5394 12.7739 13.4877 36.0322 8.08718 -16.8197 47.6714 8.14171 -31.4471 20.9144 -1.88239 -17.1574 -0.0868312 -23.0774 -25.017 -9.60359 -26.6613 -2.10244 -29.3696 -30.0576 25.5393 -13.1949 -29.5311 9.73408 5.29761 -13.2044 -2.53072 15.5479 -2.34779 -0.222627 42.8974 19.8266 19.1006 32.5011 25.9398 7.56842 7.84761 52.1807 12.9761 -0.620762 37.4511 25.6963 -23.5535 11.7525 19.3153 -20.2151 3.77654 15.5865 7.99319 -18.9315 20.0062 -5.60813 -41.1058 -0.683279 -9.69724 -24.9334 -6.76557 -32.4118 0 0 0 0 0 0 0 0 0 0 0 0 0 0 0 0 0 0 0 0 0 0 0 0 0 0
-21.2803 -34.8312 -41.1841 -9.55763 -21.2026 -14.0505 17.2716 -6.33029 -25.3 34.8025 -12.741 -7.41225 37.1839 6.8263 2.56656 12.2564 9.43083 11.6502 12.7757 13.5483 36.1379 8.33246 -16.7796 47.8164 8.04854 -31.3873 21.0523 -1.96355 -16.9773 0.128106 -22.8982 -25.0572 -9.75977 -26.5827 -1.98393 -29.3196 -30.1613 25.4866 -12.8982 -29.5643 9.517 5.44902 -13.1663 -2.68427 15.6609 -2.16223 -0.246469 42.9393 19.7833 19.2467 32.3812 25.9655 7.63603 7.78209 52.2143 13.0574 -0.653098 37.5055 25.8344 -23.5675 11.8035 19.448 -20.2665 3.8337 15.5237 7.91626 -18.8855 19.9525 -5.66349 -41.1155 -0.697133 -9.6483 -25.0608 -6.80863 -32.4379 0 0 0 0 0 0 0 0 0 0 0 0 0 0 0 0 0 0 0 0 0 0 0 0 0 0
-20.8993 -34.7263 -41.6962 -10.2379 -20.1959 -14.6288 17.1463 -5.89707 -25.2175 34.2132 -13.1179 -7.21477 37.1396 6.22248 3.03657 12.2496 9.51419 11.9717 12.7488 13.7464 36.44 7.84234 -16.4537 48.2528 7.67826 -31.2244 21.5782 -1.9127 -16.8253 0.45542 -22.6326 -24.9204 -9.85236 -25.9459 -1.8405 -29.4671 -29.6828 25.6456 -13.108 -29.383 9.68198 5.24921 -13.2288 -2.85765 15.431 -2.08961 -0.619654 42.6705 19.4842 19.3472 32.2502 25.9826 7.94831 7.63647 52.0694 14.0844 -0.779475 37.046 26.3599 -23.7561 11.5148 19.3794 -20.3912 3.81437 14.9133 7.77935 -19.0249 19.6641 -5.47819 -41.1573 -0.963978 -10.0346 -24.7343 -6.81745 -32.6233 0 0 0 0 0 0 0 0 0 0 0 0 0 0 0 0 0 0 0 0 0 0 0 0 0 0
-21.7358 -34.028 -41.706 -9.37376 -22.2611 -14.2204 17.7748 -7.59461 -24.9031 34.7175 -13.6885 -6.4152 36.762 5.99988 3.31732 11.6981 8.50728 11.9762 11.7966 13.3155 36.3324 8.71933 -16.7843 48.8368 6.63306 -31.9754 22.5578 -1.99902 -17.2704 1.25761 -23.0584 -24.2555 -9.10836 -25.1147 -1.04629 -28.7018 -29.4042 26.3954 -12.4135 -29.1509 10.4444 5.95531 -13.1554 -2.56296 15.7762 -1.71769 -0.974078 42.928 19.7064 19.2824 32.7696 25.4154 8.92983 7.54773 51.5213 14.6718 -1.07318 36.5047 27.5092 -23.736 11.0097 20.2681 -20.6877 3.12392 15.3091 7.34344 -19.6453 20.0945 -6.02105 -42.093 -0.283837 -10.0888 -26.4084 -6.0892 -33.191 0 0 0 0 0 0 0 0 0 0 0 0 0 0 0 0 0 0 0 0 0 0 0 0 0 0
-21.7331 -33.9143 -41.7003 -9.3879 -22.277 -14.1524 17.8033 -7.62109 -24.7404 34.7215 -13.8626 -6.27989 36.8511 5.7767 3.53246 11.7509 8.4484 12.0324 11.7272 13.2706 36.3856 8.33276 -16.7955 48.8848 6.63781 -32.0263 22.6036 -1.8498 -17.3995 1.19274 -22.9007 -24.3483 -9.21469 -24.8972 -1.11611 -28.7869 -29.3156 26.2962 -12.4841 -29.0925 10.3248 5.86734 -13.0925 -2.61735 15.7663 -1.63235 -0.840919 42.8963 19.8317 19.2839 32.5645 25.4927 8.72464 7.41864 51.5858 14.3849 -1.29347 36.5264 27.7193 -23.6308 11.0267 20.4642 -20.6569 3.10035 15.3606 7.33644 -19.6541 20.1626 -6.04718 -42.1332 -0.185063 -10.0948 -26.5043 -5.97634 -33.2382 0 0 0 0 0 0 0 0 0 0 0 0 0 0 0 0 0 0 0 0 0 0 0 0 0 0
-21.4431 -34.493 -41.8366 -8.90452 -24.8336 -13.6959 16.6299 -7.23351 -23.2924 34.5824 -13.814 -6.03727 36.5589 5.29558 4.74222 11.2768 7.72997 12.7393 10.7217 12.4737 37.0958 6.87985 -17.6125 49.4063 4.34542 -32.5566 23.0433 -3.87672 -17.4845 1.846 -25.4398 -23.3528 -8.08781 -25.8988 -1.25049 -28.8943 -27.3161 27.1241 -14.1554 -28.0952 12.305 5.04481 -13.222 -1.54545 15.3492 -2.21399 -0.279827 42.6849 19.3787 20.0608 33.1007 25.087 10.3124 7.65478 50.8138 17.1436 -1.21798 35.0927 29.2771 -23.7404 9.92802 21.1725 -20.3146 2.64427 15.9495 7.82284 -20.4646 19.5529 -5.26488 -41.8539 -1.92034 -9.08742 -26.2082 -6.88901 -32.3948 0 0 0 0 0 0 0 0 0 0 0 0 0 0 0 0 0 0 0 0 0 0 0 0 0 0
-21.4114 -34.2753 -41.8048 -8.94438 -24.5998 -13.638 16.5859 -6.9648 -23.181 34.5732 -13.6779 -6.0141 36.5753 5.34884 4.90512 11.2836 7.78893 12.87 10.6932 12.3927 37.252 6.77407 -17.7564 49.3811 4.31834 -32.551 22.9272 -3.89478 -17.372 1.80323 -25.2882 -23.4044 -8.38957 -25.8107 -1.12979 -29.0083 -27.3558 27.1121 -14.0323 -28.0515 12.1301 5.04298 -13.0401 -1.55178 15.3698 -2.12041 -0.188142 42.7359 19.5999 19.9985 33.1169 25.2562 10.1622 7.6935 50.9713 16.9474 -1.24795 35.2018 29.2957 -23.6176 10.0495 21.1367 -20.2314 2.67069 16.0959 7.91378 -20.3885 19.7235 -5.25435 -41.8313 -1.69822 -9.06578 -26.2422 -6.6665 -32.4111 0 0 0 0 0 0 0 0 0 0 0 0 0 0 0 0 0 0 0 0 0 0 0 0 0 0
-21.2466 -34.1916 -41.9294 -9.03173 -24.2842 -13.7349 16.6258 -6.7879 -23.1895 34.5394 -13.6568 -6.00815 36.5956 5.31076 5.00278 11.3168 7.77034 13.0023 10.7592 12.2678 37.4047 6.53426 -17.8943 49.3935 4.32944 -32.5998 22.8693 -3.88884 -17.3992 1.76295 -25.2944 -23.4086 -8.41797 -25.8112 -1.12487 -29.027 -27.1311 27.1191 -14.0352 -27.9418 12.1331 5.03194 -13.0367 -1.66981 15.3505 -2.06305 -0.373891 42.6982 19.5338 19.9644 33.1227 25.3771 10.1154 7.74729 51.0155 17.2141 -1.16505 35.1365 29.2093 -23.6458 10.0621 20.8467 -20.1869 2.65673 16.1988 8.01609 -20.3942 19.5461 -5.23724 -41.7211 -2.02774 -8.82266 -26.5264 -6.68738 -32.482 0 0 0 0 0 0 0 0 0 0 0 0 0 0 0 0 0 0 0 0 0 0 0 0 0 0
-21.2668 -34.0393 -42.0704 -9.1157 -24.3364 -13.7784 16.6055 -6.83464 -23.0459 34.4221 -13.7689 -5.79057 36.5192 5.19777 5.21416 11.2131 7.79485 13.0806 10.5538 12.3384 37.4717 6.47638 -17.8239 49.51 4.22861 -32.568 23.0109 -3.86561 -17.3612 1.86155 -25.2249 -23.3493 -8.42783 -25.6496 -1.02255 -28.992 -26.9432 27.1933 -13.9453 -27.7609 12.171 5.093 -12.8967 -1.7482 15.3125 -1.79194 -0.58398 42.6125 19.6268 19.96 33.0804 25.5246 10.2394 7.66845 51.0915 17.5812 -1.24878 35.0989 29.3879 -23.7478 10.1019 20.8114 -20.2609 2.799 16.0107 7.94259 -20.2974 19.4782 -5.19908 -41.6955 -2.02323 -8.79345 -26.6462 -6.57456 -32.5656 0 0 0 0 0 0 0 0 0 0 0 0 0 0 0 0 0 0 0 0 0 0 0 0 0 0
-22.0467 -33.0069 -41.5709 -8.98831 -25.2767 -13.1591 15.7638 -6.24307 -21.8304 34.2363 -13.4096 -5.41451 36.2687 5.14243 6.26034 10.7387 8.12108 13.1294 9.0963 11.6733 37.5984 8.96683 -18.8539 48.6775 1.93457 -33.132 23.2395 -4.30177 -17.4633 1.88651 -24.8534 -22.9171 -10.0391 -24.1162 0.426605 -29.3282 -28.3685 27.6447 -13.3682 -28.5756 11.8726 5.03421 -12.9832 -0.865885 15.6027 -1.886 1.79496 42.7591 20.3364 20.6749 31.9702 25.5165 9.27837 7.17875 50.3386 16.7083 -3.42071 32.8613 29.0206 -24.3849 8.4139 19.3625 -20.1855 2.471 13.5525 8.09642 -21.0836 18.4607 -3.50559 -43.161 -2.21378 -7.61129 -28.8043 -5.93862 -31.9191 0 0 0 0 0 0 0 0 0 0 0 0 0 0 0 0 0 0 0 0 0 0 0 0 0 0
-21.6229 -32.9336 -41.7846 -8.59996 -25.4356 -13.2955 15.5396 -5.54471 -21.6973 34.3765 -12.6544 -5.68498 36.1761 5.67544 6.36269 10.6307 8.13598 13.3577 9.04889 11.9992 37.7814 8.58479 -18.3853 49.2256 2.36667 -32.9868 23.7742 -3.81015 -17.6128 2.1942 -24.2498 -23.3244 -9.79935 -23.8262 0.107614 -28.9874 -28.8285 27.151 -12.9667 -28.8074 11.3123 5.37801 -13.0552 -1.33442 15.8164 -2.23993 0.965185 43.115 20.1013 19.9652 32.8048 24.8625 9.48465 7.55416 49.8756 16.5553 -2.8298 32.7638 28.9581 -24.036 8.29971 19.1236 -20.431 2.3095 11.733 7.4213 -21.1686 17.7598 -3.73742 -43.8028 -2.10294 -8.57146 -29.1503 -5.89239 -32.6894 0 0 0 0 0 0 0 0 0 0 0 0 0 0 0 0 0 0 0 0 0 0 0 0 0 0
-20.8842 -32.0268 -41.9867 -8.46119 -23.9547 -13.3989 16.7966 -5.54354 -21.6798 34.4674 -12.1538 -4.29253 35.7493 6.61279 7.0937 10.2415 8.40276 14.3848 8.82018 10.7889 38.9612 10.2142 -20.0667 48.6349 4.3819 -33.5109 22.5021 -3.06662 -17.3965 1.9642 -23.7267 -23.2386 -9.56833 -23.9593 0.275832 -28.6469 -28.0177 27.2834 -12.332 -28.5217 11.2673 5.8419 -13.1597 -1.83592 16.2814 -1.87589 0.445523 43.3864 19.8374 20.0213 32.8518 25.0961 9.2979 7.8096 49.6585 17.4314 -2.8033 31.8697 28.8579 -23.9677 7.90617 18.0304 -20.0459 1.97819 11.7218 8.06241 -21.5397 17.1815 -3.28671 -43.8895 -3.07937 -7.73623 -30.2899 -5.78158 -32.5496 0 0 0 0 0 0 0 0 0 0 0 0 0 0 0 0 0 0 0 0 0 0 0 0 0 0
-20.8754 -31.5244 -43.0973 -7.90744 -24.7048 -14.458 18.1311 -7.38214 -22.5567 34.3607 -12.287 -3.50279 34.2247 7.12655 6.6241 8.83572 7.33157 14.3478 7.65643 10.007 38.9043 8.56673 -20.7562 48.9062 4.16623 -34.4463 22.6616 -3.25963 -18.6916 1.84342 -24.0554 -24.556 -9.42719 -24.4186 -1.1861 -28.6787 -26.8475 26.0317 -12.4728 -28.371 10.1781 5.75709 -13.8502 -3.65847 16.3912 -2.76164 -1.88096 43.6087 18.203 18.8306 33.8789 24.6655 8.685 8.91349 49.4883 17.3813 -0.491583 32.4275 28.9723 -22.1416 8.36173 18.1227 -19.1107 2.14573 10.1091 8.43662 -21.2333 16.4451 -2.70548 -43.8152 -3.23432 -8.26976 -29.7212 -5.40903 -32.8463 0 0 0 0 0 0 0 0 0 0 0 0 0 0 0 0 0 0 0 0 0 0 0 0 0 0
-19.8519 -31.2896 -43.8624 -8.52342 -22.1835 -15.3019 19.3096 -8.00244 -22.6685 33.8025 -12.7817 -2.34651 33.8251 6.98183 7.04342 8.34752 7.83155 14.3852 6.75842 8.43396 38.966 11.3007 -22.3677 46.6741 3.0741 -35.4573 21.3624 -4.61107 -19.1068 1.12409 -25.6718 -24.5008 -9.86976 -25.8202 -1.06434 -29.0417 -26.2248 26.1218 -12.7326 -28.1773 10.3201 5.49635 -14.0655 -3.96359 16.0724 -1.57084 -1.83999 42.5998 17.4467 20.1921 32.1132 24.8695 9.83117 7.52851 48.9726 20.0692 -2.03987 31.4288 29.254 -24.3019 7.8437 17.7688 -20.2698 2.70647 10.2902 7.61968 -20.9969 16.8979 -2.59388 -43.1835 -2.75428 -9.50462 -27.5769 -5.06885 -33.0655 0 0 0 0 0 0 0 0 0 0 0 0 0 0 0 0 0 0 0 0 0 0 0 0 0 0
-20.1268 -31.3379 -43.7733 -8.57334 -22.6549 -15.1752 18.939 -7.89376 -22.5767 33.6576 -12.6164 -2.40616 33.7741 7.17006 6.93391 8.33407 8.10255 14.3933 6.86197 8.75115 38.9799 11.559 -22.0163 46.73 2.89855 -35.2128 21.6241 -4.70587 -18.9393 1.29391 -25.4884 -24.6371 -10.0568 -25.8116 -1.04355 -29.0304 -26.0856 26.0054 -12.4948 -28.157 10.0638 5.59727 -14.0878 -4.21654 16.2339 -1.10383 -1.74239 42.4864 17.1699 20.6892 31.5755 24.9906 10.1016 7.21711 49.1032 20.4624 -2.1916 31.6221 29.7418 -24.4634 8.02115 18.253 -20.5374 2.86437 10.5443 7.28478 -20.8359 17.2097 -2.89842 -43.1574 -2.366 -9.58266 -27.6262 -4.97897 -33.1602 0 0 0 0 0 0 0 0 0 0 0 0 0 0 0 0 0 0 0 0 0 0 0 0 0 0
-20.3405 -31.06 -43.7669 -8.29367 -22.9484 -15.2146 19.0382 -7.94733 -22.7923 33.8352 -12.3185 -2.60316 33.7358 7.54904 6.55878 8.31232 8.23401 14.0965 6.91133 9.09127 38.6798 12.0157 -21.5391 46.6946 2.98825 -35.1038 21.9242 -4.49478 -19.1371 1.31217 -25.3259 -24.8692 -9.93111 -25.7276 -1.33769 -28.9796 -26.0537 25.7631 -12.5304 -28.0798 9.87492 5.6135 -13.9634 -4.3094 16.3154 -1.13686 -1.75871 42.6371 16.9608 20.8787 31.8628 24.5735 10.655 7.2886 48.8146 20.8382 -1.97936 31.5771 30.0199 -24.4777 7.8954 18.655 -20.6845 2.89581 10.1688 6.92713 -20.8556 17.1424 -2.91403 -43.4204 -2.1686 -9.54154 -28.134 -4.73725 -33.2815 0 0 0 0 0 0 0 0 0 0 0 0 0 0 0 0 0 0 0 0 0 0 0 0 0 0
-19.3323 -31.8272 -42.9319 -8.38626 -20.5487 -15.2343 20.5181 -9.24237 -22.2908 33.748 -12.9662 -1.01389 33.6284 7.29118 7.18457 8.0072 8.59823 13.8389 5.754 9.09884 38.3512 10.9756 -21.5701 46.1354 2.28846 -34.9593 21.1526 -5.06805 -18.8496 0.607548 -25.3996 -24.9424 -11.3039 -26.9778 -0.336013 -28.728 -24.2092 25.6334 -11.0982 -27.7649 9.31447 6.33029 -14.6463 -5.07599 17.9065 -0.0211636 -1.40161 43.0163 16.2675 21.5395 30.4514 25.4615 9.96449 7.17368 49.4676 20.7547 -1.99518 31.887 30.3727 -24.0293 8.22888 19.0375 -20.0134 4.55423 7.95776 6.70495 -19.6377 15.453 -1.32158 -42.4512 -3.41045 -8.34275 -27.2131 -5.65541 -32.1441 0 0 0 0 0 0 0 0 0 0 0 0 0 0 0 0 0 0 0 0 0 0 0 0 0 0
-17.5683 -32.168 -44.2462 -7.56503 -18.266 -17.5618 22.4588 -10.1882 -23.3076 34.0385 -13.792 -1.14888 33.7405 6.59082 6.71763 8.17767 7.68416 13.622 6.17924 9.42438 38.0669 7.02468 -21.0167 47.0367 1.42808 -34.7551 21.5632 -6.05845 -19.2197 0.638273 -27.2841 -24.495 -9.8788 -28.2943 -0.827375 -28.5251 -24.7415 25.8869 -12.293 -28.2529 10.5445 5.96458 -15.4955 -4.32774 17.3156 -0.431181 -1.26444 42.2349 15.3996 22.201 30.086 24.9388 11.1784 6.68885 48.3941 23.0221 -2.5281 31.0474 29.8904 -25.5585 7.74145 18.0807 -20.9743 4.55617 7.79585 6.10354 -19.8595 14.5098 -1.89571 -41.865 -5.04968 -9.46735 -26.2513 -6.43524 -33.0707 0 0 0 0 0 0 0 0 0 0 0 0 0 0 0 0 0 0 0 0 0 0 0 0 0 0
-16.5829 -30.7618 -45.6309 -7.77541 -17.5836 -18.2145 22.752 -10.6414 -21.9613 32.6723 -14.5106 0.873373 32.5545 5.90196 8.66469 6.81394 7.59946 14.6302 3.95405 9.20036 38.983 5.18936 -21.2399 47.9019 0.218642 -35.0054 22.3213 -6.21938 -19.4471 1.09513 -27.2142 -24.2772 -10.0496 -27.4919 -0.261575 -28.248 -23.5346 26.0497 -11.4788 -27.0626 10.3553 6.46779 -14.4511 -5.06007 17.2106 1.80965 -2.72027 41.3955 16.067 21.9463 29.871 25.3555 12.4141 5.78722 47.5511 26.0801 -3.75023 29.7891 30.7337 -26.9071 7.82224 16.8887 -22.0675 5.93996 6.40026 5.0221 -18.77 13.3257 -1.67227 -40.9798 -5.96228 -9.33514 -26.4242 -5.91705 -33.5713 0 0 0 0 0 0 0 0 0 0 0 0 0 0 0 0 0 0 0 0 0 0 0 0 0 0
-15.4628 -28.8195 -47.0545 -7.11413 -18.3806 -18.5024 22.3129 -8.08948 -21.5697 33.547 -14.3146 -0.10586 32.7696 4.57524 10.3798 6.72608 6.73783 13.3877 1.20028 8.41813 37.114 5.84541 -20.9025 47.6458 1.36234 -36.6326 23.2421 -4.34387 -22.8708 0.732047 -26.4243 -24.7841 -8.39874 -25.0874 -1.34293 -27.1985 -25.9257 25.4673 -11.5404 -26.7868 10.3883 7.02962 -12.9445 -4.87234 16.1663 2.4172 -4.35549 40.9465 17.6832 20.4521 31.4018 25.779 12.9844 6.31844 47.3073 27.6593 -3.17243 30.6635 29.2534 -27.3027 8.41929 16.1513 -21.8135 6.58835 6.56273 5.59428 -18.181 12.9642 -1.37028 -39.9139 -6.78941 -9.18269 -26.2938 -5.08086 -33.8207 0 0 0 0 0 0 0 0 0 0 0 0 0 0 0 0 0 0 0 0 0 0 0 0 0 0
-16.3813 -29.4063 -45.7288 -7.32576 -18.4567 -17.6032 22.0711 -8.41938 -21.5428 33.9423 -15.0025 -0.551623 33.4564 3.69128 10.2852 7.43898 6.55026 12.7642 1.57664 9.11008 36.3112 7.13533 -19.4561 48.2256 1.13539 -36.6225 25.294 -3.7984 -24.4263 1.80863 -25.8586 -26.0691 -7.41875 -24.092 -2.75694 -26.3374 -25.3545 24.1588 -10.8979 -25.7327 9.23185 7.80319 -11.5007 -5.6631 16.9291 3.81201 -4.77811 41.7265 18.6839 20.2258 32.083 25.7538 13.27 6.57566 45.8795 29.0603 -3.92611 27.7737 30.1112 -26.9305 7.00613 15.2522 -20.7087 5.59188 7.45795 7.22097 -19.3949 12.4687 0.042318 -40.2165 -8.48364 -6.88274 -27.6833 -6.18425 -32.0088 0 0 0 0 0 0 0 0 0 0 0 0 0 0 0 0 0 0 0 0 0 0 0 0 0 0
-16.3023 -29.3435 -45.7274 -7.26324 -18.4626 -17.57 22.1202 -8.37435 -21.4788 33.9807 -14.9366 -0.475003 33.4315 3.75055 10.3701 7.40956 6.45355 12.9656 1.62859 8.87787 36.5464 7.13522 -19.7816 48.2572 1.1619 -36.7694 25.1871 -3.76992 -24.3911 1.79771 -25.8414 -25.9242 -7.42088 -23.9886 -2.58195 -26.2938 -25.2043 24.3083 -10.8064 -25.7314 9.34653 7.86265 -11.6011 -5.6195 17.0293 3.89914 -4.67378 41.7065 18.6388 20.3537 31.924 25.9172 13.2219 6.52584 45.9022 29.1431 -4.04474 27.6038 30.271 -26.8911 7.08375 15.0572 -20.7206 5.6334 7.38546 7.24075 -19.3144 12.5967 0.0722122 -40.237 -8.17712 -7.07635 -27.4098 -5.99695 -32.0619 0 0 0 0 0 0 0 0 0 0 0 0 0 0 0 0 0 0 0 0 0 0 0 0 0 0
-16.2185 -29.1403 -45.767 -7.24962 -18.0479 -17.6706 22.256 -8.29584 -21.4938 33.9436 -14.8549 -0.393221 33.4165 3.86643 10.3937 7.39697 6.62127 12.9577 1.59543 9.08786 36.5291 7.14257 -19.5361 48.307 1.01362 -36.598 25.3335 -3.775 -24.3105 1.86735 -25.7907 -25.8758 -7.47724 -23.8749 -2.51212 -26.3172 -25.3191 24.361 -10.8214 -25.6928 9.39102 7.84408 -11.4342 -5.47674 16.9701 4.01381 -4.48953 41.6784 18.7795 20.5171 31.882 26.0784 13.3515 6.49923 46.0204 29.3046 -4.10429 27.703 30.3656 -26.9385 7.28645 15.0044 -20.7927 5.72895 7.508 7.20964 -19.1843 12.7252 -0.0727121 -40.153 -8.05197 -7.07324 -27.5156 -5.85561 -32.153 0 0 0 0 0 0 0 0 0 0 0 0 0 0 0 0 0 0 0 0 0 0 0 0 0 0
-16.2385 -29.4423 -46.1569 -7.75774 -18.4316 -17.8823 21.4739 -7.8229 -21.3992 33.481 -15.1067 -0.739925 33.1916 3.23353 10.6659 7.21487 6.14807 13.4613 1.66126 8.85432 37.0635 6.61979 -19.8331 48.9339 0.913521 -36.8107 25.7942 -3.69256 -24.4278 2.34259 -25.6224 -25.9897 -7.19994 -23.4734 -2.72781 -26.1385 -26.0824 24.208 -10.954 -26.0989 9.43595 7.86718 -11.7979 -5.56151 16.7047 3.73385 -4.95597 41.3696 18.3143 20.3187 32.0083 26.3099 13.3768 6.78489 45.9269 29.9343 -3.46406 28.0558 30.3762 -26.654 7.78419 14.7577 -20.6894 5.56497 7.92782 7.42268 -19.1786 12.7876 -0.599464 -39.9246 -8.28997 -7.34644 -27.4291 -6.13162 -32.4999 0 0 0 0 0 0 0 0 0 0 0 0 0 0 0 0 0 0 0 0 0 0 0 0 0 0
-16.7023 -28.1472 -44.8318 -7.81406 -16.0492 -17.1635 21.9046 -7.18555 -20.9428 33.5102 -14.488 -0.0666844 32.997 3.84079 11.3474 7.00169 7.18287 12.9481 0.296927 9.11991 36.2834 7.43754 -18.9525 48.294 0.641144 -36.7949 26.1875 -3.12873 -25.5972 2.05532 -25.0617 -26.3001 -7.54295 -22.0296 -3.01444 -26.3093 -26.0922 23.8749 -11.4379 -25.4191 9.34885 7.547 -10.2307 -4.26238 16.9573 4.18453 -2.33443 42.1596 19.7835 21.9191 31.9304 26.563 14.2058 6.61637 46.6899 29.4649 -4.4925 27.7807 31.6078 -26.6311 8.74665 14.2543 -22.1181 6.40984 5.79129 5.48326 -17.687 13.68 -1.31715 -40.7731 -4.49424 -7.87219 -28.2977 -4.10746 -33.0629 0 0 0 0 0 0 0 0 0 0 0 0 0 0 0 0 0 0 0 0 0 0 0 0 0 0
-16.7045 -28.207 -44.6351 -8.20012 -15.4363 -17.1606 21.5479 -6.59912 -20.7629 33.1745 -14.5555 -0.151093 32.7401 3.4151 11.8043 6.79978 7.27549 12.8662 -0.355847 9.29071 36.0556 6.96922 -18.5765 48.4194 1.57261 -36.5907 26.1131 -2.9008 -25.4809 2.07118 -25.0397 -26.4524 -6.99551 -22.6068 -3.41094 -26.1321 -25.9533 23.6741 -11.4587 -25.7413 9.27464 7.62679 -10.8409 -4.39399 17.396 3.97134 -1.90995 42.3069 19.1092 22.3465 31.4418 26.2444 14.0278 6.43055 46.5449 29.0029 -4.74342 27.5952 31.4184 -26.8175 8.46551 14.1521 -22.3779 6.49593 5.08615 5.0505 -17.5343 13.6617 -1.04631 -40.9497 -3.77087 -8.31884 -27.7223 -3.79243 -33.1078 0 0 0 0 0 0 0 0 0 0 0 0 0 0 0 0 0 0 0 0 0 0 0 0 0 0
-16.7789 -28.0064 -44.83 -8.18739 -15.1654 -17.4158 21.5667 -6.39024 -21.1161 33.277 -14.5155 -0.619131 32.6414 3.26988 11.5954 6.67263 6.96901 12.4996 -0.612636 9.11059 35.6365 6.36169 -18.7938 48.1132 2.27808 -36.6558 25.4502 -2.89695 -25.4468 1.60722 -25.3481 -26.0631 -6.63538 -23.292 -2.96433 -25.7432 -25.941 24.0856 -10.8815 -26.0034 9.56229 8.10839 -11.3621 -4.43481 17.7946 4.48378 -1.84323 42.0178 18.6375 22.7818 30.723 26.5423 14.1914 6.05303 46.6221 29.5321 -5.01461 27.5303 32.0487 -26.9534 8.50885 14.6542 -22.5525 6.44652 5.68831 4.90161 -17.5891 14.1398 -1.34228 -40.9271 -3.42248 -8.54947 -27.668 -3.52606 -33.3212 0 0 0 0 0 0 0 0 0 0 0 0 0 0 0 0 0 0 0 0 0 0 0 0 0 0
-17.2336 -27.2941 -45.1906 -8.22811 -16.8094 -17.0315 21.0389 -6.59124 -20.5943 32.7496 -13.3336 0.347759 32.6105 5.29995 11.0987 6.7293 9.50703 12.1274 -0.744966 9.91584 35.2338 8.63833 -17.6607 46.5075 1.51394 -35.9144 25.1967 -1.69505 -26.048 0.559871 -23.5538 -26.3169 -9.04112 -21.1505 -1.54719 -25.5989 -26.7341 23.6575 -8.93009 -26.1358 7.75056 8.79593 -10.7701 -5.89746 17.773 5.34525 -3.4439 41.8297 18.5428 21.8887 31.0261 25.8727 14.3648 5.86957 45.1317 30.6401 -5.25181 25.7316 32.5139 -26.9707 7.90621 13.9021 -22.8982 7.24274 3.64869 4.10135 -16.8538 12.8365 -0.251093 -40.7643 -3.69468 -7.89733 -27.7672 -3.1162 -32.79 0 0 0 0 0 0 0 0 0 0 0 0 0 0 0 0 0 0 0 0 0 0 0 0 0 0
-16.9558 -26.7693 -45.521 -8.30974 -16.4679 -17.1856 21.1224 -6.57964 -20.2226 32.3795 -13.4525 0.918526 32.1449 5.15126 11.7187 6.26491 9.41939 12.4219 -1.50195 9.82183 35.4296 7.97724 -17.6412 46.8958 1.52849 -35.9688 25.4449 -1.47468 -26.1059 0.781702 -23.2486 -26.3919 -9.00763 -20.7836 -1.52694 -25.4118 -26.2274 23.5916 -8.56933 -25.6477 7.57012 9.05313 -10.3368 -6.25225 17.8515 6.27391 -3.86874 41.5684 18.798 21.8319 30.8604 25.9779 14.7016 5.55044 44.6471 31.5562 -5.68191 25.1463 32.7119 -27.3484 8.00058 13.511 -23.1928 7.65629 3.39999 3.86401 -16.4705 12.623 -0.230897 -40.4481 -3.85001 -7.79075 -27.7949 -2.87783 -32.8419 0 0 0 0 0 0 0 0 0 0 0 0 0 0 0 0 0 0 0 0 0 0 0 0 0 0
-15.4414 -24.8427 -46.1701 -6.80156 -14.3062 -17.9204 23.3199 -7.05236 -20.2464 33.0614 -12.3029 1.94391 32.9066 7.10073 11.0391 7.01961 11.2605 12.0182 -0.777073 9.9367 34.916 9.92954 -17.6235 44.7781 0.148668 -35.8927 24.9143 -3.40792 -26.948 0.000390091 -25.5367 -26.1455 -8.79702 -22.6947 -1.18943 -24.9945 -26.31 23.8564 -7.66547 -25.2812 7.60606 9.7165 -9.72395 -6.24583 18.003 6.5919 -4.6412 41.9727 18.7328 21.7069 32.5867 25.939 15.9857 6.96946 43.8022 34.0187 -3.61555 27.6672 31.0933 -27.0871 9.43902 13.1867 -22.2232 8.49342 4.28801 5.20617 -15.785 12.2157 -0.124419 -38.9985 -5.62129 -6.67865 -28.423 -2.90396 -32.3996 0 0 0 0 0 0 0 0 0 0 0 0 0 0 0 0 0 0 0 0 0 0 0 0 0 0
-15.5218 -24.9397 -46.1404 -6.88262 -14.3007 -17.9292 23.2233 -6.99676 -20.2984 33.0341 -12.3634 1.83298 32.9179 6.99386 11.0262 7.03394 11.119 12.1952 -0.602459 9.72482 35.142 10.0041 -17.9503 44.7843 0.0800272 -36.0375 24.8267 -3.36029 -26.9492 -0.0507717 -25.4375 -26.1771 -8.97822 -22.5506 -1.18848 -25.1173 -26.1229 23.8231 -7.73017 -25.1518 7.52756 9.61255 -9.60263 -6.29649 17.9603 6.71641 -4.59385 41.9208 18.7618 21.7801 32.485 26.0979 16.0014 6.91799 43.8134 34.1545 -3.70819 27.5262 31.2702 -27.0788 9.60025 13.0488 -22.2813 8.74412 4.09898 5.1342 -15.5269 12.1305 -0.070707 -38.8364 -5.60328 -6.56228 -28.3195 -2.93058 -32.3119 0 0 0 0 0 0 0 0 0 0 0 0 0 0 0 0 0 0 0 0 0 0 0 0 0 0
-15.1011 -24.9325 -46.7043 -6.88736 -15.4048 -18.0025 22.5792 -6.02187 -20.0439 33.1016 -12.3866 1.44346 33.0437 6.43296 11.6304 7.24649 11.1082 12.1292 -1.04234 9.71252 34.8378 9.28538 -17.9599 44.7775 0.249911 -36.0013 24.3858 -3.10045 -26.6163 -0.391489 -25.0768 -26.1929 -9.57653 -22.3809 -1.18946 -25.7246 -24.8724 23.7986 -8.15084 -24.8357 7.35947 9.05665 -9.88529 -6.85362 17.796 6.8859 -4.98734 41.4226 18.1106 21.7389 32.0085 26.5838 15.973 6.82109 44.2297 34.4903 -3.25775 27.6024 32.6765 -26.4684 9.83984 14.1513 -22.3297 9.10596 4.19717 4.71951 -15.3397 11.7624 -0.338874 -38.338 -6.40942 -6.70442 -28.1916 -3.31469 -32.5489 0 0 0 0 0 0 0 0 0 0 0 0 0 0 0 0 0 0 0 0 0 0 0 0 0 0
-14.4951 -25.6549 -46.001 -6.68275 -12.3291 -19.0615 23.5072 -6.54235 -19.9585 32.28 -13.4261 2.06351 32.2747 5.31381 12.3949 6.51644 10.2065 12.6647 -1.9964 8.82432 35.2899 8.002 -18.9588 45.2513 1.17599 -36.4756 23.7316 -2.90147 -26.1138 -0.505779 -24.7844 -26.9033 -9.80763 -23.5164 -1.6642 -25.6953 -25.6645 23.0398 -7.69073 -25.3101 6.33308 9.24619 -9.89306 -6.94175 18.5509 5.74736 -4.17138 42.8036 16.0462 22.9908 33.6408 25.0809 17.6736 8.56055 42.3449 36.7537 -1.08855 29.16 31.665 -25.4769 9.84388 14.8839 -21.5262 9.6434 2.47991 4.35298 -14.7027 10.981 0.894106 -38.2242 -5.71739 -7.0243 -26.3579 -3.22119 -32.1149 0 0 0 0 0 0 0 0 0 0 0 0 0 0 0 0 0 0 0 0 0 0 0 0 0 0
-13.9898 -27.3612 -45.5623 -7.35785 -11.3928 -19.9656 22.8611 -5.76252 -19.9599 31.3398 -14.7666 1.28063 32.3589 2.99388 13.0065 7.26598 10.1731 12.5957 -2.62371 7.7108 34.477 8.64075 -19.406 44.8071 3.63578 -37.2044 23.0985 -1.84104 -27.1469 -0.947415 -24.2203 -27.8494 -8.85146 -23.6391 -3.0727 -25.4533 -25.7038 22.0961 -8.11352 -25.2801 5.85426 9.25633 -9.79546 -7.04594 18.9515 5.4579 -3.70141 43.3673 15.535 23.4473 33.9294 22.3982 18.5027 8.19833 39.5497 37.1984 -2.3177 25.8585 31.5072 -26.2736 8.07382 13.3169 -21.9519 7.7605 2.52948 4.58309 -16.8089 9.6314 0.125798 -39.35 -8.55445 -7.10829 -28.0079 -5.88183 -32.4152 0 0 0 0 0 0 0 0 0 0 0 0 0 0 0 0 0 0 0 0 0 0 0 0 0 0
-13.7893 -28.6378 -45.415 -7.79134 -12.2659 -19.9282 22.0791 -5.17478 -20.1492 31.3151 -14.3686 0.671738 32.5829 3.25104 12.5795 7.58574 10.7542 12.2944 -2.48072 7.59767 33.9927 9.50234 -19.3168 44.0065 3.79219 -37.329 22.667 -1.17196 -27.5812 -1.60816 -23.357 -28.472 -10.0054 -22.9644 -3.18455 -25.7939 -25.8043 21.3554 -7.72197 -25.0826 4.61361 9.13877 -9.29253 -7.83201 18.9195 6.22729 -3.69377 43.0275 14.8263 23.833 33.3513 22.6167 18.9586 7.89052 39.34 38.1958 -2.30632 26.2631 32.1261 -26.4993 9.22405 13.1842 -22.5669 8.18024 2.90662 4.13577 -16.1756 10.2458 -0.99605 -38.9188 -7.79824 -7.93654 -27.1179 -6.28956 -33.0981 0 0 0 0 0 0 0 0 0 0 0 0 0 0 0 0 0 0 0 0 0 0 0 0 0 0
-14.0021 -28.3181 -45.426 -7.87074 -12.4262 -19.6748 21.9331 -5.07334 -20.0548 31.3335 -14.0767 0.774261 32.391 3.59421 12.6244 7.27034 10.6611 12.5241 -2.4983 7.63653 34.3739 9.40306 -19.3562 44.2725 3.48691 -37.2988 22.9316 -1.33328 -27.4957 -1.34981 -23.4402 -28.4915 -9.93609 -23.0647 -3.15535 -25.6465 -26.0821 21.3189 -7.51538 -25.2994 4.53664 9.30213 -9.47892 -7.9574 18.9705 6.0588 -3.97951 43.0934 14.4623 23.7029 33.7011 22.1715 19.1664 8.15575 38.7311 38.6204 -1.89112 26.369 31.9916 -26.2943 9.01172 13.3391 -22.3941 8.33144 2.47199 4.07593 -16.0362 10.1256 -0.461897 -38.9652 -7.50028 -7.82507 -26.9074 -5.86893 -32.8549 0 0 0 0 0 0 0 0 0 0 0 0 0 0 0 0 0 0 0 0 0 0 0 0 0 0
-14.2942 -28.9695 -45.7249 -8.38807 -12.7118 -20.1542 21.4371 -5.44158 -20.3292 30.6163 -14.2527 0.677192 31.6631 3.54488 12.3349 6.52287 10.5414 12.2433 -3.21607 7.5392 34.1093 8.73913 -19.4176 44.0408 3.44232 -37.239 22.4479 -1.33677 -27.2746 -1.77519 -23.4266 -28.2237 -10.4102 -23.0301 -2.78937 -25.9594 -25.789 21.5812 -7.65138 -25.4104 4.6572 9.0315 -9.86515 -8.12713 18.7581 5.93879 -4.26375 42.7239 13.9378 23.6073 33.5521 21.6433 19.3967 7.95206 38.1168 39.0297 -1.88156 26.4918 31.9536 -26.5042 8.92263 13.468 -22.7751 8.18004 2.29752 3.56446 -16.1709 10.0283 -0.930988 -39.1324 -7.50401 -8.41345 -26.7561 -6.19688 -33.3019 0 0 0 0 0 0 0 0 0 0 0 0 0 0 0 0 0 0 0 0 0 0 0 0 0 0
-14.1607 -29.5973 -45.5423 -6.76927 -13.3521 -20.4002 23.2213 -7.129 -21.7386 32.5485 -13.8758 -0.151113 32.2356 4.60048 10.2613 6.68018 9.31544 10.6018 -2.15592 7.44544 32.9202 8.44312 -19.9686 43.0334 3.77984 -37.3484 20.9591 -1.10537 -26.8992 -3.03126 -22.9512 -28.6603 -12.0965 -24.0824 -2.3595 -25.8651 -28.8109 20.3297 -6.0983 -26.0835 2.79132 9.48179 -9.05142 -8.3484 18.4254 6.28351 -4.04395 42.6102 13.3624 24.1324 33.6718 23.2885 20.204 8.91744 35.5386 41.7265 -1.93608 26.9136 31.2325 -26.146 10.0894 12.2318 -21.7871 9.20653 2.41923 5.0445 -15.2836 8.99706 -0.241192 -37.5925 -9.70052 -6.58379 -26.8272 -7.57498 -32.0841 0 0 0 0 0 0 0 0 0 0 0 0 0 0 0 0 0 0 0 0 0 0 0 0 0 0
-14.2088 -29.5857 -45.4797 -6.92184 -13.2157 -20.3887 23.0366 -6.84158 -21.726 32.492 -14.0193 -0.339734 32.4302 4.28207 10.373 6.97364 9.48636 10.5545 -2.08043 7.58328 32.7812 8.46368 -19.8209 42.9776 3.71663 -37.2695 20.9758 -1.12478 -26.8969 -3.05643 -22.9764 -28.6074 -12.1173 -24.0731 -2.27797 -25.8336 -28.5829 20.3967 -6.00044 -25.8852 2.81152 9.53183 -8.87015 -8.35327 18.4765 6.47915 -4.06295 42.6546 13.4922 24.1443 33.7625 23.1127 20.3171 8.87443 35.578 41.7586 -1.89142 26.9767 31.3702 -26.1549 10.1818 12.3215 -21.8946 9.30681 2.37612 4.88788 -15.1668 9.07285 -0.32226 -37.5892 -9.51678 -6.57904 -26.8638 -7.50604 -32.1052 0 0 0 0 0 0 0 0 0 0 0 0 0 0 0 0 0 0 0 0 0 0 0 0 0 0
-14.6107 -30.2009 -45.7871 -8.4557 -14.2602 -20.1573 20.8659 -5.67905 -21.2526 31.4131 -14.3071 -1.05613 33.0611 3.3836 10.3563 8.29525 10.8395 11.0168 -0.781047 8.87214 33.2287 10.1538 -18.3309 43.5416 4.86041 -36.1366 21.9686 -0.65583 -26.1612 -2.07358 -22.3095 -29.304 -11.1107 -25.1661 -3.14907 -24.7932 -28.5764 19.5976 -4.85416 -25.718 1.96047 10.589 -8.67793 -9.6611 18.8385 8.03862 -5.55606 42.0653 14.0773 22.9099 33.3431 25.9664 19.5099 9.52654 36.6006 41.773 -1.34776 27.6864 31.1763 -25.4035 11.7144 11.5452 -20.7738 10.0931 2.99712 6.40366 -14.3747 7.43111 -0.319881 -35.5503 -12.8858 -4.49406 -28.0738 -9.82452 -30.8207 0 0 0 0 0 0 0 0 0 0 0 0 0 0 0 0 0 0 0 0 0 0 0 0 0 0
-14.565 -30.836 -45.7191 -8.871 -15.0014 -19.9224 20.1887 -5.59853 -20.9 31.2085 -14.8744 -1.27509 33.0725 2.40588 10.6962 8.50337 10.4728 11.1432 -0.841607 8.64425 33.253 9.75056 -18.6152 43.7648 4.35895 -36.4821 22.2673 -0.934115 -26.5837 -1.85548 -22.7254 -29.0402 -10.7448 -24.83 -2.83971 -24.4558 -28.4441 19.9382 -4.5896 -25.8558 2.30842 10.9071 -9.02315 -9.68066 19.0441 8.17361 -5.75755 41.9415 14.0766 22.7583 33.2908 25.9326 19.4772 9.44147 36.3092 41.845 -1.46315 27.8657 30.9389 -25.5439 11.5603 11.5705 -20.9909 10.5804 2.20427 5.92524 -14.0401 6.72967 -0.106433 -35.2627 -13.5341 -4.29966 -27.8235 -10.4172 -30.6303 0 0 0 0 0 0 0 0 0 0 0 0 0 0 0 0 0 0 0 0 0 0 0 0 0 0
-13.3755 -29.6773 -46.1358 -8.13075 -13.4658 -20.4854 21.2289 -5.12094 -20.464 31.0975 -14.2879 -0.228342 33.6361 3.232 11.2269 9.30349 11.9398 11.9235 -0.577304 8.55099 33.544 10.7862 -18.7777 42.9191 2.54101 -36.7465 22.6744 -0.581108 -28.2765 -2.20703 -21.9829 -28.9362 -12.0626 -22.085 -1.97456 -24.0831 -27.7071 19.6228 -3.52585 -24.9937 1.45748 11.2914 -8.0394 -10.4005 19.3655 8.96065 -6.55618 42.4211 15.0628 21.9367 33.8358 26.5867 18.6507 9.82767 37.959 40.7084 -0.649085 28.6944 30.9118 -24.8645 13.7149 10.4687 -20.8352 9.35206 2.99784 6.05867 -14.0878 5.85914 -3.40168 -35.7713 -14.111 -4.98398 -30.3993 -12.3155 -31.8168 0 0 0 0 0 0 0 0 0 0 0 0 0 0 0 0 0 0 0 0 0 0 0 0 0 0
-13.4075 -29.5602 -46.0655 -7.98421 -13.35 -20.4521 21.3851 -5.04274 -20.6134 31.3341 -14.1011 -0.368641 33.5957 3.4322 11.1207 9.14628 11.804 11.7517 -0.634878 8.60599 33.4451 10.6325 -18.7229 42.9335 2.49321 -36.7119 22.6642 -0.505614 -28.2651 -2.23999 -21.8678 -28.8853 -12.183 -21.8621 -1.93176 -24.2217 -27.4948 19.6938 -3.69703 -24.8379 1.53919 11.1433 -7.91235 -10.2935 19.3137 8.91986 -6.44951 42.4912 15.1057 22.0344 33.9368 26.6001 18.7421 9.91537 37.783 40.8429 -0.671606 28.8507 30.7094 -24.8687 13.9169 10.2478 -20.7656 9.39517 2.99272 6.15976 -13.9864 5.90634 -3.42685 -35.7825 -13.9469 -4.92024 -30.4738 -12.2209 -31.7701 0 0 0 0 0 0 0 0 0 0 0 0 0 0 0 0 0 0 0 0 0 0 0 0 0 0
-13.2253 -29.5659 -46.1962 -8.34533 -13.128 -20.6254 20.9789 -4.68115 -20.3195 30.9284 -14.6041 -0.50805 33.6201 2.46586 11.5416 9.43456 11.5303 12.3087 -0.339865 8.53467 34.0332 10.5946 -18.9012 43.5957 2.74917 -36.7464 23.0888 -0.619529 -27.9804 -1.65193 -21.9213 -29.3282 -11.6258 -22.4551 -2.72321 -24.3695 -26.824 19.4869 -4.21509 -25.0715 1.5023 10.9318 -8.70909 -10.5561 19.8317 8.78294 -5.86923 42.3203 14.1877 22.4734 32.8932 26.7767 18.7976 9.5218 37.6668 40.8889 -1.37691 29.0462 30.2082 -25.4427 12.6149 11.0758 -21.1474 9.5457 2.4142 5.48793 -14.2848 5.60109 -2.68265 -35.7976 -14.4652 -4.97111 -30.0125 -12.1526 -31.6669 0 0 0 0 0 0 0 0 0 0 0 0 0 0 0 0 0 0 0 0 0 0 0 0 0 0
-11.9641 -31.161 -46.4025 -8.50158 -15.5232 -20.1678 19.7992 -4.48225 -19.4261 30.8859 -14.6121 -0.38685 33.7351 2.21636 11.9558 10.0438 12.3926 11.6028 -1.64474 8.16543 31.9734 10.0853 -18.6304 42.2933 4.65638 -36.752 21.3982 -0.182501 -28.0906 -3.08895 -22.001 -29.4909 -11.753 -23.1324 -3.18834 -25.0444 -28.426 19.2631 -5.41532 -24.6054 2.1123 10.1429 -7.09025 -8.81062 18.0591 8.25348 -6.74878 42.1412 17.3493 20.9219 34.7375 23.8994 19.7069 9.66891 35.5665 41.5124 -0.963241 25.9329 31.8785 -25.0426 12.0948 10.9222 -21.3859 10.0269 1.32918 4.9891 -14.0785 4.67904 -2.18109 -35.255 -15.5003 -5.80572 -28.0184 -12.9411 -32.0777 0 0 0 0 0 0 0 0 0 0 0 0 0 0 0 0 0 0 0 0 0 0 0 0 0 0
-12.0783 -31.1683 -46.4621 -8.30651 -14.9141 -20.6609 20.3694 -4.95887 -19.858 30.7527 -14.6807 -0.244235 33.5978 2.45845 11.6517 9.73621 12.2172 11.6787 -1.43561 8.076 32.3458 10.2081 -18.906 42.2605 4.64603 -36.712 21.1345 -0.155148 -27.6971 -3.22934 -21.8022 -29.57 -12.2082 -23.4863 -3.13776 -25.1632 -28.4561 19.0498 -5.16102 -24.3833 1.69891 10.1023 -6.6971 -8.9489 18.0065 8.55031 -6.73744 42.1358 17.4313 21.0039 34.7392 23.7819 19.8966 9.61543 35.652 41.6284 -0.940073 25.746 32.2882 -25.0213 12.1481 11.155 -21.499 10.3163 1.29042 4.79059 -13.8558 4.56013 -2.18613 -35.0052 -15.6838 -5.59435 -28.085 -13.062 -31.9432 0 0 0 0 0 0 0 0 0 0 0 0 0 0 0 0 0 0 0 0 0 0 0 0 0 0
-11.9398 -31.1156 -46.5556 -8.2977 -14.8008 -20.7744 20.4053 -4.94206 -19.7923 30.6403 -14.7186 -0.128517 33.4627 2.39727 11.8061 9.61566 12.1908 11.7539 -1.65716 8.0016 32.356 10.036 -18.9359 42.3328 4.68696 -36.7538 21.163 -0.061351 -27.7434 -3.21278 -21.6836 -29.6374 -12.2464 -23.4098 -3.15848 -25.0995 -28.2935 18.9585 -4.9987 -24.2048 1.54298 10.1863 -6.50857 -9.12045 18.0466 8.86411 -6.85193 42.0903 17.4771 20.9792 34.7195 23.7259 19.9821 9.56608 35.3418 41.8456 -0.996499 25.6358 32.3303 -25.0891 12.218 11.0855 -21.554 10.4974 1.20407 4.7366 -13.7058 4.39966 -2.16529 -34.7941 -15.9128 -5.54296 -28.0147 -13.1694 -31.9153 0 0 0 0 0 0 0 0 0 0 0 0 0 0 0 0 0 0 0 0 0 0 0 0 0 0
-13.6879 -29.2653 -47.6135 -8.72772 -13.02 -22.0439 20.7118 -7.31577 -20.0507 28.4759 -15.7093 1.07096 33.7135 1.79829 11.051 11.1324 13.9424 11.2345 -2.2411 8.0524 29.7817 9.79796 -18.5613 40.1867 2.85745 -37.2114 20.3565 -1.18442 -29.6563 -4.57475 -22.8746 -29.7178 -13.4552 -22.6693 -2.98574 -25.7245 -28.9794 18.8767 -5.79611 -24.1039 1.80628 9.52305 -5.99836 -8.46371 16.9281 8.60768 -7.6582 41.476 18.9919 19.7434 35.1527 21.0728 21.134 9.78822 35.3811 40.8838 -1.07105 26.4253 30.6096 -25.1188 12.8254 9.52653 -21.3369 9.47187 1.0144 5.18659 -14.1861 3.21165 -3.46077 -35.4011 -17.1089 -5.14548 -31.1118 -13.991 -31.8738 0 0 0 0 0 0 0 0 0 0 0 0 0 0 0 0 0 0 0 0 0 0 0 0 0 0
-13.8446 -29.0377 -47.7162 -8.70034 -13.0189 -22.0421 20.7934 -7.61101 -20.0469 28.4186 -15.8258 1.19377 33.825 1.74337 10.9698 11.3027 13.9932 11.2485 -2.02676 8.15292 29.843 9.92087 -18.5289 40.1777 2.89662 -37.1072 20.3101 -1.26562 -29.46 -4.57274 -22.9686 -29.6945 -13.4173 -22.9755 -2.98599 -25.7376 -29.0125 18.9081 -5.76138 -24.0717 1.82133 9.51836 -5.93604 -8.46544 16.8252 8.7466 -7.74794 41.3298 19.0928 19.6856 35.0834 21.0116 21.2084 9.71463 35.6121 40.751 -1.12455 26.6426 30.5282 -25.1891 12.7317 9.65042 -21.4178 9.56467 0.955459 5.06802 -14.1486 3.04835 -3.45097 -35.294 -17.3557 -4.986 -31.3354 -14.0889 -31.745 0 0 0 0 0 0 0 0 0 0 0 0 0 0 0 0 0 0 0 0 0 0 0 0 0 0
-14.1065 -29.2149 -47.5558 -8.79941 -12.3824 -22.4619 20.7779 -7.49051 -20.4421 28.2459 -15.8684 0.78955 33.4755 1.63237 10.7781 10.8459 13.6781 11.1448 -2.20303 8.00734 29.9846 9.80276 -18.6591 40.2913 3.08618 -37.1679 20.2562 -1.11895 -29.3775 -4.57445 -22.7921 -29.8402 -13.4796 -23.0087 -3.17389 -25.8869 -28.3139 18.8226 -5.82949 -23.644 1.60171 9.38159 -5.63737 -8.69277 16.9836 9.0491 -7.47195 41.4608 18.8355 20.1021 34.9675 21.0504 21.3342 9.61043 36.0079 40.58 -1.26302 26.7716 30.5507 -25.3058 12.7647 9.73774 -21.5333 9.72 0.945291 4.9342 -14.0266 2.90167 -3.52286 -35.177 -17.5199 -4.64307 -31.6042 -14.3983 -31.4704 0 0 0 0 0 0 0 0 0 0 0 0 0 0 0 0 0 0 0 0 0 0 0 0 0 0
-14.2525 -30.9045 -46.7559 -9.07273 -11.265 -24.0622 20.4678 -8.18685 -20.2792 26.1018 -16.8226 1.32759 33.1886 -0.0264072 11.1812 11.8432 13.9053 12.4462 -2.25808 7.70469 30.269 8.9307 -19.4425 40.1812 4.43634 -36.7935 18.7432 -0.795212 -27.7217 -5.38305 -22.6253 -28.708 -13.8211 -23.6467 -2.18138 -26.4566 -27.6589 20.0382 -6.38754 -24.1187 2.58148 8.81588 -6.76942 -7.73776 17.6761 7.76822 -4.82661 42.0401 15.6541 23.0681 34.7214 19.0364 23.4873 9.50744 34.1569 42.6278 -1.32443 25.143 32.4778 -25.3995 13.5796 10.3342 -21.9813 10.4377 1.35159 4.40993 -13.2779 4.17553 -3.83897 -35.0655 -15.5348 -5.06949 -30.25 -13.7368 -31.7618 0 0 0 0 0 0 0 0 0 0 0 0 0 0 0 0 0 0 0 0 0 0 0 0 0 0
-14.0898 -30.7906 -47.0502 -9.42828 -11.6732 -23.8228 20.0055 -7.81598 -20.004 25.9805 -16.9412 1.29745 33.3789 -0.40921 11.3562 12.2048 13.7071 13.181 -1.59185 7.4684 31.2236 9.40505 -19.9597 40.5349 4.47517 -36.8826 18.8617 -0.877792 -27.3395 -5.04928 -22.4989 -29.0981 -13.8464 -24.2238 -2.66306 -26.5767 -28.0247 19.6093 -6.52628 -24.1001 2.23719 8.67455 -6.52994 -7.88906 17.3117 7.99184 -5.14922 41.7045 15.2421 23.0423 34.9415 17.9761 24.1665 9.68871 34.3104 42.3278 -0.95131 25.3376 32.3984 -25.1323 13.0609 10.6381 -21.8406 10.2411 1.22984 4.43272 -13.5717 3.99419 -3.54706 -35.1015 -15.9512 -5.27536 -30.0357 -13.7272 -31.8844 0 0 0 0 0 0 0 0 0 0 0 0 0 0 0 0 0 0 0 0 0 0 0 0 0 0
-12.686 -29.865 -47.0969 -7.465 -11.9591 -23.0876 22.0232 -9.70111 -18.8007 27.0169 -17.5343 3.18398 34.0372 -0.461893 12.5403 12.7 13.4606 13.2263 -1.05082 8.55122 31.6572 8.51089 -19.1494 41.5901 5.04349 -35.8589 19.5254 0.255725 -26.1218 -4.41965 -20.6098 -29.1788 -14.3989 -23.3737 -2.82402 -27.0695 -30.6811 18.6207 -7.41992 -25.0344 2.12893 8.09 -6.58571 -6.16304 16.6102 6.67042 -3.96786 41.7188 15.9584 23.5918 35.1874 17.1652 25.3892 9.9096 32.5152 44.1062 -1.15583 22.773 34.2209 -25.0412 12.0985 11.7016 -21.7459 10.6356 1.86961 4.44419 -13.5122 3.75213 -2.62629 -34.0104 -17.1534 -4.83975 -29.2227 -13.9583 -31.382 0 0 0 0 0 0 0 0 0 0 0 0 0 0 0 0 0 0 0 0 0 0 0 0 0 0
-13.7706 -29.4481 -46.0048 -8.37101 -11.0541 -22.4171 21.1458 -8.78119 -18.3462 26.289 -16.4931 3.64607 33.7597 0.526547 12.7308 12.6191 14.6949 13.9619 -2.05518 8.19115 30.9878 8.44919 -19.2519 40.6268 5.20275 -35.9281 18.5046 1.19554 -26.1455 -5.55205 -19.0345 -29.817 -16.4996 -22.9372 -3.0898 -27.9082 -30.79 17.1135 -7.25166 -23.6817 0.498025 7.40939 -4.95255 -5.74256 16.7388 6.50956 -3.07024 42.5934 16.9103 24.0536 36.0244 16.4329 26.5459 10.8473 32.0562 44.5939 -0.883383 20.8822 35.2186 -24.2895 12.8197 11.7168 -21.8156 12.4025 0.987663 4.01876 -11.9374 4.0804 -1.53604 -33.3623 -15.8744 -3.22768 -29.1132 -12.8419 -29.8744 0 0 0 0 0 0 0 0 0 0 0 0 0 0 0 0 0 0 0 0 0 0 0 0 0 0
-13.6723 -29.3606 -46.0922 -8.32685 -10.9572 -22.4996 21.1757 -8.79708 -18.2714 26.1716 -16.5252 3.74857 33.6305 0.474574 12.8799 12.5024 14.6661 14.0552 -2.26802 8.11781 30.98 8.23704 -19.3061 40.6723 5.24404 -35.9585 18.4981 1.29897 -26.1555 -5.56039 -18.8824 -29.8629 -16.585 -22.855 -3.10696 -27.9011 -30.6714 17.0236 -7.16027 -23.4818 0.379907 7.42853 -4.71549 -5.83182 16.7019 6.82547 -3.12974 42.5181 16.8873 24.1347 36.0141 16.1741 26.7564 10.8572 31.8022 44.7552 -0.942176 20.6818 35.2413 -24.3174 12.9133 11.6452 -21.8197 12.5556 0.962991 4.03484 -11.7998 3.94734 -1.51004 -33.1424 -16.0983 -3.16373 -29.0594 -12.9361 -29.8205 0 0 0 0 0 0 0 0 0 0 0 0 0 0 0 0 0 0 0 0 0 0 0 0 0 0
-12.289 -27.9903 -47.8203 -6.32243 -9.1309 -24.7613 23.0077 -8.98433 -19.5133 26.68 -16.3161 2.85394 33.2414 0.934648 12.1531 11.4887 14.1058 13.1885 -2.50542 7.8204 30.8231 8.41366 -19.4672 40.4321 6.21155 -35.9275 18.0388 1.79775 -26.0176 -5.88894 -18.5589 -29.7537 -16.5693 -23.2672 -2.74851 -26.8984 -31.3361 16.4411 -5.4121 -24.5232 -0.897882 8.49437 -5.88075 -7.97035 17.3406 6.9395 -4.88777 42.4572 14.2865 23.1581 36.2716 15.7192 25.596 11.2196 32.1122 43.6442 0.696484 21.5645 35.3837 -23.3602 13.6297 11.7781 -22.237 12.4038 -0.0978377 3.01405 -11.7197 3.80195 -2.87487 -33.5879 -15.4996 -5.5859 -28.5563 -11.998 -32.0171 0 0 0 0 0 0 0 0 0 0 0 0 0 0 0 0 0 0 0 0 0 0 0 0 0 0
-11.7587 -27.5561 -48.261 -5.96519 -8.61178 -25.2283 23.2138 -9.00046 -19.2744 26.2092 -16.4183 3.15472 32.6794 0.745759 12.6722 10.9499 13.9683 13.4925 -3.38836 7.47159 30.7618 7.60565 -19.716 40.5642 6.41758 -36.0438 18.0216 2.25509 -26.081 -5.92778 -17.9296 -29.9168 -16.8899 -22.9309 -2.80781 -26.7866 -30.9377 16.0113 -4.95803 -23.7919 -1.43597 8.63439 -4.99206 -8.39076 17.2318 8.21246 -5.0928 42.1158 14.0895 23.3268 36.2694 14.7388 26.2275 11.2507 31.0628 44.2186 0.5266 20.7969 35.4142 -23.451 14.0702 11.4728 -22.2538 12.9985 -0.253952 3.07281 -11.1724 3.24091 -2.86122 -32.7289 -16.4104 -5.51461 -28.2666 -12.3615 -31.9581 0 0 0 0 0 0 0 0 0 0 0 0 0 0 0 0 0 0 0 0 0 0 0 0 0 0
-13.8066 -26.3368 -48.3418 -5.79651 -8.93982 -24.9179 23.3602 -11.6983 -20.2162 26.978 -17.422 2.54013 33.1465 0.475593 10.6721 10.9601 12.8009 12.1265 -1.74616 7.24188 30.7865 9.73132 -19.7355 40.6012 7.36855 -36.5622 18.5655 3.03294 -27.0752 -5.5401 -17.7239 -29.6713 -15.6457 -21.4014 -2.402 -25.5922 -33.3348 15.7621 -5.50388 -25.7172 -0.28656 9.35716 -6.6023 -7.34998 17.0749 7.52589 -4.529 41.4793 14.9062 23.3361 34.964 14.6862 25.9234 9.9205 28.0974 45.6136 -1.30328 18.486 35.4133 -24.9448 14.4496 11.0554 -23.312 14.6472 -0.197648 2.21365 -9.65178 4.13615 -2.18746 -31.8333 -14.8276 -4.48103 -28.1248 -10.3553 -30.9585 0 0 0 0 0 0 0 0 0 0 0 0 0 0 0 0 0 0 0 0 0 0 0 0 0 0
-13.6608 -26.5255 -48.5962 -5.88329 -8.88453 -25.2793 23.2512 -11.4745 -20.3573 26.7181 -17.4864 2.3457 33.0491 0.249888 10.697 11.0189 12.8567 12.0712 -1.93808 7.28195 30.5506 9.53794 -19.599 40.6245 7.26355 -36.6099 18.7227 3.10823 -27.3217 -5.49009 -17.61 -29.8922 -15.6805 -21.2408 -2.60315 -25.5897 -32.8879 15.6191 -5.3889 -25.57 -0.659179 9.36746 -6.59817 -8.03082 17.1418 7.76296 -5.00203 41.3824 14.5604 22.9996 34.8457 15.2218 25.3565 9.80381 27.8191 45.7095 -1.12362 18.5016 35.5585 -24.9013 14.1798 11.2498 -23.2906 14.3616 -0.0500231 2.21442 -9.93483 4.29005 -2.19453 -32.0386 -14.6936 -4.97087 -27.765 -10.2092 -31.3548 0 0 0 0 0 0 0 0 0 0 0 0 0 0 0 0 0 0 0 0 0 0 0 0 0 0
-13.314 -26.1857 -48.9311 -5.57746 -8.47374 -25.6546 23.4067 -11.576 -20.223 26.3671 -17.6293 2.53491 32.647 0.0558052 11.0306 10.6285 12.6985 12.2446 -2.56776 6.9877 30.5086 8.9915 -19.7947 40.7462 7.50393 -36.7145 18.7212 3.51242 -27.3854 -5.50276 -17.1008 -30.0374 -15.881 -20.9364 -2.66937 -25.4835 -32.6078 15.265 -5.04397 -25.0792 -1.09419 9.51238 -6.00571 -8.40659 17.0881 8.70537 -5.14166 41.0819 14.4145 23.1256 34.7498 14.3816 25.7849 9.74095 26.9725 46.0733 -1.31222 17.9671 35.5666 -25.0508 14.4455 11.1472 -23.3723 14.8468 -0.0465212 2.17576 -9.51474 3.95432 -2.18085 -31.3533 -15.3342 -4.92527 -27.5285 -10.4128 -31.2927 0 0 0 0 0 0 0 0 0 0 0 0 0 0 0 0 0 0 0 0 0 0 0 0 0 0
-15.0663 -24.5021 -48.4762 -5.91083 -7.30014 -25.3824 23.064 -11.5191 -20.9536 26.6786 -17.0174 1.83443 33.0594 0.892734 9.73862 10.9791 13.354 11.4703 -1.70293 7.58853 30.068 10.1275 -19.2233 39.899 10.1809 -35.3165 17.2893 4.82294 -25.7267 -6.52218 -15.5544 -30.0319 -16.6728 -21.8704 -3.10051 -25.8493 -31.7032 14.6479 -4.41247 -23.8786 -2.26894 9.28614 -4.78253 -9.15028 17.183 9.87819 -4.78718 41.0067 13.133 23.7816 34.7752 12.786 26.5087 9.7781 24.9586 47.0053 -1.34914 16.7012 35.9185 -25.077 15.0979 11.3701 -23.4555 16.0276 0.213731 2.08968 -8.4677 2.98687 -2.29606 -29.6675 -17.0358 -2.81736 -29.3969 -11.4659 -29.0839 0 0 0 0 0 0 0 0 0 0 0 0 0 0 0 0 0 0 0 0 0 0 0 0 0 0
-17.0612 -21.8502 -48.3481 -7.50907 -5.65934 -24.7217 21.6539 -9.40573 -21.4173 26.0833 -16.4465 0.717006 32.6404 0.878584 9.62894 10.8641 13.8674 11.2155 -2.52671 7.7547 29.1662 9.30999 -18.9113 39.3711 11.081 -34.6809 16.6707 4.14002 -25.9307 -6.98694 -16.6659 -30.8965 -15.7447 -23.7211 -4.61727 -26.0754 -32.2722 14.3799 -5.25142 -24.781 -2.2285 8.98261 -5.84863 -9.08812 17.2713 8.12588 -5.01669 41.5391 12.1911 23.4616 35.4251 12.0542 26.2766 10.4368 25.1235 46.2483 -0.578254 18.36 34.3089 -24.3029 17.2209 9.79993 -22.0241 16.2161 -0.589274 3.7548 -7.77429 1.36134 -2.74209 -29.2187 -18.319 -1.7534 -31.4732 -11.8138 -27.5637 0 0 0 0 0 0 0 0 0 0 0 0 0 0 0 0 0 0 0 0 0 0 0 0 0 0
-16.8707 -22.2044 -48.0332 -7.57389 -5.91559 -24.3739 21.6435 -9.19551 -21.0878 26.1811 -16.4378 0.9581 32.6232 0.840253 10.041 10.8261 13.8146 11.4348 -2.76478 7.62072 29.2042 8.84007 -19.1895 39.2925 11.0917 -34.649 16.4296 4.11198 -25.7791 -7.17153 -16.6309 -30.8674 -16.0069 -23.9048 -4.57887 -26.1568 -32.1121 14.3646 -5.15005 -24.6528 -2.39519 8.92064 -5.7895 -9.13842 17.4539 7.90404 -4.87723 41.8462 11.672 23.643 35.7446 11.4481 26.4743 10.7589 24.6308 46.3449 -0.302704 17.9177 34.312 -23.9942 17.0283 9.79688 -21.685 16.0383 -0.567388 4.10445 -7.95844 1.50162 -2.33074 -29.4246 -18.1643 -1.58994 -31.2818 -11.762 -27.4542 0 0 0 0 0 0 0 0 0 0 0 0 0 0 0 0 0 0 0 0 0 0 0 0 0 0
-17.2463 -21.2429 -49.3529 -9.35426 -7.84235 -23.749 19.8531 -7.38581 -20.9723 25.9898 -16.0497 0.0193911 32.9441 0.61275 9.78774 11.4445 13.8606 12.2899 -2.6562 6.13959 28.918 9.25302 -20.9914 37.5838 13.4472 -34.4107 13.9087 5.27477 -25.2545 -9.15622 -15.8372 -30.3279 -17.0087 -23.5272 -4.04767 -26.8558 -34.0254 13.757 -6.03036 -25.2317 -2.13047 8.18967 -5.71914 -8.09911 15.6436 7.87746 -6.66813 40.2541 14.1732 21.5736 36.0817 9.87432 27.5886 12.6616 23.4728 46.6167 0.730287 16.3219 33.7896 -22.3851 18.0425 9.45462 -20.1234 15.9237 -1.3736 5.37529 -7.75857 1.19378 -1.9068 -29.3824 -18.2297 -2.73452 -30.5194 -10.4813 -28.2217 0 0 0 0 0 0 0 0 0 0 0 0 0 0 0 0 0 0 0 0 0 0 0 0 0 0
-17.1947 -20.9528 -49.5101 -9.31232 -7.48575 -23.9382 19.8757 -7.37523 -20.9588 25.7615 -16.0749 0.0882212 32.6975 0.550824 9.93154 11.1997 13.8062 12.4102 -3.04725 5.92198 28.8329 8.93124 -21.1704 37.5235 13.6649 -34.3821 13.8404 5.58193 -25.2756 -9.27541 -15.4768 -30.4158 -17.2258 -23.3182 -4.09921 -26.8502 -33.929 13.4626 -5.87838 -24.9163 -2.41609 8.21136 -5.31189 -8.24463 15.5309 8.44502 -6.70722 40.0448 14.0128 21.7081 36.0946 9.34553 27.835 12.7777 22.9129 46.758 0.647813 15.8501 33.6338 -22.3249 18.3324 9.38211 -20.0074 16.2185 -1.4926 5.47188 -7.4584 0.874664 -1.89206 -28.9254 -18.7193 -2.75272 -30.3992 -10.6466 -28.1171 0 0 0 0 0 0 0 0 0 0 0 0 0 0 0 0 0 0 0 0 0 0 0 0 0 0
-16.2093 -20.1807 -48.4981 -9.29086 -6.67371 -22.6888 19.7543 -4.65059 -19.6186 26.6084 -15.3543 -0.00353935 33.4144 0.197787 11.3837 12.5981 14.5444 12.8773 -3.14406 6.99026 27.8992 7.61279 -20.0991 37.9105 12.2467 -34.4319 14.9058 5.61997 -25.7217 -8.76348 -14.9946 -30.774 -17.7788 -23.0176 -4.15566 -26.288 -34.0895 12.2959 -4.70636 -24.5577 -3.77307 8.79033 -4.9912 -8.6713 16.7735 8.5567 -4.54229 40.9621 11.5579 23.8209 35.3703 7.87117 28.0437 11.5637 22.612 45.2015 -1.55635 14.9646 31.035 -23.6587 16.8772 6.93872 -20.0145 15.8257 -2.35912 6.06967 -7.92674 1.68965 0.161795 -30.1445 -16.7392 -2.49897 -29.2717 -8.56436 -27.7492 0 0 0 0 0 0 0 0 0 0 0 0 0 0 0 0 0 0 0 0 0 0 0 0 0 0
-15.2072 -17.6597 -48.3268 -8.65287 -8.31158 -21.007 19.8386 -3.22658 -17.8712 27.8054 -13.3544 1.58807 33.4009 2.61407 12.9863 11.7498 15.6066 14.0115 -4.31838 6.10508 27.2384 7.78438 -20.4822 36.9468 10.1484 -35.6412 14.2575 5.07535 -26.6074 -9.61945 -15.3285 -30.4839 -19.5287 -22.3088 -3.24548 -26.697 -35.0013 11.8669 -5.13063 -25.2321 -4.17008 8.23096 -5.83975 -8.3635 16.9411 6.61943 -3.7761 41.5946 11.1256 24.1413 35.127 7.0852 27.9515 11.3145 19.1671 46.963 -1.56349 16.0114 31.4807 -23.3818 19.1883 7.90774 -18.1479 15.6273 -0.34721 7.92371 -7.31412 2.53541 -0.570251 -29.5018 -16.0128 -2.37509 -29.6057 -7.8866 -27.6369 0 0 0 0 0 0 0 0 0 0 0 0 0 0 0 0 0 0 0 0 0 0 0 0 0 0
-14.9793 -16.8202 -48.5611 -8.59455 -7.57168 -21.1682 19.94 -3.03305 -17.6742 27.4575 -13.2726 1.89913 32.8927 2.62499 13.4699 11.1973 15.5515 14.372 -5.13353 5.66734 26.9576 7.0571 -20.8292 36.8016 10.4894 -35.6698 14.0658 5.63337 -26.6122 -9.84628 -14.6217 -30.6097 -20.0044 -21.9861 -3.35487 -26.6822 -34.8524 11.1943 -4.84301 -24.5856 -4.74155 8.25151 -5.03862 -8.5379 16.7841 7.55307 -3.671 41.3141 10.6033 24.4769 35.1801 5.9402 28.3923 11.5076 18.082 47.0978 -1.74737 14.9908 31.1357 -23.2183 19.7637 7.91961 -17.8597 16.2042 -0.59017 8.12866 -6.73409 1.9941 -0.463346 -28.6466 -16.8576 -2.42498 -29.3254 -8.03447 -27.4252 0 0 0 0 0 0 0 0 0 0 0 0 0 0 0 0 0 0 0 0 0 0 0 0 0 0
-14.8864 -16.9244 -49.5881 -8.60389 -5.90757 -22.9011 19.9922 -3.09095 -18.676 26.2686 -12.9777 1.45751 33.3925 2.68699 12.2518 12.4524 16.1228 15.7325 -4.03018 5.37837 27.303 8.36073 -21.349 36.1714 10.3576 -35.9632 13.1672 5.31791 -26.3023 -10.459 -15.2674 -29.3849 -20.2093 -21.4717 -1.87313 -26.9062 -33.7459 13.1953 -5.09249 -24.828 -3.50682 7.94308 -5.72089 -8.85842 16.4852 7.06647 -5.22687 41.0958 11.442 22.8523 35.6757 4.59375 28.2145 13.0056 15.7196 47.5219 -0.225393 11.2106 32.4265 -22.0036 17.9598 9.4988 -18.6532 16.5158 -0.960638 6.64995 -6.97399 1.42227 -0.0918865 -28.1621 -17.999 -3.36358 -28.5382 -8.21035 -27.9846 0 0 0 0 0 0 0 0 0 0 0 0 0 0 0 0 0 0 0 0 0 0 0 0 0 0
-14.2223 -14.8843 -50.0804 -8.21702 -3.80925 -23.3552 20.2988 -2.29041 -18.289 25.5408 -12.6205 1.88632 32.0617 2.79466 13.3588 10.8032 15.764 16.6191 -6.03152 4.17683 26.6205 6.57771 -22.3824 35.6781 11.1463 -36.0133 12.6022 6.72057 -26.1161 -11.04 -13.4429 -29.4465 -21.5228 -20.5574 -1.93083 -27.0229 -33.3375 11.723 -4.63538 -23.2012 -4.68728 7.79156 -3.74848 -8.95619 16.0803 9.08081 -4.71958 40.5643 10.4651 23.635 35.9369 2.01228 28.8451 13.8449 12.5245 47.6031 -0.550164 8.65644 31.0512 -21.2851 18.7965 9.74589 -17.881 17.7374 -1.5549 7.05724 -5.78498 -0.0397088 0.235155 -25.966 -20.2716 -3.96957 -27.7004 -8.77527 -27.6626 0 0 0 0 0 0 0 0 0 0 0 0 0 0 0 0 0 0 0 0 0 0 0 0 0 0
-16.0733 -15.2409 -49.5221 -9.55837 -5.63422 -22.3993 18.9754 -2.94673 -18.2035 25.2548 -13.0954 1.73748 32.4026 2.4091 12.6736 11.4693 15.7228 16.5128 -4.44377 5.1224 28.5941 7.59619 -22.0671 36.321 9.01423 -35.7192 13.0655 6.59217 -25.027 -10.4214 -12.4378 -28.1137 -22.7194 -20.4918 -0.630323 -26.4103 -35.645 10.3294 -4.31383 -25.0717 -6.09423 7.71077 -5.66537 -9.84264 16.3303 6.61097 -5.30567 41.0339 9.0195 22.8267 35.6976 1.37102 27.6512 13.2486 11.0698 47.2958 -0.450863 7.96191 31.3301 -21.7365 17.1963 9.64826 -18.2746 17.6716 -0.714753 7.01901 -6.08517 -0.654172 1.12713 -24.9386 -22.0568 -3.07159 -28.3443 -10.0608 -26.2607 0 0 0 0 0 0 0 0 0 0 0 0 0 0 0 0 0 0 0 0 0 0 0 0 0 0
-18.3896 -13.1569 -48.9712 -10.4896 -8.4704 -21.4088 17.9218 -4.2336 -18.1645 25.2685 -13.4805 1.80137 31.7315 2.64954 12.1922 10.2145 14.9481 16.0123 -3.36476 6.11402 31.2063 7.90612 -21.6106 38.0289 9.35801 -34.3846 14.3026 6.24448 -22.9772 -8.73679 -11.8798 -27.5798 -21.7596 -21.147 -0.81429 -26.9778 -34.2969 11.8916 -4.69482 -25.2207 -5.32191 7.32899 -6.40004 -10.4974 16.3516 5.89587 -6.38188 41.1155 8.14846 21.8562 36.3295 0.48579 27.0719 13.9767 9.10849 47.7267 1.18267 7.14238 32.5035 -20.7215 16.9087 10.9973 -17.7339 17.8708 0.209735 7.35853 -5.94623 -0.0628132 1.73803 -24.49 -21.7265 -2.48112 -29.2603 -8.91159 -24.9121 0 0 0 0 0 0 0 0 0 0 0 0 0 0 0 0 0 0 0 0 0 0 0 0 0 0
-18.3383 -12.234 -49.0399 -10.6343 -7.47204 -21.4358 17.8333 -4.01047 -17.8862 24.6983 -13.3851 2.1848 31.0673 2.65664 12.7661 9.51195 14.9058 16.5272 -4.47 5.56997 31.009 7.08943 -22.0155 37.9048 9.77664 -34.3867 14.1086 6.98816 -22.7889 -8.87405 -10.8228 -27.455 -22.2906 -20.6145 -0.791281 -26.9942 -34.1993 11.1275 -4.55649 -24.5611 -5.93086 7.23234 -5.58399 -10.6077 16.1838 6.66637 -6.22381 40.9227 7.39942 22.1188 36.5602 -1.02435 27.2553 14.4793 7.45188 47.6161 1.14343 5.72766 31.7689 -20.3194 17.0712 11.1328 -17.3112 18.3233 0.147355 7.67973 -5.46561 -0.734678 2.03609 -23.2754 -22.832 -2.89116 -28.8344 -9.28141 -24.6629 0 0 0 0 0 0 0 0 0 0 0 0 0 0 0 0 0 0 0 0 0 0 0 0 0 0
-18.4109 -13.9981 -48.9004 -11.0003 -5.99327 -22.1866 17.4936 -3.38879 -18.2598 23.6439 -11.7039 2.44891 30.3759 4.70257 12.1626 8.94208 16.5076 17.417 -5.2829 5.56795 30.2639 7.92858 -21.0522 37.6814 11.4679 -33.6321 14.1247 8.33286 -22.5744 -9.06865 -9.67391 -27.5424 -22.0996 -20.0712 -1.06351 -26.4829 -33.9713 10.2386 -3.93046 -24.54 -7.16591 7.50209 -5.81002 -12.034 16.8491 6.16238 -7.34744 41.6649 6.38379 20.9864 37.2215 2.36296 25.8209 14.3044 5.63607 47.9906 3.01171 7.31639 34.6043 -19.6522 16.6687 13.0332 -17.3013 18.5242 1.85077 7.55596 -5.21052 -0.000630185 2.00386 -22.2307 -22.8017 -2.32088 -28.2455 -10.0348 -24.4213 0 0 0 0 0 0 0 0 0 0 0 0 0 0 0 0 0 0 0 0 0 0 0 0 0 0
-17.4959 -15.1081 -49.7075 -10.6913 -5.19382 -23.5601 17.7019 -3.09142 -18.8093 23.0491 -11.1486 2.20265 30.776 5.00563 11.5289 10.088 17.0755 18.5305 -4.07615 5.72478 31.0741 9.02288 -21.2322 37.2624 12.2742 -32.8398 13.1978 9.24167 -20.7673 -9.46876 -8.56537 -25.3239 -22.904 -18.7307 1.30673 -26.8624 -33.5859 11.9128 -4.61584 -24.1599 -5.48684 6.82849 -5.40611 -10.3848 16.1117 6.3002 -6.53214 41.1799 5.35548 21.9178 38.2293 -0.490841 27.6679 16.03 6.20535 47.6492 3.12512 4.87277 32.8795 -18.4033 16.1743 12.3139 -17.0518 17.7397 -0.743209 6.79818 -6.11302 -0.279972 2.06739 -24.9911 -21.11 -3.35959 -27.6131 -8.65912 -26.0261 0 0 0 0 0 0 0 0 0 0 0 0 0 0 0 0 0 0 0 0 0 0 0 0 0 0
-17.3925 -14.0837 -49.8537 -10.6827 -3.8714 -23.7986 17.671 -2.52971 -18.6333 22.497 -10.7804 2.42222 29.958 5.29201 12.0898 9.07634 16.9896 19.1356 -5.30007 5.09053 30.8627 8.1592 -21.6687 37.1216 12.8768 -32.6222 13.0467 10.2516 -20.2375 -9.49581 -7.09586 -24.8648 -23.4778 -17.9665 1.55058 -26.849 -33.3691 11.1108 -4.53226 -23.3249 -6.09218 6.65951 -4.44264 -10.4194 15.9474 7.12105 -6.24241 41.0273 4.30361 22.0649 38.583 -2.34749 27.7357 16.6069 4.22907 47.426 3.21527 3.33576 32.0454 -17.8865 16.1757 12.4943 -16.4777 18.1901 -0.73617 7.2374 -5.64458 -1.082 2.47549 -23.6348 -22.4244 -3.75928 -27.1476 -9.06178 -25.7287 0 0 0 0 0 0 0 0 0 0 0 0 0 0 0 0 0 0 0 0 0 0 0 0 0 0
-16.7482 -14.0854 -50.5006 -9.98048 -3.18405 -24.7525 18.3481 -2.37909 -19.3745 22.8352 -10.4619 1.81684 30.6911 5.52274 11.3054 10.1494 17.0991 19.3886 -4.14177 4.82501 30.8195 9.12785 -22.2882 35.5964 14.7294 -31.4685 11.0599 10.4189 -18.5935 -10.8633 -6.9576 -24.0297 -24.4853 -18.9215 1.88005 -27.8625 -34.3706 10.9702 -5.38756 -23.6717 -5.88297 5.70427 -4.85875 -9.36604 15.4287 5.93299 -4.62773 40.7328 1.35206 23.3968 38.3532 -4.54331 28.9067 16.1366 2.88634 48.2273 2.68535 1.64997 32.7407 -18.318 15.9677 14.318 -17.9674 19.2939 0.174147 4.99511 -4.74041 0.0633285 1.66625 -23.1841 -20.9798 -4.21772 -26.2187 -8.06769 -26.5132 0 0 0 0 0 0 0 0 0 0 0 0 0 0 0 0 0 0 0 0 0 0 0 0 0 0
-16.4522 -12.4271 -50.7735 -9.76935 -1.07989 -25.201 18.4171 -1.29824 -19.1933 22.1446 -9.77876 1.97252 29.5067 6.05327 12.0608 8.61084 16.8904 20.2189 -5.8784 3.8045 30.3132 7.96853 -23.0211 35.0307 15.7656 -30.882 10.7724 11.9444 -17.6112 -10.9954 -4.77512 -23.1191 -25.355 -17.7646 2.34683 -27.9555 -34.2007 9.7033 -5.63595 -22.5199 -6.54241 5.30958 -3.64211 -8.91965 15.1764 6.58527 -3.83815 40.6387 -0.389591 23.6154 38.8213 -7.26822 28.8506 16.8471 -0.197824 47.7927 2.70897 -0.424478 31.4 -17.5734 15.7484 14.7851 -17.1419 19.8767 0.42337 5.53659 -4.06394 -1.03562 2.12705 -21.0982 -22.7448 -5.08155 -25.4545 -8.58649 -26.2727 0 0 0 0 0 0 0 0 0 0 0 0 0 0 0 0 0 0 0 0 0 0 0 0 0 0
-14.9445 -10.1478 -51.5973 -9.65409 -2.34615 -24.7216 18.1909 -0.473116 -17.8949 22.0959 -9.36311 3.06409 28.9973 6.39829 13.5613 7.81765 16.333 22.0669 -6.77355 2.39348 30.5905 7.39511 -24.4312 33.9652 14.9826 -31.1265 9.32557 11.1791 -16.7607 -11.6971 -5.28123 -21.7213 -26.5275 -18.2411 3.81263 -28.4084 -35.1934 10.2744 -6.2227 -23.817 -6.45383 4.28423 -5.24492 -9.29951 14.5732 4.47873 -4.58157 40.2926 -2.9944 22.7587 38.938 -7.55845 28.9339 16.7493 3.0764 46.3136 3.41774 1.67203 30.2834 -17.0675 17.0949 13.0058 -17.2567 20.4855 -2.35947 4.83714 -3.46031 -2.58892 1.38208 -21.3809 -23.0799 -6.92014 -24.9537 -7.74982 -27.3698 0 0 0 0 0 0 0 0 0 0 0 0 0 0 0 0 0 0 0 0 0 0 0 0 0 0
-14.4491 -8.43759 -51.7939 -9.49395 -0.279348 -24.9646 18.2146 0.760895 -17.5142 21.4328 -8.61472 3.33246 27.6664 6.95313 14.4738 6.06887 15.9166 22.9418 -8.52871 1.22943 29.8663 6.2562 -25.2607 33.165 15.7974 -30.5831 8.99423 12.4825 -15.7433 -11.7677 -3.28903 -20.6168 -27.3236 -17.2313 4.40331 -28.4712 -35.0365 9.13223 -6.60531 -22.7862 -6.97569 3.83317 -4.27558 -8.7945 14.4064 4.71858 -3.78291 40.3222 -4.93733 22.7769 39.311 -10.2154 28.7231 17.2314 0.152444 45.7687 3.29269 -0.0481907 28.7003 -16.3005 17.0747 13.3149 -16.2877 21.1519 -2.49668 5.35061 -2.68592 -3.91557 1.6553 -19.285 -24.7283 -8.19406 -23.9865 -8.23247 -27.3637 0 0 0 0 0 0 0 0 0 0 0 0 0 0 0 0 0 0 0 0 0 0 0 0 0 0
-13.2727 -6.67234 -51.9665 -9.14272 -0.604419 -24.5503 18.1025 3.00088 -16.6716 21.6928 -5.62513 4.41833 27.4071 10.4561 15.0629 6.23384 17.2243 25.7595 -8.06082 1.56954 30.3033 7.6466 -24.3977 33.2974 14.9868 -30.6764 8.71371 10.915 -16.0753 -12.0676 -4.11777 -22.0484 -27.91 -19.5304 1.98626 -29.6464 -36.6702 6.87551 -7.30508 -23.1244 -7.91512 3.31564 -4.74985 -7.94891 14.1258 3.30724 -3.54424 40.4302 -6.57801 22.9387 39.7707 -10.1515 29.8035 17.7008 2.34585 46.0334 4.79867 0.974796 29.9678 -15.5088 17.2565 13.7995 -16.521 22.1483 -2.02692 4.92053 -1.71891 -3.93998 1.74344 -18.0028 -24.5315 -9.00705 -22.7797 -7.38008 -27.5509 0 0 0 0 0 0 0 0 0 0 0 0 0 0 0 0 0 0 0 0 0 0 0 0 0 0
-12.5512 -4.93295 -52.0736 -9.00317 1.60246 -24.6936 18.0869 4.69449 -16.138 21.1414 -4.59549 4.73482 25.9264 11.2179 16.1407 4.25429 16.7324 26.4596 -9.66124 0.48038 29.5862 6.75175 -25.0251 32.6447 15.6484 -30.1709 8.3916 12.0139 -15.1172 -12.1352 -2.26224 -20.9808 -28.6697 -18.7475 2.32517 -29.7752 -36.5879 5.38219 -7.74706 -22.1412 -8.42241 2.92953 -4.07756 -7.18885 14.1024 3.11454 -2.72686 40.6317 -8.51158 22.9718 40.1456 -12.6595 29.6491 18.127 -0.365345 45.5802 4.68489 -0.526488 28.4157 -14.6575 17.2593 14.1042 -15.4435 22.7834 -2.10163 5.5385 -0.848295 -5.26095 1.91247 -15.6952 -25.8595 -10.5396 -21.5468 -7.75667 -27.7145 0 0 0 0 0 0 0 0 0 0 0 0 0 0 0 0 0 0 0 0 0 0 0 0 0 0
-12.1656 -1.89501 -52.2427 -8.22072 2.46562 -24.5765 18.8882 6.04596 -16.2936 22.7054 -4.38317 3.84466 26.0854 10.8079 16.3832 3.50591 16.0494 24.293 -9.53275 -0.250902 29.4743 7.80431 -25.1152 32.5071 16.9526 -29.8408 8.26703 11.3522 -16.0739 -12.5815 -3.15817 -23.6091 -28.0842 -19.3504 -0.530993 -31.8475 -33.7189 7.83265 -9.57231 -21.454 -7.26597 1.74253 -3.99361 -7.89976 13.6975 2.57931 -3.52877 40.3942 -10.0875 21.6482 40.044 -12.4313 29.4177 18.2205 1.76771 44.6685 6.16087 0.116316 29.307 -14.4084 16.0125 13.2356 -16.1829 22.4749 -2.40293 4.93204 -0.91283 -6.91212 1.41414 -14.6617 -26.7239 -13.1455 -21.1967 -7.42363 -28.5276 0 0 0 0 0 0 0 0 0 0 0 0 0 0 0 0 0 0 0 0 0 0 0 0 0 0
-11.2877 0.439744 -52.1188 -7.63577 2.23556 -24.2489 19.2786 5.85718 -15.3917 23.1857 -5.91274 3.91078 27.6461 8.27673 17.1583 5.56733 15.1338 25.0651 -8.97479 -0.0325164 29.0861 5.92957 -26.3178 31.7016 17.5915 -30.02 8.56479 13.016 -16.4675 -12.6418 -2.3046 -23.0085 -27.7535 -17.3449 0.891711 -30.7388 -32.433 8.52022 -8.70181 -21.5564 -7.87695 2.0363 -4.99555 -10.217 14.8427 2.69601 -3.02195 40.408 -11.273 21.2896 38.5359 -13.0904 28.0928 16.3727 1.14566 43.1519 4.12043 -0.152747 27.2964 -16.0839 15.0854 10.5842 -16.6487 21.4344 -3.30329 5.59203 -1.5829 -9.05762 1.72245 -14.2587 -27.3377 -15.2835 -20.3526 -6.75918 -28.9357 0 0 0 0 0 0 0 0 0 0 0 0 0 0 0 0 0 0 0 0 0 0 0 0 0 0
-10.2197 2.06471 -52.2063 -7.41787 4.77033 -24.3393 19.2799 7.68952 -14.6721 22.5085 -4.77252 4.29114 26.1486 8.92581 18.2353 3.70264 14.4564 26.026 -10.512 -1.26315 28.0674 5.00313 -27.1947 30.5609 18.5363 -29.2877 8.41553 14.4223 -15.6484 -12.8247 -0.454015 -22.2026 -28.3563 -16.221 1.26026 -30.8644 -32.1118 7.509 -9.01664 -20.4387 -8.33995 1.66448 -4.22403 -9.87462 14.985 2.42413 -1.98511 40.6072 -13.9283 20.5894 38.6151 -15.8679 27.5195 16.5023 -1.45019 42.2938 4.12181 -1.80871 25.612 -15.3934 14.8121 10.4079 -15.8445 21.6701 -3.50961 6.21911 -0.574346 -11.0048 1.47607 -11.4681 -28.2316 -17.5083 -18.4653 -6.99785 -29.4689 0 0 0 0 0 0 0 0 0 0 0 0 0 0 0 0 0 0 0 0 0 0 0 0 0 0
-9.01116 3.5648 -52.3033 -7.1603 7.25496 -24.5036 19.2094 9.62405 -13.8976 21.7645 -3.54973 4.65288 24.5548 9.59897 19.2544 1.80068 13.6662 26.9063 -11.9359 -2.46591 26.9507 4.15596 -28.0483 29.2958 19.4113 -28.4867 8.37139 15.8059 -14.858 -12.9616 1.28712 -21.4055 -28.8233 -15.1104 1.64772 -30.9016 -31.7518 6.56786 -9.32984 -19.3836 -8.69667 1.38151 -3.61336 -9.49191 15.2499 1.94439 -0.86627 40.8608 -16.5873 19.7206 38.6293 -18.5545 26.8579 16.5861 -3.88594 41.3475 4.16964 -3.31531 23.9325 -14.6385 14.4303 10.177 -14.9972 21.7492 -3.87449 6.82559 0.50261 -13.0133 1.01822 -8.64133 -28.8842 -19.7709 -16.4402 -7.16094 -30.0959 0 0 0 0 0 0 0 0 0 0 0 0 0 0 0 0 0 0 0 0 0 0 0 0 0 0
-8.62495 2.78918 -53.4428 -6.5608 7.10557 -25.7567 19.8834 8.59592 -15.2134 21.6908 -3.38081 4.14739 25.2591 10.4795 17.8248 3.80363 13.0508 28.4587 -10.97 -1.75123 26.3911 2.57572 -28.5844 29.0809 19.6864 -29.7336 9.84973 18.068 -17.1376 -12.2184 3.63987 -23.2631 -28.3218 -11.8936 0.316366 -30.8068 -30.8295 4.44611 -11.2945 -18.7858 -9.71094 1.00886 -2.42519 -9.54101 14.1285 3.65283 -1.00998 39.6471 -15.1794 19.347 38.0176 -18.5355 25.8771 16.0059 -5.5143 41.086 2.79397 -2.44539 22.8893 -14.7676 16.2894 10.8588 -13.4464 21.7953 -5.01977 7.4664 0.654025 -12.712 -0.104725 -7.8043 -29.3143 -20.5841 -16.2854 -8.11733 -31.4053 0 0 0 0 0 0 0 0 0 0 0 0 0 0 0 0 0 0 0 0 0 0 0 0 0 0
-7.33809 4.01873 -53.5961 -6.21774 9.25341 -26.0461 19.8072 10.476 -14.5272 21.07 -2.3309 4.30558 23.858 10.924 18.692 2.14622 12.195 28.9443 -12.1218 -2.79964 25.5879 1.97261 -29.3882 27.6933 20.4756 -28.9048 9.95936 19.4824 -16.5754 -12.2845 5.34941 -22.7523 -28.6237 -10.7618 0.454931 -30.8009 -30.3769 3.37133 -11.8035 -17.8751 -10.0847 0.79414 -1.91695 -9.01596 14.3176 3.05536 -0.0328143 39.8924 -17.4235 18.4783 38.0229 -20.7521 25.1234 16.0419 -7.47545 40.0679 2.78765 -3.56557 21.3587 -14.0072 15.8712 10.611 -12.5855 21.9279 -5.69906 7.81891 1.67402 -14.4788 -0.737052 -5.17115 -29.7497 -22.6483 -14.3964 -8.29574 -32.1695 0 0 0 0 0 0 0 0 0 0 0 0 0 0 0 0 0 0 0 0 0 0 0 0 0 0
-7.3517 4.78533 -52.9215 -6.68577 10.8613 -25.5472 18.9979 11.0677 -13.2958 19.467 -2.4811 5.00812 21.4829 10.1743 20.0042 -0.292381 9.85061 30.0677 -13.9493 -5.31138 25.4527 0.53034 -31.6614 27.8528 19.282 -30.9305 10.3962 19.053 -17.4467 -11.1328 6.01824 -23.0698 -28.4769 -9.88632 0.24549 -30.963 -30.0515 3.132 -12.5639 -17.9681 -10.3996 0.346152 -2.46757 -9.41252 14.3808 1.17227 -3.7192 40.8465 -15.8388 17.5985 39.7274 -19.692 24.3401 17.8687 -7.25333 40.0065 4.68166 -3.84683 22.0534 -12.979 15.532 11.1598 -12.4641 21.7652 -6.29489 6.84891 1.04029 -14.1176 -1.43217 -6.73996 -29.7067 -22.7699 -15.7633 -8.27787 -32.5329 0 0 0 0 0 0 0 0 0 0 0 0 0 0 0 0 0 0 0 0 0 0 0 0 0 0
-6.90171 5.17856 -53.5109 -7.29765 12.6054 -26.5239 17.7973 12.9928 -13.1713 18.0547 -1.5334 4.32427 19.5069 10.2638 20.0177 -2.66098 9.64765 29.1037 -14.3881 -7.10803 27.9151 3.41847 -30.985 30.2325 18.6777 -30.9128 10.1235 16.7013 -16.0064 -10.1917 6.04474 -22.1142 -28.7424 -12.3984 -1.09839 -31.7321 -30.5872 2.43139 -11.6555 -17.6671 -11.218 0.207575 -2.08278 -10.3487 14.156 1.6796 -5.14886 40.701 -14.4724 16.8103 39.8199 -18.6379 23.5274 18.0132 -6.84662 39.7196 4.8934 -3.28453 22.1571 -13.1173 15.8554 10.8741 -12.364 21.6488 -6.4204 7.22058 1.29016 -14.5014 -1.66481 -5.72172 -29.5289 -23.632 -14.8199 -7.94907 -32.9733 0 0 0 0 0 0 0 0 0 0 0 0 0 0 0 0 0 0 0 0 0 0 0 0 0 0
-4.55693 4.42782 -54.0143 -7.83141 10.3304 -27.0432 15.6658 13.4562 -11.7905 18.0605 -2.53616 3.88255 20.9707 7.73959 20.271 -0.928165 9.45718 29.5597 -13.7956 -6.34353 29.8424 2.23869 -31.4026 30.633 17.0737 -31.4162 10.2158 16.1771 -15.228 -9.07385 7.20298 -20.2533 -28.6726 -12.3993 -0.3293 -31.2937 -32.0668 0.0835371 -12.7131 -18.4357 -11.8995 -0.0392908 -2.94289 -9.18823 13.6479 0.755162 -4.6222 40.3104 -15.2447 17.456 39.8759 -19.1413 24.7963 18.2322 -6.45063 40.3694 5.24891 -2.8213 22.3678 -12.2974 16.8081 11.9992 -12.0394 22.795 -7.22705 5.34169 1.76552 -13.709 -3.10052 -6.89535 -29.6327 -23.6803 -14.7522 -8.28198 -34.389 0 0 0 0 0 0 0 0 0 0 0 0 0 0 0 0 0 0 0 0 0 0 0 0 0 0
-4.50186 4.35832 -53.9496 -7.80561 10.4506 -27.025 15.6725 13.5227 -11.7321 17.9986 -2.46914 3.9516 21.0391 7.80258 20.3184 -0.74976 9.33949 29.8865 -13.607 -6.47075 30.0388 2.44373 -31.5246 30.5841 17.2381 -31.3549 10.1389 16.2131 -15.0781 -9.0687 7.28295 -20.0766 -28.6942 -12.5129 -0.331583 -31.1957 -32.1317 -0.166841 -12.5617 -18.339 -12.027 0.0509897 -2.89472 -9.17568 13.7637 0.717239 -4.56932 40.4309 -15.2046 17.5624 39.8918 -19.0901 24.8036 18.213 -6.49528 40.4524 5.22802 -2.79229 22.484 -12.3367 16.7877 12.0281 -11.9379 22.5857 -7.18058 5.52512 1.67921 -13.7035 -3.18164 -6.69302 -29.8147 -23.732 -14.7924 -8.61167 -34.5487 0 0 0 0 0 0 0 0 0 0 0 0 0 0 0 0 0 0 0 0 0 0 0 0 0 0
-4.82302 2.46023 -54.2826 -8.42241 11.1834 -28.2816 14.6917 14.0039 -12.4136 17.1535 -2.69675 2.45125 20.9916 6.75636 19.099 -0.523828 9.42135 28.9589 -14.0806 -5.74949 29.5074 0.722788 -31.5037 29.0698 17.2743 -30.4614 10.2155 16.7198 -14.9916 -9.63422 7.42874 -20.4263 -28.9636 -12.1144 -0.476972 -31.7722 -30.4115 1.63897 -12.1177 -16.9047 -10.9802 0.0244181 -1.71477 -9.00846 14.1338 1.41489 -5.21489 40.9721 -13.9502 17.3001 40.7213 -18.2145 24.5423 19.1177 -5.68052 39.9528 5.79953 -2.44178 21.8041 -11.6639 17.2009 11.4746 -11.8012 23.3214 -8.18824 5.01344 2.2437 -14.4727 -3.44373 -6.57962 -31.0941 -23.3688 -14.8933 -10.1731 -34.5538 0 0 0 0 0 0 0 0 0 0 0 0 0 0 0 0 0 0 0 0 0 0 0 0 0 0
-4.80397 2.47804 -54.2675 -8.44821 11.1163 -28.2446 14.6427 13.9289 -12.3417 17.1358 -2.83075 2.45113 21.017 6.55556 19.1265 -0.473638 9.18713 29.0491 -14.0073 -6.00303 29.6319 0.823286 -31.736 28.9751 17.3679 -30.5188 10.126 16.7071 -14.9906 -9.67443 7.35066 -20.3847 -28.9835 -12.0413 -0.290623 -31.8007 -30.4336 1.85185 -12.2387 -17.0276 -10.8243 -0.0449912 -1.86993 -8.91656 14.1076 1.1984 -5.26212 40.9719 -13.7331 17.5367 40.7172 -18.1392 24.6773 19.1088 -5.67275 39.9948 5.62271 -2.49762 21.7188 -11.7182 17.2088 11.5155 -11.9759 23.5618 -8.09884 4.80742 2.47186 -14.5219 -3.51194 -6.37076 -31.1491 -23.4235 -14.7928 -10.2427 -34.5538 0 0 0 0 0 0 0 0 0 0 0 0 0 0 0 0 0 0 0 0 0 0 0 0 0 0
-4.16568 3.21224 -54.2506 -8.30968 12.2967 -28.4652 14.3859 14.812 -11.9729 16.5233 -2.20323 2.5731 20.1425 6.88019 19.4674 -1.393 8.61656 29.4488 -14.7221 -6.72715 29.0658 0.453986 -32.2512 28.2951 17.6797 -30.3209 10.1692 17.299 -14.6665 -9.53636 8.40933 -20.0126 -29.071 -11.4381 -0.387557 -31.9454 -30.1239 1.08182 -12.6159 -16.4057 -11.0418 -0.22728 -1.68383 -8.55145 14.2678 0.648036 -5.23129 41.2369 -14.5555 17.3834 40.8949 -19.1927 24.285 19.2598 -6.87515 39.4527 5.47576 -3.09176 20.7571 -11.259 16.9794 11.3287 -11.3369 23.7195 -8.51628 5.00662 3.03211 -15.4037 -3.88918 -4.87266 -31.4563 -24.604 -13.8375 -10.4344 -35.0349 0 0 0 0 0 0 0 0 0 0 0 0 0 0 0 0 0 0 0 0 0 0 0 0 0 0
-2.94169 4.61295 -53.7612 -8.35342 14.2223 -28.446 13.461 17.0801 -10.9132 17.2673 -1.02405 1.53967 21.1073 6.42742 19.079 -0.412805 9.30669 28.7544 -13.3835 -5.94358 31.0349 1.71927 -31.4891 29.8085 16.7088 -30.4872 9.94804 16.1008 -13.909 -8.93932 8.68441 -18.7815 -29.1294 -13.1854 -1.70887 -31.7552 -28.1707 3.45679 -10.699 -14.6823 -9.69853 0.777026 -0.564102 -8.6311 15.9346 1.8722 -2.23128 42.1419 -16.4572 17.3575 40.5544 -19.6319 24.9149 18.9338 -5.85151 39.5527 6.11727 -1.78077 20.7558 -10.4317 18.5864 12.0337 -10.8367 25.7472 -8.75405 3.98094 4.82535 -15.0982 -4.74789 -3.65928 -31.0208 -25.3242 -12.8626 -9.92734 -35.3872 0 0 0 0 0 0 0 0 0 0 0 0 0 0 0 0 0 0 0 0 0 0 0 0 0 0
-3.19215 4.85524 -54.4217 -8.96391 13.5553 -28.8782 12.6497 16.1503 -11.0634 16.612 -2.28003 0.832186 21.8129 4.71572 18.1468 1.14147 7.81269 29.3307 -11.8746 -7.25041 32.3493 2.76811 -33.0028 30.4007 14.5235 -33.3099 8.79887 15.5927 -15.7163 -8.98296 9.62217 -19.2439 -29.8152 -12.8245 -2.98804 -32.5612 -26.466 4.09993 -11.2838 -13.6771 -9.65143 0.257049 0.505215 -9.22812 15.3725 3.65757 -1.97016 41.252 -16.3941 15.6994 40.3702 -19.073 25.4959 19.7489 -4.15851 39.8067 7.97142 -1.38082 22.0211 -9.79228 18.1884 11.8245 -10.7829 25.0384 -8.21542 5.11159 5.7025 -16.0224 -5.44097 0.404133 -31.2971 -27.2454 -11.1749 -11.2353 -36.5786 0 0 0 0 0 0 0 0 0 0 0 0 0 0 0 0 0 0 0 0 0 0 0 0 0 0
-2.14649 5.08561 -54.2144 -9.01264 12.8089 -28.6698 11.9413 16.3252 -10.2795 16.9303 -2.09414 1.18699 21.7234 4.75948 18.6692 0.793693 8.08863 29.2701 -12.1323 -6.9668 32.6656 2.58002 -32.6949 30.9484 14.0923 -33.2977 9.22595 15.5573 -15.6851 -8.50438 9.91485 -19.1481 -29.4357 -12.5998 -3.03318 -32.4291 -26.2603 4.33936 -11.263 -13.9861 -9.80415 0.344374 0.064587 -9.83508 15.5803 3.29436 -2.50795 41.4305 -16.3859 15.5578 40.3994 -19.0151 25.0745 19.6436 -4.36355 39.7323 7.97175 -1.34102 22.1643 -9.96386 18.3773 12.2787 -11.074 25.6522 -7.62008 4.80266 6.20588 -15.6328 -5.37703 0.662064 -31.0901 -26.9879 -10.6051 -10.9718 -36.5693 0 0 0 0 0 0 0 0 0 0 0 0 0 0 0 0 0 0 0 0 0 0 0 0 0 0
-1.57983 5.64792 -54.2521 -8.84726 13.7122 -28.9312 11.7478 16.9196 -10.096 16.3508 -1.62221 1.32726 21.0222 5.07527 18.9013 0.0548036 7.70815 29.5998 -12.7382 -7.58761 32.2505 2.42361 -33.0573 30.6828 14.3216 -33.3628 9.16939 16.0144 -15.5464 -8.33131 10.7305 -18.789 -29.3866 -12.066 -3.09736 -32.45 -25.9039 4.04822 -11.3233 -13.4654 -9.92683 0.31074 0.299834 -9.80874 15.7993 3.09369 -2.12739 41.5911 -17.314 15.0564 40.3177 -19.8755 24.7573 19.6399 -5.05731 39.2883 8.02204 -1.65778 21.4688 -9.58619 18.2929 12.0653 -10.5967 25.7978 -7.9895 4.96803 6.77741 -16.2608 -5.76693 2.03979 -31.1128 -27.9551 -9.68202 -11.0399 -37.0507 0 0 0 0 0 0 0 0 0 0 0 0 0 0 0 0 0 0 0 0 0 0 0 0 0 0
-1.88478 5.66601 -54.0851 -10.2048 11.4675 -28.5928 9.42622 16.9522 -9.42192 15.4598 -0.766644 2.5004 18.9703 6.61718 20.0178 -2.11959 6.64204 30.4754 -14.4041 -8.98154 30.1034 1.64669 -33.8987 28.9816 14.8166 -33.3095 8.30385 16.625 -15.2398 -8.91902 10.6244 -17.8892 -29.8439 -10.9988 -0.633339 -32.2268 -25.0277 5.81739 -11.0152 -13.2876 -9.14219 0.0277344 -0.717554 -10.5139 16.3133 2.75944 -1.50127 41.5353 -16.8025 16.4971 39.3855 -18.7818 25.4489 18.3344 -3.4802 39.267 6.50903 0.0926884 20.6812 -10.2103 19.6538 10.5749 -9.83697 25.6462 -8.94748 6.89091 6.41097 -16.6597 -3.86089 1.21497 -30.2905 -26.6743 -9.03395 -9.24132 -35.1244 0 0 0 0 0 0 0 0 0 0 0 0 0 0 0 0 0 0 0 0 0 0 0 0 0 0
-2.24457 5.28181 -54.6341 -10.1464 10.8204 -28.9564 9.75445 16.6381 -10.1745 16.5727 -1.03362 1.35607 19.4981 6.02677 19.0986 -1.82952 5.4216 29.0061 -13.9817 -10.2044 27.5529 2.27114 -34.9186 25.5623 17.508 -32.3243 6.84508 18.3383 -15.1359 -11.2594 9.70102 -18.0535 -30.9903 -10.3797 0.907596 -31.9318 -26.4682 4.57373 -11.8627 -14.381 -10.0529 -0.759063 -1.21645 -10.9299 15.0591 2.07156 -3.46412 40.7548 -15.293 16.4729 38.8678 -17.5146 24.9016 17.6343 -2.38888 38.4837 5.33216 1.19698 19.4781 -10.8926 21.0596 10.0058 -10.9355 28.0698 -9.17655 5.75568 8.56716 -17.3515 -4.08139 2.47603 -30.3136 -27.0349 -7.60376 -8.89577 -34.6745 0 0 0 0 0 0 0 0 0 0 0 0 0 0 0 0 0 0 0 0 0 0 0 0 0 0
-1.50917 5.93824 -54.6689 -9.9881 11.919 -29.2882 9.49825 17.3758 -9.9859 15.8886 -0.46623 1.5182 18.5223 6.40828 19.3753 -2.72726 4.71149 29.2633 -14.5795 -10.9823 26.7992 2.04697 -35.4511 24.9172 17.8441 -32.3285 6.77886 18.9135 -14.9371 -11.114 10.6429 -17.6719 -31.0224 -9.74144 0.955621 -31.9879 -26.0421 4.20226 -12.0237 -13.6925 -10.1531 -0.861661 -0.881823 -10.8219 15.2466 1.7734 -3.16276 40.95 -16.3977 15.9782 38.7928 -18.4981 24.4904 17.5809 -3.18431 37.8908 5.31498 0.872912 18.5544 -10.3803 21.0163 9.72282 -10.348 28.3796 -9.6916 5.90611 9.40532 -18.2269 -4.59286 4.18323 -30.319 -28.1846 -6.40651 -8.9234 -35.1135 0 0 0 0 0 0 0 0 0 0 0 0 0 0 0 0 0 0 0 0 0 0 0 0 0 0
-1.99437 8.51419 -54.538 -11.2321 14.0473 -29.3371 7.65126 18.5325 -9.25096 14.5364 0.102023 0.840804 18.5648 6.04533 18.6932 -1.92809 4.27277 29.9471 -14.6454 -10.6155 27.1312 0.52067 -35.8849 24.5167 16.2967 -33.2335 6.29157 18.9976 -15.0384 -10.4658 12.3212 -16.6207 -30.9818 -9.21017 0.556349 -32.1361 -25.289 3.49203 -11.95 -12.6493 -10.8028 -1.04472 -0.307752 -11.6748 15.4048 1.94352 -3.73389 41.0564 -17.0087 14.5757 38.7208 -19.1511 23.1388 17.5337 -5.00861 38.2449 6.07046 0.05283 20.3508 -10.8498 20.2996 11.7694 -10.5991 27.6552 -7.73549 5.54913 8.43291 -16.0352 -4.67485 2.71461 -27.9877 -28.217 -7.33722 -6.32375 -35.0869 0 0 0 0 0 0 0 0 0 0 0 0 0 0 0 0 0 0 0 0 0 0 0 0 0 0
-1.29226 8.76368 -54.5705 -10.9745 13.4837 -29.3881 7.48177 18.6441 -9.08534 14.658 0.503517 1.31142 18.8759 6.87382 18.9645 -1.11125 4.15721 30.8528 -14.205 -10.1582 27.1527 0.185041 -35.8038 24.0476 15.5144 -33.4946 5.41261 18.9132 -14.945 -10.7924 12.3248 -15.7192 -31.3671 -9.09837 1.61076 -31.971 -25.3269 3.80215 -11.8245 -12.2782 -10.1901 -1.02141 -0.026538 -10.8655 15.5027 2.17531 -2.46323 41.0066 -17.5254 14.9988 38.6472 -19.8406 23.668 17.5226 -5.48549 38.3433 5.78083 -0.866037 20.1374 -10.9218 19.4663 11.792 -11.2917 27.7314 -7.16963 5.02711 8.69241 -16.2963 -4.78317 2.81991 -27.94 -28.439 -6.81476 -6.04278 -35.1464 0 0 0 0 0 0 0 0 0 0 0 0 0 0 0 0 0 0 0 0 0 0 0 0 0 0
-0.777148 9.38059 -54.6089 -10.8448 14.3999 -29.6422 7.30753 19.2746 -9.00454 14.1237 1.0131 1.41592 18.04 7.24172 19.1851 -1.85325 3.58317 30.9393 -14.6798 -10.7714 26.5815 0.0305042 -36.2393 23.5384 15.7409 -33.5836 5.28169 19.3341 -14.8164 -10.6228 13.0986 -15.3516 -31.31 -8.57879 1.65086 -31.9985 -24.9154 3.595 -11.916 -11.7298 -10.2423 -1.08146 0.0967732 -10.9422 15.7405 1.9508 -2.10282 41.1175 -18.4219 14.4988 38.5288 -20.651 23.3634 17.4773 -6.10016 37.9043 5.81217 -1.13368 19.481 -10.5401 19.3792 11.6035 -10.8489 27.897 -7.5034 5.1622 9.33614 -16.9191 -5.23965 4.16631 -27.8243 -29.3796 -5.87667 -5.94801 -35.4907 0 0 0 0 0 0 0 0 0 0 0 0 0 0 0 0 0 0 0 0 0 0 0 0 0 0
-2.33611 9.46632 -54.1191 -12.7624 13.2454 -29.1145 4.98596 18.4385 -8.21295 13.0079 0.311425 1.45936 17.7019 6.42582 19.0608 -1.27837 1.82098 31.8307 -14.1947 -12.4792 27.5624 0.484479 -37.726 23.1501 13.2679 -35.3441 3.00373 19.3091 -16.0278 -11.0999 14.2 -14.4588 -31.905 -7.83023 2.07872 -32.0611 -24.1381 3.09355 -11.9086 -10.0299 -9.68573 -1.02783 2.13059 -9.27755 15.5215 3.18048 -2.82728 41.5236 -16.5685 14.5653 39.7436 -20.1117 22.6711 18.6214 -6.98653 37.7212 6.07561 -1.30555 19.205 -9.91533 19.4902 12.1594 -10.1214 28.4479 -7.34798 5.11854 10.4749 -16.9023 -6.10661 6.49435 -27.8041 -30.4426 -6.04882 -7.32941 -36.0816 0 0 0 0 0 0 0 0 0 0 0 0 0 0 0 0 0 0 0 0 0 0 0 0 0 0
-3.00948 10.0934 -53.7638 -13.228 14.2531 -28.7375 4.73296 18.7578 -7.87036 13.0813 0.350537 0.9036 17.6788 5.67413 18.7656 -1.83774 1.98529 30.9539 -13.9985 -13.1866 28.1006 1.92122 -37.6579 23.871 13.5056 -35.4357 3.04081 19.1187 -16.1763 -11.3067 13.9186 -14.9543 -32.1095 -7.73955 2.05092 -32.5201 -23.9898 3.74924 -12.3787 -10.1359 -9.1261 -1.29166 1.71105 -8.83039 15.4811 1.97403 -3.72141 41.7519 -16.4399 14.9975 40.1214 -20.3841 22.6113 18.8973 -7.83176 37.8269 5.98948 -1.97955 19.2885 -9.91256 18.8497 12.3421 -9.98831 27.8299 -7.04412 5.39126 10.2918 -16.8882 -6.24418 6.90875 -27.3543 -30.8477 -6.28978 -7.22229 -36.157 0 0 0 0 0 0 0 0 0 0 0 0 0 0 0 0 0 0 0 0 0 0 0 0 0 0
-3.65757 8.70035 -54.7444 -13.7324 14.5365 -30.0558 4.31702 18.8985 -9.23543 11.3592 0.518412 0.531277 16.9487 6.48203 17.8528 -1.32004 2.12928 31.4999 -14.153 -12.4609 28.6957 0.609613 -37.6107 24.4622 13.2282 -35.5218 4.26433 19.5898 -16.3521 -9.86799 15.4571 -15.241 -30.8865 -6.7832 0.85106 -32.4295 -24.1199 1.73093 -13.2317 -10.2063 -10.1943 -1.26716 2.19425 -8.44297 14.9242 3.12786 -4.21799 41.3128 -14.249 15.4504 40.5973 -19.888 22.5081 19.6419 -8.44057 37.2702 5.37804 -2.6241 18.0502 -9.66712 18.2914 11.3755 -9.81225 27.5314 -8.02111 5.39619 9.82005 -17.8667 -5.9679 5.96285 -28.0325 -30.621 -6.13611 -7.24661 -35.8756 0 0 0 0 0 0 0 0 0 0 0 0 0 0 0 0 0 0 0 0 0 0 0 0 0 0
-3.08271 8.1198 -53.8796 -13.3733 12.8375 -29.0678 4.23209 19.155 -8.46768 12.2598 1.71939 2.10816 16.2203 8.38764 19.5303 -0.653698 0.520401 32.8689 -13.9328 -12.8575 27.9656 -0.689269 -38.8406 24.1319 13.7516 -37.2096 5.29119 20.5597 -18.6482 -9.40267 15.9936 -17.8078 -30.3375 -4.52163 0.23532 -31.9936 -23.1081 1.34316 -14.1088 -10.1427 -10.5021 -1.12446 1.74785 -8.46135 15.3981 1.84662 -4.89602 41.8787 -10.6808 17.4786 40.9464 -19.7166 23.7035 21.2887 -10.9727 37.4776 4.76987 -3.73869 17.5062 -8.34996 17.4498 12.0551 -7.47779 26.9356 -7.818 6.91038 9.62149 -17.4776 -5.17171 6.87429 -28.4191 -29.6023 -6.10476 -8.45235 -35.6699 0 0 0 0 0 0 0 0 0 0 0 0 0 0 0 0 0 0 0 0 0 0 0 0 0 0
-0.817733 8.35746 -54.8705 -12.4702 10.8469 -30.482 3.35732 18.1371 -8.90631 11.7688 1.2189 2.16841 15.3248 8.40881 19.4568 0.710969 -1.85285 33.4019 -13.8661 -13.7406 28.7583 -3.19957 -39.9284 21.7619 12.6688 -37.563 4.31951 19.9122 -18.641 -9.66072 16.6449 -17.5865 -30.7858 -4.31758 -0.24911 -33.4967 -22.4886 2.13136 -15.3626 -9.44661 -9.2389 -2.0477 2.39124 -6.64857 14.4263 2.53061 -3.88279 40.99 -9.68942 18.666 40.7361 -18.9075 25.4515 21.3614 -9.95078 38.8853 4.68285 -3.63217 18.6718 -8.50434 17.2958 12.3446 -7.7545 26.1364 -7.51521 7.03714 9.84442 -17.322 -6.19443 8.92942 -28.2943 -30.6796 -4.50668 -8.90378 -37.4866 0 0 0 0 0 0 0 0 0 0 0 0 0 0 0 0 0 0 0 0 0 0 0 0 0 0
-0.673655 8.48765 -54.8539 -12.4507 11.0833 -30.537 3.29927 18.2885 -8.87672 11.6417 1.32645 2.18283 15.097 8.44979 19.5187 0.530882 -2.0026 33.37 -13.9874 -13.9195 28.6199 -3.2112 -40.0638 21.6297 12.722 -37.6235 4.25716 20.0216 -18.6403 -9.60965 16.8874 -17.5168 -30.7507 -4.15562 -0.288738 -33.5296 -22.3654 2.04031 -15.4279 -9.29219 -9.24628 -2.0727 2.42813 -6.59429 14.4747 2.39304 -3.90107 41.0454 -9.77434 18.6759 40.7706 -19.059 25.421 21.4138 -10.1383 38.7711 4.64938 -3.73839 18.4905 -8.39366 17.2251 12.2834 -7.64222 26.1592 -7.60126 7.05907 9.99953 -17.4481 -6.30305 9.26561 -28.2471 -30.8698 -4.28821 -8.90943 -37.5913 0 0 0 0 0 0 0 0 0 0 0 0 0 0 0 0 0 0 0 0 0 0 0 0 0 0
1.07849 8.96437 -55.2748 -10.9559 10.2115 -31.0163 3.75222 18.9291 -9.25767 11.8249 2.82125 3.09234 12.9024 10.461 20.348 0.91749 -2.58378 33.9882 -13.8824 -14.3078 29.6809 -3.71357 -39.8525 20.3801 13.6625 -36.4307 4.83661 20.7443 -17.3623 -9.02443 17.8693 -16.3966 -30.2079 -4.91488 -1.97721 -33.2585 -21.3033 2.73453 -14.1806 -8.56968 -9.3858 -1.27347 3.05237 -7.71776 15.4404 4.42158 -0.785469 40.7754 -12.7363 16.9428 40.0461 -20.0264 25.3751 20.6731 -8.98817 38.6806 5.40034 -2.59743 18.5481 -7.87174 18.5479 13.1629 -8.3459 28.879 -6.87791 5.0438 11.2172 -16.4801 -6.15993 7.49996 -27.5844 -30.1225 -3.48353 -6.90957 -36.9299 0 0 0 0 0 0 0 0 0 0 0 0 0 0 0 0 0 0 0 0 0 0 0 0 0 0
1.36738 9.27702 -55.2351 -10.9247 10.7103 -31.119 3.65076 19.2348 -9.1971 11.5576 3.01971 3.11821 12.4034 10.5091 20.4502 0.576029 -2.87168 33.8945 -14.1316 -14.6502 29.427 -3.76512 -40.0867 20.051 13.8477 -36.4876 4.8233 20.9874 -17.345 -8.904 18.277 -16.3007 -30.1046 -4.57089 -2.00976 -33.2753 -21.103 2.57829 -14.2926 -8.30606 -9.36839 -1.28817 3.1741 -7.54148 15.5055 4.23302 -0.757009 40.8929 -13.0524 16.8429 40.0961 -20.334 25.2162 20.6943 -9.27349 38.4358 5.36356 -2.71551 18.2167 -7.69034 18.477 13.0215 -8.13673 28.9425 -7.02823 5.13335 11.5444 -16.7394 -6.37701 8.21551 -27.5026 -30.5449 -3.03207 -6.89745 -37.119 0 0 0 0 0 0 0 0 0 0 0 0 0 0 0 0 0 0 0 0 0 0 0 0 0 0
1.75546 10.8738 -55.6962 -9.83446 10.3847 -31.2852 4.07994 20.2302 -9.53832 11.2588 4.86724 4.11828 9.24077 12.6092 20.9919 -2.20289 -1.82267 33.58 -15.0721 -14.9859 28.118 -1.76341 -39.6071 21.7296 14.9909 -36.0756 5.59563 20.7019 -17.3972 -9.2644 16.9114 -17.4309 -30.2684 -5.24997 -2.10834 -33.2392 -21.4365 3.12564 -14.1407 -9.17293 -9.48572 -1.27946 2.51834 -8.304 15.412 5.18472 0.285133 39.9945 -13.7949 15.7974 40.2206 -21.9393 24.6477 21.4171 -11.7787 38.7443 6.29931 -4.25686 19.2235 -7.22635 17.151 15.2341 -7.94846 28.6572 -5.26021 3.476 10.5985 -14.6354 -7.21302 6.18304 -26.0871 -30.8443 -4.138 -5.22704 -38.0109 0 0 0 0 0 0 0 0 0 0 0 0 0 0 0 0 0 0 0 0 0 0 0 0 0 0
1.82149 11.0833 -55.6816 -9.82099 10.5473 -31.2967 4.04371 20.3574 -9.50225 11.2491 4.96839 4.11089 9.18456 12.6454 21.0083 -2.1104 -1.92295 33.5718 -14.9459 -15.1162 28.1032 -1.56799 -39.6792 21.6368 15.1856 -36.0468 5.5248 20.8471 -17.3066 -9.27592 16.9862 -17.2525 -30.2667 -5.18335 -1.91631 -33.0994 -21.5113 2.92441 -14.0221 -9.18269 -9.71639 -1.25272 2.43798 -8.61334 15.4929 5.16613 0.188417 39.9921 -13.7867 15.734 40.1166 -21.8216 24.5898 21.2689 -11.6169 38.7904 6.27969 -4.09268 19.3665 -7.38239 17.2885 15.2148 -7.90886 28.5251 -5.39944 3.56413 10.4158 -14.5816 -7.2043 5.97143 -25.9393 -30.8752 -4.18586 -4.9885 -38.0086 0 0 0 0 0 0 0 0 0 0 0 0 0 0 0 0 0 0 0 0 0 0 0 0 0 0
2.75964 12.3516 -55.5706 -9.73946 12.2135 -31.6307 3.68318 21.4404 -9.32889 10.3605 5.71642 4.15513 7.22829 12.7989 21.1036 -3.31992 -2.7937 32.986 -15.6636 -16.1906 26.9623 -1.57539 -40.4317 20.8567 15.653 -36.3572 5.39007 21.637 -17.284 -8.82803 18.4132 -16.8052 -29.9066 -4.10033 -2.0654 -33.0705 -20.6244 2.67595 -14.1395 -8.24802 -9.75835 -1.2173 2.60605 -8.64502 16.0106 4.62854 0.80526 40.3164 -15.3055 14.9645 40.1033 -23.0601 24.1266 21.2893 -12.422 38.0367 6.33822 -4.50874 18.3589 -6.70482 16.9557 14.6947 -7.22961 28.6129 -5.87156 3.89127 11.4582 -15.3124 -8.04459 8.46093 -25.4421 -32.4042 -2.63354 -4.75248 -38.7504 0 0 0 0 0 0 0 0 0 0 0 0 0 0 0 0 0 0 0 0 0 0 0 0 0 0
3.09963 10.9109 -55.0014 -10.1313 12.8648 -31.6513 3.14252 22.1682 -9.29301 10.1001 6.47301 4.07896 6.59147 13.2536 21.0702 -2.75727 -3.02981 32.9496 -15.2862 -16.4079 27.2917 -1.51667 -40.944 21.6953 12.6602 -38.5733 3.61283 21.3064 -20.2011 -9.8523 17.0666 -17.2654 -30.3694 -2.59193 0.640139 -30.5579 -21.1903 2.83749 -13.5686 -9.5433 -9.99184 -0.386311 1.29941 -9.16004 16.8623 3.20051 -0.295253 41.3891 -15.3418 15.4837 40.7732 -23.2347 23.8235 21.6576 -13.1268 37.9913 6.59292 -5.10943 18.5245 -6.69657 16.0269 13.732 -5.6956 25.7347 -7.0347 6.62358 10.3615 -16.1886 -7.4456 10.5689 -26.4572 -31.7191 -2.01593 -7.21267 -39.2651 0 0 0 0 0 0 0 0 0 0 0 0 0 0 0 0 0 0 0 0 0 0 0 0 0 0
1.77425 10.7278 -54.2187 -11.1872 13.3131 -30.7891 2.50329 22.5974 -8.68083 9.20365 6.93076 4.85157 4.3477 13.2204 21.637 -2.78574 -3.95182 33.5617 -15.5964 -17.4292 28.9849 -2.19907 -41.9074 22.4142 11.4399 -39.2047 3.98234 21.3423 -20.6937 -8.25639 18.6829 -17.1492 -28.8727 -1.62724 -0.104875 -30.1725 -20.3746 2.40252 -13.396 -8.61511 -9.72614 0.309756 1.37613 -8.29263 17.9908 2.03567 1.27461 42.2746 -16.2856 17.1205 40.2105 -23.4485 24.487 20.4669 -12.5449 37.3725 4.89823 -3.79427 17.0022 -6.14316 16.9417 12.1042 -2.80783 25.5082 -9.97889 7.67006 9.64421 -17.0881 -6.86361 9.27061 -26.8702 -31.3228 -3.09737 -7.278 -38.2748 0 0 0 0 0 0 0 0 0 0 0 0 0 0 0 0 0 0 0 0 0 0 0 0 0 0
2.97454 12.1884 -53.8334 -11.0471 15.2088 -31.1161 1.83194 23.6506 -8.24009 7.70035 7.52075 5.09812 1.60361 13.1267 21.6582 -4.76153 -4.67791 33.0224 -16.6823 -18.6983 27.8648 -1.90404 -42.4732 21.9136 11.351 -39.5795 3.23888 22.4656 -21.2223 -8.0571 20.4351 -16.7489 -28.5328 0.0493635 0.213333 -29.7077 -19.1685 1.92525 -13.4023 -7.24424 -9.64503 0.623944 1.83333 -7.91763 18.7349 1.13032 1.79545 42.9205 -18.3092 16.0066 40.2889 -24.9647 23.6123 20.4667 -13.4717 36.1954 5.09116 -4.43115 15.6164 -5.28346 16.4157 11.2255 -1.97378 25.5829 -10.9197 7.80002 10.9535 -17.9226 -7.92919 12.3462 -25.9969 -32.8431 -1.12148 -6.98586 -39.2038 0 0 0 0 0 0 0 0 0 0 0 0 0 0 0 0 0 0 0 0 0 0 0 0 0 0
4.223 13.6403 -53.2305 -11.0446 13.5133 -31.4029 -0.785125 22.3065 -7.53053 8.13638 7.16785 4.817 2.86051 11.8014 21.8945 -2.39857 -6.66922 32.6562 -14.5486 -20.5651 27.7121 -0.172927 -43.6643 19.2364 14.7751 -38.7975 2.66883 23.651 -19.3644 -8.53467 20.9252 -14.9914 -28.9391 -0.36761 0.766585 -29.6051 -19.2331 1.39461 -12.8621 -6.55982 -9.95704 0.645215 2.50368 -8.41931 18.7793 1.35 0.141881 43.3451 -17.8344 14.7293 40.9633 -24.2398 22.9281 21.307 -12.7555 36.3791 6.72516 -4.16253 16.5193 -5.17323 16.5461 11.3821 -2.18932 25.0794 -11.4063 6.52307 10.7877 -17.2273 -9.91814 12.6988 -25.8506 -34.6001 -0.695208 -7.04515 -41.6491 0 0 0 0 0 0 0 0 0 0 0 0 0 0 0 0 0 0 0 0 0 0 0 0 0 0
4.4606 12.3489 -53.4006 -11.6812 15.1703 -32.6543 -1.75994 23.6402 -8.52929 6.70754 8.28747 3.86327 0.438219 12.3618 20.7063 -2.43897 -6.29974 31.7654 -14.692 -20.5145 28.7316 -0.822372 -43.8867 20.1811 13.7179 -39.4096 3.16262 23.0767 -20.2228 -8.05932 21.36 -16.3759 -28.6462 0.383764 -0.383867 -30.7135 -17.9128 2.80195 -13.8365 -5.54713 -8.01526 0.346518 2.3666 -6.16329 18.9387 -1.06334 -0.931287 43.8897 -17.9681 15.9938 42.0752 -24.6048 24.3689 22.5733 -13.0053 37.184 7.53842 -4.91995 16.8556 -3.8852 15.6104 11.2064 -0.662962 23.5007 -11.9415 7.65917 9.38775 -17.0759 -9.14203 11.3555 -26.7257 -33.4113 -1.32487 -7.8383 -41.3993 0 0 0 0 0 0 0 0 0 0 0 0 0 0 0 0 0 0 0 0 0 0 0 0 0 0
4.5328 12.6761 -52.8792 -11.4287 14.0164 -31.901 -1.7515 22.5859 -7.71367 6.91171 7.34476 4.6793 0.847229 11.5268 21.5692 -1.49161 -7.02987 32.9109 -13.9519 -21.1908 30.7 -1.25046 -44.071 19.7637 11.7381 -38.7242 1.87827 22.634 -19.6339 -7.80393 22.0896 -14.6166 -28.1333 0.904941 1.02372 -30.6347 -17.9469 3.63036 -14.3063 -5.71453 -6.88844 0.205465 1.43941 -4.97762 19.0796 -2.93795 0.548022 43.7973 -21.7451 14.8573 41.3163 -27.0017 25.629 22.8179 -13.7616 37.0667 8.19092 -6.02959 15.8712 -1.6415 14.8405 11.2451 -0.517974 24.4889 -11.704 5.85946 9.22178 -16.8936 -9.79812 9.37215 -27.1037 -33.8408 -2.35675 -7.60233 -41.7258 0 0 0 0 0 0 0 0 0 0 0 0 0 0 0 0 0 0 0 0 0 0 0 0 0 0
4.97642 13.4072 -52.607 -11.3937 15.1008 -31.9821 -2.00519 23.1552 -7.51446 6.13388 7.5888 4.81381 -0.641617 11.3295 21.5141 -2.60388 -7.41883 32.5983 -14.6024 -21.8985 30.0276 -0.992091 -44.4076 19.4719 11.719 -38.8651 1.45094 23.3348 -19.952 -7.68273 23.1017 -14.4121 -27.8723 1.95034 1.28536 -30.2948 -17.3633 3.15095 -14.4418 -5.06518 -6.76249 0.419346 1.59073 -4.42948 19.4162 -3.58569 0.579005 44.0711 -22.7846 14.2782 41.2899 -27.8101 25.3429 22.9045 -14.3139 36.4713 8.27854 -6.48794 15.0809 -1.02673 14.4405 10.6993 -0.0581212 24.3989 -12.1972 6.00925 9.85728 -17.2412 -10.3386 11.1349 -26.6475 -34.6332 -1.2531 -7.47908 -42.2852 0 0 0 0 0 0 0 0 0 0 0 0 0 0 0 0 0 0 0 0 0 0 0 0 0 0
5.32625 14.7495 -52.2015 -11.0097 17.1861 -31.6376 -1.27475 22.9847 -6.77936 5.05369 6.1885 4.75127 -0.341816 10.1854 21.8276 -2.80516 -8.46547 32.9643 -15.4852 -22.3807 30.7497 -3.22036 -45.4152 19.7923 9.98025 -40.3036 2.01094 23.1363 -22.1701 -6.39386 23.6298 -16.04 -26.3845 3.13685 0.472148 -28.8227 -17.2945 1.50126 -14.5046 -5.82593 -8.08418 1.16438 1.17416 -4.75638 19.8552 -3.60996 0.900675 44.4372 -22.0248 15.5516 41.4881 -25.9959 27.2187 23.2587 -11.5964 37.8552 9.18506 -5.79256 16.5592 -1.41692 14.5678 10.2941 -0.969787 22.8009 -12.5996 6.90842 9.09055 -17.8612 -10.0442 11.579 -25.5205 -34.7583 -0.762791 -6.04217 -41.6131 0 0 0 0 0 0 0 0 0 0 0 0 0 0 0 0 0 0 0 0 0 0 0 0 0 0
5.55653 14.8415 -52.3042 -10.7208 18.4229 -31.8944 -0.856623 23.6817 -6.97349 5.1289 6.60954 4.32179 -0.749655 10.208 21.3154 -2.54678 -8.60761 32.2786 -15.2446 -22.5646 30.5236 -3.23019 -45.6661 19.4344 10.4859 -40.5471 2.06219 23.073 -22.1093 -6.52312 23.4379 -16.2061 -26.5829 2.56792 -0.218864 -29.2203 -17.924 0.435547 -14.972 -6.28184 -8.72931 0.813095 0.434434 -5.14279 19.5561 -4.74231 -0.157804 44.1916 -21.8186 15.9409 41.4039 -26.0415 26.8307 22.7771 -11.8957 37.354 8.37181 -5.81237 15.9171 -1.76428 14.5507 9.73934 -0.809133 22.6568 -13.4058 6.40498 8.86887 -18.1074 -10.6393 11.217 -25.7271 -35.3789 -0.864575 -6.06324 -42.1591 0 0 0 0 0 0 0 0 0 0 0 0 0 0 0 0 0 0 0 0 0 0 0 0 0 0
5.74709 15.1342 -52.1705 -10.6796 18.8617 -31.9086 -0.994081 23.8761 -6.86955 4.80227 6.68629 4.34317 -1.3138 10.1314 21.2822 -2.97935 -8.75212 32.1474 -15.5067 -22.8397 30.238 -3.11445 -45.8173 19.317 10.467 -40.61 1.86637 23.3607 -22.2797 -6.48162 23.8664 -16.1572 -26.4706 2.97078 -0.202158 -29.1 -17.653 0.209577 -15.0379 -6.01698 -8.69556 0.896847 0.45114 -4.92515 19.6884 -5.04259 -0.20798 44.3045 -22.1788 15.8182 41.4688 -26.3674 26.7226 22.8428 -12.1796 37.1177 8.38647 -6.03452 15.5887 -1.5112 14.3709 9.54529 -0.616749 22.6424 -13.5954 6.4178 9.14219 -18.231 -10.8689 11.9098 -25.5257 -35.6573 -0.429363 -5.99975 -42.3653 0 0 0 0 0 0 0 0 0 0 0 0 0 0 0 0 0 0 0 0 0 0 0 0 0 0
7.9789 15.298 -51.4712 -8.76726 21.5216 -32.2986 -0.442036 24.5205 -6.58415 3.14305 6.49047 3.94245 -2.89772 9.90559 20.9143 -3.09841 -8.73977 32.1991 -15.0183 -23.384 31.2716 -2.60717 -45.7484 19.231 13.6085 -39.9462 5.03181 23.9958 -21.9983 -6.23582 22.529 -18.352 -26.5272 3.17127 -0.715126 -29.1963 -16.0032 2.82289 -14.0312 -5.16125 -7.74969 1.31581 -0.10495 -6.31992 20.6496 -6.82953 -1.86292 44.9731 -22.4904 15.4112 41.6692 -26.2363 25.697 22.622 -11.965 36.7662 8.79141 -7.0022 16.1235 -3.13262 13.0887 9.19608 -3.31472 21.4487 -12.8118 6.24928 8.00806 -19.4035 -10.3069 10.2337 -25.7438 -35.3847 0.0719043 -4.89674 -41.1539 0 0 0 0 0 0 0 0 0 0 0 0 0 0 0 0 0 0 0 0 0 0 0 0 0 0
8.06383 15.4696 -51.3977 -8.74211 21.7538 -32.2977 -0.537828 24.613 -6.52918 2.99969 6.52635 3.91553 -3.11891 9.84934 20.8774 -3.27007 -8.83811 32.0927 -15.1436 -23.5155 31.1018 -2.5986 -45.8525 19.1505 13.6639 -40.013 5.0206 24.106 -22.0324 -6.14308 22.7348 -18.3239 -26.4296 3.35915 -0.713096 -29.1402 -15.8917 2.74975 -14.0553 -5.04237 -7.71369 1.36069 -0.092613 -6.21546 20.7165 -6.99618 -1.91798 45.0173 -22.6497 15.3621 41.7095 -26.4095 25.6274 22.654 -12.1415 36.6481 8.78159 -7.12101 15.9499 -3.02051 12.9982 9.1059 -3.20827 21.4354 -12.9136 6.25984 8.15541 -19.4744 -10.4363 10.6016 -25.6412 -35.5352 0.282536 -4.85634 -41.2467 0 0 0 0 0 0 0 0 0 0 0 0 0 0 0 0 0 0 0 0 0 0 0 0 0 0
8.92691 17.0568 -50.6084 -8.39349 23.8804 -32.1921 -1.47516 25.3756 -6.00603 1.46975 6.78366 3.64629 -5.31178 9.35255 20.4559 -5.12962 -9.6491 31.1049 -16.3482 -24.7053 29.2344 -2.13122 -46.7066 18.863 13.7066 -40.703 4.33787 25.2952 -22.7072 -5.43895 24.9585 -17.9802 -25.5028 5.39074 -0.622617 -28.4302 -14.6214 1.82173 -14.2437 -3.77968 -7.3969 1.8887 -0.197072 -5.37347 21.4406 -8.80689 -2.68802 45.3073 -23.9959 15.021 42.172 -28.0494 25.0747 23.0675 -13.9233 35.4269 8.57889 -8.41316 14.1556 -1.78688 11.9374 8.11479 -2.2717 21.236 -13.9159 6.22458 9.60106 -19.925 -11.7227 14.1627 -24.3807 -36.7407 2.44233 -4.35019 -42.212 0 0 0 0 0 0 0 0 0 0 0 0 0 0 0 0 0 0 0 0 0 0 0 0 0 0
10.9607 17.1453 -51.1051 -7.45178 24.0751 -33.9002 -1.96606 26.7551 -7.53646 2.52416 8.88555 2.69901 -6.08061 10.3243 18.6257 -5.70881 -9.00608 28.6326 -16.8211 -24.0707 26.3083 -1.99245 -46.6075 18.7242 14.9338 -41.5589 5.20509 26.4386 -24.5831 -6.17746 24.8511 -20.736 -26.3109 7.43987 -1.38028 -28.7822 -12.7671 2.35321 -15.242 -3.01131 -7.34248 1.25225 -0.543089 -5.76095 20.9791 -10.4353 -3.05901 44.2999 -25.4187 14.6352 40.3239 -28.147 24.9273 21.1588 -13.1541 35.6557 7.96072 -7.39596 14.8072 -3.07463 12.9546 8.75684 -3.30205 22.0523 -13.5555 4.6328 9.02422 -19.1819 -12.3739 11.7225 -24.4359 -37.4251 2.26363 -3.37278 -42.83 0 0 0 0 0 0 0 0 0 0 0 0 0 0 0 0 0 0 0 0 0 0 0 0 0 0
10.3787 18.991 -50.6964 -8.6916 25.4384 -34.0587 -3.98608 28.6763 -7.62436 2.38655 11.5644 2.70492 -7.55224 10.8684 17.6447 -5.59574 -8.76067 26.6571 -16.932 -23.7273 26.0221 -3.92558 -46.2511 16.0353 13.7168 -41.3032 3.48311 25.381 -24.6164 -8.15426 22.5739 -19.8283 -27.8858 6.54526 0.652836 -28.3221 -13.3062 4.41392 -14.2863 -3.67131 -6.36374 1.54493 -2.1985 -6.81789 21.2991 -11.647 -2.66165 44.5403 -26.3061 15.107 39.8347 -28.4316 25.0286 20.4144 -13.3231 36.4101 7.95293 -7.43187 16.1856 -4.06704 12.5203 9.17015 -3.08928 20.0686 -13.1577 6.08276 8.48125 -18.8552 -11.8331 12.8119 -22.4336 -36.8415 2.69268 -1.544 -41.6048 0 0 0 0 0 0 0 0 0 0 0 0 0 0 0 0 0 0 0 0 0 0 0 0 0 0
10.9873 20.5677 -49.9812 -8.47857 27.311 -33.9482 -4.84003 29.4231 -7.27918 1.31447 11.943 2.53096 -9.3488 10.3766 16.8354 -7.12936 -9.45551 25.3033 -18.0294 -24.6607 23.8774 -3.8041 -47.0171 15.5166 13.7735 -42.0076 2.89859 26.2356 -25.1368 -7.48168 24.4602 -19.5437 -27.0769 8.27891 0.815171 -27.5532 -12.265 3.89445 -14.4425 -2.82276 -6.00552 2.02678 -2.30676 -6.0696 21.8072 -13.3146 -3.49381 44.4706 -27.5229 14.7105 40.1154 -29.9925 24.5646 20.7046 -14.984 35.3775 7.65705 -8.71213 14.5922 -3.05124 11.4927 8.36723 -2.32703 19.9397 -13.9899 5.83474 9.88198 -19.0151 -13.0735 16.0437 -21.0161 -37.7525 4.55848 -0.884416 -42.4233 0 0 0 0 0 0 0 0 0 0 0 0 0 0 0 0 0 0 0 0 0 0 0 0 0 0
10.1881 21.4458 -49.7407 -9.94178 25.5613 -33.8684 -6.8448 28.0672 -7.17355 -0.0261606 11.0084 2.90028 -8.99061 10.6037 18.2288 -8.53223 -9.32328 26.5668 -19.4565 -24.1663 23.4834 -5.01167 -46.9001 16.9106 12.7639 -42.6601 4.31296 25.8939 -26.364 -6.12438 25.0565 -21.5364 -25.9457 10.0244 -0.479115 -27.8039 -10.5752 4.27418 -15.4288 -1.9476 -5.02591 1.77335 -3.08393 -5.15775 21.4579 -16.0484 -3.79838 43.0216 -28.7727 15.4954 39.2305 -31.5412 25.3846 19.8803 -16.5832 34.1046 5.51014 -9.30725 12.3948 -0.98044 11.2407 7.61831 -0.62876 21.2994 -14.3871 6.31227 11.1412 -19.2289 -12.5889 16.8287 -19.8532 -37.4113 4.97425 0.276429 -40.8041 0 0 0 0 0 0 0 0 0 0 0 0 0 0 0 0 0 0 0 0 0 0 0 0 0 0
10.843 19.9578 -49.9217 -9.01893 26.5877 -34.7999 -6.44095 29.3566 -8.08218 0.0313539 12.3561 2.30318 -10.2573 11.3063 16.6338 -9.44997 -8.60165 24.9834 -19.6778 -23.8057 21.439 -4.25943 -46.2758 16.8425 14.5433 -41.7944 6.15278 27.3705 -26.3327 -5.70073 24.7511 -21.3994 -25.2567 10.2276 0.0296955 -25.6552 -11.3919 3.78185 -14.9963 -4.1357 -6.4137 2.2535 -4.18508 -5.76867 21.9153 -15.9634 -3.94872 44.0718 -29.4735 14.7907 40.3418 -31.8392 25.3028 21.2853 -16.5617 34.1041 7.31572 -9.71884 12.4565 0.217906 10.552 6.85872 1.41869 19.4012 -15.7012 8.08897 10.0688 -19.5641 -11.4017 17.1396 -20.7707 -35.7942 5.37073 -0.86361 -40.3745 0 0 0 0 0 0 0 0 0 0 0 0 0 0 0 0 0 0 0 0 0 0 0 0 0 0
10.9507 18.9874 -49.6854 -8.37208 27.5356 -34.9701 -6.87258 28.5918 -8.12472 -0.752976 10.994 1.38179 -8.4146 10.9313 17.0047 -7.44112 -8.77369 25.7911 -18.1711 -23.8002 23.3709 -4.00232 -46.2389 16.2054 15.6679 -41.8869 7.3868 29.308 -27.0676 -4.33268 26.6755 -21.3794 -23.6648 11.6018 -0.359582 -23.2733 -11.0629 1.83107 -15.0916 -4.97448 -7.04416 3.18816 -5.50742 -4.55273 22.5997 -17.4632 -3.30185 44.6923 -30.5538 15.8208 41.5461 -32.2439 27.2527 22.9948 -16.4763 35.5673 9.29393 -10.8485 13.8295 1.56494 9.16596 7.39497 1.83864 17.3292 -15.5484 7.98894 9.33457 -18.3732 -12.1774 17.9662 -21.6676 -35.705 6.0873 -2.82882 -42.9004 0 0 0 0 0 0 0 0 0 0 0 0 0 0 0 0 0 0 0 0 0 0 0 0 0 0
11.2645 19.1548 -49.5684 -8.37665 27.2625 -35.0376 -7.10694 28.4832 -8.18885 -0.6692 11.0787 1.45429 -8.41543 10.9402 17.0344 -7.33959 -8.76589 25.8058 -18.1305 -23.774 23.5546 -4.14976 -46.1818 15.9521 15.6182 -41.8362 7.35502 29.3754 -27.0475 -4.26491 26.9807 -21.4669 -23.6573 11.7033 -0.594986 -23.5866 -10.828 1.61898 -15.0586 -4.41907 -7.06352 3.2003 -5.37229 -4.88535 22.6264 -17.8406 -3.57254 44.4221 -29.8879 16.212 41.4528 -32.0307 27.2526 22.7227 -16.6047 35.6395 8.68949 -10.8259 13.9076 1.05805 9.13751 7.39413 1.91893 17.0174 -15.6437 8.0784 9.49514 -18.2654 -12.2886 18.6668 -21.4407 -35.6201 6.64602 -2.80335 -43.0897 0 0 0 0 0 0 0 0 0 0 0 0 0 0 0 0 0 0 0 0 0 0 0 0 0 0
11.3229 19.3068 -49.4945 -8.33123 27.4752 -35.0156 -7.17539 28.5686 -8.15677 -0.772971 11.1204 1.4305 -8.65039 10.863 16.942 -7.48259 -8.86256 25.657 -18.2252 -23.903 23.3913 -4.17303 -46.2577 15.7648 15.6837 -41.8555 7.40833 29.5009 -27.0877 -4.1665 27.1609 -21.4808 -23.5579 11.8602 -0.62595 -23.5042 -10.6976 1.55222 -15.0378 -4.30103 -7.02034 3.2769 -5.40993 -4.82535 22.6922 -18.0345 -3.65234 44.4046 -30.0468 16.1606 41.484 -32.2108 27.2247 22.7703 -16.8011 35.5165 8.66336 -10.996 13.7312 1.20845 8.99752 7.30111 1.98399 16.9956 -15.7237 8.03712 9.63696 -18.2518 -12.4003 18.9954 -21.2817 -35.6757 6.86378 -2.73013 -43.1782 0 0 0 0 0 0 0 0 0 0 0 0 0 0 0 0 0 0 0 0 0 0 0 0 0 0
11.9571 20.6971 -48.0569 -7.90124 28.4637 -33.6428 -6.7114 30.0347 -6.81342 0.140737 12.9206 3.04125 -9.10779 11.5025 17.5665 -6.84575 -8.12366 26.2207 -16.9535 -23.612 24.215 -2.30396 -45.1451 15.5561 17.6635 -39.9091 8.07953 31.315 -27.9662 -6.04428 26.852 -21.3542 -24.5653 12.5206 -0.21769 -21.7211 -10.3218 1.89105 -14.087 -4.65046 -7.02371 4.2855 -5.62516 -4.65799 23.6867 -18.1346 -2.54505 45.3739 -29.9784 17.2408 41.7544 -31.8341 27.7897 22.7249 -16.4035 37.2519 9.47834 -10.5787 16.2868 0.185487 8.83984 8.70417 2.17859 15.0482 -14.7063 8.5582 8.88167 -16.8105 -12.2749 19.4905 -20.1368 -34.921 7.78267 -1.72715 -43.325 0 0 0 0 0 0 0 0 0 0 0 0 0 0 0 0 0 0 0 0 0 0 0 0 0 0
11.566 22.1688 -48.6999 -5.92051 31.8409 -32.8334 -3.66555 31.156 -6.15198 -0.89423 12.8186 2.40244 -8.48116 12.6513 17.762 -8.03383 -6.93908 26.5878 -16.6821 -22.6456 22.391 -0.48246 -43.8765 18.2871 18.1659 -39.8937 7.94836 31.1839 -27.4827 -6.34595 25.906 -20.2393 -24.3747 11.9935 0.901585 -20.1672 -11.2448 3.12764 -14.0897 -7.14103 -7.16089 3.85361 -6.67884 -5.32088 23.2704 -16.4457 -0.133579 45.4464 -30.7087 17.3877 40.73 -32.4786 27.9292 21.6885 -16.9408 36.852 8.20842 -10.7858 15.5309 0.102921 8.97243 8.81023 1.37268 16.388 -14.4043 6.9647 9.69766 -16.3019 -13.7179 19.7384 -18.8692 -36.697 7.65702 -0.358316 -44.256 0 0 0 0 0 0 0 0 0 0 0 0 0 0 0 0 0 0 0 0 0 0 0 0 0 0
11.8934 22.8043 -48.272 -5.67223 32.7393 -32.6618 -4.14683 31.4761 -5.96605 -1.39578 12.9864 2.2526 -9.21231 12.4635 17.4821 -8.59453 -7.24918 26.013 -16.9913 -22.9962 21.4902 -0.521923 -44.081 17.7507 18.4453 -39.8725 8.14013 31.7231 -27.6496 -6.07324 26.6246 -20.238 -24.0835 12.5905 0.810269 -19.8187 -10.7223 2.8955 -13.9888 -6.66991 -6.98442 4.18812 -6.73009 -4.8706 23.5735 -17.2932 -0.4169 45.5151 -31.4734 17.1837 40.8464 -33.2319 27.75 21.8176 -17.666 36.3664 8.17618 -11.4224 14.8696 0.645607 8.45446 8.46645 1.5603 16.3239 -14.6894 6.72386 10.267 -16.1552 -14.1727 20.9975 -18.1948 -36.8731 8.63603 0.060801 -44.5875 0 0 0 0 0 0 0 0 0 0 0 0 0 0 0 0 0 0 0 0 0 0 0 0 0 0
12.6731 23.7847 -48.3748 -6.39875 31.9968 -33.7623 -5.837 31.7378 -7.03655 -0.613609 14.403 1.97093 -9.50558 12.3417 16.3126 -7.24773 -7.35694 24.4207 -15.3901 -23.3979 20.5876 1.30251 -44.4718 18.7157 19.3462 -41.6537 7.30191 31.8671 -30.4939 -8.28098 25.5956 -22.9906 -25.8329 13.3185 -1.13627 -20.7847 -9.78071 2.64967 -15.2256 -6.65384 -7.36848 3.03398 -6.64454 -5.131 22.405 -17.1053 -2.67628 44.6157 -30.0429 16.072 42.1819 -32.7748 27.7123 23.9863 -18.0133 36.3377 9.52887 -12.2742 14.8515 1.60408 7.46652 9.10629 -0.522186 17.6218 -12.6624 5.75401 11.1354 -16.1368 -14.6643 20.9643 -17.5843 -37.7851 8.81067 1.20161 -44.3697 0 0 0 0 0 0 0 0 0 0 0 0 0 0 0 0 0 0 0 0 0 0 0 0 0 0
12.9556 24.0833 -48.7734 -5.75452 32.7139 -33.948 -5.12313 31.9814 -7.23693 -0.692699 14.2949 1.45932 -9.75384 12.34 15.708 -7.19556 -7.11881 24.2715 -15.1292 -23.35 20.8582 1.87255 -44.1808 19.0953 19.9155 -41.1246 7.74433 31.9906 -30.6378 -8.59969 25.2088 -23.7199 -26.1852 12.9199 -1.79707 -21.4878 -10.1302 2.04977 -15.7714 -6.76431 -7.48735 2.69299 -6.58066 -4.76687 21.9943 -16.8244 -2.10044 44.2794 -31.122 15.4567 41.3452 -33.479 27.5774 23.4253 -18.4483 36.1337 9.21092 -12.3061 14.594 1.77402 7.48668 9.41958 -1.03682 18.5449 -11.9067 5.15042 11.9092 -15.7019 -15.1591 21.5283 -17.2715 -38.3587 9.26617 1.44153 -44.9485 0 0 0 0 0 0 0 0 0 0 0 0 0 0 0 0 0 0 0 0 0 0 0 0 0 0
13.0351 24.2433 -48.7673 -5.78599 32.5717 -33.9131 -5.0201 32.0413 -7.20182 -0.477402 14.4381 1.60312 -9.84854 12.3023 15.6169 -7.14771 -7.11184 24.2362 -15.1903 -23.3421 21.0967 1.71091 -44.2399 19.1781 19.7886 -41.1737 7.88551 31.8647 -30.7909 -8.52365 25.0692 -23.9167 -26.1209 13.0287 -1.84074 -21.5081 -9.98653 2.29085 -15.8581 -6.82034 -7.37645 2.57232 -6.50622 -4.71261 21.8793 -16.6039 -1.94961 44.2185 -31.0329 15.4956 41.2648 -33.5708 27.4951 23.2895 -18.6765 36.0928 8.95824 -12.3232 14.561 1.68217 7.52764 9.50494 -0.915236 18.583 -11.8684 5.11009 11.9732 -15.498 -15.2374 21.6562 -17.115 -38.4069 9.39654 1.57192 -45.0746 0 0 0 0 0 0 0 0 0 0 0 0 0 0 0 0 0 0 0 0 0 0 0 0 0 0
13.2514 24.7198 -48.4487 -5.62629 33.2374 -33.7771 -5.33763 32.2643 -7.0768 -0.824615 14.5502 1.51491 -10.3485 12.168 15.3815 -7.58868 -7.32386 23.8015 -15.4192 -23.5873 20.3384 1.67004 -44.3577 18.7862 20.0088 -41.1182 7.98893 32.3077 -30.9911 -8.411 25.6653 -23.9443 -25.9969 13.5095 -1.95803 -21.2634 -9.57006 2.04078 -15.7876 -6.40434 -7.30213 2.80591 -6.60923 -4.4462 22.0789 -17.2331 -2.17978 44.2164 -31.5766 15.345 41.3214 -34.1056 27.3725 23.3636 -19.2242 35.7376 8.88472 -12.7237 14.0942 2.10649 7.12804 9.23004 -0.805517 18.4645 -12.0605 4.97361 12.3642 -15.3309 -15.5823 22.6193 -16.5721 -38.5163 10.1299 1.8965 -45.354 0 0 0 0 0 0 0 0 0 0 0 0 0 0 0 0 0 0 0 0 0 0 0 0 0 0
15.6074 24.6009 -47.1016 -2.61704 34.0932 -32.2513 -3.18027 31.5489 -5.7198 -1.02843 13.1142 1.77779 -11.3581 11.018 15.0629 -8.06166 -7.50859 25.0901 -15.8897 -23.9535 23.5412 0.48736 -44.4158 18.4558 19.0029 -40.0864 8.45806 31.855 -33.4622 -8.87067 26.3987 -24.6903 -25.9495 15.5121 -2.46471 -19.8279 -7.46109 2.83355 -15.3421 -5.78398 -7.01752 3.1155 -7.4101 -4.65626 22.329 -19.601 -2.04363 43.5225 -34.0434 14.9962 39.0866 -34.4056 27.7751 21.634 -18.0127 35.7805 8.87074 -12.4394 14.2195 1.1883 7.1755 8.61728 -1.88933 18.1922 -12.4067 5.18075 12.9572 -16.482 -15.4357 23.8188 -17.1186 -38.096 11.8734 1.81477 -44.5788 0 0 0 0 0 0 0 0 0 0 0 0 0 0 0 0 0 0 0 0 0 0 0 0 0 0
15.8603 25.0639 -46.756 -2.44999 34.6394 -32.067 -3.5101 31.7041 -5.59876 -1.43581 13.1699 1.66716 -11.8464 10.9201 14.8623 -8.51796 -7.66071 24.7771 -16.176 -24.1583 22.9867 0.462641 -44.4576 18.1153 19.0822 -39.9382 8.4053 32.2054 -33.85 -8.9064 27.1942 -24.6204 -25.8677 16.0839 -2.59629 -19.4424 -6.99305 2.50049 -15.2856 -5.38794 -6.97488 3.36897 -7.51054 -4.35764 22.4923 -20.1829 -2.28144 43.4478 -34.5947 14.8023 39.0826 -34.9356 27.652 21.6819 -18.5548 35.4435 8.77419 -12.8273 13.7437 1.63787 6.78318 8.33985 -1.77905 18.1075 -12.6046 5.0239 13.3633 -16.2917 -15.7734 24.7711 -16.5905 -38.1598 12.6391 2.15544 -44.83 0 0 0 0 0 0 0 0 0 0 0 0 0 0 0 0 0 0 0 0 0 0 0 0 0 0
17.7145 24.9772 -45.4615 -0.893979 33.786 -30.6909 -2.45995 29.5268 -4.46794 -4.10836 10.9463 1.65556 -11.595 9.5485 16.4146 -7.65232 -9.11001 25.9222 -15.5961 -25.5139 24.7636 -0.0560858 -45.7769 17.4554 18.2415 -41.0817 7.24915 30.9033 -35.4399 -10.5327 25.7647 -25.5342 -27.0489 16.5031 -3.04052 -19.7275 -6.00525 3.68908 -15.1734 -5.17879 -6.68992 3.00052 -7.1321 -4.80967 22.2132 -19.5555 -4.0399 43.3625 -33.8376 13.3825 40.3333 -34.8532 26.8084 23.4308 -19.1362 34.4786 9.69584 -14.8029 12.8987 1.50567 4.1875 7.02609 -3.65842 17.48 -11.6635 4.99194 13.7199 -17.5565 -15.3482 24.7969 -17.1678 -37.8854 13.3429 2.3018 -43.4108 0 0 0 0 0 0 0 0 0 0 0 0 0 0 0 0 0 0 0 0 0 0 0 0 0 0
18.1489 25.8347 -44.7218 -0.554636 34.7644 -30.1473 -2.94236 29.756 -4.14404 -5.1311 11.0525 1.3445 -12.5416 9.3714 16.1095 -8.49122 -9.43337 25.2691 -16.1701 -25.91 23.6081 -0.089466 -45.9297 16.8672 18.3283 -40.9786 7.01409 31.4778 -36.2 -10.6382 27.4576 -25.403 -26.8378 17.6672 -3.33582 -18.9779 -5.05649 2.98737 -15.0089 -4.26901 -6.6498 3.55191 -7.38352 -4.37355 22.5265 -20.6866 -4.58128 43.097 -34.8137 13.0059 40.3233 -35.8855 26.5264 23.5004 -20.3454 33.7611 9.34854 -15.5051 11.9017 2.3892 3.40488 6.38861 -3.38192 17.2559 -12.1203 4.72679 14.3971 -17.0244 -15.9721 26.6431 -16.1376 -37.8343 14.8786 2.95827 -43.9311 0 0 0 0 0 0 0 0 0 0 0 0 0 0 0 0 0 0 0 0 0 0 0 0 0 0
20.5648 26.174 -42.7375 0.649549 33.6085 -29.1187 -2.56823 28.3931 -3.26056 -9.05983 11.1494 1.66817 -14.207 9.46929 17.1841 -8.59761 -9.18119 25.6508 -14.9533 -26.0876 23.466 2.7446 -45.2027 20.2661 19.345 -42.2668 7.57071 32.2358 -34.8356 -9.09908 27.5005 -25.3459 -25.8376 17.4903 -2.99421 -19.2831 -5.2037 3.18872 -14.958 -4.15516 -6.68206 3.46275 -7.86527 -4.99536 22.3731 -21.9419 -5.03315 42.4002 -35.8388 12.6168 39.0098 -36.3604 25.8958 21.9817 -20.286 34.288 9.2697 -14.132 12.9827 1.81131 5.26961 7.70007 -0.999277 17.3697 -12.5153 4.8233 13.8812 -14.9775 -16.0583 25.8207 -16.4326 -37.932 16.679 3.63919 -44.6793 0 0 0 0 0 0 0 0 0 0 0 0 0 0 0 0 0 0 0 0 0 0 0 0 0 0
20.1973 26.6026 -42.6799 0.433422 34.1518 -28.9067 -2.66873 28.857 -3.05089 -8.50857 11.3973 1.88483 -14.0501 9.62719 17.2481 -8.49833 -8.99392 25.8159 -14.7024 -25.9374 23.4962 3.16706 -44.8777 20.2218 19.6421 -41.8097 7.39684 32.4317 -34.0687 -9.2064 27.5955 -24.273 -25.734 17.5424 -2.09094 -18.7058 -5.20234 4.05704 -14.6096 -4.53033 -6.37859 3.4996 -8.08613 -5.09216 22.466 -22.0801 -4.71523 42.5429 -35.8081 13.0282 38.9674 -36.6643 25.7255 21.5322 -20.8074 34.347 8.70538 -14.3801 13.1324 1.22461 5.10172 7.9114 -1.03665 17.0646 -12.3248 4.98833 13.9254 -14.7819 -15.9462 26.1935 -15.8733 -37.6525 16.6791 3.99809 -44.464 0 0 0 0 0 0 0 0 0 0 0 0 0 0 0 0 0 0 0 0 0 0 0 0 0 0
20.5483 27.7133 -41.571 0.736057 35.3877 -27.9386 -3.20035 29.1319 -2.44749 -9.9786 11.8255 1.56404 -15.368 9.43886 16.8848 -9.58665 -9.42336 24.701 -15.332 -26.3407 21.4381 2.93859 -45.0077 19.1269 20.0468 -41.637 7.30453 33.4506 -35.2186 -9.31419 29.9876 -24.1108 -25.2247 19.2329 -2.58823 -17.3521 -3.75899 3.10653 -14.2584 -3.38596 -6.27566 4.38691 -8.56505 -4.61729 22.865 -23.7351 -5.64583 41.9303 -37.2281 12.3639 38.8902 -38.1754 25.364 21.6887 -22.5362 33.2144 8.16264 -15.5822 11.6886 2.51732 3.81371 7.00248 -0.948504 16.7021 -12.8067 4.43155 15.0857 -13.7308 -16.6867 28.8649 -14.3891 -37.4016 19.3072 5.20716 -44.8786 0 0 0 0 0 0 0 0 0 0 0 0 0 0 0 0 0 0 0 0 0 0 0 0 0 0
20.5999 28.0152 -41.2042 2.46821 36.2866 -25.9031 -2.14818 27.3074 -1.54471 -13.0197 12.8065 0.914894 -17.715 8.79581 16.0202 -8.88571 -8.91888 22.8761 -13.7084 -26.1353 22.6455 5.34113 -44.0205 20.7974 21.7401 -40.7825 8.03043 34.1107 -34.9865 -9.52196 29.8302 -24.1226 -25.3789 18.9826 -2.72207 -17.3075 -4.04605 3.00354 -14.5905 -4.14617 -6.88895 3.77739 -9.38004 -5.55258 22.2632 -24.789 -5.45606 41.1276 -35.1855 14.2951 39.2786 -37.4218 26.8898 21.9489 -23.3894 33.0165 6.3062 -16.3318 11.1813 2.78966 2.70175 6.27888 -1.91629 16.7358 -12.204 4.73265 15.3094 -14.6271 -16.2252 28.7576 -14.1268 -37.1253 18.6208 5.48167 -43.669 0 0 0 0 0 0 0 0 0 0 0 0 0 0 0 0 0 0 0 0 0 0 0 0 0 0
21.1015 29.1816 -39.9639 2.49202 37.1209 -25.0832 -2.88454 27.6175 -1.10303 -14.0997 13.3043 0.714151 -18.7667 8.62773 15.6194 -9.7654 -9.25089 21.7441 -14.2752 -26.4806 20.5359 5.0424 -44.1168 19.8716 21.89 -40.9253 7.71421 34.8759 -36.0439 -9.63505 32.5212 -23.6611 -24.5338 20.6288 -3.10724 -15.8867 -2.6355 1.84901 -14.109 -2.91347 -6.85354 4.80378 -9.67934 -5.29801 22.6911 -26.2418 -6.36182 40.4074 -36.7284 13.3726 38.9911 -38.8299 26.4377 22.0065 -25.3047 31.6689 5.65776 -17.3519 10.0199 3.95397 1.33172 5.32069 -2.00865 16.2237 -12.6257 4.12705 16.2458 -13.283 -16.8845 31.1858 -12.5555 -36.6486 21.3446 6.935 -43.9094 0 0 0 0 0 0 0 0 0 0 0 0 0 0 0 0 0 0 0 0 0 0 0 0 0 0
18.9254 30.9726 -40.8166 1.18731 39.0633 -25.0341 -3.67799 28.9962 -1.18762 -12.1922 13.2017 0.373187 -18.6311 8.51 14.4636 -9.74362 -8.62271 22.3394 -13.4961 -26.036 21.6302 6.55182 -42.8051 21.3847 22.8511 -39.7102 8.50983 35.0909 -35.6977 -9.53859 32.9599 -22.966 -24.1663 21.5639 -2.3463 -15.0477 -1.4921 3.55282 -13.9842 -3.0347 -6.15811 4.28588 -9.60456 -4.92081 22.2667 -25.7513 -6.94745 40.2478 -38.3548 11.2244 38.0512 -38.867 26.1874 22.8855 -23.9573 32.9791 8.74624 -17.9314 12.0384 2.682 0.536824 6.66913 -3.34368 15.1386 -11.3097 3.33881 16.587 -11.4324 -17.5771 32.671 -9.36888 -36.2054 21.675 8.98791 -44.4503 0 0 0 0 0 0 0 0 0 0 0 0 0 0 0 0 0 0 0 0 0 0 0 0 0 0
18.506 31.3027 -40.5508 -0.533026 38.8502 -26.2095 -5.7957 30.1222 -1.96712 -9.42297 13.5595 1.182 -17.7757 7.94506 13.5629 -9.18316 -8.46167 22.9737 -12.8916 -25.8554 23.4123 7.1381 -42.635 22.8371 22.3535 -40.5282 8.65286 33.2073 -37.0135 -10.2824 34.1941 -22.5781 -22.678 20.8669 -3.04066 -14.0945 -2.5171 0.97115 -13.9934 -3.52348 -2.86278 5.46248 -11.1771 -4.99309 22.5373 -26.7469 -5.03253 41.009 -37.7341 14.0346 38.5344 -38.3428 27.9912 22.4965 -23.4131 34.1384 8.10277 -17.7651 12.9521 2.59561 0.730542 6.99197 -2.66408 13.5748 -12.5246 2.60783 14.728 -11.5061 -18.2687 30.6247 -9.61688 -37.0729 20.2775 9.33875 -44.7104 0 0 0 0 0 0 0 0 0 0 0 0 0 0 0 0 0 0 0 0 0 0 0 0 0 0
19.0052 32.4118 -39.5614 -0.314201 39.6894 -25.4651 -6.20039 30.3205 -1.62858 -10.6273 13.8722 0.852222 -18.6452 8.02542 13.3393 -10.0068 -8.74973 21.9898 -13.2735 -26.1644 21.1483 6.93128 -42.6108 22.2845 22.2131 -41.7185 8.09528 34.3535 -37.2203 -9.71447 36.1791 -22.1475 -21.1346 22.1377 -3.12341 -12.582 -1.24501 0.603361 -13.5774 -3.10187 -3.16883 5.80898 -11.3013 -4.56674 22.6792 -27.5315 -5.6984 40.4794 -38.9493 13.1362 38.245 -39.6795 27.4149 22.5051 -25.3482 32.9888 7.33542 -18.6846 11.8168 3.52506 -0.417952 6.34339 -2.81459 13.3263 -12.6689 1.86244 15.567 -9.95966 -18.6724 32.3578 -8.14219 -36.6488 22.612 10.9735 -44.6371 0 0 0 0 0 0 0 0 0 0 0 0 0 0 0 0 0 0 0 0 0 0 0 0 0 0
