# num_vectors 31
# vector_size 401
-14.966 -19.8512 -16.5138 -11.2155 -20.8945 -17.1672 -7.3417 -21.3644 -17.7639 -3.4264 -21.2928 -18.2618 0.462475 -20.7149 -18.6159 4.28515 -19.664 -18.7801 7.96803 -18.1892 -18.7056 11.4636 -16.346 -18.3484 14.7296 -14.1975 -17.6688 17.7291 -11.8111 -16.6319 20.4226 -9.26261 -15.2114 22.7727 -6.63033 -13.3904 24.7417 -3.99659 -11.1648 26.2889 -1.45545 -8.55508 27.3895 0.913391 -5.58195 28.0187 3.01773 -2.28983 28.1618 4.76156 1.25992 27.8204 6.03913 4.96411 27.0099 6.76479 8.74382 25.7632 6.84814 12.4732 24.1384 6.21929 15.9994 22.2158 4.88973 19.1338 20.0559 2.97277 21.7698 17.7257 0.599599 23.8257 15.2849 -2.09794 25.259 12.7655 -5.01925 26.0612 10.2303 -8.03081 26.2289 7.71546 -11.0319 25.7889 5.24905 -13.9344 24.7804 2.83542 -16.6774 23.2419 0.499508 -19.175 21.2361 -1.75865 -21.3686 18.8266 -3.94715 -23.2076 16.0796 -6.08287 -24.6486 13.0569 -8.17659 -25.6441 9.83199 -10.2404 -26.1509 6.47663 -12.2801 -26.128 3.06878 -14.2884 -25.5426 -0.295761 -16.2601 -24.3759 -3.52787 -18.1807 -22.6313 -6.52182 -20.0366 -20.3424 -9.16981 -21.8105 -17.5925 -11.3577 -23.5175 -14.4575 -13.0169 -25.1696 -11.0453 -14.0764 -26.7825 -7.47742 -14.4827 -28.1649 -3.84723 -14.1086 -29.131 -0.267246 -12.8923 -29.6369 3.09288 -10.9731 -29.685 6.11871 -8.50896 -29.2926 8.76259 -5.62524 -28.4866 10.9666 -2.47052 -27.2949 12.7164 0.842851 -25.7429 14.0093 4.21618 -23.84 14.858 7.58356 -21.6205 15.2721 10.8367 -19.1096 15.2855 13.8986 -16.3328 14.9448 16.7012 -13.3064 14.3037 19.1915 -10.0636 13.4246 21.3088 -6.63161 12.3713 23.0067 -3.04185 11.2072 24.2438 0.66167 9.99692 24.9819 4.43706 8.80187 25.1921 8.22766 7.68795 24.8511 11.967 6.72592 23.9468 15.5546 5.99673 22.4923 18.9284 5.57351 20.5032 21.9884 5.53693 18.0226 24.623 5.95965 15.1246 26.6914 6.87383 11.9484 28.1381 8.20613 8.58168 28.9217 9.85474 5.13631 29.0336 11.7167 1.71237 28.4858 13.709 -1.62437 27.3134 15.7328 -4.7762 25.5688 17.7127 -7.68128 23.3139 19.5844 -10.2918 20.5946 21.3043 -12.59 17.4984 22.8081 -14.5355 14.0973 24.0519 -16.123 10.4624 24.9968 -17.3595 6.64618 25.6108 -18.2651 2.72882 25.8597 -18.8594 -1.22629 25.7181 -19.1726 -5.15695 25.1643 -19.2371 -8.99879 24.1806 -19.0857 -12.6868 22.7538 -18.7495 -16.1496 20.878 -18.2577 -19.3101 18.559 -17.6393 -22.0816 15.8266 -16.9288 -24.3992 12.7129 -16.1639 -26.1978 9.27374 -15.3967 -27.4283 5.58013 -14.6934 -28.0585 1.73854 -14.1376 -28.0864 -2.18039 -13.8133 -27.5187 -6.0716 -13.8119 -26.2876 -9.79327 -14.1236 -24.2968 -13.1448 -14.6113 -21.6367 -15.9754 -15.1992 -18.4757 -18.2168 -15.8463 -1.30808 -1.30812 -1.30825 -1.30827 -1.3081 -1.30778 -1.30737 -1.30696 -1.30658 -1.30619 -1.30569 -1.30495 -1.30388 -1.30253 -1.3011 -1.29994 -1.29932 -1.29927 -1.29946 -1.29927 -1.29841 -1.29728 -1.29641 -1.29606 -1.29621 -1.29665 -1.29709 -1.29733 -1.29732 -1.29715 -1.29692 -1.29672 -1.29654 -1.29636 -1.29618 -1.29612 -1.29635 -1.29696 -1.29779 -1.29841 -1.29825 -1.29711 -1.29541 -1.29428 -1.29393 -1.29376 -1.29333 -1.29259 -1.29161 -1.2905 -1.28943 -1.28852 -1.2878 -1.28727 -1.28688 -1.28659 -1.28635 -1.28615 -1.28592 -1.28556 -1.28495 -1.28409 -1.2831 -1.28231 -1.28206 -1.28251 -1.28341 -1.28413 -1.28397 -1.28317 -1.28257 -1.28268 -1.28358 -1.285 -1.2865 -1.28774 -1.28862 -1.28919 -1.28962 -1.29008 -1.29064 -1.29129 -1.29193 -1.29248 -1.29289 -1.29325 -1.2938 -1.29481 -1.29642 -1.29842 -1.30021 -1.30106 -1.30057 -1.29911 -1.29788 -1.29777 -1.29805 -1.29769 -1.29692 -1.2963 -0.271636
-12.9872 -20.058 -17.4428 -9.17934 -20.8273 -18.1427 -5.28222 -21.0147 -18.7432 -1.3775 -20.6611 -19.2024 2.46767 -19.8112 -19.4767 6.21477 -18.5068 -19.5218 9.79325 -16.8078 -19.2933 13.1594 -14.7778 -18.7526 16.2752 -12.4862 -17.8663 19.1087 -10.0062 -16.6063 21.6258 -7.41768 -14.9535 23.7949 -4.80223 -12.8987 25.5848 -2.244 -10.4455 26.9623 0.163317 -7.62244 27.9085 2.34186 -4.45686 28.4048 4.20361 -1.00001 28.4414 5.65904 2.68002 28.0236 6.61324 6.47274 27.1681 6.98995 10.2932 25.9083 6.71263 14.0087 24.3021 5.72838 17.4614 22.4352 4.0684 20.4693 20.3652 1.8561 22.941 18.1526 -0.771705 24.8085 15.8491 -3.68108 26.0405 13.4797 -6.77255 26.6353 11.0987 -9.91169 26.5973 8.73605 -12.9993 25.9575 6.4149 -15.9489 24.7587 4.13714 -18.7021 23.0417 1.92447 -21.1759 20.8733 -0.224177 -23.3161 18.3198 -2.31742 -25.0772 15.4503 -4.37231 -26.4212 12.3284 -6.40029 -27.3072 9.0304 -8.41464 -27.6989 5.62987 -10.4234 -27.5621 2.20637 -12.4225 -26.8712 -1.14366 -14.4098 -25.6127 -4.33146 -16.3731 -23.7946 -7.25309 -18.299 -21.4534 -9.80362 -20.1661 -18.6745 -11.8741 -21.9839 -15.5342 -13.4003 -23.756 -12.1411 -14.3175 -25.4892 -8.61627 -14.5781 -27.0251 -5.06407 -14.0763 -28.1647 -1.57478 -12.7515 -28.8464 1.69438 -10.7322 -29.0653 4.63201 -8.17245 -28.8348 7.19048 -5.1957 -28.1771 9.31318 -1.95204 -27.1186 10.9877 1.44444 -25.6834 12.2147 4.89329 -23.8806 13.0098 8.32813 -21.7428 13.3863 11.6401 -19.2955 13.3805 14.7531 -16.5645 13.0397 17.6003 -13.5676 12.4184 20.131 -10.3394 11.5793 22.2865 -6.90861 10.5863 24.0228 -3.30771 9.50299 25.3003 0.41846 8.39398 26.0823 4.22734 7.32066 26.34 8.0609 6.34835 26.0496 11.8501 5.54675 25.1981 15.4904 4.99359 23.798 18.9155 4.75976 21.866 22.0208 4.92075 19.4474 24.6914 5.5419 16.619 26.7894 6.65039 13.5252 28.2608 8.16725 10.2485 29.0608 9.98564 6.89348 29.1776 11.9981 3.55596 28.6211 14.1182 0.300379 27.4263 16.2422 -2.7762 25.6478 18.292 -5.61137 23.3514 20.202 -8.15719 20.5874 21.9284 -10.3963 17.4481 23.4079 -12.2908 14.0097 24.5991 -13.8379 10.3464 25.466 -15.0472 6.5128 25.9797 -15.942 2.59093 26.1099 -16.5445 -1.35473 25.835 -16.887 -5.2611 25.1368 -17.0044 -9.06321 24.0015 -16.931 -12.6954 22.4189 -16.7002 -16.0857 20.3867 -16.3432 -19.1565 17.9139 -15.891 -21.8209 15.0346 -15.3787 -24.0135 11.7853 -14.8442 -25.6698 8.22851 -14.3366 -26.7422 4.44372 -13.9163 -27.2029 0.54714 -13.655 -27.0534 -3.38233 -13.6254 -26.3061 -7.23309 -13.9028 -24.8821 -10.8557 -14.4616 -22.6953 -14.0452 -15.1536 -19.8745 -16.6728 -15.9104 -16.588 -18.6804 -16.6869 1.0345 1.03656 1.03801 1.03904 1.03983 1.04045 1.04092 1.04124 1.04139 1.04134 1.04103 1.04034 1.03906 1.0369 1.03355 1.02873 1.02235 1.01459 1.00591 0.99703 0.988074 0.978975 0.96976 0.960536 0.951511 0.943037 0.935482 0.929059 0.923787 0.919542 0.916119 0.913307 0.910952 0.908967 0.907315 0.906009 0.905164 0.905065 0.906174 0.908988 0.913741 0.920155 0.927419 0.934545 0.94461 0.958289 0.971468 0.983348 0.993938 1.00332 1.01153 1.01857 1.02438 1.02892 1.03216 1.03417 1.03508 1.03499 1.03403 1.03227 1.02975 1.02643 1.02209 1.01648 1.00939 1.0008 0.991022 0.980715 0.970374 0.960658 0.951659 0.943313 0.935667 0.928971 0.923551 0.91961 0.917149 0.916005 0.915916 0.916614 0.917926 0.919782 0.922193 0.925216 0.928893 0.933227 0.938191 0.943784 0.95011 0.957421 0.966 0.975878 0.986508 0.996743 1.00517 1.01369 1.02438 1.03394 1.04144 1.04664 -0.266577
-10.7231 -21.4357 -18.5029 -6.82318 -21.9406 -18.8459 -2.88322 -21.8805 -19.0836 1.02036 -21.3026 -19.188 4.8248 -20.2513 -19.1248 8.49338 -18.764 -18.8533 11.9558 -16.8971 -18.3332 15.1672 -14.7107 -17.5264 18.0883 -12.2727 -16.4004 20.6864 -9.65575 -14.9278 22.928 -6.94181 -13.09 24.7834 -4.21638 -10.877 26.2243 -1.57086 -8.29009 27.2219 0.889749 -5.35546 27.7608 3.07338 -2.09914 27.8289 4.87675 1.42299 27.4271 6.2 5.13103 26.5788 6.95148 8.89738 25.3172 7.07403 12.6207 23.6935 6.5302 16.1615 21.7737 5.31989 19.3738 19.6474 3.49669 22.102 17.3911 1.14968 24.2673 15.0818 -1.60274 25.8101 12.7799 -4.63427 26.7042 10.5114 -7.84638 26.9512 8.3221 -11.0996 26.5659 6.22743 -14.2905 25.5885 4.2324 -17.3299 24.0699 2.32278 -20.1597 22.0543 0.501046 -22.6973 19.613 -1.24861 -24.8904 16.812 -2.94708 -26.6946 13.7172 -4.62116 -28.0712 10.389 -6.29204 -28.9758 6.90122 -7.98052 -29.3664 3.32755 -9.70031 -29.2026 -0.248737 -11.4513 -28.4558 -3.72328 -13.2329 -27.1156 -6.99815 -15.0361 -25.202 -9.96171 -16.8545 -22.7709 -12.507 -18.68 -19.93 -14.53 -20.5398 -16.7759 -15.9749 -22.4594 -13.4357 -16.7834 -24.4119 -10.0191 -16.8857 -26.1479 -6.60142 -16.1545 -27.442 -3.29001 -14.5456 -28.2458 -0.251449 -12.2324 -28.5639 2.41249 -9.39828 -28.4215 4.6691 -6.18154 -27.8481 6.48212 -2.74004 -26.8729 7.85464 0.813212 -25.518 8.79957 4.38129 -23.7884 9.34095 7.90212 -21.7107 9.50342 11.2692 -19.3051 9.33164 14.4099 -16.5946 8.88131 17.2615 -13.5951 8.21409 19.7774 -10.3413 7.40026 21.9038 -6.86267 6.51132 23.6009 -3.1938 5.61944 24.8321 0.616468 4.79837 25.5624 4.51826 4.11914 25.7638 8.44078 3.65323 25.4139 12.2961 3.46844 24.504 15.9568 3.62218 23.0571 19.3367 4.15625 21.1054 22.3224 5.09454 18.713 24.8058 6.42827 15.9614 26.6745 8.0895 12.9696 27.8921 10.0207 9.8089 28.4275 12.1382 6.57901 28.2823 14.3522 3.3728 27.4775 16.5893 0.250205 26.0611 18.7525 -2.70253 24.0952 20.7689 -5.43605 21.6486 22.5767 -7.91571 18.7705 24.1349 -10.1345 15.5523 25.386 -12.0608 12.0671 26.2956 -13.6921 8.38736 26.8368 -15.034 4.56713 26.9889 -16.1033 0.689047 26.7338 -16.9134 -3.18107 26.0608 -17.4882 -6.97849 24.9622 -17.8538 -10.6365 23.4338 -18.0363 -14.0877 21.4745 -18.0594 -17.2589 19.0909 -17.9441 -20.072 16.3016 -17.7096 -22.4433 13.152 -17.379 -24.3122 9.68778 -16.9819 -25.625 5.9794 -16.5623 -26.3493 2.1088 -16.1812 -26.4774 -1.81261 -15.9166 -26.0267 -5.7186 -15.8518 -25.026 -9.51497 -16.0752 -23.3757 -13.0556 -16.5268 -20.9803 -16.1231 -17.0618 -17.9427 -18.5578 -17.5901 -14.4669 -20.3228 -18.0783 0.0666172 0.0566572 0.0474338 0.0393549 0.0326998 0.0276672 0.0243733 0.0228757 0.0232208 0.0254293 0.02942 0.0349506 0.0415189 0.0483919 0.0547405 0.0598494 0.0634028 0.0656488 0.067397 0.0698143 0.0724989 0.073107 0.0700083 0.0626264 0.0512243 0.0366095 0.0198905 0.00207811 -0.0160929 -0.0340973 -0.0515899 -0.0684221 -0.0845393 -0.0999041 -0.114478 -0.128151 -0.140611 -0.151221 -0.159039 -0.162985 -0.162226 -0.156415 -0.145513 -0.129759 -0.104146 -0.0704885 -0.038975 -0.0108906 0.0138825 0.0357733 0.0551447 0.0721643 0.0867488 0.0986048 0.107429 0.113104 0.115634 0.115038 0.111263 0.104103 0.0931477 0.0778136 0.0574292 0.0315229 0.000240804 -0.0354492 -0.0737025 -0.11169 -0.1459 -0.174084 -0.19692 -0.215364 -0.230056 -0.241099 -0.248301 -0.251511 -0.250766 -0.246328 -0.238704 -0.228501 -0.216279 -0.202534 -0.187677 -0.171985 -0.155669 -0.138908 -0.121925 -0.105018 -0.0886037 -0.0731436 -0.0591593 -0.0473008 -0.0383939 -0.0332322 -0.0322829 -0.0316178 -0.0300365 -0.0313942 -0.0367407 -0.0449396 -0.403313
-10.0973 -21.8497 -18.9736 -6.16754 -22.2123 -19.0594 -2.22628 -21.9913 -19.0265 1.64511 -21.24 -18.8514 5.3793 -20.0085 -18.5017 8.93424 -18.3389 -17.9367 12.2354 -16.2946 -17.1198 15.2346 -13.942 -16.0178 17.8912 -11.3561 -14.6034 20.1727 -8.61614 -12.8558 22.0494 -5.81038 -10.7644 23.4974 -3.0294 -8.32774 24.4971 -0.367677 -5.55596 25.0333 2.06962 -2.48449 25.1043 4.19344 0.854164 24.715 5.90652 4.40043 23.8837 7.11659 8.07559 22.6521 7.73946 11.7587 21.0635 7.72016 15.3567 19.1795 7.01904 18.7372 17.0752 5.62998 21.7558 14.8511 3.60192 24.2516 12.5866 1.04579 26.1559 10.3529 -1.90232 27.4239 8.19924 -5.10651 28.0431 6.13979 -8.46556 28.0224 4.20592 -11.8386 27.3838 2.4008 -15.1234 26.1688 0.71941 -18.2325 24.4278 -0.858904 -21.1091 22.2027 -2.34072 -23.6715 19.5653 -3.74837 -25.869 16.5809 -5.1083 -27.6586 13.3151 -6.45169 -29.0032 9.82771 -7.80482 -29.8594 6.19305 -9.1929 -30.1858 2.48612 -10.6343 -29.9425 -1.20679 -12.1343 -29.103 -4.77628 -13.6966 -27.661 -8.11921 -15.3159 -25.6438 -11.12 -16.9881 -23.1171 -13.6723 -18.706 -20.199 -15.6796 -20.495 -16.9927 -17.0989 -22.379 -13.6278 -17.8882 -24.3014 -10.1935 -17.9671 -25.9851 -6.76333 -17.1747 -27.1946 -3.47246 -15.4613 -27.8829 -0.49393 -13.0355 -28.0593 2.07535 -10.1033 -27.7571 4.20935 -6.81474 -27.0165 5.8811 -3.33385 -25.8742 7.10299 0.224611 -24.3577 7.89814 3.7641 -22.4743 8.30082 7.22405 -20.2534 8.34841 10.5021 -17.7158 8.09658 13.5316 -14.884 7.61077 16.2568 -11.7725 6.96139 18.6376 -8.41442 6.22711 20.6265 -4.8388 5.48805 22.1885 -1.08134 4.82609 23.2909 2.8044 4.32476 23.9034 6.76014 4.0647 24.0052 10.7029 4.123 23.5848 14.531 4.56632 22.6492 18.105 5.43686 21.2398 21.3289 6.7425 19.3906 24.0823 8.43125 17.1356 26.2627 10.4303 14.5341 27.7824 12.6288 11.6952 28.6244 14.955 8.68155 28.7776 17.3186 5.58438 28.2589 19.6351 2.49126 27.0982 21.8427 -0.538913 25.3542 23.8599 -3.41879 23.0959 25.631 -6.09578 20.3985 27.1115 -8.53194 17.3155 28.274 -10.7178 13.9449 29.0797 -12.6212 10.3629 29.5105 -14.2394 6.6427 29.5554 -15.5782 2.83741 29.2069 -16.6548 -0.973528 28.4635 -17.4825 -4.72948 27.327 -18.0845 -8.37235 25.8009 -18.4863 -11.8433 23.8899 -18.7122 -15.0833 21.5991 -18.7847 -18.0282 18.9392 -18.7229 -20.6101 15.9308 -18.5439 -22.757 12.6191 -18.2685 -24.4201 9.04604 -17.9235 -25.5578 5.27546 -17.5498 -26.1483 1.37867 -17.2062 -26.1881 -2.54653 -16.971 -25.6892 -6.44702 -16.934 -24.6652 -10.2346 -17.1974 -22.9876 -13.7621 -17.6515 -20.5376 -16.7983 -18.1127 -17.4337 -19.176 -18.4949 -13.8929 -20.8536 -18.7836 0.468142 0.449194 0.431694 0.416203 0.403135 0.392864 0.385719 0.381965 0.381811 0.385411 0.392736 0.403506 0.417069 0.43247 0.44863 0.464568 0.479616 0.493556 0.506519 0.518646 0.527907 0.530401 0.52512 0.512392 0.493271 0.469226 0.441918 0.412786 0.382857 0.35292 0.323529 0.294918 0.267142 0.240171 0.21399 0.1887 0.164792 0.143284 0.12563 0.113409 0.107715 0.108819 0.116535 0.130392 0.154735 0.187537 0.218283 0.245393 0.268872 0.289269 0.30709 0.322576 0.335652 0.34597 0.353136 0.356894 0.357062 0.353382 0.345416 0.332451 0.313466 0.287227 0.252426 0.208099 0.154153 0.0912199 0.0220786 -0.0459347 -0.105558 -0.153388 -0.18984 -0.216101 -0.233383 -0.242533 -0.244252 -0.239299 -0.228532 -0.21297 -0.193787 -0.172103 -0.148837 -0.12478 -0.100563 -0.0765637 -0.0530009 -0.0299728 -0.00754206 0.0141285 0.0346764 0.0535755 0.0701458 0.0836246 0.0933116 0.0988593 0.100435 0.1026 0.103449 0.0970808 0.0838748 0.0665335 -0.702772
-9.04709 -21.2144 -20.6479 -5.10222 -21.2939 -20.5314 -1.19604 -20.7926 -20.2597 2.59155 -19.773 -19.8154 6.19445 -18.2942 -19.171 9.57112 -16.406 -18.2894 12.6499 -14.1817 -17.1416 15.3862 -11.6953 -15.701 17.7437 -9.02816 -13.9479 19.6955 -6.26463 -11.8693 21.2178 -3.49627 -9.4638 22.2936 -0.814343 -6.7402 22.9102 1.68964 -3.72079 23.0616 3.91863 -0.454204 22.753 5.79479 3.01668 21.9979 7.23495 6.62474 20.8237 8.15979 10.2892 19.2842 8.49437 13.8931 17.4337 8.18084 17.3495 15.3535 7.17033 20.5308 13.1482 5.44434 23.2926 10.9493 3.06392 25.4804 8.81417 0.185924 27.0447 6.78697 -3.02968 27.9606 4.89075 -6.43838 28.2323 3.12192 -9.94122 27.8768 1.49674 -13.4017 26.9236 0.0111851 -16.7249 25.4154 -1.34345 -19.8292 23.4023 -2.58849 -22.6627 20.9248 -3.7361 -25.1484 18.0573 -4.8134 -27.2398 14.8664 -5.85286 -28.8991 11.4191 -6.89187 -30.0941 7.77669 -7.96459 -30.7876 4.01595 -9.10404 -30.9445 0.214417 -10.3369 -30.532 -3.53849 -11.6772 -29.532 -7.13006 -13.1351 -27.946 -10.4549 -14.7091 -25.8101 -13.3971 -16.3942 -23.1982 -15.8534 -18.1764 -20.2362 -17.7363 -20.0712 -17.0317 -19.0156 -22.0911 -13.7165 -19.6669 -24.1759 -10.3777 -19.6184 -26.0398 -7.07826 -18.6864 -27.434 -3.94982 -16.8162 -28.2972 -1.15595 -14.2318 -28.631 1.2173 -11.1518 -28.4663 3.15319 -7.73346 -27.841 4.63666 -4.14624 -26.7921 5.69013 -0.506093 -25.3484 6.34653 3.09176 -23.5185 6.64866 6.5905 -21.3331 6.64273 9.89271 -18.8147 6.38958 12.938 -15.9877 5.95656 15.677 -12.8695 5.41337 18.0757 -9.49704 4.8357 20.0918 -5.90364 4.30083 21.6956 -2.12916 3.89029 22.8604 1.76878 3.69161 23.5621 5.72673 3.7962 23.7849 9.65171 4.2969 23.5212 13.4219 5.27778 22.78 16.8644 6.78883 21.6035 19.8823 8.75015 20.0025 22.3777 11.0555 18.0083 24.2772 13.5935 15.6698 25.5224 16.2277 13.0789 26.1107 18.8847 10.2867 26.038 21.4751 7.37344 25.3217 23.9194 4.42132 23.9883 26.1624 1.48974 22.0967 28.1283 -1.33186 19.7169 29.7692 -3.98647 16.9273 31.0492 -6.43233 13.7852 31.9487 -8.65789 10.3935 32.4412 -10.6292 6.83074 32.5205 -12.3425 3.17136 32.187 -13.8027 -0.531535 31.4434 -15.026 -4.20021 30.3005 -16.0237 -7.77647 28.7703 -16.8174 -11.2053 26.8654 -17.4304 -14.4314 24.5991 -17.8852 -17.4 21.9843 -18.2021 -20.0525 19.0385 -18.3974 -22.3278 15.7883 -18.4852 -24.1629 12.2834 -18.4819 -25.5164 8.56655 -18.4109 -26.354 4.70138 -18.309 -26.6585 0.75768 -18.2306 -26.4305 -3.1681 -18.2487 -25.68 -7.02294 -18.4512 -24.4198 -10.7163 -18.9358 -22.5102 -14.0988 -19.5491 -19.8426 -16.9353 -20.0704 -16.5685 -19.0773 -20.4251 -12.9091 -20.4942 -20.6143 0.358282 0.333816 0.310694 0.289807 0.27177 0.257114 0.246315 0.239738 0.237623 0.24009 0.24698 0.257844 0.271906 0.288207 0.30588 0.324307 0.343184 0.362374 0.381545 0.399465 0.411029 0.409337 0.39585 0.372782 0.342418 0.306929 0.268327 0.228124 0.187299 0.146611 0.106618 0.0675721 0.0295424 -0.00745603 -0.0433279 -0.0777145 -0.109681 -0.137575 -0.159305 -0.172888 -0.177287 -0.172741 -0.160093 -0.139361 -0.102218 -0.0513872 -0.00327343 0.039155 0.0755961 0.106718 0.133237 0.155561 0.173681 0.187233 0.195827 0.199282 0.197509 0.19034 0.177379 0.15784 0.130438 0.0933516 0.0442588 -0.019271 -0.0990247 -0.193915 -0.29585 -0.394371 -0.480096 -0.548914 -0.601365 -0.638865 -0.662954 -0.674857 -0.675747 -0.666962 -0.649916 -0.62616 -0.597389 -0.565145 -0.530676 -0.495073 -0.459218 -0.423645 -0.388625 -0.354214 -0.320356 -0.287122 -0.254907 -0.224465 -0.196911 -0.173574 -0.155738 -0.144112 -0.138662 -0.130352 -0.121891 -0.124736 -0.138552 -0.159221 -0.82353
-7.72039 -21.8769 -23.894 -3.78045 -21.7127 -23.7159 0.0816916 -20.9724 -23.3708 3.78864 -19.7234 -22.8404 7.27692 -18.0315 -22.0973 10.5073 -15.9518 -21.1051 13.4128 -13.5651 -19.8379 15.9538 -10.9503 -18.2727 18.0999 -8.19164 -16.3941 19.8296 -5.37511 -14.1935 21.1249 -2.59262 -11.6741 21.9748 0.065244 -8.84896 22.3729 2.50856 -5.74433 22.3202 4.64334 -2.41238 21.8277 6.39529 1.10193 20.9154 7.6861 4.73013 19.6164 8.44223 8.39117 17.99 8.5966 11.969 16.0933 8.09777 15.3783 14.0101 6.90514 18.4939 11.845 5.00904 21.1747 9.7256 2.47957 23.272 7.70326 -0.526665 24.7421 5.81531 -3.85044 25.5647 4.07869 -7.34896 25.7469 2.48561 -10.9258 25.3069 1.04598 -14.4457 24.276 -0.248918 -17.8154 22.6971 -1.41197 -20.9555 20.6206 -2.46704 -23.8155 18.086 -3.43071 -26.3198 15.1675 -4.33279 -28.4241 11.931 -5.20824 -30.0928 8.44293 -6.09685 -31.2965 4.76379 -7.03647 -32.0015 0.969719 -8.06476 -32.1761 -2.86261 -9.21422 -31.7905 -6.64472 -10.5054 -30.8271 -10.2642 -11.9531 -29.2866 -13.6148 -13.5579 -27.2026 -16.5774 -15.3114 -24.6466 -19.0447 -17.1891 -21.7431 -20.926 -19.1931 -18.6006 -22.1923 -21.3197 -15.3495 -22.8274 -23.5332 -12.0944 -22.7987 -25.5648 -8.88106 -21.9179 -27.152 -5.81221 -20.1035 -28.217 -3.0525 -17.5581 -28.7508 -0.69451 -14.4946 -28.7763 1.24111 -11.0722 -28.3236 2.73898 -7.46514 -27.4263 3.82279 -3.79352 -26.112 4.52667 -0.155244 -24.3909 4.89399 3.39208 -22.2944 4.9693 6.75061 -19.8478 4.81111 9.86018 -17.0783 4.48431 12.6717 -14.0058 4.05686 15.1514 -10.6693 3.60265 17.2569 -7.10396 3.19796 18.9585 -3.35146 2.92351 20.2295 0.528842 2.86551 21.0454 4.47161 3.11377 21.3902 8.38212 3.75831 21.2553 12.1371 4.87911 20.6471 15.5628 6.52012 19.6032 18.5637 8.6019 18.1272 21.041 11.0173 16.2437 22.9192 13.6526 13.9975 24.1379 16.3669 11.4778 24.6925 19.084 8.73682 24.579 21.7102 5.85712 23.8157 24.1628 2.92377 22.432 26.3847 -0.000546155 20.4907 28.2997 -2.82338 18.0663 29.8617 -5.48531 15.2417 31.0377 -7.94311 12.0778 31.8114 -10.1849 8.68048 32.1619 -12.177 5.13057 32.088 -13.9169 1.50305 31.5949 -15.411 -2.1487 30.6887 -16.6777 -5.74765 29.3843 -17.7298 -9.23653 27.6965 -18.5901 -12.5612 25.6402 -19.2825 -15.6673 23.231 -19.829 -18.501 20.4843 -20.2488 -21.0047 17.4204 -20.5569 -23.1187 14.0684 -20.7668 -24.7814 10.4807 -20.8937 -25.9512 6.702 -20.9622 -26.5929 2.79849 -21.0094 -26.6889 -1.15577 -21.0882 -26.2424 -5.05876 -21.2655 -25.2688 -8.85243 -21.618 -23.7855 -12.4442 -22.2203 -21.6478 -15.6743 -22.8986 -18.7785 -18.3057 -23.4247 -15.3646 -20.2206 -23.7588 -11.6199 -21.3993 -23.9105 0.300676 0.275799 0.25256 0.231983 0.214715 0.201296 0.192156 0.187615 0.187877 0.193002 0.202735 0.216482 0.233269 0.251953 0.271502 0.291197 0.31065 0.32962 0.347594 0.363097 0.370774 0.363997 0.344567 0.314981 0.277705 0.235068 0.18926 0.141938 0.0941895 0.0468936 0.000718804 -0.0440378 -0.0872827 -0.128967 -0.168931 -0.206702 -0.241116 -0.270219 -0.291598 -0.303072 -0.30371 -0.294214 -0.276149 -0.25025 -0.205298 -0.143929 -0.085731 -0.0343524 0.00979853 0.0473237 0.0788992 0.104943 0.125474 0.140193 0.148834 0.151378 0.147868 0.138216 0.122051 0.0985732 0.0664514 0.0238177 -0.0317097 -0.102628 -0.19069 -0.294592 -0.405757 -0.512991 -0.60617 -0.680708 -0.737151 -0.777032 -0.802034 -0.813529 -0.812889 -0.801666 -0.781498 -0.754156 -0.721537 -0.685332 -0.646876 -0.607294 -0.567452 -0.527839 -0.488646 -0.449866 -0.411384 -0.373241 -0.335836 -0.299973 -0.266908 -0.238258 -0.215825 -0.20096 -0.194097 -0.183279 -0.171295 -0.172885 -0.18645 -0.207417 -0.814614
-3.60512 -22.6875 -25.2387 0.267224 -21.9302 -25.124 3.97655 -20.6248 -24.7774 7.45322 -18.8561 -24.1717 10.644 -16.7088 -23.2822 13.521 -14.2539 -22.082 16.0346 -11.5868 -20.5614 18.1611 -8.79254 -18.7135 19.8843 -5.95634 -16.5384 21.195 -3.16113 -14.0412 22.0862 -0.49319 -11.2385 22.5563 1.96456 -8.1552 22.6078 4.13212 -4.82864 22.251 5.9288 -1.32057 21.5023 7.29345 2.31804 20.3861 8.16319 6.01398 18.9374 8.48091 9.68309 17.2141 8.1993 13.2074 15.2681 7.28198 16.5 13.1761 5.70737 19.435 11.0336 3.4857 21.8728 8.95781 0.704693 23.6744 6.99766 -2.48123 24.8128 5.18907 -5.91581 25.2832 3.54801 -9.46037 25.1053 2.06655 -13.0228 24.3055 0.752492 -16.4723 22.9276 -0.404954 -19.7215 21.0229 -1.42121 -22.6971 18.6484 -2.32191 -25.3543 15.8476 -3.1275 -27.6258 12.6997 -3.87103 -29.4735 9.27186 -4.59112 -30.8676 5.63103 -5.332 -31.7833 1.838 -6.13841 -32.194 -2.02927 -7.05734 -32.078 -5.89149 -8.13392 -31.4195 -9.65735 -9.40413 -30.2192 -13.2129 -10.8983 -28.4936 -16.451 -12.6277 -26.2872 -19.2503 -14.5822 -23.6737 -21.4965 -16.7154 -20.7725 -23.0862 -18.99 -17.6838 -23.9702 -21.3252 -14.5177 -24.1006 -23.5868 -11.3649 -23.4363 -25.6151 -8.35644 -21.9996 -27.294 -5.56863 -19.846 -28.5324 -3.09539 -17.093 -29.2722 -1.0014 -13.884 -29.4879 0.691246 -10.3417 -29.1758 1.96125 -6.63371 -28.3608 2.82864 -2.8862 -27.0792 3.33108 0.796794 -25.3566 3.51843 4.35743 -23.24 3.44445 7.70338 -20.7659 3.1721 10.7831 -17.9676 2.76681 13.5555 -14.8675 2.29411 15.9923 -11.506 1.82449 18.0542 -7.91941 1.43055 19.7131 -4.15151 1.18963 20.9447 -0.264101 1.18449 21.7281 3.67551 1.50087 22.0526 7.57229 2.22337 21.9158 11.3056 3.42526 21.3298 14.7085 5.1427 20.3352 17.6841 7.30367 18.9231 20.1264 9.80412 17.1064 21.9504 12.5273 14.9211 23.0873 15.3233 12.4529 23.5273 18.1048 9.75619 23.2668 20.7658 6.91831 22.3303 23.2129 4.0309 20.756 25.3811 1.16318 18.6211 27.191 -1.58827 16.0137 28.598 -4.16222 13.0295 29.5747 -6.51661 9.7389 30.1107 -8.64242 6.25664 30.1965 -10.5131 2.66765 29.8409 -12.134 -0.951907 29.0583 -13.5199 -4.54917 27.8604 -14.697 -8.04867 26.2676 -15.6855 -11.3943 24.2974 -16.5141 -14.5321 21.9675 -17.2114 -17.408 19.2978 -17.8053 -19.9698 16.3112 -18.3231 -22.1651 13.0381 -18.7904 -23.9433 9.51791 -19.2327 -25.2539 5.81118 -19.6737 -26.0588 1.96569 -20.1384 -26.3154 -1.94917 -20.6477 -25.9846 -5.85019 -21.217 -25.0448 -9.61589 -21.8496 -23.4729 -13.1544 -22.5366 -21.2596 -16.3278 -23.2394 -18.4386 -18.986 -23.9025 -15.1008 -20.982 -24.4582 -11.4105 -22.2612 -24.8814 -7.53065 -22.8177 -25.1492 0.502836 0.487584 0.473398 0.461139 0.45137 0.44459 0.441244 0.441712 0.446225 0.454797 0.46705 0.48218 0.499018 0.516291 0.532989 0.548563 0.562915 0.576144 0.588165 0.598088 0.601011 0.590547 0.568147 0.536009 0.496395 0.451528 0.403532 0.353979 0.303855 0.253888 0.204632 0.156305 0.109003 0.0629069 0.0184946 -0.0232143 -0.0603014 -0.0898925 -0.108667 -0.113741 -0.104008 -0.0807851 -0.0467652 -0.0054568 0.0510825 0.123698 0.197138 0.265576 0.326445 0.378711 0.422153 0.457058 0.483839 0.502788 0.514237 0.518609 0.516209 0.507066 0.49087 0.466879 0.433834 0.389952 0.332928 0.260282 0.170235 0.0624552 -0.0546673 -0.169278 -0.269996 -0.35124 -0.413076 -0.456831 -0.484159 -0.496504 -0.495418 -0.482753 -0.460503 -0.43082 -0.395942 -0.357744 -0.317616 -0.276554 -0.235253 -0.193969 -0.152783 -0.111578 -0.0700535 -0.0277841 0.0156589 0.0606139 0.106749 0.152422 0.193963 0.226955 0.245936 0.254763 0.262718 0.263401 0.256798 0.244994 -0.55451
-1.01382 -22.6489 -28.01 2.81571 -21.7341 -27.7278 6.45471 -20.3217 -27.1397 9.83272 -18.4851 -26.2461 12.8984 -16.3047 -25.0501 15.6299 -13.8503 -23.5471 17.9887 -11.2161 -21.7467 19.9625 -8.48343 -19.6536 21.5447 -5.73064 -17.2738 22.7329 -3.03221 -14.6142 23.5241 -0.464815 -11.6901 23.9182 1.89861 -8.52357 23.9177 3.9875 -5.14666 23.5308 5.72989 -1.61447 22.7694 7.07125 2.03017 21.6516 7.95321 5.72271 20.2032 8.32024 9.3874 18.4718 8.12266 12.9134 16.4978 7.31918 16.2191 14.3469 5.87981 19.1808 12.106 3.80379 21.6582 9.88896 1.16831 23.5096 7.74522 -1.87336 24.7101 5.71157 -5.16801 25.2561 3.80499 -8.58061 25.1681 2.01647 -12.0219 24.4724 0.357802 -15.3655 23.2097 -1.17877 -18.5259 21.4278 -2.60469 -21.4302 19.1791 -3.94367 -24.0312 16.5035 -5.20803 -26.2569 13.476 -6.42395 -28.0622 10.1625 -7.62115 -29.4095 6.63135 -8.83207 -30.2672 2.94725 -10.0822 -30.6052 -0.807459 -11.3931 -30.4028 -4.55114 -12.7782 -29.6489 -8.19635 -14.2384 -28.3487 -11.6422 -15.7739 -26.5175 -14.802 -17.3761 -24.1881 -17.5774 -19.0325 -21.4117 -19.8672 -20.7153 -18.281 -21.5591 -22.4115 -14.8749 -22.5674 -24.0868 -11.3203 -22.7977 -25.692 -7.77969 -22.1785 -27.0911 -4.4381 -20.7276 -28.1926 -1.3996 -18.5406 -28.9252 1.23663 -15.7579 -29.2442 3.40909 -12.5317 -29.1266 5.10083 -8.98427 -28.5672 6.29469 -5.28005 -27.5791 7.0153 -1.54309 -26.1842 7.30619 2.12148 -24.3941 7.22388 5.65269 -22.2442 6.83525 8.95535 -19.7596 6.21686 11.976 -16.9631 5.44782 14.6722 -13.8685 4.60523 17.0144 -10.5094 3.7716 18.962 -6.91805 3.02867 20.4854 -3.13668 2.46145 21.5585 0.771407 2.15969 22.1597 4.73482 2.2146 22.279 8.6519 2.71609 21.9176 12.3932 3.74169 21.0948 15.7813 5.33044 19.8643 18.7068 7.39731 18.2248 21.056 9.82473 16.1983 22.7417 12.4829 13.8296 23.7004 15.2105 11.2136 23.928 17.91 8.40949 23.4315 20.4683 5.50934 22.2479 22.7876 2.60718 20.4275 24.8005 -0.227828 18.0617 26.4302 -2.90209 15.2497 27.6356 -5.36025 12.0948 28.3944 -7.56787 8.6718 28.7006 -9.52326 5.09904 28.5528 -11.2104 1.46118 27.9653 -12.6441 -2.16775 26.9582 -13.8486 -5.73838 25.5465 -14.8579 -9.17996 23.7558 -15.7004 -12.442 21.6072 -16.4102 -15.477 19.1216 -17.02 -18.2371 16.3215 -17.56 -20.6753 13.2302 -18.0597 -22.741 9.87679 -18.5483 -24.3794 6.29825 -19.0571 -25.5283 2.55438 -19.6189 -26.1306 -1.30086 -20.2715 -26.1234 -5.17952 -21.0508 -25.4533 -8.96472 -21.9861 -24.0784 -12.4897 -23.0573 -22.0107 -15.6356 -24.1941 -19.3366 -18.2976 -25.3016 -16.1655 -20.3999 -26.2954 -12.6235 -21.8938 -27.1057 -8.83538 -22.7608 -27.6822 -4.9264 -23.0041 -27.9906 0.248163 0.232925 0.215083 0.196809 0.180007 0.166242 0.156609 0.151693 0.151668 0.156389 0.165291 0.17749 0.191779 0.206933 0.222034 0.236648 0.250815 0.26486 0.279013 0.292843 0.30176 0.298897 0.285475 0.263537 0.235286 0.202845 0.168146 0.13257 0.0969127 0.0617211 0.0273578 -0.00602717 -0.03838 -0.0696231 -0.0995766 -0.127901 -0.153923 -0.176581 -0.194606 -0.206808 -0.21267 -0.212881 -0.209454 -0.205161 -0.189266 -0.156931 -0.116293 -0.0726261 -0.0291111 0.0123723 0.0506043 0.0848326 0.114496 0.139018 0.157938 0.171043 0.178175 0.179041 0.173119 0.159547 0.137007 0.103701 0.0573434 -0.00448633 -0.0836045 -0.181211 -0.288939 -0.394864 -0.487512 -0.56195 -0.618145 -0.657195 -0.680533 -0.68947 -0.68552 -0.670559 -0.646652 -0.61607 -0.581122 -0.543708 -0.50514 -0.466279 -0.427616 -0.389183 -0.350841 -0.312242 -0.272787 -0.2316 -0.187615 -0.139698 -0.0874263 -0.0319782 0.0251463 0.0769699 0.112448 0.138277 0.166597 0.18724 0.196048 0.194286 -0.345805
1.43554 -20.2358 -29.0511 5.05469 -18.6908 -28.7408 8.41713 -16.7284 -28.0878 11.4684 -14.4307 -27.0913 14.172 -11.8828 -25.7567 16.5179 -9.15461 -24.084 18.4819 -6.34139 -22.0908 20.0628 -3.52145 -19.7901 21.2637 -0.769245 -17.1963 22.0907 1.84504 -14.3242 22.5496 4.24948 -11.1976 22.6489 6.37641 -7.84584 22.3994 8.16166 -4.30782 21.818 9.54226 -0.644769 20.9232 10.4722 3.09648 19.7385 10.9051 6.84763 18.2923 10.8003 10.53 16.6311 10.1295 14.0315 14.7907 8.87008 17.2713 12.8273 7.01582 20.1307 10.812 4.58888 22.4797 8.83662 1.68241 24.1941 6.93937 -1.56362 25.2675 5.14858 -5.01118 25.7102 3.4757 -8.54177 25.5518 1.90908 -12.0828 24.8226 0.454434 -15.5214 23.5634 -0.900117 -18.7834 21.8172 -2.16962 -21.8039 19.6286 -3.37932 -24.541 17.0283 -4.54303 -26.9239 14.0812 -5.68564 -28.9071 10.8442 -6.83441 -30.4508 7.37791 -8.019 -31.5206 3.74104 -9.26265 -32.0805 0.0107973 -10.5853 -32.1009 -3.73418 -11.9989 -31.5588 -7.40597 -13.502 -30.4455 -10.8985 -15.0906 -28.7657 -14.1156 -16.7501 -26.5474 -16.9478 -18.461 -23.8458 -19.2865 -20.191 -20.7646 -21.021 -21.9302 -17.396 -22.0807 -23.6568 -13.8727 -22.3968 -25.346 -10.3485 -21.9248 -26.8773 -6.99909 -20.6342 -28.121 -3.94896 -18.5416 -28.9917 -1.29963 -15.8117 -29.4398 0.894411 -12.6156 -29.444 2.62725 -9.08608 -29.0011 3.89079 -5.38921 -28.1263 4.71419 -1.64527 -26.8415 5.14045 2.04627 -25.1573 5.22306 5.62918 -23.1043 5.02235 9.00932 -20.7028 4.61006 12.1307 -17.9715 4.06278 14.9453 -14.9208 3.4585 17.4151 -11.5833 2.88129 19.4886 -7.99485 2.41546 21.1247 -4.20665 2.14678 22.2863 -0.296033 2.16105 22.9439 3.64889 2.54014 23.0841 7.51124 3.35729 22.7098 11.1531 4.66776 21.8465 14.4011 6.48519 20.556 17.1496 8.72291 18.8366 19.2874 11.2623 16.7154 20.73 13.971 14.2457 21.4228 16.6859 11.5343 21.3696 19.3094 8.65039 20.5905 21.7306 5.6952 19.1372 23.8578 2.76847 17.0717 25.6309 -0.0586581 14.4976 26.9854 -2.69371 11.5205 27.8919 -5.08501 8.24689 28.3386 -7.20318 4.75159 28.3262 -9.05173 1.15267 27.8623 -10.6219 -2.46744 26.9658 -11.9356 -6.03693 25.6587 -13.0239 -9.50727 23.955 -13.9267 -12.8077 21.8805 -14.6782 -15.8859 19.4559 -15.3162 -18.6913 16.7032 -15.8764 -21.1729 13.6493 -16.3923 -23.2815 10.3253 -16.8974 -24.9661 6.77118 -17.4282 -26.1735 3.03841 -18.0263 -26.8463 -0.794806 -18.7376 -26.9309 -4.65159 -19.6149 -26.3724 -8.41315 -20.7058 -25.1235 -11.9305 -22.0174 -23.1494 -15.0343 -23.4076 -20.5251 -17.6215 -24.7801 -17.3844 -19.6152 -26.0546 -13.8661 -20.9765 -27.1646 -10.1081 -21.6958 -28.0558 -6.23173 -21.7884 -28.6875 -2.35015 -21.286 -29.0273 0.423376 0.419491 0.412725 0.404951 0.397807 0.392703 0.390701 0.392423 0.398083 0.407481 0.419887 0.434114 0.448638 0.461898 0.472699 0.480424 0.485049 0.486874 0.486255 0.483222 0.474394 0.45573 0.428623 0.394974 0.356628 0.315373 0.272912 0.230502 0.188919 0.148792 0.110582 0.0744583 0.040427 0.00846216 -0.0214143 -0.0490195 -0.073806 -0.0947991 -0.110778 -0.120654 -0.124129 -0.122146 -0.116762 -0.110318 -0.0919906 -0.054826 -0.00872664 0.0397733 0.0868606 0.130515 0.169661 0.203758 0.232416 0.255119 0.271354 0.280768 0.282985 0.277476 0.263529 0.240201 0.206307 0.160448 0.101044 0.0267333 -0.0629244 -0.169485 -0.283512 -0.392236 -0.484015 -0.555252 -0.606662 -0.63984 -0.656588 -0.658541 -0.647559 -0.625828 -0.59569 -0.55969 -0.520331 -0.479546 -0.438534 -0.397925 -0.357916 -0.318298 -0.278822 -0.239151 -0.198776 -0.156794 -0.111846 -0.0621531 -0.00634224 0.057525 0.134871 0.203086 0.247292 0.279648 0.318255 0.350122 0.369965 0.379332 -0.324616
4.17566 -19.317 -30.2875 7.58333 -17.4004 -29.7435 10.6654 -15.1118 -28.8232 13.3731 -12.5438 -27.5363 15.6783 -9.78914 -25.8991 17.5785 -6.92209 -23.9208 19.0627 -4.04107 -21.6314 20.1408 -1.22442 -19.053 20.8273 1.45499 -16.208 21.1391 3.92962 -13.1183 21.0939 6.13137 -9.81403 20.7119 7.99764 -6.32991 20.0165 9.47072 -2.70865 19.0389 10.4969 0.986356 17.8084 11.0388 4.70853 16.3605 11.0609 8.39168 14.7344 10.5347 11.9611 12.9842 9.44826 15.3117 11.1478 7.79084 18.3696 9.27888 5.57123 21.0247 7.43843 2.8261 23.157 5.70415 -0.350243 24.6374 4.11241 -3.82743 25.4523 2.68133 -7.4619 25.6291 1.40832 -11.1354 25.2126 0.269385 -14.7807 24.2431 -0.748345 -18.2903 22.7695 -1.67045 -21.5971 20.8357 -2.52289 -24.6409 18.4832 -3.33664 -27.3821 15.7373 -4.13354 -29.7502 12.6592 -4.94184 -31.6997 9.3031 -5.79071 -33.1909 5.72911 -6.71046 -34.1903 1.99686 -7.72568 -34.6641 -1.81362 -8.85685 -34.5853 -5.62005 -10.1162 -33.9339 -9.33004 -11.5022 -32.7045 -12.832 -13.0091 -30.9055 -16.0239 -14.6192 -28.5714 -18.7908 -16.3091 -25.7669 -21.021 -18.0422 -22.6087 -22.6078 -19.8048 -19.2014 -23.4902 -21.5744 -15.6875 -23.6166 -23.3286 -12.2242 -22.965 -24.9379 -8.97716 -21.5174 -26.2112 -6.04384 -19.2806 -27.0637 -3.53162 -16.4185 -27.4645 -1.49587 -13.1133 -27.4091 0.0626641 -9.50385 -26.9079 1.14889 -5.7584 -25.984 1.80571 -1.99337 -24.6625 2.08912 1.69893 -22.953 2.06275 5.27069 -20.8828 1.79671 8.63584 -18.4678 1.37005 11.7448 -15.7227 0.866897 14.5542 -12.6569 0.374494 17.0301 -9.30623 -0.0127011 19.1264 -5.71448 -0.19992 20.8102 -1.94537 -0.0937033 22.0569 1.90892 0.392262 22.853 5.74556 1.33207 23.2032 9.43673 2.77949 23.1271 12.8537 4.72053 22.596 15.8481 7.06862 21.5771 18.3189 9.73614 20.0613 20.1583 12.6006 18.0791 21.2883 15.5271 15.6965 21.6682 18.3521 13.0363 21.3133 20.9855 10.1828 20.2596 23.3246 7.24679 18.5728 25.2892 4.33164 16.3241 26.8305 1.50843 13.6246 27.899 -1.13269 10.5818 28.4803 -3.54231 7.30008 28.5776 -5.69255 3.8503 28.2033 -7.58813 0.344208 27.3811 -9.2204 -3.14343 26.1417 -10.6114 -6.54869 24.5156 -11.7923 -9.82982 22.5226 -12.8037 -12.9231 20.1935 -13.6801 -15.7811 17.5508 -14.4604 -18.3562 14.6166 -15.182 -20.5989 11.4178 -15.8808 -22.4601 7.98574 -16.5929 -23.8895 4.36284 -17.3565 -24.8375 0.605614 -18.213 -25.2568 -3.2016 -19.2036 -25.1096 -6.97776 -20.3743 -24.3646 -10.607 -21.7618 -22.9383 -13.9484 -23.3278 -20.7596 -16.8142 -24.9102 -17.9378 -19.1038 -26.4131 -14.628 -20.7479 -27.757 -10.9863 -21.7198 -28.8781 -7.16232 -22.0247 -29.7256 -3.28462 -21.6925 -30.2614 0.529129 -20.7694 -30.4555 0.472717 0.470357 0.464616 0.457649 0.451371 0.447531 0.447487 0.452059 0.461552 0.475721 0.493638 0.513794 0.534216 0.552902 0.568272 0.579349 0.585706 0.587124 0.583271 0.573535 0.554318 0.523251 0.482152 0.433434 0.37937 0.322158 0.263895 0.206111 0.149801 0.095803 0.0447808 -0.00304505 -0.0476893 -0.0892552 -0.12778 -0.163099 -0.19457 -0.221012 -0.240973 -0.253214 -0.257498 -0.255064 -0.248288 -0.239578 -0.215443 -0.168422 -0.11451 -0.0604553 -0.00921669 0.0377163 0.0795646 0.11592 0.14639 0.170346 0.187061 0.195889 0.196109 0.186801 0.166854 0.134903 0.0892849 0.0280562 -0.0510191 -0.154163 -0.281324 -0.423717 -0.568347 -0.699713 -0.80555 -0.884221 -0.938296 -0.970643 -0.983895 -0.980239 -0.961968 -0.931661 -0.892063 -0.846173 -0.796998 -0.74687 -0.697202 -0.64876 -0.601698 -0.555664 -0.510182 -0.464595 -0.418057 -0.369346 -0.316911 -0.259016 -0.194625 -0.115047 -0.0169371 0.0672944 0.122715 0.1636 0.210485 0.248916 0.27338 0.285968 -0.465102
7.60196 -15.5625 -31.5707 10.7586 -13.3233 -30.794 13.5301 -10.7693 -29.6197 15.8794 -8.00118 -28.0702 17.792 -5.11599 -26.1727 19.2773 -2.18818 -23.9442 20.3397 0.685284 -21.4226 21.0016 3.43038 -18.635 21.2888 5.97945 -15.6077 21.228 8.27106 -12.3655 20.8466 10.2443 -8.94077 20.1732 11.8443 -5.36942 19.2384 13.0221 -1.69439 18.0793 13.7345 2.02194 16.7281 13.9524 5.73531 15.2217 13.6495 9.38239 13.599 12.8055 12.8919 11.912 11.4173 16.1626 10.1954 9.47821 19.1228 8.49873 7.00248 21.6647 6.87755 4.03252 23.6699 5.40079 0.67026 25.0126 4.0929 -2.95242 25.6864 2.96064 -6.69478 25.7232 1.99301 -10.4428 25.1712 1.16256 -14.1342 24.0716 0.450023 -17.6656 22.4758 -0.173181 -20.9736 20.428 -0.735615 -24.0012 17.9699 -1.26898 -26.7116 15.1263 -1.79952 -29.0371 11.9595 -2.35815 -30.9348 8.5239 -2.97655 -32.3691 4.87998 -3.6871 -33.3106 1.08746 -4.51718 -33.7313 -2.77374 -5.48971 -33.611 -6.62269 -6.6196 -32.9369 -10.3701 -7.90871 -31.7097 -13.9097 -9.35491 -29.941 -17.1463 -10.9447 -27.6634 -19.9713 -12.6577 -24.9343 -22.2763 -14.4575 -21.8599 -23.9509 -16.3265 -18.5354 -24.9252 -18.2332 -15.0979 -25.1339 -20.1402 -11.7055 -24.5415 -21.9522 -8.53781 -23.1589 -23.508 -5.66814 -21.0204 -24.6925 -3.18772 -18.2502 -25.4492 -1.14854 -15.01 -25.7526 0.443688 -11.4278 -25.5925 1.58477 -7.66852 -24.9828 2.30894 -3.8522 -23.9457 2.66618 -0.0764452 -22.4937 2.71741 3.60725 -20.6551 2.53048 7.10946 -18.4489 2.18312 10.3793 -15.8913 1.75765 13.3725 -12.9927 1.33884 16.0547 -9.78759 1.01748 18.3775 -6.31861 0.884554 20.3061 -2.64721 1.02987 21.8132 1.13782 1.53685 22.8819 4.9381 2.47822 23.5123 8.63112 3.90833 23.7171 12.0935 5.82528 23.4664 15.1812 8.15124 22.7089 17.7919 10.8046 21.4198 19.8095 13.6657 19.6137 21.1427 16.5981 17.3463 21.7344 19.4339 14.7367 21.5883 22.0772 11.8741 20.7306 24.4197 8.87757 19.2209 26.3767 5.86203 17.1287 27.8967 2.90987 14.5646 28.9294 0.123678 11.6386 29.4617 -2.43723 8.45909 29.4993 -4.7377 5.10156 29.0573 -6.77879 1.68071 28.1636 -8.5485 -1.72552 26.8518 -10.0689 -5.05078 25.1559 -11.3731 -8.25094 23.0975 -12.5057 -11.2613 20.7102 -13.5055 -14.0337 18.0188 -14.4172 -16.5202 15.0477 -15.2841 -18.6708 11.8256 -16.1462 -20.4346 8.38506 -17.0418 -21.7572 4.76971 -18.007 -22.5817 1.03808 -19.0767 -22.8506 -2.72122 -20.2798 -22.5141 -6.41848 -21.6467 -21.5314 -9.92439 -23.194 -19.8343 -13.0818 -24.8679 -17.4159 -15.69 -26.545 -14.4059 -17.6651 -28.127 -10.9613 -18.9517 -29.5209 -7.24023 -19.5361 -30.6503 -3.39622 -19.437 -31.455 0.43729 -18.6977 -31.8929 4.13822 -17.3802 -31.9358 0.588138 0.587655 0.58321 0.577365 0.572423 0.570397 0.572762 0.580402 0.593478 0.611523 0.633279 0.656801 0.679704 0.699676 0.714937 0.724435 0.727647 0.724137 0.713236 0.693976 0.662679 0.618361 0.563771 0.501872 0.435128 0.365841 0.296156 0.227595 0.161123 0.0976048 0.0377333 -0.0182287 -0.0702978 -0.118543 -0.16295 -0.20328 -0.238784 -0.268143 -0.289745 -0.302124 -0.30479 -0.298742 -0.286256 -0.269923 -0.237511 -0.180328 -0.113776 -0.0468011 0.016732 0.0747595 0.126171 0.170432 0.207149 0.235747 0.255602 0.266204 0.266944 0.256995 0.235353 0.200788 0.151803 0.0865869 0.00293896 -0.104641 -0.23726 -0.386077 -0.537658 -0.675724 -0.787078 -0.868919 -0.923819 -0.954944 -0.965293 -0.957401 -0.933909 -0.897725 -0.851867 -0.799643 -0.744359 -0.688575 -0.633868 -0.581052 -0.530252 -0.480947 -0.432274 -0.383064 -0.331791 -0.276553 -0.215242 -0.14592 -0.0678649 0.0256638 0.129693 0.218657 0.279301 0.327034 0.383294 0.430278 0.461208 0.478305 -0.385212
11.2391 -13.7443 -31.6988 14.0084 -11.0911 -30.7643 16.3557 -8.21134 -29.4299 18.2656 -5.20644 -27.7254 19.7416 -2.16752 -25.6836 20.8052 0.840261 -23.3242 21.474 3.72965 -20.6883 21.7796 6.43762 -17.8042 21.7555 8.90735 -14.6986 21.4345 11.0878 -11.3956 20.8495 12.928 -7.92589 20.0327 14.3821 -4.3222 19.0162 15.4084 -0.623465 17.8372 15.9697 3.11241 16.5256 16.0402 6.84567 15.1153 15.5954 10.5165 13.6403 14.6156 14.0559 12.1452 13.0986 17.3624 10.6576 11.0366 20.3633 9.21721 8.44468 22.9472 7.86732 5.36701 24.9906 6.66069 1.90936 26.3607 5.61506 -1.7919 27.0648 4.73621 -5.60136 27.1294 4.01459 -9.40735 26.5979 3.42659 -13.1481 25.5089 2.9523 -16.7194 23.9133 2.56282 -20.0582 21.8577 2.22775 -23.1099 19.388 1.91384 -25.842 16.5324 1.59024 -28.1924 13.3561 1.22314 -30.1253 9.91434 0.77848 -31.6115 6.26589 0.221745 -32.6284 2.46714 -0.478057 -33.1534 -1.40706 -1.34932 -33.1717 -5.28201 -2.41571 -32.6736 -9.07531 -3.69113 -31.6604 -12.6868 -5.18687 -30.1405 -16.0256 -6.90137 -28.1378 -18.9829 -8.81902 -25.6966 -21.4443 -10.8936 -22.9047 -23.2873 -13.0862 -19.8421 -24.431 -15.3288 -16.6286 -24.8033 -17.5405 -13.4009 -24.3714 -19.6163 -10.325 -23.1636 -21.4671 -7.48191 -21.2348 -23.0001 -4.9603 -18.6813 -24.1456 -2.81964 -15.6259 -24.8631 -1.07596 -12.1756 -25.121 0.255161 -8.48496 -24.9165 1.19966 -4.67361 -24.2596 1.80066 -0.84388 -23.1577 2.11402 2.94666 -21.6336 2.19762 6.60051 -19.7061 2.11912 10.0586 -17.3931 1.94921 13.2684 -14.7059 1.76048 16.1864 -11.677 1.62938 18.7516 -8.34534 1.63353 20.9128 -4.76805 1.85046 22.6238 -1.02953 2.35343 23.8469 2.77583 3.20827 24.564 6.53057 4.46672 24.7731 10.1052 6.16051 24.4929 13.3506 8.24889 23.703 16.1603 10.6645 22.3657 18.4056 13.2978 20.4836 19.9774 16.0162 18.1051 20.7971 18.6516 15.351 20.8562 21.101 12.318 20.1715 23.2523 9.1391 18.7993 25.019 5.9456 16.8114 26.35 2.83434 14.3224 27.1995 -0.0789218 11.4484 27.5578 -2.72752 8.30487 27.4335 -5.07382 4.97401 26.8416 -7.12062 1.57662 25.8106 -8.86059 -1.80368 24.3721 -10.3232 -5.09536 22.5574 -11.5503 -8.24922 20.3846 -12.5958 -11.1951 17.885 -13.5095 -13.8781 15.0814 -14.3479 -16.2414 11.9985 -15.1671 -18.2237 8.66783 -16.02 -19.7606 5.13044 -16.9556 -20.7837 1.44499 -18.0149 -21.2261 -2.30775 -19.2274 -21.0297 -6.01229 -20.6021 -20.1539 -9.55302 -22.1342 -18.582 -12.7842 -23.7895 -16.3342 -15.5512 -25.5049 -13.51 -17.7089 -27.1876 -10.2211 -19.1847 -28.759 -6.61126 -19.9299 -30.1291 -2.8321 -19.939 -31.2159 0.964334 -19.2472 -31.9523 4.647 -17.9219 -32.2922 8.10171 -16.053 -32.2098 0.488766 0.495798 0.498731 0.500172 0.502401 0.507387 0.516555 0.53074 0.549985 0.573661 0.600252 0.627559 0.652956 0.673939 0.688605 0.695654 0.69427 0.683578 0.662437 0.629666 0.582217 0.522904 0.454623 0.3802 0.301855 0.221748 0.14205 0.0643699 -0.0102641 -0.0809303 -0.146886 -0.207929 -0.264077 -0.315405 -0.361822 -0.402944 -0.437744 -0.464476 -0.480925 -0.484954 -0.475594 -0.453881 -0.422866 -0.386901 -0.33708 -0.268192 -0.192194 -0.115843 -0.0432045 0.0232422 0.0819077 0.131891 0.17255 0.203181 0.223233 0.232408 0.230369 0.216568 0.190309 0.15079 0.0971793 0.0286774 -0.0555079 -0.15577 -0.275176 -0.409807 -0.547361 -0.67239 -0.771679 -0.841618 -0.884427 -0.903302 -0.901431 -0.881724 -0.84726 -0.801333 -0.747283 -0.688674 -0.628941 -0.570598 -0.515032 -0.462884 -0.413988 -0.367497 -0.322035 -0.275687 -0.225857 -0.169297 -0.102591 -0.0229467 0.0701522 0.173025 0.27389 0.358344 0.415028 0.462625 0.525297 0.580992 0.620462 0.645655 -0.110746
13.8292 -11.1261 -34.0832 16.1877 -8.28962 -32.6785 18.0778 -5.33347 -30.8697 19.4996 -2.35159 -28.7088 20.4725 0.576196 -26.2462 21.0305 3.39757 -23.5125 21.2073 6.04154 -20.5591 21.0459 8.46128 -17.4186 20.5893 10.6157 -14.1178 19.8781 12.4679 -10.6783 18.9515 13.9803 -7.12554 17.8465 15.1186 -3.48528 16.5987 15.8514 0.212428 15.2471 16.1506 3.91993 13.8208 15.9954 7.6083 12.3524 15.3642 11.2288 10.8748 14.2369 14.7228 9.43119 12.6066 17.9982 8.04962 10.4563 20.9877 6.77214 7.79011 23.5818 5.64596 4.64194 25.6531 4.72616 1.11151 27.0597 4.01677 -2.66327 27.792 3.50392 -6.53856 27.8796 3.16124 -10.4001 27.3697 2.95503 -14.1876 26.3033 2.85307 -17.7992 24.7314 2.82003 -21.1743 22.6986 2.82119 -24.2592 20.2474 2.82198 -27.0212 17.4035 2.78689 -29.3969 14.2297 2.68016 -31.3493 10.7809 2.46639 -32.8486 7.11707 2.11091 -33.8728 3.29616 1.58293 -34.4004 -0.604821 0.856086 -34.4181 -4.50944 -0.0896362 -33.9184 -8.3344 -1.26306 -32.9049 -11.9802 -2.66861 -31.3882 -15.3595 -4.29776 -29.394 -18.3703 -6.12946 -26.966 -20.909 -8.1159 -24.1865 -22.8645 -10.22 -21.125 -24.1664 -12.3792 -17.8849 -24.7445 -14.5186 -14.5859 -24.5555 -16.537 -11.3846 -23.6035 -18.3683 -8.37631 -21.9226 -19.9323 -5.67125 -19.5846 -21.1614 -3.35392 -16.6952 -22.0102 -1.46234 -13.3543 -22.4381 -0.0293604 -9.71802 -22.4335 0.965811 -5.91409 -21.9981 1.57087 -2.05353 -21.1336 1.85233 1.80055 -19.8526 1.88175 5.54736 -18.1646 1.74027 9.12657 -16.0785 1.51006 12.4846 -13.5987 1.27303 15.5775 -10.7521 1.1137 18.3421 -7.57684 1.11653 20.7271 -4.13197 1.3652 22.6874 -0.505919 1.93841 24.187 3.20113 2.90684 25.2095 6.86413 4.3258 25.7522 10.3551 6.20657 25.7864 13.5307 8.47044 25.2309 16.2777 11.0305 24.0402 18.4598 13.7567 22.217 19.9607 16.4993 19.8204 20.6993 19.0795 16.9922 20.6672 21.3904 13.852 19.8863 23.322 10.5563 18.4215 24.7953 7.25688 16.3546 25.7683 4.0656 13.812 26.2122 1.1089 10.9198 26.1346 -1.54291 7.80016 25.5619 -3.85428 4.53911 24.5228 -5.8342 1.25633 23.0641 -7.48604 -1.9689 21.2295 -8.85237 -5.07158 19.0585 -9.99005 -8.00903 16.5741 -10.9697 -10.7192 13.8133 -11.8609 -13.1528 10.8028 -12.7414 -15.2563 7.57207 -13.6894 -16.9686 4.16131 -14.778 -18.222 0.624336 -16.0699 -18.9445 -2.96221 -17.6081 -19.0677 -6.49722 -19.4073 -18.5414 -9.84964 -21.4411 -17.341 -12.8986 -23.6579 -15.4766 -15.5131 -25.9686 -12.9988 -17.5769 -28.2604 -10.0172 -18.9939 -30.3973 -6.63994 -19.7242 -32.2746 -3.01079 -19.7515 -33.7885 0.716042 -19.0968 -34.8588 4.38556 -17.8167 -35.433 7.86473 -15.993 -35.4892 11.0405 -13.7261 -35.0309 0.662903 0.667818 0.666135 0.661297 0.656509 0.654567 0.657652 0.667073 0.683067 0.704995 0.731028 0.758639 0.784835 0.806855 0.822659 0.830891 0.830522 0.820174 0.797774 0.760812 0.705057 0.632817 0.548983 0.457871 0.362647 0.266049 0.170667 0.0782837 -0.00993737 -0.09291 -0.169774 -0.240277 -0.304519 -0.362672 -0.414802 -0.460678 -0.499456 -0.529619 -0.54927 -0.556673 -0.551219 -0.534117 -0.508295 -0.477793 -0.435726 -0.37695 -0.309144 -0.237382 -0.165393 -0.0961383 -0.0320706 0.024956 0.07344 0.111909 0.139142 0.154343 0.156824 0.145796 0.120418 0.0797864 0.0228793 -0.0515002 -0.144884 -0.260981 -0.40198 -0.557056 -0.71072 -0.84537 -0.947422 -1.01468 -1.05074 -1.05978 -1.0457 -1.01207 -0.962686 -0.901637 -0.833098 -0.761567 -0.691353 -0.625561 -0.565894 -0.513033 -0.466563 -0.424922 -0.385597 -0.344793 -0.297408 -0.237126 -0.157346 -0.0529225 0.0770032 0.225776 0.377679 0.512679 0.61358 0.700354 0.797179 0.876076 0.928896 0.960403 0.0312251
16.962 -8.61795 -34.7056 18.8038 -5.56622 -33.0095 20.1671 -2.50131 -30.9284 21.0704 0.494126 -28.5213 21.5471 3.35408 -25.8425 21.6386 6.04035 -22.9236 21.3882 8.49692 -19.8176 20.8426 10.6909 -16.5568 20.0469 12.5936 -13.1669 19.0423 14.1795 -9.66794 17.8685 15.4214 -6.08357 16.562 16.2943 -2.43677 15.1574 16.7754 1.24599 13.6924 16.8448 4.92174 12.1937 16.4867 8.56704 10.6921 15.6832 12.1394 9.21882 14.4155 15.5869 7.81607 12.6763 18.8237 6.51203 10.4441 21.788 5.34967 7.71849 24.3744 4.37684 4.52799 26.4586 3.64631 0.967645 27.9004 3.15432 -2.83076 28.6868 2.87788 -6.72787 28.8443 2.78335 -10.6134 28.4168 2.83373 -14.4311 27.4433 2.99133 -18.0824 25.9708 3.2186 -21.5093 24.0397 3.47925 -24.6597 21.6877 3.73891 -27.5019 18.9361 3.95897 -29.9717 15.8426 4.10184 -32.0311 12.458 4.12996 -33.6491 8.83881 4.0066 -34.8025 5.04024 3.6976 -35.4681 1.13686 3.1732 -35.6308 -2.79674 2.40948 -35.281 -6.67859 1.39287 -34.4194 -10.4096 0.11471 -33.0544 -13.9022 -1.42136 -31.2083 -17.0531 -3.19886 -28.9212 -19.7559 -5.17372 -26.2713 -21.8944 -7.31071 -23.325 -23.3936 -9.54791 -20.1824 -24.177 -11.8086 -16.9598 -24.1947 -13.9862 -13.8102 -23.4417 -16.0096 -10.8268 -21.9469 -17.7916 -8.11757 -19.7758 -19.2566 -5.76544 -17.0279 -20.3538 -3.80786 -13.7994 -21.0335 -2.27928 -10.2411 -21.278 -1.16186 -6.47925 -21.0852 -0.411648 -2.62444 -20.455 0.0349906 1.25936 -19.3962 0.244578 5.06927 -17.9168 0.294495 8.742 -16.0246 0.263544 12.2205 -13.7237 0.230912 15.4572 -11.0407 0.277118 18.3848 -8.01387 0.482808 20.9474 -4.70324 0.927407 23.0954 -1.19743 1.68462 24.7869 2.40345 2.82035 25.9991 5.97561 4.38455 26.7192 9.39978 6.37695 26.8953 12.5386 8.71246 26.4359 15.2801 11.2976 25.2874 17.4849 13.9945 23.448 19.0312 16.6463 20.9793 19.8304 19.0727 18.0339 19.8692 21.1674 14.7455 19.1665 22.8262 11.2876 17.7871 23.9806 7.82831 15.8152 24.5995 4.49196 13.3792 24.6709 1.41541 10.6083 24.2169 -1.32672 7.62688 23.2769 -3.69943 4.52301 21.8873 -5.71668 1.41521 20.105 -7.38941 -1.61825 17.9776 -8.77027 -4.51348 15.5458 -9.92714 -7.22713 12.8315 -10.9417 -9.69683 9.87258 -11.8937 -11.8705 6.69712 -12.8699 -13.6901 3.3395 -13.9545 -15.0891 -0.150772 -15.2237 -15.9962 -3.70523 -16.738 -16.3391 -7.22875 -18.5321 -16.056 -10.6008 -20.6053 -15.1125 -13.6753 -22.9093 -13.5051 -16.3237 -25.3697 -11.2716 -18.419 -27.8741 -8.49141 -19.862 -30.2906 -5.30097 -20.5884 -32.4717 -1.82484 -20.5889 -34.3102 1.7831 -19.8843 -35.7066 5.36789 -18.5314 -36.591 8.78281 -16.6183 -36.9259 11.91 -14.2505 -36.7062 14.6567 -11.5446 -35.9525 0.709498 0.718487 0.719987 0.717658 0.714838 0.714565 0.719143 0.729989 0.747376 0.770546 0.797607 0.825896 0.852363 0.87435 0.889979 0.898039 0.897526 0.886803 0.863235 0.82348 0.762633 0.683176 0.590633 0.48993 0.384632 0.277751 0.172044 0.0694298 -0.0288084 -0.121409 -0.207336 -0.286205 -0.358085 -0.423128 -0.481434 -0.532808 -0.576409 -0.610664 -0.633541 -0.643043 -0.638241 -0.620039 -0.591129 -0.555509 -0.50734 -0.441577 -0.366348 -0.287331 -0.20872 -0.13379 -0.0651697 -0.004792 0.0458148 0.0851386 0.111927 0.125367 0.124747 0.109293 0.0782224 0.0307415 -0.0340637 -0.117289 -0.220433 -0.347632 -0.498723 -0.661072 -0.817723 -0.95054 -1.04647 -1.10425 -1.12822 -1.12308 -1.09318 -1.04262 -0.97593 -0.897974 -0.813715 -0.728504 -0.64732 -0.573548 -0.5088 -0.453385 -0.406334 -0.365357 -0.327166 -0.287071 -0.238894 -0.175016 -0.0873394 0.0307695 0.180874 0.355287 0.534747 0.694605 0.814218 0.917308 1.03144 1.12369 1.18585 1.22415 0.253571
16.1732 -8.07662 -35.5684 17.7249 -4.92286 -33.7718 18.7793 -1.81667 -31.5757 19.3614 1.16161 -29.0511 19.5116 3.95165 -26.2625 19.2759 6.52266 -23.2494 18.7051 8.82873 -20.0713 17.851 10.8476 -16.7639 16.7624 12.5618 -13.3548 15.4842 13.9562 -9.86354 14.0589 15.0139 -6.31142 12.5249 15.719 -2.71726 10.9177 16.0557 0.898049 9.27536 16.0091 4.49844 7.62357 15.5651 8.06734 5.99282 14.7065 11.5696 4.41543 13.4132 14.961 2.93713 11.6755 18.1649 1.5914 9.46778 21.1289 0.430604 6.78272 23.7581 -0.484561 3.6387 25.9369 -1.08648 0.117824 27.5274 -1.39796 -3.65289 28.5139 -1.45982 -7.54243 28.9093 -1.31818 -11.4464 28.7424 -1.01604 -15.3117 28.0401 -0.597778 -19.0398 26.8353 -0.104122 -22.5715 25.1596 0.426191 -25.8527 23.0437 0.958059 -28.8503 20.5042 1.44864 -31.4954 17.5921 1.85767 -33.7447 14.3532 2.1451 -35.5603 10.8406 2.27246 -36.9106 7.10761 2.20363 -37.763 3.22902 1.90816 -38.0936 -0.717879 1.36249 -37.885 -4.64638 0.553977 -37.131 -8.45084 -0.523047 -35.8358 -12.0366 -1.86149 -34.0192 -15.2931 -3.4409 -31.7206 -18.1068 -5.21439 -29.0198 -20.3553 -7.14206 -25.9864 -21.9607 -9.1602 -22.7244 -22.8446 -11.1927 -19.3551 -22.9572 -13.1386 -16.038 -22.2941 -14.9314 -12.8703 -20.8871 -16.4929 -9.96392 -18.8028 -17.757 -7.40577 -16.1405 -18.6802 -5.23491 -12.9949 -19.2201 -3.49024 -9.51293 -19.3606 -2.15664 -5.81672 -19.097 -1.19265 -2.01399 -18.424 -0.534833 1.83241 -17.346 -0.11826 5.61987 -15.8694 0.136769 9.28519 -14.005 0.314193 12.7743 -11.765 0.501482 16.0483 -9.18515 0.787948 19.0539 -6.31154 1.26396 21.7532 -3.20728 2.01761 24.1128 0.0404632 3.12831 26.0987 3.34373 4.65697 27.6727 6.65816 6.58012 28.6932 9.89799 8.84158 29.0322 12.9196 11.332 28.6012 15.5982 13.9433 27.3667 17.7833 16.5328 25.3573 19.3443 18.952 22.6688 20.1852 21.0428 19.487 20.2867 22.7198 15.9685 19.6627 23.9025 12.306 18.3744 24.5464 8.68272 16.5053 24.6402 5.23305 14.1828 24.1996 2.09995 11.5354 23.2693 -0.643861 8.68422 21.9068 -2.97133 5.71308 20.1583 -4.90764 2.73214 18.0892 -6.47791 -0.188204 15.7458 -7.74853 -2.99128 13.1627 -8.79977 -5.63929 10.3529 -9.72368 -8.07415 7.34495 -10.6095 -10.2458 4.15779 -11.5513 -12.096 0.818202 -12.6398 -13.5563 -2.62951 -13.9555 -14.5514 -6.1195 -15.5617 -15.0038 -9.55683 -17.4934 -14.8454 -12.8192 -19.7475 -14.035 -15.7581 -22.2689 -12.564 -18.2414 -24.9745 -10.4659 -20.1401 -27.7393 -7.81899 -21.3541 -30.4173 -4.76025 -21.8234 -32.8437 -1.41909 -21.5437 -34.8984 2.0448 -20.5451 -36.4694 5.46976 -18.8969 -37.4776 8.7031 -16.7023 -37.8812 11.6222 -14.0811 -37.676 14.1322 -11.1632 -36.8883 0.83163 0.850271 0.858599 0.860656 0.860245 0.86094 0.865641 0.876292 0.893546 0.916943 0.944728 0.974311 1.0027 1.02725 1.04611 1.05817 1.06246 1.0573 1.03973 1.00545 0.948116 0.867525 0.769965 0.661383 0.54609 0.427713 0.30969 0.194446 0.0836995 -0.0209843 -0.118319 -0.207859 -0.28965 -0.363937 -0.430923 -0.490596 -0.542334 -0.584745 -0.615978 -0.634184 -0.638557 -0.630183 -0.611994 -0.588188 -0.55456 -0.505696 -0.447016 -0.383333 -0.318425 -0.255298 -0.196481 -0.143999 -0.0996733 -0.0654314 -0.0429763 -0.0335115 -0.0380053 -0.0574481 -0.0930253 -0.146403 -0.219969 -0.317557 -0.447925 -0.606202 -0.780328 -0.953434 -1.10799 -1.22869 -1.30638 -1.3429 -1.34373 -1.31405 -1.25855 -1.182 -1.09004 -0.988896 -0.884892 -0.784579 -0.693521 -0.614905 -0.549564 -0.496776 -0.454424 -0.419211 -0.386932 -0.35217 -0.308096 -0.24641 -0.158114 -0.0352841 0.125527 0.31804 0.52267 0.711843 0.861002 0.994355 1.14006 1.2592 1.34248 1.39724 0.317317
15.9085 -4.71353 -37.3621 16.9853 -1.4776 -35.3743 17.596 1.60053 -32.9795 17.7732 4.45534 -30.2589 17.5607 7.04291 -27.2853 17.0037 9.34709 -24.1034 16.1531 11.3383 -20.7783 15.0581 13.0084 -17.3496 13.7648 14.3524 -13.8474 12.3147 15.3668 -10.2927 10.7483 16.0451 -6.70741 9.10167 16.3805 -3.10959 7.40902 16.3646 0.482317 5.70863 15.9893 4.03619 4.02734 15.2436 7.54042 2.39977 14.1127 10.966 0.865216 12.5794 14.2761 -0.521683 10.6378 17.4029 -1.71631 8.26457 20.3029 -2.65552 5.45661 22.8919 -3.27064 2.23651 25.065 -3.49722 -1.30986 26.6961 -3.38554 -5.06636 27.7754 -2.99124 -8.92081 28.3011 -2.37303 -12.7817 28.285 -1.58153 -16.6027 27.7387 -0.675891 -20.2888 26.6815 0.292505 -23.7819 25.137 1.27504 -27.0285 23.1323 2.23043 -29.9959 20.6831 3.10575 -32.6168 17.8401 3.85511 -34.8485 14.6503 4.43426 -36.653 11.1681 4.8021 -37.9983 7.44929 4.91988 -38.8512 3.57197 4.75628 -39.1865 -0.3822 4.28835 -38.9863 -4.32115 3.50611 -38.2444 -8.13347 2.40932 -36.9651 -11.719 1.01275 -35.1688 -14.9623 -0.653317 -32.8958 -17.7467 -2.53057 -30.2271 -19.9487 -4.56976 -27.2342 -21.4914 -6.6999 -24.0242 -22.2993 -8.84188 -20.7215 -22.3272 -10.8962 -17.4896 -21.5767 -12.8052 -14.4313 -20.0831 -14.4773 -11.6416 -17.9264 -15.8343 -9.18417 -15.2154 -16.8282 -7.07909 -12.0467 -17.4156 -5.35133 -8.564 -17.5835 -3.98038 -4.88262 -17.3325 -2.92587 -1.10313 -16.6654 -2.1282 2.71775 -15.597 -1.52945 6.48348 -14.1469 -1.05583 10.1376 -12.3398 -0.627501 13.6351 -10.2011 -0.157907 16.9482 -7.77642 0.442184 20.0357 -5.11754 1.26578 22.8682 -2.28958 2.4047 25.4133 0.645062 3.9219 27.6068 3.68376 5.80923 29.3185 6.78172 8.03067 30.4109 9.85141 10.5168 30.76 12.7472 13.1445 30.2833 15.34 15.7964 28.9555 17.4757 18.3214 26.8153 19.0205 20.5678 23.9718 19.8755 22.3836 20.6292 20.0198 23.6927 16.9593 19.4677 24.4329 13.1712 18.2811 24.5836 9.4602 16.5449 24.1577 5.96637 14.3846 23.2007 2.83244 11.925 21.7795 0.124335 9.28249 19.9672 -2.14177 6.53637 17.8159 -4.00319 3.78937 15.3971 -5.49873 1.10645 12.7559 -6.70717 -1.46043 9.92383 -7.71966 -3.87672 6.91051 -8.63739 -6.08913 3.745 -9.55704 -8.05151 0.448431 -10.5783 -9.70991 -2.94699 -11.7956 -11.0002 -6.38872 -13.2923 -11.8502 -9.80022 -15.1333 -12.1838 -13.0729 -17.3536 -11.9312 -16.0672 -19.9457 -11.0476 -18.6146 -22.8408 -9.54039 -20.5781 -25.927 -7.46965 -21.8497 -29.0489 -4.93014 -22.361 -32.039 -2.06356 -22.0927 -34.7175 1.00308 -21.0722 -36.9576 4.11878 -19.3641 -38.6424 7.1343 -17.0689 -39.6921 9.91236 -14.3167 -40.0685 12.3466 -11.2471 -39.7756 14.3598 -8.00232 -38.852 0.954504 0.988905 1.00888 1.01876 1.02273 1.0248 1.02846 1.03622 1.04932 1.06775 1.09015 1.11439 1.13784 1.15821 1.17392 1.18396 1.1872 1.18144 1.16264 1.12496 1.06048 0.968417 0.855746 0.72862 0.591789 0.449936 0.307958 0.169765 0.038106 -0.0847623 -0.197322 -0.299255 -0.390849 -0.472593 -0.544895 -0.607866 -0.660934 -0.702783 -0.731649 -0.745876 -0.744985 -0.730466 -0.705621 -0.674889 -0.633016 -0.574268 -0.506 -0.434777 -0.365184 -0.300286 -0.242233 -0.192509 -0.15238 -0.123221 -0.106227 -0.102229 -0.112081 -0.137033 -0.1791 -0.24146 -0.329772 -0.451925 -0.606364 -0.785146 -0.973263 -1.15229 -1.30509 -1.41795 -1.48353 -1.50502 -1.48818 -1.43831 -1.36035 -1.25978 -1.14354 -1.01945 -0.895345 -0.779105 -0.676938 -0.591867 -0.524054 -0.471918 -0.432487 -0.401791 -0.375107 -0.346547 -0.308671 -0.251935 -0.164759 -0.0349414 0.144494 0.370073 0.621351 0.864538 1.06642 1.25374 1.45614 1.62139 1.73916 1.82017 0.63779
17.2852 0.300307 -37.5749 17.8302 3.48865 -35.3123 17.9506 6.42854 -32.6806 17.6874 9.07288 -29.7616 17.0877 11.3947 -26.6259 16.1951 13.3909 -23.3149 15.0603 15.045 -19.8913 13.7288 16.3586 -16.3919 12.2431 17.3347 -12.8444 10.6411 17.9754 -9.26808 8.96015 18.2796 -5.68341 7.23437 18.2449 -2.10729 5.49604 17.8669 1.44271 3.78227 17.1426 4.93564 2.11919 16.0631 8.36074 0.541807 14.6177 11.6902 -0.909257 12.7931 14.8883 -2.1778 10.5898 17.8893 -3.2159 7.98862 20.6508 -3.95804 4.99444 23.0909 -4.33541 1.63933 25.1084 -4.287 -1.9817 26.583 -3.8715 -5.75807 27.5076 -3.15392 -9.58326 27.8839 -2.20133 -13.3723 27.7269 -1.06865 -17.0849 27.0494 0.17677 -20.6333 25.8736 1.47909 -23.9658 24.2235 2.78582 -27.0345 22.1257 4.05391 -29.8103 19.5951 5.22451 -32.2314 16.6821 6.24752 -34.2599 13.4332 7.07414 -35.8626 9.90249 7.65888 -37.0124 6.14608 7.95779 -37.6816 2.24253 7.93527 -37.8503 -1.72555 7.56489 -37.5054 -5.66487 6.83403 -36.6451 -9.46246 5.74105 -35.2767 -13.0161 4.29975 -33.4238 -16.2076 2.53998 -31.1312 -18.9172 0.521323 -28.4852 -21.0194 -1.70622 -25.5648 -22.4351 -4.06889 -22.4854 -23.0909 -6.48304 -19.3794 -22.9478 -8.8404 -16.411 -22.0202 -11.0637 -13.6678 -20.3586 -13.0372 -11.2161 -18.0513 -14.6703 -9.09563 -15.2111 -15.9087 -7.30731 -11.9358 -16.7042 -5.85686 -8.36889 -17.0453 -4.71282 -4.62255 -16.937 -3.82883 -0.792877 -16.3891 -3.14357 3.06856 -15.4224 -2.59763 6.86961 -14.0638 -2.1182 10.558 -12.3462 -1.62716 14.0921 -10.3035 -1.04012 17.4469 -7.99064 -0.27211 20.5826 -5.46846 0.763184 23.47 -2.81057 2.14749 26.076 -0.06087 3.92073 28.3166 2.77723 6.07338 30.0593 5.6604 8.56171 31.1644 8.50538 11.3029 31.5071 11.1759 14.1553 31.0073 13.5523 16.9856 29.6435 15.4946 19.6271 27.4599 16.883 21.9171 24.5709 17.6324 23.7002 21.1856 17.7296 24.9028 17.4779 17.1935 25.4704 13.6579 16.0866 25.3943 9.92006 14.4909 24.6998 6.40233 12.5255 23.4487 3.24388 10.3067 21.7212 0.505963 7.94259 19.6017 -1.80074 5.5074 17.1477 -3.71969 3.09573 14.4393 -5.29483 0.768349 11.5255 -6.60949 -1.42544 8.44302 -7.75831 -3.45105 5.20636 -8.8454 -5.25772 1.85419 -9.96783 -6.80038 -1.58118 -11.2247 -8.0266 -5.05349 -12.7081 -8.87448 -8.49345 -14.4964 -9.27511 -11.8051 -16.6465 -9.15794 -14.859 -19.1786 -8.46387 -17.4957 -22.0621 -7.16747 -19.5349 -25.1946 -5.3248 -20.8627 -28.4339 -3.02952 -21.4038 -31.6104 -0.399817 -21.1322 -34.5535 2.41323 -20.079 -37.0915 5.28652 -18.3103 -39.1113 8.08303 -15.9279 -40.5139 10.6756 -13.0616 -41.2395 12.9549 -9.86197 -41.2707 14.8436 -6.47726 -40.6301 16.293 -3.04911 -39.3726 1.03387 1.07167 1.0936 1.10411 1.10763 1.10844 1.11025 1.11579 1.12641 1.14211 1.16152 1.18248 1.20237 1.21904 1.23106 1.23755 1.23746 1.22835 1.20575 1.16309 1.09186 0.990579 0.866471 0.726105 0.57472 0.417615 0.260383 0.107451 -0.0380482 -0.173586 -0.297468 -0.409313 -0.509411 -0.598272 -0.676308 -0.743583 -0.799428 -0.842314 -0.870232 -0.881219 -0.87454 -0.851483 -0.815194 -0.770004 -0.708027 -0.62374 -0.52984 -0.435623 -0.346874 -0.267053 -0.198141 -0.141138 -0.0967573 -0.065879 -0.0492604 -0.0473754 -0.06083 -0.0907652 -0.139239 -0.209697 -0.310141 -0.448336 -0.6223 -0.822244 -1.03014 -1.22474 -1.38763 -1.50557 -1.57264 -1.59363 -1.5746 -1.52062 -1.43634 -1.32707 -1.2 -1.06364 -0.926793 -0.79846 -0.685763 -0.592207 -0.518054 -0.461641 -0.419873 -0.388592 -0.362849 -0.336323 -0.300589 -0.244316 -0.152703 -0.0114663 0.189344 0.448664 0.743523 1.03141 1.26952 1.48909 1.72216 1.90714 2.03658 2.12502 0.868248
17.1861 3.02576 -38.6693 17.3228 6.24792 -36.3932 17.0596 9.16239 -33.7437 16.4409 11.7249 -30.8054 15.5158 13.9126 -27.6525 14.3272 15.7264 -24.3296 12.9277 17.1563 -20.903 11.3628 18.2098 -17.4123 9.67476 18.8964 -13.8875 7.90158 19.2246 -10.3498 6.08083 19.2004 -6.82104 4.24641 18.8284 -3.31893 2.43027 18.1117 0.138692 0.668848 17.0562 3.52181 -1.01308 15.66 6.82096 -2.58143 13.921 10.0114 -3.99578 11.8345 13.0624 -5.19956 9.41116 15.9169 -6.14241 6.63801 18.5419 -6.75509 3.5265 20.8684 -6.96386 0.112533 22.8103 -6.70268 -3.50925 24.2605 -6.03215 -7.24469 25.2015 -5.03057 -10.9999 25.6302 -3.77557 -14.7024 25.5566 -2.32695 -18.3223 24.9887 -0.758613 -21.7817 23.9408 0.871353 -25.0348 22.429 2.50925 -28.0363 20.4713 4.11267 -30.757 18.0746 5.61823 -33.1329 15.2806 6.97171 -35.1224 12.13 8.11897 -36.6881 8.67309 9.00868 -37.799 4.96513 9.58951 -38.4241 1.08612 9.81919 -38.5416 -2.87722 9.66525 -38.1377 -6.82533 9.10981 -37.212 -10.6372 8.1486 -35.7749 -14.2018 6.79424 -33.8558 -17.3922 5.0779 -31.5063 -20.0809 3.06336 -28.8218 -22.1378 0.807794 -25.8896 -23.4828 -1.60622 -22.8318 -24.0461 -4.08532 -19.7841 -23.7972 -6.51141 -16.9077 -22.7631 -8.80274 -14.2844 -21.0035 -10.8469 -11.976 -18.6113 -12.557 -10.015 -15.7028 -13.8833 -8.39348 -12.3754 -14.7804 -7.10407 -8.77096 -15.2397 -6.10258 -4.99653 -15.2689 -5.32984 -1.14146 -14.8821 -4.71246 2.75081 -14.1044 -4.17829 6.59663 -12.9698 -3.64437 10.3526 -11.5207 -3.02485 13.9855 -9.8038 -2.23053 17.4773 -7.88617 -1.17724 20.7916 -5.84268 0.214875 23.8992 -3.71271 2.00552 26.7327 -1.47845 4.21227 29.1542 0.851909 6.82178 31.0211 3.22971 9.77258 32.1892 5.57017 12.9546 32.539 7.74749 16.1938 32.0054 9.65647 19.334 30.5866 11.1828 22.1906 28.3443 12.2349 24.5921 25.4043 12.754 26.3828 21.98 12.7388 27.4971 18.2436 12.214 27.8924 14.4004 11.2376 27.576 10.6389 9.88152 26.5895 7.09053 8.24604 25.0143 3.88926 6.4272 22.9474 1.09231 4.5132 20.4863 -1.29137 2.56543 17.6964 -3.30565 0.662238 14.6686 -4.9919 -1.14443 11.459 -6.43036 -2.81101 8.11038 -7.71229 -4.30453 4.64266 -8.93912 -5.57965 1.10227 -10.2043 -6.59533 -2.47135 -11.6039 -7.30516 -6.02437 -13.2266 -7.65661 -9.47999 -15.1464 -7.59406 -12.7361 -17.4144 -7.06506 -15.6606 -20.0448 -6.03227 -18.0977 -23.0016 -4.49297 -19.8797 -26.1807 -2.5126 -20.9049 -29.4485 -0.187931 -21.1093 -32.643 2.36491 -20.4798 -35.599 5.00331 -19.0636 -38.1479 7.61579 -16.9386 -40.1785 10.0808 -14.2204 -41.5923 12.2891 -11.0511 -42.3287 14.1506 -7.5918 -42.3686 15.6052 -3.9982 -41.7329 16.6191 -0.417296 -40.4745 1.17864 1.23384 1.27105 1.2947 1.30923 1.31895 1.32776 1.3386 1.35299 1.37112 1.39164 1.41242 1.43097 1.44539 1.45463 1.45838 1.45607 1.44565 1.42273 1.38045 1.30959 1.20569 1.07539 0.925791 0.762609 0.591711 0.419271 0.250216 0.0881577 -0.0638858 -0.203673 -0.330493 -0.444381 -0.545766 -0.635015 -0.712199 -0.776585 -0.826523 -0.859817 -0.874332 -0.869236 -0.845879 -0.807602 -0.759017 -0.691404 -0.599475 -0.497425 -0.395082 -0.29862 -0.211826 -0.136976 -0.0752826 -0.0276313 0.00494326 0.0216023 0.0218267 0.00487089 -0.0308002 -0.0880485 -0.175594 -0.307453 -0.486762 -0.708958 -0.958448 -1.2097 -1.43627 -1.61896 -1.74723 -1.81911 -1.84279 -1.82496 -1.77023 -1.68237 -1.56586 -1.42744 -1.27579 -1.12066 -0.972607 -0.840612 -0.729685 -0.641024 -0.573467 -0.52405 -0.488558 -0.461775 -0.437083 -0.405723 -0.356072 -0.273083 -0.142662 0.0474488 0.30062 0.599057 0.90192 1.16176 1.41267 1.6873 1.90823 2.06567 2.17704 0.795193
17.5171 4.71185 -39.2511 17.2013 7.9474 -37.0121 16.5265 10.823 -34.3931 15.5416 13.2977 -31.4796 14.2973 15.3529 -28.3474 12.835 16.9932 -25.0436 11.2079 18.2149 -21.637 9.45956 19.0316 -18.17 7.63002 19.459 -14.675 5.75491 19.5121 -11.1752 3.86986 19.2037 -7.6939 2.0069 18.545 -4.24954 0.19631 17.5452 -0.859957 -1.52702 16.2168 2.44575 -3.13932 14.5626 5.65925 -4.60699 12.586 8.75788 -5.88972 10.2888 11.7142 -6.93196 7.69046 14.4769 -7.68319 4.78528 17.0197 -8.07603 1.59356 19.2842 -8.04079 -1.84207 21.1986 -7.51924 -5.42603 22.6723 -6.57151 -9.08285 23.6813 -5.2799 -12.7349 24.2133 -3.72507 -16.3221 24.2681 -1.96678 -19.8229 23.8461 -0.0834873 -23.1664 22.9521 1.86452 -26.3109 21.5948 3.82099 -29.2133 19.7857 5.74204 -31.8445 17.5266 7.558 -34.1403 14.8528 9.20936 -36.0575 11.8009 10.6358 -37.556 8.41896 11.7795 -38.6019 4.76211 12.5819 -39.162 0.912792 12.9943 -39.2132 -3.03713 12.9794 -38.7421 -6.98076 12.5165 -37.7512 -10.7886 11.6012 -36.2558 -14.3413 10.2487 -34.2917 -17.505 8.49488 -31.918 -20.1478 6.4107 -29.2364 -22.1379 4.06115 -26.3393 -23.3955 1.53771 -23.353 -23.8527 -1.05663 -20.4156 -23.4827 -3.59333 -17.6879 -22.319 -5.97908 -15.2435 -20.4318 -8.10114 -13.1305 -17.9294 -9.87741 -11.3651 -14.9364 -11.2662 -9.9247 -11.5518 -12.23 -8.78616 -7.91385 -12.7686 -7.89396 -4.12253 -12.8988 -7.17997 -0.258229 -12.6466 -6.56354 3.64522 -12.049 -5.96619 7.51389 -11.1538 -5.3007 11.3133 -10.0166 -4.47877 15.0164 -8.69706 -3.4105 18.6065 -7.27059 -2.01632 22.0406 -5.78884 -0.227196 25.2615 -4.21745 2.00047 28.1494 -2.54813 4.66968 30.5606 -0.796836 7.74394 32.3516 0.987285 11.1312 33.3853 2.72849 14.6899 33.5583 4.32439 18.2165 32.8279 5.6932 21.5385 31.2127 6.75195 24.461 28.7928 7.4394 26.8118 25.7075 7.7227 28.446 22.1789 7.61059 29.3143 18.3795 7.13159 29.3955 14.5108 6.33717 28.721 10.7536 5.28598 27.3526 7.22869 4.05611 25.393 4.05824 2.7202 22.9533 1.2895 1.34438 20.1398 -1.07569 -0.0240952 17.0215 -3.0852 -1.32531 13.6956 -4.78171 -2.51763 10.221 -6.24455 -3.56455 6.64311 -7.56259 -4.43563 2.98458 -8.83428 -5.09257 -0.703219 -10.1494 -5.49977 -4.37615 -11.6002 -5.61854 -7.97497 -13.2722 -5.40779 -11.417 -15.2365 -4.8273 -14.5944 -17.5424 -3.84465 -17.3701 -20.2035 -2.44589 -19.5857 -23.184 -0.657748 -21.0821 -26.3801 1.44216 -21.7785 -29.6598 3.75503 -21.6306 -32.8661 6.17131 -20.642 -35.8385 8.56296 -18.8753 -38.4119 10.8347 -16.4173 -40.4763 12.8841 -13.3935 -41.9321 14.6232 -9.95491 -42.7167 15.9835 -6.27052 -42.8077 16.9255 -2.50159 -42.2231 17.4337 1.20135 -41.013 1.32935 1.40639 1.46275 1.5032 1.5321 1.55375 1.57201 1.58992 1.60905 1.62982 1.6511 1.67102 1.68747 1.69888 1.70461 1.70456 1.6984 1.68408 1.65713 1.61052 1.5352 1.42571 1.2875 1.12718 0.950434 0.763415 0.573169 0.385547 0.205037 0.0354029 -0.120551 -0.26182 -0.388387 -0.500644 -0.598995 -0.683506 -0.753407 -0.806976 -0.841961 -0.856215 -0.848971 -0.821697 -0.77786 -0.722229 -0.644711 -0.540404 -0.4269 -0.315146 -0.211638 -0.120078 -0.0424922 0.0202109 0.067436 0.0984319 0.112586 0.10937 0.0875659 0.0444992 -0.0271434 -0.145083 -0.317971 -0.54838 -0.827505 -1.13124 -1.42462 -1.67668 -1.8703 -2.00006 -2.06919 -2.08958 -2.06827 -2.00909 -1.91468 -1.78843 -1.63629 -1.46689 -1.29076 -1.12027 -0.966628 -0.836617 -0.732491 -0.653588 -0.597041 -0.558586 -0.533032 -0.513756 -0.492228 -0.457049 -0.393316 -0.283993 -0.115684 0.118968 0.409308 0.720033 1.00169 1.29312 1.62716 1.89952 2.09562 2.23725 0.729906
17.9345 7.32579 -39.7566 17.2992 10.528 -37.5376 16.3316 13.3292 -34.9298 15.0832 15.6879 -32.0212 13.6059 17.5861 -28.891 11.9411 19.029 -25.591 10.1429 20.017 -22.1947 8.25432 20.568 -18.7488 6.31411 20.7034 -15.2902 4.35653 20.4439 -11.8452 2.41569 19.8095 -8.43958 0.522216 18.818 -5.09296 -1.2948 17.4853 -1.8235 -3.00147 15.831 1.34079 -4.57483 13.863 4.39267 -5.98256 11.5918 7.31202 -7.18671 9.02758 10.0755 -8.13662 6.20068 12.64 -8.78767 3.11359 14.9886 -9.08065 -0.205378 17.0786 -8.95425 -3.71041 18.8586 -8.35685 -7.31065 20.2622 -7.34925 -10.9531 21.2651 -6.00194 -14.5776 21.8449 -4.38402 -18.1344 21.9876 -2.54538 -21.6058 21.6807 -0.558703 -24.9214 20.9159 1.51871 -28.0376 19.6918 3.63093 -30.9084 18.012 5.73368 -33.5002 15.8725 7.7533 -35.7444 13.3029 9.62596 -37.5912 10.3366 11.2859 -38.9937 7.02068 12.6699 -39.9108 3.41261 13.7122 -40.3045 -0.399651 14.3578 -40.1499 -4.31549 14.5637 -39.4363 -8.21713 14.3041 -38.1747 -11.9637 13.5724 -36.3924 -15.4254 12.3826 -34.1413 -18.4606 10.7713 -31.4993 -20.9343 8.81144 -28.5888 -22.7183 6.57262 -25.5167 -23.7405 4.15039 -22.4208 -23.9479 1.65039 -19.443 -23.3327 -0.799386 -16.738 -21.9503 -3.10916 -14.3685 -19.8817 -5.17602 -12.3755 -17.2388 -6.92656 -10.764 -14.1454 -8.3273 -9.49953 -10.696 -9.34897 -8.54253 -7.02179 -10.0003 -7.82229 -3.21164 -10.3081 -7.2568 0.667165 -10.311 -6.75426 4.59501 -10.0557 -6.22533 8.51109 -9.59947 -5.57585 12.3905 -9.00427 -4.71338 16.2093 -8.33474 -3.54703 19.946 -7.62968 -1.99874 23.5345 -6.84919 -0.00155417 26.8771 -5.96664 2.4795 29.8498 -4.9758 5.43065 32.3063 -3.88991 8.79418 34.1044 -2.74565 12.4546 35.1129 -1.59773 16.2484 35.2371 -0.518291 19.9529 34.4438 0.435093 23.3841 32.7598 1.20467 26.3404 30.2727 1.74723 28.6499 27.128 2.03715 30.1771 23.5523 2.07806 30.8862 19.7185 1.88555 30.7735 15.8259 1.49034 29.8877 12.0494 0.92916 28.3042 8.50249 0.25095 26.1379 5.30072 -0.496499 23.5066 2.48629 -1.2677 20.521 0.0585699 -2.02649 17.251 -2.03085 -2.72845 13.7969 -3.82229 -3.33873 10.2195 -5.39223 -3.82474 6.5669 -6.82638 -4.1561 2.86463 -8.22074 -4.29864 -0.831859 -9.66177 -4.21943 -4.47433 -11.2389 -3.88448 -7.99961 -13.0336 -3.26062 -11.3223 -15.1123 -2.31875 -14.3349 -17.518 -1.04048 -16.9058 -20.258 0.57361 -18.889 -23.2929 2.48423 -20.1459 -26.5211 4.61543 -20.6016 -29.8229 6.87217 -20.2166 -33.0493 9.15115 -18.9987 -36.0451 11.3347 -17.017 -38.6467 13.3382 -14.3624 -40.745 15.073 -11.1657 -42.2401 16.4659 -7.58272 -43.068 17.4639 -3.78544 -43.2037 18.0406 0.062635 -42.6618 18.1917 3.80914 -41.4891 1.51619 1.61283 1.68644 1.74194 1.78364 1.81568 1.84186 1.86519 1.88741 1.90908 1.9294 1.94694 1.96 1.96736 1.96863 1.96394 1.95317 1.93464 1.90447 1.8565 1.78266 1.67586 1.54126 1.38393 1.20807 1.01868 0.822353 0.625268 0.43252 0.248734 0.0774736 -0.0796506 -0.222228 -0.350331 -0.464136 -0.563521 -0.647524 -0.71422 -0.761236 -0.786368 -0.788908 -0.770501 -0.734805 -0.686563 -0.614066 -0.512043 -0.398656 -0.285105 -0.178387 -0.0828457 -0.00105937 0.0657315 0.116816 0.151367 0.168579 0.16739 0.145515 0.0958485 0.00203247 -0.148297 -0.365541 -0.652124 -0.993868 -1.35492 -1.68852 -1.96063 -2.15929 -2.28642 -2.3509 -2.36727 -2.3424 -2.2793 -2.17945 -2.045 -1.88082 -1.69496 -1.49832 -1.30494 -1.12846 -0.977907 -0.856931 -0.765453 -0.700593 -0.657614 -0.630778 -0.61285 -0.594779 -0.564899 -0.508675 -0.411266 -0.258361 -0.0396915 0.240255 0.552806 0.849849 1.1759 1.56381 1.88297 2.11362 2.28208 0.610258
18.1526 9.71411 -39.308 17.2252 12.889 -37.1535 15.9945 15.6356 -34.5992 14.5137 17.91 -31.7327 12.8362 19.6918 -28.6353 11.0027 20.9842 -25.3623 9.06887 21.7876 -21.992 7.07747 22.1217 -18.5763 5.06694 22.0103 -15.1572 3.07051 21.4789 -11.7662 1.1211 20.553 -8.43298 -0.752426 19.2573 -5.1804 -2.5231 17.6151 -2.02844 -4.15994 15.655 0.99497 -5.64329 13.3923 3.88324 -6.94536 10.8462 6.61898 -8.03461 8.03607 9.18398 -8.86974 5.0024 11.5439 -9.41625 1.75326 13.692 -9.62757 -1.6794 15.6004 -9.45534 -5.25218 17.236 -8.86237 -8.88535 18.554 -7.90025 -12.5472 19.5305 -6.6217 -16.1923 20.1367 -5.0786 -19.7788 20.348 -3.30666 -23.2919 20.1399 -1.36647 -26.6594 19.4914 0.692633 -29.8328 18.3894 2.81959 -32.759 16.8279 4.97283 -35.3957 14.7962 7.07891 -37.6633 12.3182 9.07231 -39.5005 9.42545 10.884 -40.8488 6.16704 12.4462 -41.6574 2.60612 13.6878 -41.8817 -1.15991 14.5481 -41.496 -5.0181 14.9793 -40.4948 -8.83725 14.951 -38.9015 -12.4644 14.4545 -36.7602 -15.7604 13.5015 -34.145 -18.5797 12.1264 -31.1582 -20.7895 10.3977 -27.9481 -22.2735 8.3825 -24.6402 -22.9746 6.17011 -21.3864 -22.8613 3.85834 -18.3334 -21.9497 1.56446 -15.6299 -20.3194 -0.627183 -13.3239 -18.0593 -2.62384 -11.4433 -15.2833 -4.36033 -9.97785 -12.1105 -5.81058 -8.87828 -8.62517 -6.95161 -8.0897 -4.94609 -7.79776 -7.5294 -1.14735 -8.38086 -7.10607 2.71793 -8.74715 -6.72142 6.64202 -8.94541 -6.2791 10.5721 -9.03444 -5.67962 14.4853 -9.07564 -4.82599 18.3519 -9.10185 -3.62247 22.1364 -9.07915 -1.98892 25.7561 -8.97697 0.133303 29.1112 -8.77134 2.76807 32.0756 -8.4492 5.88791 34.5021 -8.00978 9.42032 36.2499 -7.4666 13.2343 37.1901 -6.84602 17.1507 37.2324 -6.18839 20.9332 36.3504 -5.52986 24.3892 34.5783 -4.91037 27.3138 32.0129 -4.36515 29.5388 28.8082 -3.92507 30.9405 25.1967 -3.59989 31.4969 21.3513 -3.39432 31.2194 17.4676 -3.30267 30.1703 13.7134 -3.3108 28.434 10.1937 -3.39802 26.1331 7.01528 -3.53808 23.3885 4.21338 -3.70215 20.3114 1.78295 -3.86145 16.971 -0.326759 -3.9839 13.468 -2.15623 -4.03907 9.86341 -3.78053 -3.997 6.20628 -5.2832 -3.82709 2.52428 -6.75792 -3.49906 -1.1243 -8.28801 -2.98238 -4.68803 -9.95954 -2.24658 -8.10054 -11.8501 -1.2637 -11.2742 -14.0209 -0.0114975 -14.1011 -16.509 1.51967 -16.4534 -19.315 3.31959 -18.1939 -22.3939 5.3378 -19.2001 -25.6445 7.49509 -19.4055 -28.9543 9.69545 -18.78 -32.1821 11.8386 -17.3404 -35.1797 13.816 -15.164 -37.7906 15.5542 -12.3451 -39.911 16.9796 -9.01626 -41.4442 18.0347 -5.33224 -42.3263 18.6829 -1.46283 -42.5295 18.9111 2.43131 -42.0631 18.7259 6.19961 -40.9676 1.69665 1.814 1.90645 1.97901 2.03613 2.08172 2.1193 2.15168 2.18028 2.20561 2.2269 2.24292 2.2523 2.2543 2.24894 2.23677 2.21821 2.19217 2.1556 2.1035 2.02873 1.92499 1.79695 1.64799 1.48045 1.29759 1.10454 0.906705 0.70909 0.516664 0.333688 0.162506 0.00422583 -0.140691 -0.271902 -0.388969 -0.490578 -0.574526 -0.638261 -0.679545 -0.697755 -0.694727 -0.674196 -0.640505 -0.579693 -0.485451 -0.376367 -0.263999 -0.155986 -0.0574045 0.0285287 0.100101 0.156227 0.195624 0.216797 0.217643 0.192733 0.129424 0.0146684 -0.166748 -0.428844 -0.774916 -1.18276 -1.5987 -1.96237 -2.24148 -2.4341 -2.55114 -2.60657 -2.61606 -2.58572 -2.5174 -2.41133 -2.26832 -2.09199 -1.88965 -1.67248 -1.45623 -1.25719 -1.08675 -0.949981 -0.847276 -0.77556 -0.729533 -0.702725 -0.68721 -0.673187 -0.648571 -0.599439 -0.513041 -0.375192 -0.174488 0.0886804 0.392455 0.693439 1.04753 1.491 1.86118 2.1293 2.32644 0.497886
20.0486 11.4975 -38.2659 18.7617 14.628 -36.2348 17.183 17.3086 -33.8047 15.3732 19.4948 -31.061 13.3912 21.1665 -28.0844 11.281 22.327 -24.9309 9.10254 22.9794 -21.6793 6.90014 23.1459 -18.383 4.71252 22.8537 -15.0854 2.57223 22.1322 -11.8196 0.510962 21.0115 -8.61601 -1.44408 19.5206 -5.49782 -3.26782 17.6872 -2.48461 -4.93126 15.5445 0.397072 -6.41734 13.1112 3.14172 -7.70148 10.4105 5.73392 -8.75689 7.4658 8.15819 -9.54938 4.32189 10.3848 -10.0533 0.988799 12.4112 -10.2332 -2.50067 14.217 -10.0526 -6.10595 15.7787 -9.49483 -9.75734 17.0613 -8.59419 -13.4344 18.0395 -7.38628 -17.0974 18.6812 -5.90734 -20.7065 18.957 -4.18022 -24.246 18.8377 -2.25418 -27.6404 18.2963 -0.170746 -30.8371 17.3139 2.02447 -33.7777 15.8792 4.29394 -36.4139 13.9774 6.56484 -38.6586 11.6275 8.77012 -40.4428 8.85796 10.8365 -41.701 5.7172 12.69 -42.3764 2.27004 14.2494 -42.4226 -1.38246 15.443 -41.8159 -5.12165 16.2107 -40.5581 -8.80986 16.5087 -38.686 -12.2887 16.3176 -36.2597 -15.4146 15.6388 -33.3729 -18.0418 14.4992 -30.1482 -20.0411 12.9603 -26.7533 -21.3065 11.0869 -23.3256 -21.7925 8.96616 -20.0238 -21.4838 6.6938 -16.9929 -20.4133 4.38515 -14.3702 -18.6752 2.12829 -12.1853 -16.3597 0.0127224 -10.4497 -13.5774 -1.90077 -9.1367 -10.4398 -3.59274 -8.18415 -7.02079 -5.04344 -7.52476 -3.42632 -6.26998 -7.06804 0.28142 -7.30455 -6.71776 4.05854 -8.19477 -6.37326 7.90164 -8.98067 -5.93685 11.7581 -9.71192 -5.31028 15.5991 -10.4362 -4.39968 19.3842 -11.1321 -3.10808 23.0746 -11.7707 -1.3609 26.5833 -12.3224 0.891778 29.8069 -12.7573 3.66234 32.6188 -13.0472 6.91045 34.8752 -13.1706 10.5514 36.4417 -13.114 14.4433 37.1998 -12.8752 18.3996 37.0704 -12.4674 22.1797 36.0399 -11.9116 25.5918 34.1514 -11.2398 28.4351 31.509 -10.4907 30.5492 28.2706 -9.7139 31.8216 24.6679 -8.93993 32.2394 20.8694 -8.20079 31.8236 17.0637 -7.51932 30.6445 13.4102 -6.90391 28.7911 10.006 -6.36042 26.3903 6.94898 -5.87993 23.5645 4.26812 -5.44509 20.4249 1.95369 -5.02922 17.0399 -0.0471586 -4.60704 13.5099 -1.7773 -4.14725 9.89502 -3.31232 -3.61734 6.2443 -4.73564 -2.9816 2.58591 -6.1402 -2.20881 -1.02068 -7.60862 -1.2666 -4.52218 -9.22503 -0.124636 -7.85021 -11.0638 1.24224 -10.9157 -13.1815 2.85099 -13.6111 -15.6099 4.70316 -15.8118 -18.3445 6.77877 -17.3878 -21.3373 9.01542 -18.2273 -24.4907 11.3259 -18.2707 -27.7018 13.6075 -17.4943 -30.8391 15.7566 -15.9195 -33.7636 17.665 -13.6273 -36.3264 19.2631 -10.7128 -38.4276 20.4841 -7.30904 -39.9726 21.28 -3.57068 -40.8971 21.6257 0.333144 -41.1699 21.5202 4.24243 -40.7953 20.9823 8.00669 -39.8076 1.80191 1.94281 2.05639 2.14791 2.22205 2.28275 2.33351 2.3771 2.41489 2.44731 2.47375 2.49308 2.50428 2.5068 2.50093 2.48735 2.46658 2.43776 2.39828 2.34393 2.26746 2.16623 2.04358 1.90144 1.74063 1.56283 1.37163 1.17139 0.966634 0.762438 0.563717 0.373751 0.194569 0.027574 -0.126152 -0.265478 -0.388502 -0.492506 -0.57456 -0.632212 -0.664793 -0.674165 -0.664022 -0.638354 -0.581532 -0.486557 -0.373979 -0.256368 -0.142173 -0.0371061 0.0552251 0.132841 0.194333 0.237851 0.261097 0.260826 0.227258 0.148846 0.0103574 -0.207168 -0.521466 -0.933095 -1.4027 -1.85352 -2.21999 -2.48329 -2.65531 -2.75433 -2.7967 -2.79678 -2.75881 -2.68302 -2.56802 -2.41286 -2.21959 -1.99462 -1.74983 -1.50385 -1.27702 -1.08391 -0.930936 -0.818315 -0.741921 -0.695147 -0.670343 -0.658611 -0.649432 -0.630223 -0.58807 -0.512485 -0.390963 -0.214033 0.0173575 0.285331 0.554751 0.899762 1.3737 1.78648 2.09167 2.31959 0.41237
19.0259 15.028 -37.084 17.4348 17.8675 -34.8508 15.6139 20.2146 -32.2511 13.6243 22.0385 -29.3705 11.5234 23.331 -26.2886 9.35111 24.1038 -23.0593 7.16342 24.3706 -19.7598 4.99905 24.1609 -16.4408 2.89058 23.5082 -13.1434 0.864311 22.4461 -9.89785 -1.05461 21.0087 -6.73251 -2.84558 19.228 -3.66828 -4.49023 17.1337 -0.722762 -5.96725 14.7613 2.07944 -7.26377 12.1293 4.7354 -8.35227 9.2616 7.23611 -9.20551 6.18214 9.5709 -9.79353 2.93688 11.7139 -10.0959 -0.465228 13.6643 -10.0863 -3.99289 15.4036 -9.73946 -7.60936 16.9104 -9.06316 -11.2563 18.1477 -8.07395 -14.9194 19.092 -6.7919 -18.5611 19.7111 -5.24033 -22.1405 19.9736 -3.43209 -25.639 19.8479 -1.41135 -28.9776 19.304 0.782453 -32.0992 18.3206 3.10286 -34.9416 16.8848 5.5104 -37.4512 14.9815 7.92738 -39.5378 12.6317 10.2816 -41.13 9.86773 12.4944 -42.1615 6.74415 14.4865 -42.5775 3.33343 16.1709 -42.3383 -0.255477 17.471 -41.431 -3.89707 18.3223 -39.8728 -7.44971 18.6783 -37.7195 -10.7561 18.5185 -35.0501 -13.6791 17.8456 -31.9757 -16.0856 16.689 -28.6302 -17.8648 15.1149 -25.1839 -18.9325 13.1927 -21.7644 -19.2594 11.0141 -18.5127 -18.8411 8.68009 -15.5512 -17.7106 6.31346 -12.9944 -15.9525 3.98585 -10.8716 -13.6493 1.77215 -9.20046 -10.9041 -0.275069 -7.96153 -7.82125 -2.14145 -7.09797 -4.47003 -3.80702 -6.54253 -0.951951 -5.28793 -6.20075 2.6744 -6.61438 -5.96906 6.36852 -7.8331 -5.73844 10.1291 -8.97688 -5.40062 13.9051 -10.0875 -4.84841 17.6657 -11.1846 -3.97726 21.3696 -12.2609 -2.68593 24.9676 -13.2936 -0.899202 28.3606 -14.2535 1.42817 31.4318 -15.1029 4.29794 34.0423 -15.798 7.65208 36.0403 -16.2976 11.3824 37.2897 -16.5654 15.3195 37.6803 -16.5778 19.2497 37.1524 -16.3309 22.9128 35.7245 -15.8386 26.1071 33.4725 -15.132 28.6364 30.5363 -14.2563 30.3589 27.1035 -13.2756 31.1965 23.424 -12.2344 31.1666 19.6667 -11.1799 30.3231 16.009 -10.1491 28.7627 12.5877 -9.15915 26.5892 9.47341 -8.22628 23.9394 6.73256 -7.34639 20.934 4.36688 -6.50365 17.6776 2.34491 -5.6668 14.2297 0.599499 -4.81349 10.6841 -0.92803 -3.91777 7.09609 -2.32748 -2.95012 3.51387 -3.69337 -1.87468 -0.028859 -5.12626 -0.664394 -3.46173 -6.71102 0.707181 -6.71551 -8.52559 2.25804 -9.70486 -10.6278 3.99292 -12.3293 -13.0471 5.90142 -14.4822 -15.7807 7.95459 -16.0581 -18.7894 10.1048 -16.9646 -21.9993 12.282 -17.134 -25.2982 14.4173 -16.5346 -28.5743 16.4281 -15.1674 -31.6949 18.2299 -13.0728 -34.5265 19.7348 -10.3489 -36.9304 20.8874 -7.09794 -38.819 21.6364 -3.46055 -40.112 21.9508 0.405102 -40.7611 21.823 4.33159 -40.7517 21.2683 8.16614 -40.1018 20.32 11.7697 -38.8571 2.15183 2.28992 2.39883 2.48428 2.55115 2.60369 2.64555 2.67946 2.70675 2.72784 2.74214 2.74874 2.74689 2.73687 2.72071 2.69838 2.66954 2.63262 2.58464 2.52152 2.43489 2.3279 2.20219 2.05811 1.89502 1.71332 1.51584 1.30671 1.09067 0.873443 0.660712 0.456427 0.263166 0.0827552 -0.0833042 -0.233495 -0.365526 -0.476389 -0.563175 -0.623716 -0.657798 -0.667697 -0.657222 -0.630224 -0.570447 -0.472912 -0.35787 -0.236684 -0.117289 -0.00561195 0.0940149 0.178715 0.246207 0.293786 0.318313 0.314653 0.273469 0.18181 0.0208982 -0.234548 -0.608488 -1.09639 -1.63081 -2.10696 -2.46378 -2.70303 -2.8501 -2.92826 -2.95457 -2.94199 -2.89295 -2.80626 -2.67943 -2.51086 -2.30254 -2.06176 -1.80246 -1.54572 -1.31451 -1.12563 -0.985106 -0.890954 -0.836176 -0.811501 -0.807162 -0.812913 -0.817846 -0.810295 -0.777888 -0.707676 -0.58577 -0.398287 -0.137452 0.186404 0.534063 0.995098 1.60504 2.08963 2.41957 2.65403 0.396565
16.177 16.6939 -36.5672 14.2704 19.3495 -34.355 12.2097 21.4965 -31.7613 10.0563 23.1069 -28.8713 7.86532 24.1758 -25.7665 5.67335 24.7169 -22.5036 3.53183 24.7489 -19.1633 1.473 24.3053 -15.8005 -0.477967 23.4234 -12.4598 -2.30285 22.1401 -9.17491 -3.98533 20.4932 -5.97732 -5.51405 18.5174 -2.89068 -6.88019 16.2448 0.0650104 -8.07317 13.7135 2.8634 -9.08291 10.9439 5.50388 -9.88422 7.96378 7.98165 -10.4539 4.79978 10.2897 -10.7703 1.49902 12.405 -10.8197 -1.93122 14.3288 -10.5862 -5.46294 16.044 -10.0548 -9.06534 17.5306 -9.23576 -12.6878 18.7535 -8.13239 -16.3195 19.6926 -6.75383 -19.9248 20.3173 -5.11449 -23.4636 20.5963 -3.21965 -26.9168 20.4966 -1.10893 -30.2046 19.9861 1.18226 -33.2677 19.0415 3.61023 -36.0404 17.6479 6.13765 -38.4649 15.7903 8.68581 -40.4474 13.4894 11.1804 -41.9139 10.7796 13.5391 -42.7974 7.71799 15.6779 -43.0447 4.38052 17.5045 -42.6213 0.879226 18.9367 -41.5228 -2.65861 19.9054 -39.7766 -6.09174 20.3599 -37.4504 -9.26641 20.277 -34.6341 -12.0515 19.6565 -31.4477 -14.3225 18.5256 -28.0312 -15.979 16.9488 -24.5568 -16.947 14.9943 -21.1497 -17.2048 12.7535 -17.9451 -16.7531 10.3278 -15.0565 -15.6269 7.84238 -12.5872 -13.9081 5.36991 -10.5562 -11.6741 2.98679 -8.97184 -9.02081 0.746146 -7.80729 -6.04539 -1.34006 -7.00199 -2.81134 -3.25265 -6.48673 0.585127 -5.01097 -6.16803 4.08757 -6.6482 -5.94456 7.65538 -8.21535 -5.70981 11.2844 -9.74273 -5.35768 14.9208 -11.2691 -4.78275 18.5291 -12.8123 -3.88206 22.063 -14.3758 -2.55832 25.4652 -15.9384 -0.740212 28.6313 -17.4643 1.61394 31.442 -18.9003 4.50159 33.7595 -20.1772 7.85955 35.4385 -21.2243 11.5733 36.3536 -21.9721 15.4672 36.4102 -22.3657 19.3225 35.5689 -22.3739 22.8775 33.872 -21.9968 25.9325 31.4138 -21.2594 28.2977 28.3511 -20.2127 29.8413 24.8814 -18.9394 30.4995 21.2554 -17.5044 30.2998 17.6356 -15.9801 29.3064 14.1871 -14.4279 27.6237 11.0309 -12.8833 25.3599 8.22154 -11.3833 22.6537 5.80687 -9.93558 19.625 3.77354 -8.53078 16.3762 2.07825 -7.13569 12.9642 0.647729 -5.73808 9.47854 -0.589189 -4.31683 5.96982 -1.73099 -2.84617 2.48354 -2.87872 -1.29237 -0.946271 -4.1368 0.364027 -4.24706 -5.59349 2.14128 -7.34513 -7.32678 4.04604 -10.15 -9.39206 6.0688 -12.5574 -11.8135 8.1838 -14.4597 -14.5808 10.3471 -15.7548 -17.6458 12.4991 -16.3583 -20.925 14.5634 -16.2159 -24.297 16.4705 -15.3102 -27.6427 18.1442 -13.6591 -30.8245 19.5133 -11.3204 -33.7067 20.5129 -8.40709 -36.1515 21.1089 -5.02948 -38.0751 21.2764 -1.33151 -39.402 21.0102 2.53142 -40.0877 20.3269 6.4 -40.1189 19.2605 10.132 -39.5117 17.8581 13.5986 -38.3073 2.37666 2.53434 2.65725 2.75266 2.82649 2.88345 2.92741 2.9611 2.98575 3.00172 3.00845 3.00531 2.99184 2.9699 2.94202 2.90817 2.86772 2.81883 2.75842 2.68287 2.58575 2.47219 2.34247 2.19567 2.02999 1.84497 1.64275 1.42696 1.20224 0.974402 0.749685 0.532679 0.326605 0.133894 -0.0434651 -0.203592 -0.343937 -0.461394 -0.553131 -0.61718 -0.653562 -0.664647 -0.654111 -0.625464 -0.561819 -0.45843 -0.336762 -0.208822 -0.0830125 0.0344587 0.139228 0.228535 0.300139 0.351099 0.377728 0.374027 0.330232 0.230779 0.0507453 -0.24631 -0.697389 -1.28974 -1.90551 -2.40358 -2.74279 -2.95381 -3.07529 -3.13428 -3.14809 -3.12771 -3.07347 -2.98234 -2.84976 -2.6716 -2.44713 -2.18165 -1.88969 -1.59586 -1.33131 -1.11976 -0.969048 -0.875558 -0.829506 -0.819171 -0.833124 -0.860204 -0.889378 -0.909658 -0.91042 -0.881667 -0.813282 -0.693051 -0.507457 -0.244404 0.0945268 0.668509 1.54895 2.23633 2.66426 2.94815 0.495049
15.9153 17.0533 -36.5038 13.601 19.2621 -34.1915 11.2114 20.9849 -31.5637 8.80302 22.2428 -28.7002 6.41767 23.0532 -25.6611 4.07726 23.4262 -22.4787 1.82379 23.3635 -19.2134 -0.316923 22.8744 -15.9085 -2.32308 21.9747 -12.6053 -4.17815 20.6868 -9.33929 -5.86652 19.0397 -6.14487 -7.37602 17.0649 -3.04818 -8.69473 14.7939 -0.0697997 -9.80629 12.266 2.76502 -10.7007 9.50276 5.45327 -11.3617 6.5319 7.98298 -11.7722 3.38092 10.342 -11.916 0.0983979 12.504 -11.7826 -3.30665 14.4681 -11.3614 -6.80521 16.2152 -10.6462 -10.3669 17.7227 -9.64251 -13.9382 18.9584 -8.35063 -17.5055 19.9039 -6.7795 -21.0309 20.5298 -4.94353 -24.472 20.8065 -2.84622 -27.8061 20.7034 -0.528653 -30.9512 20.1915 1.97314 -33.8464 19.2516 4.61394 -36.4254 17.8732 7.35517 -38.6307 16.046 10.1137 -40.374 13.7946 12.812 -41.5883 11.156 15.3646 -42.216 8.18828 17.6854 -42.2144 4.9652 19.6796 -41.5613 1.5931 21.2638 -40.2628 -1.80965 22.3675 -38.3547 -5.1135 22.9381 -35.9104 -8.17873 22.9502 -33.02 -10.8881 22.4006 -29.8007 -13.1308 21.3113 -26.3858 -14.8179 19.7395 -22.9373 -15.8825 17.7457 -19.5697 -16.3049 15.4127 -16.4072 -16.0807 12.8355 -13.5551 -15.232 10.1406 -11.1124 -13.818 7.4068 -9.09888 -11.8942 4.72769 -7.52712 -9.53171 2.18318 -6.37624 -6.80576 -0.203349 -5.59545 -3.78009 -2.41368 -5.12558 -0.562455 -4.47148 -4.87974 2.77901 -6.41531 -4.76072 6.19472 -8.30424 -4.66561 9.67373 -10.171 -4.48877 13.1615 -12.0554 -4.12392 16.625 -13.9849 -3.46773 20.0202 -15.975 -2.42105 23.2938 -18.008 -0.904239 26.3495 -20.0477 1.13754 29.0774 -22.0336 3.72032 31.3483 -23.8808 6.80376 33.0234 -25.4963 10.297 33.9789 -26.7814 14.0459 34.1176 -27.6471 17.8472 33.3923 -28.0272 21.4449 31.8336 -27.8979 24.6341 29.5248 -27.267 27.2107 26.6126 -26.1801 29.022 23.2876 -24.7297 29.9765 19.7966 -22.9985 30.0817 16.3046 -21.0833 29.3841 12.9808 -19.0734 27.9758 9.95101 -17.028 25.9608 7.27535 -15.0118 23.4754 5.0033 -13.0532 20.6424 3.12158 -11.1589 17.5682 1.5843 -9.30455 14.315 0.314321 -7.48095 10.9759 -0.761611 -5.65567 7.60728 -1.73913 -3.79338 4.25973 -2.71896 -1.85286 0.971934 -3.80773 0.183553 -2.18107 -5.10094 2.32513 -5.124 -6.68641 4.55882 -7.76791 -8.63094 6.8572 -10.0137 -10.9599 9.19703 -11.765 -13.6447 11.536 -12.9448 -16.6261 13.8207 -13.5033 -19.8225 15.988 -13.4185 -23.1312 17.9881 -12.6864 -26.4651 19.7602 -11.3085 -29.7228 21.2345 -9.29174 -32.7904 22.3233 -6.67787 -35.5192 22.9491 -3.52026 -37.7778 23.0359 0.0545768 -39.4138 22.5442 3.85253 -40.3064 21.495 7.63717 -40.402 19.9655 11.1929 -39.7301 18.0667 14.3594 -38.3878 3.13032 3.22743 3.28096 3.31414 3.34061 3.36635 3.39226 3.41653 3.43624 3.44893 3.45275 3.44678 3.43093 3.40569 3.37185 3.33006 3.28017 3.22041 3.14742 3.05715 2.94609 2.81906 2.67572 2.5148 2.33413 2.13285 1.913 1.67829 1.43373 1.18592 0.94199 0.707303 0.48555 0.279484 0.0911355 -0.0776772 -0.224571 -0.34676 -0.441772 -0.508052 -0.545885 -0.557619 -0.546501 -0.51528 -0.44785 -0.33848 -0.207289 -0.0662851 0.0734412 0.203715 0.320274 0.420444 0.502075 0.562253 0.597165 0.601346 0.565585 0.473626 0.297362 -0.00980081 -0.508069 -1.20463 -1.93734 -2.50262 -2.8668 -3.08756 -3.2175 -3.28888 -3.32088 -3.324 -3.29793 -3.23875 -3.14053 -2.99631 -2.80031 -2.55191 -2.26219 -1.96174 -1.69206 -1.48476 -1.3515 -1.28888 -1.28545 -1.32721 -1.39689 -1.47335 -1.54304 -1.59328 -1.61401 -1.59956 -1.5494 -1.46741 -1.36039 -1.2329 -1.07876 -0.688933 0.316878 1.41193 2.05781 2.39335 -0.839133
13.1331 20.4907 -35.0679 10.6534 22.7371 -32.9735 8.12545 24.4638 -30.4813 5.61731 25.6558 -27.6758 3.18252 26.3167 -24.6397 0.850207 26.4646 -21.433 -1.33622 26.1254 -18.1393 -3.35472 25.3365 -14.8155 -5.19014 24.1382 -11.5079 -6.83392 22.5694 -8.25157 -8.27932 20.6684 -5.07905 -9.52408 18.4701 -2.01537 -10.5673 16.0061 0.918456 -11.4058 13.3146 3.69602 -12.0334 10.4178 6.31834 -12.4363 7.34492 8.77958 -12.5997 4.124 11.0733 -12.511 0.802843 13.1786 -12.16 -2.61205 15.0982 -11.5368 -6.09464 16.8166 -10.6351 -9.61801 18.3141 -9.45984 -13.1328 19.5606 -8.00797 -16.629 20.5391 -6.28547 -20.0723 21.2211 -4.30339 -23.4239 21.5768 -2.06081 -26.6637 21.5754 0.403316 -29.7134 21.1854 3.05553 -32.5149 20.3841 5.85238 -35.0041 19.1568 8.75688 -37.125 17.4888 11.6841 -38.7914 15.3979 14.554 -39.937 12.9142 17.2769 -40.5049 10.0892 19.7611 -40.4526 6.9908 21.9045 -39.7586 3.7199 23.6159 -38.4295 0.39136 24.8171 -36.5024 -2.86712 25.449 -34.0524 -5.91574 25.4823 -31.1719 -8.63547 24.9122 -27.9806 -10.9128 23.762 -24.6139 -12.6556 22.0943 -21.2345 -13.793 19.9753 -17.9566 -14.3031 17.4949 -14.9026 -14.1792 14.7552 -12.1739 -13.4414 11.8897 -9.86307 -12.1459 8.98048 -7.98538 -10.346 6.12428 -6.54775 -8.10889 3.40432 -5.52484 -5.50403 0.846593 -4.86494 -2.59157 -1.53285 -4.51088 0.518483 -3.76135 -4.37976 3.7553 -5.8814 -4.37901 7.06666 -7.95808 -4.41143 10.4382 -10.0285 -4.37511 13.8135 -12.1391 -4.16745 17.1575 -14.3237 -3.6873 20.4253 -16.604 -2.83608 23.5633 -18.9652 -1.53089 26.4775 -21.3702 0.288976 29.0611 -23.7526 2.64842 31.1892 -26.0151 5.51866 32.728 -28.0476 8.82074 33.5593 -29.7279 12.4125 33.5917 -30.942 16.1001 32.7835 -31.5974 19.6339 31.1708 -31.6531 22.8098 28.841 -31.1047 25.4218 25.9437 -29.9942 27.3118 22.6707 -28.4217 28.3795 19.2664 -26.4831 28.6253 15.8924 -24.2929 28.0877 12.7118 -21.9594 26.8518 9.84298 -19.5575 25.0173 7.33926 -17.169 22.715 5.24198 -14.8325 20.0651 3.53261 -12.5609 17.1729 2.16243 -10.3288 14.1027 1.05506 -8.13184 10.9468 0.135215 -5.94404 7.75984 -0.69654 -3.73482 4.59161 -1.54273 -1.46567 1.4809 -2.50976 0.875296 -1.49891 -3.69357 3.29178 -4.27427 -5.18318 5.76322 -6.75807 -7.04961 8.25607 -8.84886 -9.32215 10.7428 -10.4394 -11.9747 13.1723 -11.4337 -14.9514 15.4742 -11.7582 -18.1677 17.5621 -11.3719 -21.5059 19.3608 -10.2687 -24.8523 20.7936 -8.47575 -28.0747 21.7949 -6.05466 -31.0389 22.314 -3.11848 -33.6027 22.3293 0.224691 -35.6732 21.8344 3.83065 -37.1617 20.847 7.54091 -38.0116 19.4121 11.1932 -38.2009 17.5942 14.6456 -37.7426 15.4722 17.7758 -36.678 3.19969 3.36522 3.47817 3.55468 3.60502 3.63635 3.6537 3.6604 3.65791 3.64674 3.62645 3.59657 3.55706 3.50972 3.45596 3.39663 3.33156 3.25884 3.17482 3.07531 2.95686 2.82454 2.67741 2.5134 2.32946 2.12385 1.89773 1.65437 1.39877 1.13814 0.880582 0.632583 0.398764 0.182509 -0.0137969 -0.188244 -0.338535 -0.462077 -0.556671 -0.621003 -0.655491 -0.662492 -0.645122 -0.606021 -0.529103 -0.408604 -0.265638 -0.112736 0.0383536 0.178548 0.304021 0.412568 0.502485 0.571259 0.615475 0.630077 0.606091 0.526749 0.360958 0.0514771 -0.489999 -1.29557 -2.13079 -2.721 -3.06838 -3.26441 -3.37213 -3.42612 -3.44603 -3.44163 -3.41187 -3.35253 -3.25731 -3.11843 -2.92803 -2.68149 -2.38509 -2.06726 -1.77569 -1.55489 -1.42383 -1.38003 -1.41035 -1.49921 -1.62754 -1.77379 -1.9273 -2.07818 -2.2177 -2.3397 -2.44103 -2.51951 -2.57204 -2.59049 -2.55408 -2.24553 -1.18466 0.123548 0.86782 1.26275 -1.97001
12.028 22.3425 -32.8963 9.27705 24.3488 -30.8992 6.51076 25.8384 -28.5092 3.79978 26.8014 -25.8063 1.19949 27.2451 -22.8696 -1.26052 27.1887 -19.7568 -3.5359 26.6601 -16.5494 -5.60562 25.697 -13.304 -7.45653 24.3396 -10.0672 -9.08277 22.6263 -6.8755 -10.481 20.5954 -3.76289 -11.6526 18.2811 -0.75634 -12.6009 15.7145 2.12123 -13.3274 12.9337 4.84177 -13.8304 9.9615 7.40599 -14.0998 6.82863 9.80909 -14.1253 3.56415 12.0462 -13.8985 0.216545 14.0986 -13.4113 -3.20789 15.9709 -12.6554 -6.68302 17.6507 -11.6251 -10.1823 19.1214 -10.3269 -13.6582 20.355 -8.75583 -17.1013 21.3375 -6.91595 -20.4785 22.0431 -4.81571 -23.7522 22.4442 -2.45033 -26.9026 22.5128 0.14356 -29.8539 22.218 2.93562 -32.5494 21.5376 5.88525 -34.9273 20.4559 8.95864 -36.933 18.9565 12.0712 -38.4834 17.0524 15.1428 -39.5146 14.7679 18.082 -39.9722 12.147 20.7937 -39.8159 9.24928 23.1697 -39.0262 6.16615 25.1111 -37.6117 3.00317 26.5308 -35.6112 -0.120376 27.3594 -33.1016 -3.07193 27.5587 -30.1774 -5.73735 27.1154 -26.9603 -8.00657 26.0465 -23.5876 -9.78915 24.4102 -20.2234 -11.0137 22.2713 -16.9818 -11.6559 19.7196 -13.985 -11.7045 16.8594 -11.3331 -11.1721 13.831 -9.11649 -10.1025 10.7222 -7.34998 -8.53929 7.63885 -6.03968 -6.53783 4.67407 -5.15965 -4.15761 1.8677 -4.65733 -1.44988 -0.756843 -4.47553 1.47215 -3.2259 -4.5326 4.53171 -5.58453 -4.73763 7.6709 -7.90456 -4.99721 10.8695 -10.2277 -5.21025 14.0692 -12.6071 -5.27587 17.2337 -15.0845 -5.09432 20.3176 -17.6865 -4.56515 23.2708 -20.4005 -3.59927 26.0045 -23.1892 -2.1266 28.418 -25.9809 -0.108371 30.394 -28.6662 2.44492 31.8065 -31.1177 5.47344 32.5442 -33.1904 8.85406 32.5208 -34.7444 12.4085 31.6983 -35.6603 15.8968 30.1138 -35.8796 19.1154 27.8532 -35.3851 21.8523 25.0634 -34.2165 23.9362 21.9314 -32.4834 25.2472 18.6942 -30.2972 25.7688 15.5082 -27.7927 25.5226 12.5301 -25.1005 24.58 9.87182 -22.3135 23.0328 7.58236 -19.5324 21.0046 5.6965 -16.8082 18.6136 4.19171 -14.1599 15.9663 3.01647 -11.5622 13.1315 2.09414 -9.01524 10.2018 1.34424 -6.4905 7.23532 0.665701 -3.95436 4.28621 -0.044977 -1.36481 1.39943 -0.894336 1.28867 -1.34697 -1.9793 4.00632 -3.87443 -3.389 6.75998 -6.0925 -5.19409 9.50452 -7.89922 -7.41971 12.2011 -9.19042 -10.0296 14.7876 -9.87836 -12.9601 17.1849 -9.9015 -16.1225 19.3001 -9.2341 -19.3986 21.0548 -7.88348 -22.677 22.3725 -5.88997 -25.8299 23.1914 -3.3257 -28.7291 23.4704 -0.310964 -31.2385 23.1977 3.04462 -33.2706 22.3806 6.59876 -34.7416 21.0512 10.1992 -35.5978 19.2691 13.6934 -35.8176 17.1114 16.9513 -35.4121 14.6663 19.8617 -34.4194 2.91974 3.08445 3.19235 3.26334 3.30896 3.33691 3.35209 3.35746 3.35404 3.34198 3.32054 3.289 3.24714 3.19648 3.13871 3.07479 3.00487 2.92713 2.83827 2.73421 2.61155 2.47611 2.32667 2.16076 1.97471 1.76587 1.53447 1.28285 1.01547 0.739716 0.464512 0.197695 -0.0548082 -0.288524 -0.500288 -0.687836 -0.848743 -0.980542 -1.08132 -1.15004 -1.18739 -1.19569 -1.17773 -1.13554 -1.05333 -0.924335 -0.769142 -0.600743 -0.431886 -0.274627 -0.133527 -0.0109474 0.0916745 0.172281 0.228055 0.254932 0.244345 0.180164 0.0297565 -0.274388 -0.860249 -1.81767 -2.79622 -3.4122 -3.74006 -3.91359 -4.00441 -4.0478 -4.06297 -4.05813 -4.03117 -3.97725 -3.88952 -3.75911 -3.57545 -3.32877 -3.01809 -2.66721 -2.33305 -2.07528 -1.92134 -1.86889 -1.90155 -2.00049 -2.14259 -2.30218 -2.46882 -2.63327 -2.78808 -2.92968 -3.05837 -3.1768 -3.28618 -3.38147 -3.44154 -3.28922 -2.4131 -0.571804 0.553032 1.02856 -1.90974
12.7809 25.7154 -32.2183 9.84393 27.5009 -30.2772 6.90865 28.7677 -27.9615 4.04636 29.5118 -25.3469 1.31302 29.7443 -22.5083 -1.26209 29.4862 -19.5006 -3.63395 28.7678 -16.4018 -5.78215 27.6269 -13.2669 -7.69464 26.1036 -10.1417 -9.36696 24.2354 -7.06266 -10.7974 22.0596 -4.06479 -11.9895 19.6093 -1.17639 -12.949 16.9145 1.57766 -13.6798 14.0127 4.16746 -14.1826 10.9266 6.59351 -14.4481 7.68927 8.85441 -14.4665 4.33151 10.949 -14.2298 0.903932 12.8636 -13.7286 -2.58579 14.6073 -12.952 -6.10887 16.174 -11.8891 -9.63489 17.555 -10.5497 -13.1179 18.7226 -8.9297 -16.5501 19.663 -7.03203 -19.8984 20.3532 -4.86301 -23.125 20.7688 -2.41455 -26.2099 20.885 0.278952 -29.0779 20.6732 3.18958 -31.6737 20.1122 6.27879 -33.9372 19.1858 9.5156 -35.8154 17.8774 12.8156 -37.2287 16.195 16.0982 -38.1165 14.1572 19.2705 -38.4279 11.7998 22.2343 -38.126 9.17316 24.875 -37.1951 6.35628 27.0857 -35.6473 3.4423 28.7694 -33.5248 0.538078 29.8449 -30.9083 -2.23553 30.2628 -27.8947 -4.77305 29.9985 -24.6092 -6.97113 29.0595 -21.1924 -8.74277 27.4965 -17.8115 -10.0163 25.3717 -14.5834 -10.764 22.775 -11.6321 -10.9687 19.8143 -9.05957 -10.6333 16.6383 -6.95541 -9.78799 13.344 -5.33482 -8.46503 10.0491 -4.20304 -6.70654 6.85959 -3.53277 -4.56005 3.82441 -3.27045 -2.07436 0.977738 -3.35061 0.636647 -1.70295 -3.68635 3.4935 -4.26316 -4.18359 6.4359 -6.77977 -4.74996 9.44033 -9.29951 -5.28274 12.4483 -11.884 -5.68232 15.4217 -14.584 -5.84951 18.3136 -17.4307 -5.68087 21.0776 -20.4094 -5.07718 23.6338 -23.4796 -3.95691 25.8897 -26.5634 -2.26756 27.7358 -29.5404 -0.00357913 29.0539 -32.2691 2.79102 29.7394 -34.5874 6.00819 29.7119 -36.3375 9.48119 28.9368 -37.3841 12.9758 27.4502 -37.6596 16.2872 25.3344 -37.143 19.1959 22.7285 -35.8766 21.5175 19.809 -33.9812 23.1119 16.7977 -31.5805 23.9471 13.8412 -28.8241 24.0277 11.0847 -25.8571 23.4109 8.63131 -22.7826 22.1799 6.52527 -19.7124 20.4499 4.79754 -16.7031 18.3365 3.4262 -13.7768 15.9472 2.36297 -10.9067 13.356 1.53675 -8.09943 10.6541 0.86445 -5.32651 7.90382 0.246601 -2.55306 5.1651 -0.418028 0.265426 2.49076 -1.23331 3.13959 -0.0341569 -2.29388 6.06899 -2.32317 -3.68672 9.02163 -4.27883 -5.48063 11.9419 -5.79705 -7.69809 14.7815 -6.77909 -10.2909 17.4702 -7.14708 -13.1868 19.9233 -6.85257 -16.2924 22.0439 -5.88528 -19.4891 23.7535 -4.26586 -22.6681 24.9769 -2.04765 -25.7068 25.657 0.686723 -28.4839 25.7601 3.80922 -30.872 25.2829 7.20823 -32.791 24.2421 10.7427 -34.165 22.68 14.2659 -34.9463 20.6646 17.6337 -35.1183 18.2803 20.727 -34.6929 15.6203 23.4451 -33.7077 2.27009 2.41292 2.50402 2.56203 2.59785 2.61864 2.62883 2.63069 2.62485 2.611 2.58798 2.5548 2.51098 2.45782 2.39734 2.3309 2.25898 2.18031 2.09205 1.99065 1.87033 1.73732 1.59083 1.42825 1.24529 1.03824 0.805954 0.549235 0.271457 -0.0203192 -0.316238 -0.606708 -0.883626 -1.14064 -1.37322 -1.5784 -1.75359 -1.89658 -2.00592 -2.08113 -2.12321 -2.13455 -2.1175 -2.07328 -1.98605 -1.84749 -1.67722 -1.48853 -1.29664 -1.11694 -0.955583 -0.815588 -0.698275 -0.605099 -0.537792 -0.499014 -0.496706 -0.546933 -0.682209 -0.975922 -1.59071 -2.68921 -3.78798 -4.40577 -4.70864 -4.86111 -4.93752 -4.97208 -4.98298 -4.97678 -4.9506 -4.89952 -4.8169 -4.69405 -4.52002 -4.28223 -3.97348 -3.60614 -3.24068 -2.94987 -2.77194 -2.70711 -2.73754 -2.84242 -2.99571 -3.1651 -3.34078 -3.51427 -3.67942 -3.83447 -3.98243 -4.12899 -4.27753 -4.42266 -4.54075 -4.49014 -3.87854 -1.57029 0.0496116 0.525695 -1.79028
13.9128 29.8724 -31.471 10.9017 31.551 -29.548 7.88329 32.704 -27.2803 4.92865 33.3307 -24.7386 2.09459 33.4443 -21.9931 -0.588992 33.0667 -19.0948 -3.07526 32.2294 -16.118 -5.34228 30.971 -13.1144 -7.37633 29.3319 -10.1277 -9.17128 27.3502 -7.19202 -10.7235 25.0644 -4.34009 -12.0344 22.5088 -1.59809 -13.1079 19.7148 1.01119 -13.9465 16.7213 3.46014 -14.5555 13.5476 5.74468 -14.9269 10.2261 7.86415 -15.051 6.78745 9.81935 -14.9181 3.28344 11.601 -14.517 -0.277476 13.2224 -13.8337 -3.86455 14.6837 -12.8527 -7.44453 15.9841 -11.5763 -10.9664 17.1049 -10.0042 -14.4249 18.03 -8.14194 -17.79 18.7346 -5.99708 -21.0268 19.1941 -3.56138 -24.1182 19.3842 -0.867487 -26.9915 19.2764 2.05967 -29.5943 18.8494 5.1852 -31.8687 18.086 8.48264 -33.7643 16.9679 11.8717 -35.2034 15.4977 15.2754 -36.1264 13.6868 18.6032 -36.4823 11.5616 21.7581 -36.2327 9.16185 24.6233 -35.3586 6.55394 27.0868 -33.8672 3.81877 29.0431 -31.7951 1.05225 30.3985 -29.2171 -1.63338 31.0909 -26.2261 -4.13735 31.0815 -22.945 -6.35769 30.3644 -19.5146 -8.2052 28.9787 -16.1052 -9.60222 26.9808 -12.8385 -10.5141 24.4562 -9.84494 -10.9143 21.5125 -7.23413 -10.7951 18.302 -5.10476 -10.1725 14.9294 -3.48127 -9.06845 11.5241 -2.37892 -7.51336 8.20788 -1.77965 -5.54535 5.04417 -1.63338 -3.21524 2.08109 -1.86574 -0.641208 -0.697364 -2.38135 2.09279 -3.33547 -3.07939 4.92349 -5.91337 -3.86458 7.82497 -8.48309 -4.63019 10.7389 -11.1139 -5.27488 13.6274 -13.8649 -5.69751 16.4443 -16.7782 -5.79386 19.1414 -19.8382 -5.45333 21.6499 -23.002 -4.5818 23.8863 -26.1874 -3.11298 25.7483 -29.2682 -1.02757 27.1214 -32.0954 1.64156 27.9013 -34.4986 4.7942 28.0043 -36.3123 8.26663 27.3891 -37.3945 11.8217 26.0823 -37.675 15.2471 24.1573 -37.1323 18.3124 21.7433 -35.812 20.8204 19.0075 -33.8413 22.6153 16.1621 -31.3498 23.6555 13.3491 -28.4937 23.9364 10.7098 -25.4235 23.5089 8.34462 -22.2459 22.4535 6.29719 -19.0758 20.8824 4.59829 -15.9713 18.9112 3.22751 -12.9547 16.6489 2.1389 -10.0019 14.1705 1.25961 -7.11855 11.5709 0.510422 -4.27246 8.92004 -0.201913 -1.42555 6.28639 -0.972224 1.46958 3.7328 -1.89854 4.42468 1.35407 -3.06897 7.43862 -0.75316 -4.56453 10.4756 -2.4822 -6.44808 13.4713 -3.72638 -8.73461 16.3704 -4.39911 -11.36 19.0991 -4.43824 -14.2417 21.5716 -3.8125 -17.2821 23.6926 -2.52881 -20.3651 25.3859 -0.620667 -23.3889 26.5798 1.84788 -26.2405 27.2204 4.7866 -28.8105 27.2779 8.06244 -30.9852 26.7512 11.564 -32.6957 25.6591 15.152 -33.8775 24.0449 18.6845 -34.4936 21.9765 22.0243 -34.5343 19.5373 25.0599 -34.0157 16.818 27.698 -32.9765 1.04778 1.17133 1.25157 1.30262 1.33378 1.35153 1.3598 1.36057 1.35415 1.33997 1.31689 1.28381 1.24037 1.18715 1.12664 1.0605 0.989736 0.913639 0.829846 0.735146 0.623879 0.49903 0.360108 0.204865 0.029181 -0.170796 -0.396944 -0.649618 -0.926815 -1.22267 -1.52761 -1.83136 -2.12424 -2.39823 -2.64724 -2.86742 -3.05572 -3.2098 -3.3284 -3.41126 -3.45959 -3.47581 -3.46214 -3.41935 -3.33257 -3.19188 -3.01407 -2.81145 -2.6013 -2.40273 -2.22408 -2.06949 -1.94044 -1.8379 -1.76268 -1.71622 -1.70436 -1.74418 -1.86688 -2.14392 -2.74192 -3.864 -5.0228 -5.66221 -5.96788 -6.11917 -6.19389 -6.22701 -6.23695 -6.22974 -6.20257 -6.15077 -6.06804 -5.94627 -5.77511 -5.54302 -5.24119 -4.8839 -4.52857 -4.24328 -4.0659 -3.99963 -4.02997 -4.13873 -4.29961 -4.47297 -4.65035 -4.82453 -4.99051 -5.14819 -5.30227 -5.46035 -5.62677 -5.79477 -5.93585 -5.91195 -5.34028 -2.44608 -0.922215 -0.549549 -1.68366
15.7941 31.5013 -30.6156 12.654 33.1345 -28.868 9.49103 34.2509 -26.7866 6.379 34.8518 -24.4335 3.37741 34.949 -21.8715 0.518506 34.5604 -19.1476 -2.14679 33.7133 -16.3328 -4.59356 32.443 -13.4791 -6.80553 30.788 -10.6308 -8.77431 28.7865 -7.82274 -10.4938 26.478 -5.08744 -11.963 23.8983 -2.45034 -13.1837 21.0801 0.0665123 -14.1563 18.0635 2.43634 -14.8889 14.8664 4.65094 -15.3764 11.5204 6.7074 -15.6111 8.05644 8.60694 -15.5846 4.52661 10.3417 -15.2877 0.939408 11.9272 -14.707 -2.67442 13.3669 -13.8271 -6.28164 14.6644 -12.6396 -9.82451 15.8162 -11.1426 -13.2976 16.8087 -9.3415 -16.6728 17.6166 -7.24303 -19.9174 18.2146 -4.8374 -23.0166 18.5796 -2.15424 -25.9002 18.6813 0.784933 -28.5178 18.4966 3.94922 -30.8137 18.0059 7.31686 -32.7393 17.1887 10.8113 -34.2178 16.0394 14.3589 -35.1899 14.5607 17.8708 -35.6037 12.7684 21.25 -35.4189 10.6896 24.376 -34.6128 8.37593 27.1301 -33.1881 5.89405 29.3964 -31.1764 3.32673 31.0671 -28.6476 0.77527 32.0655 -25.6916 -1.66609 32.3373 -22.4298 -3.89824 31.8625 -19.0041 -5.83064 30.6679 -15.5879 -7.37922 28.8044 -12.3072 -8.5013 26.354 -9.29761 -9.15943 23.4242 -6.67423 -9.33293 20.1708 -4.54188 -9.02011 16.7052 -2.93152 -8.22942 13.1666 -1.8661 -6.97532 9.69109 -1.33588 -5.28142 6.35637 -1.29255 -3.19873 3.22497 -1.6529 -0.848398 0.287989 -2.31464 1.68077 -2.49633 -3.17243 4.32113 -5.20975 -4.13016 7.04158 -7.90624 -5.07951 9.78172 -10.6596 -5.91931 12.5009 -13.5337 -6.54806 15.1515 -16.5812 -6.86395 17.6783 -19.7873 -6.7489 20.019 -23.1084 -6.09959 22.0974 -26.4579 -4.83871 23.8185 -29.7015 -2.93499 25.0757 -32.6798 -0.410955 25.7716 -35.2106 2.64149 25.8288 -37.1168 6.06349 25.211 -38.2481 9.61881 23.947 -38.5306 13.0922 22.1104 -37.9433 16.2479 19.8268 -36.5362 18.8812 17.257 -34.4455 20.8261 14.6021 -31.8094 22.0337 11.9955 -28.7932 22.4917 9.56753 -25.5555 22.244 7.40904 -22.2084 21.367 5.55679 -18.8724 19.9677 4.03455 -15.6083 18.159 2.81914 -12.4398 16.049 1.86469 -9.34433 13.7115 1.09724 -6.32642 11.2428 0.441009 -3.35124 8.71634 -0.191451 -0.377996 6.20478 -0.888784 2.64416 3.77632 -1.74308 5.72928 1.53062 -2.83846 8.87799 -0.429703 -4.25398 12.0535 -1.99155 -6.05326 15.1837 -3.04551 -8.25364 18.2068 -3.51666 -10.7812 21.0458 -3.35456 -13.5498 23.6129 -2.53832 -16.464 25.8111 -1.08415 -19.4145 27.5635 0.967636 -22.3076 28.7979 3.54725 -25.0413 29.4619 6.56144 -27.5162 29.528 9.87813 -29.6278 28.9975 13.3919 -31.3119 27.8893 16.9713 -32.505 26.2446 20.4812 -33.1673 24.1271 23.7882 -33.2863 21.6189 26.7835 -32.8735 18.8098 29.3755 -31.9653 -1.01465 -0.882913 -0.80325 -0.755565 -0.728017 -0.713536 -0.7084 -0.710853 -0.720818 -0.738555 -0.764944 -0.800578 -0.845726 -0.900076 -0.961413 -1.02783 -1.09809 -1.17253 -1.2532 -1.343 -1.44509 -1.55963 -1.68784 -1.83198 -1.99636 -2.18547 -2.40242 -2.64916 -2.92564 -3.22768 -3.54618 -3.86965 -4.18593 -4.48388 -4.75512 -4.99423 -5.19782 -5.36371 -5.49127 -5.58087 -5.63416 -5.65382 -5.64186 -5.59858 -5.5106 -5.36637 -5.17927 -4.96015 -4.72892 -4.509 -4.31089 -4.13973 -3.99703 -3.88321 -3.79822 -3.74241 -3.71905 -3.74635 -3.85525 -4.1207 -4.73605 -5.98141 -7.2234 -7.83886 -8.11413 -8.24343 -8.30243 -8.32396 -8.32541 -8.31157 -8.27921 -8.22368 -8.13883 -8.0166 -7.84627 -7.61471 -7.30783 -6.9386 -6.5654 -6.26308 -6.07602 -6.01014 -6.05188 -6.18401 -6.37875 -6.58299 -6.79052 -6.99555 -7.19393 -7.38574 -7.57562 -7.76975 -7.97009 -8.16707 -8.33202 -8.33767 -7.90078 -5.72588 -3.55664 -3.064 -2.10377
16.3448 30.1849 -31.5685 13.1742 31.9678 -30.0356 9.9657 33.2523 -28.128 6.79408 34.0311 -25.9107 3.72194 34.3101 -23.4476 0.78595 34.1034 -20.7865 -1.95694 33.4336 -17.9987 -4.4769 32.3325 -15.1384 -6.75408 30.8358 -12.2541 -8.77839 28.9792 -9.38658 -10.5433 26.801 -6.57459 -12.0491 24.3368 -3.84913 -13.2987 21.6198 -1.23694 -14.2942 18.6906 1.23098 -15.0456 15.5675 3.54274 -15.5492 12.2849 5.69515 -15.7975 8.87667 7.69135 -15.7834 5.39663 9.52414 -15.5003 1.85436 11.21 -14.9381 -1.7198 12.7525 -14.0855 -5.29423 14.1546 -12.9381 -8.81465 15.4113 -11.4904 -12.2747 16.5164 -9.74571 -15.6477 17.4477 -7.70864 -18.9034 18.1823 -5.36759 -22.0301 18.6999 -2.74852 -24.9614 18.9698 0.130965 -27.6509 18.9689 3.24516 -30.0469 18.6764 6.57894 -32.1049 18.0703 10.0639 -33.75 17.1397 13.6357 -34.923 15.8815 17.2147 -35.5699 14.3036 20.7127 -35.6452 12.4241 24.0163 -35.117 10.2835 27.0105 -33.9755 7.93696 29.5793 -32.2368 5.4566 31.6094 -29.9524 2.93543 33.0154 -27.1941 0.463493 33.7294 -24.0654 -1.85968 33.7145 -20.6929 -3.93847 32.9752 -17.2403 -5.67855 31.5444 -13.8304 -7.02772 29.4832 -10.6029 -7.93871 26.8781 -7.6854 -8.38351 23.8648 -5.20578 -8.35414 20.543 -3.21792 -7.86127 17.0421 -1.772 -6.92197 13.4933 -0.884076 -5.56273 9.9952 -0.534279 -3.80181 6.64882 -0.662388 -1.74153 3.47577 -1.17081 0.524151 0.459417 -1.95148 2.92245 -2.46472 -2.90272 5.41746 -5.33651 -3.91175 7.95029 -8.22371 -4.87458 10.4835 -11.1907 -5.68933 12.9763 -14.298 -6.25583 15.3837 -17.5628 -6.46704 17.635 -20.9667 -6.21461 19.6647 -24.4516 -5.40571 21.389 -27.9084 -3.97998 22.7091 -31.1963 -1.92033 23.5296 -34.1372 0.729278 23.7664 -36.5413 3.85765 23.3676 -38.2243 7.26715 22.3379 -39.073 10.7606 20.7274 -39.0184 14.1009 18.6399 -38.066 17.061 16.2216 -36.3157 19.4313 13.6682 -33.8949 21.1196 11.1203 -30.9709 22.0681 8.72175 -27.7191 22.284 6.58129 -24.2764 21.8218 4.75455 -20.7925 20.7741 3.2818 -17.3548 19.2542 2.15279 -14.0073 17.3774 1.33094 -10.7358 15.2326 0.755211 -7.55543 12.9195 0.345636 -4.43551 10.5139 0.00898682 -1.33562 8.08601 -0.351809 1.79709 5.69638 -0.838336 4.97996 3.43269 -1.54966 8.22098 1.38481 -2.58064 11.4957 -0.343586 -4.0123 14.7377 -1.63884 -5.89961 17.8663 -2.40336 -8.2184 20.8012 -2.56974 -10.8848 23.4555 -2.10093 -13.7975 25.7365 -0.998193 -16.8361 27.5739 0.709044 -19.8956 28.9007 2.96254 -22.8643 29.6651 5.68146 -25.6345 29.8336 8.74783 -28.0907 29.3981 12.0649 -30.1574 28.3675 15.5076 -31.754 26.7771 18.9425 -32.8198 24.6914 22.2337 -33.3218 22.1928 25.2646 -33.2596 19.3775 27.9383 -32.6596 -3.37863 -3.12859 -2.97748 -2.8796 -2.81278 -2.76532 -2.73145 -2.70867 -2.69654 -2.69541 -2.70605 -2.72905 -2.76444 -2.81183 -2.86887 -2.93291 -3.00226 -3.07698 -3.15907 -3.25156 -3.35835 -3.47528 -3.60418 -3.74752 -3.90971 -4.09541 -4.30787 -4.5492 -4.81986 -5.11685 -5.43278 -5.75762 -6.0794 -6.38605 -6.66797 -6.91919 -7.13571 -7.31494 -7.45538 -7.55683 -7.62075 -7.65014 -7.64776 -7.61521 -7.54207 -7.41535 -7.24567 -7.04076 -6.80974 -6.5754 -6.35351 -6.15338 -5.98047 -5.83799 -5.72655 -5.64557 -5.5956 -5.58375 -5.63431 -5.80174 -6.25057 -7.4557 -9.11606 -9.88506 -10.1768 -10.2968 -10.3425 -10.3512 -10.3425 -10.3215 -10.283 -10.2219 -10.1317 -10.0045 -9.82791 -9.58334 -9.24405 -8.79246 -8.28446 -7.83559 -7.52859 -7.37244 -7.34113 -7.40603 -7.54446 -7.70916 -7.86834 -8.01456 -8.14174 -8.24878 -8.34065 -8.426 -8.51353 -8.60453 -8.68491 -8.63481 -8.21632 -7.04582 -5.08523 -4.00729 -0.442239
