# num_vectors 215
# vector_size 101
-13.4011 -20.6702 -16.4164 2.23674 -21.1629 -18.5441 16.4001 -14.1028 -17.3473 26.1576 -3.54262 -10.6002 29.2698 5.22351 2.20781 24.7903 6.21307 17.2565 15.7909 -2.73349 26.4 6.04779 -15.0719 25.3045 -2.5816 -24.5133 15.9326 -10.531 -27.369 2.47852 -18.5628 -21.6659 -9.93449 -25.8614 -8.57577 -14.7652 -29.2442 5.01691 -7.87313 -25.8017 12.5747 5.48319 -16.4124 13.0295 18.2309 -2.93337 9.28325 25.755 12.4549 5.44955 25.3946 25.4316 5.7941 16.4605 29.7131 12.3945 2.99191 23.6676 20.5884 -8.95791 10.5266 25.8668 -16.001 -5.21307 25.523 -18.0792 -19.3079 18.3282 -16.8241 -27.3037 4.8589 -14.5703 -25.3327 -10.7364 -13.9826 2.05191 2.03467 2.02896 2.04301 2.11719 2.21653 2.23764 2.21014 2.18104 2.16233 2.14196 2.1199 2.12 2.1208 2.10888 2.08155 2.04725 2.02726 2.01614 2.02447 2.05069 2.07773 2.06486 1.95837 1.81715 -0.301827
-13.5286 -20.5288 -16.7005 2.1313 -21.0629 -18.6488 16.292 -13.985 -17.5292 26.0418 -3.37077 -10.8561 29.1474 5.34342 1.98895 24.9056 6.03742 17.1228 16.0592 -2.89599 26.4272 6.20096 -15.1529 25.4538 -2.46322 -24.4673 15.9873 -10.4092 -27.3078 2.52804 -18.6482 -21.7661 -9.82206 -26.1808 -8.78032 -14.5744 -29.2834 4.99118 -7.90961 -25.6976 12.6574 5.34676 -16.1837 13.1631 17.9996 -2.54569 9.56802 25.3077 12.8006 5.55392 25.3691 25.5984 5.61307 16.1739 29.3282 11.3925 2.17421 23.2151 20.0438 -9.4136 10.0884 25.8746 -16.0351 -5.61063 25.5311 -18.4006 -19.6692 18.2445 -17.2738 -27.385 4.65321 -14.788 -25.6318 -10.9455 -13.7605 1.41123 2.08172 2.64305 1.37544 2.07233 1.58733 2.09463 1.41624 1.70453 1.54152 1.33438 0.810608 0.996042 0.353951 0.310133 4.89974 5.10512 5.03527 6.00066 4.08872 0.943851 -0.646417 1.5226 -0.3279 1.1079 -0.192195
-13.5141 -20.599 -18.2163 2.25111 -20.9266 -19.0347 16.4316 -13.9947 -17.3777 26.1902 -3.44385 -10.6172 29.1907 5.51297 2.08528 24.9503 6.96599 17.1658 15.9972 -1.99041 26.345 6.31523 -14.3825 25.3152 -2.34109 -24.0228 16.1733 -10.3124 -27.2374 2.81363 -18.3118 -21.731 -9.7084 -25.6057 -8.62129 -14.4925 -29.5719 5.08318 -8.15597 -26.3348 12.7889 5.16692 -16.8488 13.5184 17.8298 -3.20517 9.83416 25.0827 12.0361 5.43836 25.0392 25.3756 6.31257 16.695 30.8302 14.1113 4.33701 24.7448 20.9622 -8.41109 11.2296 25.0672 -15.5272 -4.55281 25.0116 -17.2834 -18.8145 18.1349 -16.1335 -26.7713 4.61297 -14.0635 -25.0104 -11.0064 -13.4426 0.567919 1.38314 2.07663 0.8946 1.67401 1.26963 1.81481 1.11839 1.44287 1.3054 1.11887 0.683729 0.994018 0.525807 0.727877 5.71768 6.14682 6.25216 7.10659 5.15051 1.94338 0.346134 2.61365 0.829179 -2.84539 -4.05318
-13.7759 -21.0534 -19.0269 1.93798 -20.6089 -20.5063 15.7372 -13.1496 -18.0941 25.0345 -2.66771 -10.6145 28.1379 5.88582 2.33874 25.0604 6.57298 17.752 17.3586 -3.19638 27.2322 7.44053 -15.357 25.778 -1.68279 -23.94 16.0548 -9.87469 -26.3598 2.66088 -18.4376 -20.8654 -9.48848 -26.1773 -8.05681 -14.3869 -29.8247 5.7116 -7.99689 -26.3504 13.3607 5.29905 -17.1378 13.2446 18.1825 -3.94416 9.06209 25.9778 11.4753 5.35559 26.3395 24.86 5.19942 18.023 30.3943 11.4352 4.84031 24.582 19.1253 -7.55181 11.1802 24.1763 -14.2624 -4.6089 24.067 -15.9546 -18.8625 17.1818 -14.7578 -27.0691 3.76212 -13.0266 -25.3286 -11.8594 -13.6442 -0.16251 0.426268 0.983038 -0.321603 0.338154 -0.144106 0.42159 -0.192394 0.1426 0.0393514 -0.0679115 -0.421672 -0.0165732 -0.388886 -0.0542766 5.07502 5.66388 5.8488 6.79886 4.71797 1.30225 -0.485531 1.56429 -0.617403 -4.45524 -5.22574
-14.0534 -21.6768 -19.3626 1.54906 -20.6938 -21.5776 15.102 -12.641 -19.7474 24.7455 -2.06689 -12.8596 28.9646 6.26148 -0.0762752 25.7889 7.41705 15.2888 17.0616 -0.946755 25.2141 7.63449 -13.5619 24.6233 -1.11318 -23.3165 15.6921 -10.1187 -26.0594 2.89624 -18.8382 -20.6737 -9.19029 -26.4799 -8.0119 -14.5978 -29.8606 6.11459 -8.87795 -26.3178 14.0953 4.2033 -16.8034 14.4395 16.8614 -3.45829 10.4426 24.4944 11.5948 5.49412 25.2308 24.9357 3.95943 16.9848 30.2637 9.02976 3.22979 24.6107 17.8466 -8.46593 11.1704 23.6445 -14.4571 -4.65461 23.513 -15.7697 -18.8501 16.5707 -14.2534 -27.0211 3.15433 -12.3387 -25.3693 -12.4408 -13.5652 -0.616252 -0.0848129 0.376034 -0.998719 -0.275639 -0.707881 -0.136279 -0.788586 -0.337307 -0.396942 -0.485177 -0.82842 -0.44329 -0.828182 -0.518509 4.46475 5.21462 5.36448 6.34577 4.0689 0.519918 -1.33909 0.643963 -1.59111 -5.26743 -5.66702
-14.1379 -21.719 -19.6681 1.46039 -20.5642 -21.8289 14.9242 -12.514 -19.4207 24.1764 -1.94977 -12.0014 27.8431 6.58167 0.81845 25.5327 6.90148 16.377 17.731 -2.17649 26.4445 7.85168 -14.4349 25.7421 -1.67613 -23.1179 16.508 -10.0262 -25.545 3.21352 -17.8927 -20.452 -9.56531 -25.6332 -8.20617 -15.7364 -30.4654 5.74775 -10.6729 -28.1137 14.7459 2.01023 -18.5948 16.5895 14.5346 -5.18095 12.6064 22.0534 9.27406 6.18842 23.2743 23.0768 3.71302 16.0846 29.6035 8.15 2.63047 24.5437 17.357 -9.03643 11.1255 23.378 -14.8547 -4.73364 23.1756 -15.6425 -18.8998 16.2681 -13.7417 -27.1728 2.89546 -11.9632 -25.5456 -12.6423 -13.7994 -0.875386 -0.398895 0.0537519 -1.34185 -0.74554 -1.26874 -0.727772 -1.32468 -0.954174 -1.08332 -1.15428 -1.41589 -0.918089 -1.24861 -0.956543 3.93449 4.96586 5.23842 6.33852 4.05725 0.463741 -1.3579 0.659116 -1.60124 -5.27125 -5.40722
-14.1223 -21.5612 -19.9053 1.53673 -20.427 -21.5839 14.972 -12.6697 -18.2379 23.8096 -2.37044 -9.98739 27.0841 5.818 3.15809 25.4301 5.26232 18.7934 18.6385 -4.84272 28.6113 8.10302 -16.4852 27.2638 -2.16902 -23.3583 17.3299 -9.59197 -25.0594 3.38846 -16.9254 -19.9394 -9.69297 -24.9781 -7.77554 -15.6217 -29.9687 5.95809 -10.1277 -27.1075 15.0105 2.41139 -16.7016 17.4347 14.1035 -2.76879 13.6686 20.7384 10.858 5.64753 22.0024 24.2258 2.01095 14.492 30.3499 7.30878 1.16076 24.7815 17.4447 -9.45705 11.098 23.3329 -14.7716 -4.76784 23.0068 -15.3574 -18.9687 16.1867 -13.4007 -27.3267 2.83624 -11.8702 -25.6705 -12.6536 -14.0522 -0.936252 -0.470487 0.0261425 -1.35805 -0.804492 -1.34937 -0.764284 -1.22742 -0.943137 -1.12398 -1.18954 -1.45513 -0.965443 -1.30938 -1.03988 3.64045 4.96373 5.20808 6.29024 3.82543 0.249144 -1.57163 0.429712 -1.86982 -5.56856 -5.65842
-14.2003 -21.3834 -20.1358 1.422 -19.948 -21.9228 14.8333 -12.2959 -18.254 23.4422 -2.23479 -9.48413 26.3745 5.79252 3.84032 25.2478 4.76543 19.4986 18.8047 -5.60576 29.2738 8.01555 -16.9989 27.8072 -2.39605 -23.3244 17.6571 -9.46314 -24.7923 3.50581 -16.5602 -19.6363 -9.69128 -24.7477 -7.58787 -15.6708 -30.5189 5.87518 -10.2725 -28.1214 15.5018 1.93155 -17.2374 18.9551 12.9077 -3.17599 14.8044 19.0213 9.6147 5.43244 19.4601 22.4665 0.999425 11.4905 28.3492 6.6256 -1.81495 23.0241 17.9222 -11.3289 9.55479 24.8728 -15.8478 -6.2784 23.8593 -16.5223 -19.8584 16.1554 -13.652 -27.6403 2.56249 -11.3925 -25.784 -12.8739 -13.7821 -0.940756 -0.497481 0.0497557 -1.27443 -0.703599 -1.18187 -0.497795 -0.831665 -0.499253 -0.635307 -0.661066 -0.917185 -0.483804 -0.998133 -0.999553 3.60929 5.0642 5.11681 6.04859 3.30321 -0.44719 -2.43281 -0.37747 -2.60691 -6.05045 -6.17945
-13.9336 -21.1121 -20.3242 1.74459 -19.8888 -21.7421 15.0915 -12.2508 -17.8181 23.2718 -1.78457 -9.11216 25.9399 6.36229 4.19522 24.9008 5.13045 19.8448 19.0289 -5.80521 29.3611 8.45472 -17.348 27.5419 -2.137 -23.411 17.418 -9.5145 -24.7139 3.40963 -16.6957 -19.4613 -9.7036 -24.9156 -7.41063 -15.6341 -30.876 5.92404 -10.1239 -28.414 15.519 2.09228 -17.2375 19.2956 12.6606 -3.21732 15.0746 18.8201 8.05714 3.99828 20.1696 20.7934 -0.892739 12.2834 27.9697 5.87724 0.20202 23.5886 18.0048 -8.75405 10.5476 24.6089 -14.793 -5.20689 23.3512 -16.3378 -19.1017 16.1307 -13.7289 -27.3494 2.7991 -11.5668 -25.5652 -12.6372 -14.0117 -1.03652 -0.518402 0.103224 -1.20562 -0.616097 -1.06452 -0.329145 -0.582158 -0.128655 -0.109551 0.0945258 0.170908 1.01095 0.960132 1.40086 5.72729 2.11086 2.71913 4.23556 1.9847 -1.43549 -3.14106 -0.87805 -3.02016 -6.40882 -6.44634
-14.1542 -20.7229 -20.6827 1.46238 -19.2965 -22.5267 14.8652 -11.5578 -19.0116 23.1641 -1.16519 -10.3296 25.7158 6.82599 3.09471 24.5471 5.5163 18.729 18.6348 -5.1652 28.5057 8.18178 -16.8865 27.1983 -2.31035 -23.373 17.2344 -9.70006 -24.9424 3.25978 -16.8479 -19.7551 -9.89767 -24.9253 -7.65356 -15.9196 -30.8223 5.7745 -10.5704 -28.5831 15.3618 1.69449 -17.6209 18.9857 12.5369 -4.01567 14.3108 19.2723 7.36744 3.29555 20.1154 20.4631 -1.16193 12.5689 27.314 7.43012 1.49977 22.4742 20.4358 -5.84238 9.63893 26.9441 -12.4031 -5.64195 24.4542 -15.9328 -19.2239 16.4592 -14.0325 -27.3834 3.11267 -11.6405 -25.7088 -12.3296 -14.1246 -0.955727 -0.488583 0.104165 -1.20645 -0.63337 -1.11858 -0.434396 -0.733741 -0.321955 -0.367061 -0.276386 -0.372675 0.220642 -0.195462 -0.319223 3.45561 4.7181 4.35166 5.27365 2.62792 -0.891838 -2.81727 -0.628964 -2.80588 -6.16957 -6.31515
-13.2742 -20.5351 -20.8522 2.36723 -18.9616 -22.3289 15.4661 -11.0328 -18.1542 22.156 0.283205 -9.24117 23.488 8.60659 4.1574 23.1477 6.68279 19.7679 19.0945 -5.48695 28.7174 9.48496 -17.7689 26.4439 -1.34928 -23.7855 16.5516 -9.73082 -24.8595 3.09971 -17.2935 -19.4095 -9.71514 -25.3235 -7.20877 -15.5986 -31.2036 6.02204 -9.7616 -28.6757 14.878 2.98753 -17.7237 17.9103 14.0204 -3.69577 13.8263 20.2542 9.02928 4.35559 20.2215 21.7353 0.839839 11.589 28.0638 8.82512 -0.221004 22.9479 21.3249 -8.22502 9.34496 27.2083 -13.7471 -5.97519 23.8089 -16.1773 -19.4097 15.6892 -13.8129 -27.6569 2.38624 -11.4793 -25.4175 -12.9013 -14.4311 -0.934924 -0.470872 0.21943 -1.14178 -0.703653 -1.29847 -0.742572 -1.15243 -0.782101 -0.914049 -0.932269 -1.13241 -0.60524 -0.979835 -0.875019 3.81905 5.00177 5.02047 6.04697 3.25703 -0.267069 -2.1849 -0.0096554 -2.3934 -5.84135 -5.88245
-13.1176 -19.2484 -22.5068 2.53575 -17.6646 -23.8396 15.5521 -9.67757 -19.5201 21.1026 2.26908 -10.648 21.0364 10.3835 2.94344 20.88 7.94737 18.4852 18.3642 -4.63633 27.4266 9.65245 -17.5997 25.3253 -1.21879 -24.0151 15.7285 -10.1172 -25.3125 2.63287 -17.8945 -19.8077 -10.0293 -25.9488 -7.6661 -16.0014 -31.8456 5.71622 -10.5386 -29.55 13.9576 2.65865 -18.5738 16.0284 13.8881 -4.48914 12.1903 20.1506 9.35714 4.45142 20.2729 22.3445 1.74806 11.7669 28.9707 9.23574 -0.204799 24.083 21.3804 -8.87093 10.106 26.9011 -13.8019 -5.33997 23.4701 -15.1528 -18.9304 15.6661 -12.6215 -27.7053 2.5824 -11.1225 -25.4653 -12.2951 -15.7133 -0.921298 -0.451763 0.329952 -1.02452 -0.660779 -1.34736 -0.881753 -1.35516 -0.975744 -1.11416 -1.1563 -1.36537 -0.849277 -1.18894 -0.936196 3.98058 4.98731 5.11553 6.19296 3.34382 -0.179407 -2.01061 0.22978 -2.20636 -5.55445 -5.66004
-12.6778 -18.5559 -22.9609 2.88702 -16.6455 -24.8045 16.2655 -9.46308 -20.1889 21.748 1.73115 -10.3463 20.4746 10.2251 2.95061 19.2051 8.72298 18.5595 17.1218 -3.98841 27.4311 9.92466 -17.717 24.588 -0.465425 -24.7009 14.856 -10.312 -25.7194 2.43156 -18.6965 -19.7842 -9.63458 -26.3898 -7.30556 -15.384 -32.1305 5.95813 -9.48317 -29.2138 13.7153 3.88383 -18.1421 14.7024 15.1669 -3.85234 10.9758 21.0189 10.8395 5.06488 20.1059 23.6583 3.21495 11.1288 30.4381 9.18838 -1.5853 25.5617 19.8095 -12.0681 11.0554 24.7024 -16.0394 -4.55506 21.9972 -14.9592 -18.5234 15.0967 -11.9136 -27.7703 2.28515 -11.0245 -25.3075 -12.483 -15.8488 -0.828467 -0.528702 0.264531 -0.993233 -0.622048 -1.32841 -0.903485 -1.48499 -1.04613 -1.16374 -1.23042 -1.45461 -0.950244 -1.28953 -0.935374 4.28868 4.93276 5.08908 6.15597 3.31418 -0.259532 -1.86877 0.396626 -2.13647 -5.41761 -5.52101
-12.1592 -16.8976 -25.15 3.49604 -15.2149 -26.331 16.8619 -9.40174 -20.0511 21.8349 0.84898 -8.98602 19.8957 9.79791 3.92647 17.8283 9.35358 19.516 15.6886 -3.20712 28.5865 9.77762 -17.3937 25.0995 0.408928 -24.7178 14.6102 -9.42848 -25.3561 2.15321 -18.0461 -19.0399 -9.54987 -25.7379 -6.63544 -15.4597 -32.2291 6.15214 -9.29189 -29.537 12.7139 4.74563 -18.3462 12.883 15.9529 -3.74214 10.0843 21.5404 11.4884 5.86707 20.1724 24.5994 4.7709 11.4985 32.1228 10.061 -1.09955 27.3013 19.4685 -12.7068 12.3962 23.2469 -16.4093 -3.09562 20.4237 -14.3579 -17.2922 14.13 -11.0628 -27.3466 1.91341 -10.7538 -25.0343 -12.095 -17.5251 -0.766816 -0.543188 0.272992 -0.947477 -0.570614 -1.28077 -0.874981 -1.53771 -1.11272 -1.23342 -1.31553 -1.5253 -1.01115 -1.317 -0.826234 4.3935 4.81626 4.98596 6.01259 3.18811 -0.353492 -1.81701 0.544003 -2.00912 -5.17089 -5.44361
-12.1682 -16.0895 -25.6761 3.52766 -14.6823 -26.6638 16.9769 -10.4057 -19.4042 21.2973 -1.19118 -7.21122 18.102 8.45103 4.92934 15.4937 9.20861 20.4253 13.9998 -3.34867 29.6288 9.21781 -17.7806 25.4803 0.219164 -25.4943 14.9463 -10.1498 -26.4639 2.95029 -18.882 -20.0138 -8.59371 -25.675 -7.29665 -14.9254 -32.2445 5.44343 -8.74226 -29.6994 11.1625 5.68584 -18.4481 10.6035 16.8196 -3.64053 8.5167 22.1779 11.9155 6.01403 20.3415 25.0338 5.85239 11.6111 32.7901 10.7616 -0.999908 27.7653 19.1763 -13.2644 12.545 22.0771 -16.4383 -2.72232 18.9107 -13.4285 -16.8563 12.7639 -9.62599 -27.3376 0.908056 -9.51375 -25.1583 -12.3779 -17.6479 -0.691192 -0.56586 0.288771 -0.847606 -0.506585 -1.23682 -0.84724 -1.58437 -1.14014 -1.23431 -1.34716 -1.57467 -1.06828 -1.35693 -0.753483 4.45746 4.71212 4.88868 5.88797 3.06099 -0.458312 -1.83617 0.629583 -1.90837 -4.96809 -5.37825
-11.2919 -16.2452 -25.9601 4.43685 -15.1473 -26.8052 17.7908 -12.031 -18.8159 21.08 -3.80127 -5.63677 16.2697 6.4769 5.39916 12.6887 8.91859 20.5224 11.8148 -3.28846 30.261 8.58437 -17.9642 25.513 0.324352 -25.6539 14.3739 -10.1414 -26.1145 2.43173 -18.8317 -19.1873 -8.86481 -25.3738 -6.24415 -14.9995 -32.1462 6.09414 -8.24666 -29.1786 11.4417 6.24308 -17.5895 10.5667 17.0038 -2.62959 8.26939 21.8264 13.0101 6.46977 19.88 26.1965 7.03372 11.2694 33.876 11.5013 -1.55104 28.6487 18.7285 -14.4707 13.3326 21.0749 -17.6426 -1.95825 18.1929 -14.4705 -16.2878 12.474 -10.7323 -26.9476 0.781758 -10.4236 -24.4886 -12.659 -18.2166 -0.675515 -0.602413 0.28074 -0.761705 -0.459274 -1.21669 -0.839803 -1.62509 -1.17764 -1.27528 -1.39718 -1.62408 -1.10291 -1.38962 -0.769849 4.4684 4.65368 4.84203 5.81826 3.09071 -0.396139 -1.70887 0.73332 -1.87838 -4.9867 -5.40343
-11.8915 -14.9796 -26.6037 3.74176 -13.5403 -28.2899 17.3952 -11.0228 -20.6013 20.4312 -4.04238 -6.66253 14.4881 5.68508 4.32051 10.1246 8.71185 19.1292 10.089 -3.01165 29.4816 8.69929 -18.0113 24.852 1.41731 -25.9944 13.2467 -8.98027 -26.092 1.23662 -18.1034 -18.7285 -9.42488 -25.4879 -5.90253 -14.8033 -32.628 6.19412 -7.99228 -29.6109 11.0156 6.67076 -17.9193 8.98749 17.1616 -2.83798 6.54997 21.5141 12.8196 5.9055 19.054 25.8746 7.18763 10.3212 33.7972 11.2464 -2.48734 28.7185 18.0178 -15.7096 13.2696 20.6061 -17.8947 -1.64662 18.0876 -13.0638 -15.8851 12.5395 -8.76347 -26.7785 1.07803 -9.39746 -24.7528 -11.8448 -18.1341 -0.480833 -0.56188 0.303619 -0.684567 -0.386554 -1.20779 -0.88708 -1.7248 -1.27705 -1.35795 -1.46565 -1.66341 -1.14098 -1.44801 -0.749732 4.56118 4.632 4.82511 5.81114 3.00807 -0.587739 -1.75774 0.75866 -1.77598 -4.74204 -5.34856
-11.8623 -13.7892 -27.946 3.7423 -11.8822 -29.421 17.4702 -9.43733 -21.8423 21.2095 -2.77071 -7.92067 15.8867 6.9835 3.35303 10.9153 9.97829 17.9755 9.83658 -1.87576 28.121 8.04009 -16.9302 23.8206 0.200028 -25.7152 13.2003 -10.9708 -26.3827 1.92541 -19.6011 -18.8766 -9.04226 -25.3707 -5.58693 -15.211 -32.9904 6.09661 -8.20152 -30.0869 10.2722 6.68093 -18.1306 8.45352 16.9086 -2.81784 6.80231 20.7976 12.7964 6.80767 18.0007 25.9625 8.14549 9.44486 34.3794 11.602 -3.22442 29.503 17.4403 -16.9578 13.9544 19.5397 -18.9521 -0.835733 16.9473 -13.784 -15.0238 11.5284 -9.16352 -26.3188 0.451854 -9.57621 -24.8276 -11.8366 -19.282 -0.472413 -0.598775 0.226904 -0.773583 -0.403999 -1.18748 -0.864632 -1.72924 -1.20176 -1.28331 -1.45121 -1.68928 -1.16798 -1.45304 -0.693584 4.53936 4.53625 4.7364 5.72354 2.97085 -0.611669 -1.75804 0.842344 -1.64725 -4.5884 -5.12466
-11.1982 -12.7759 -29.0048 4.34736 -10.2389 -30.1071 17.6875 -7.12437 -22.0938 21.3136 -0.497696 -8.12321 16.7744 8.69074 3.94086 12.3151 10.7619 18.8849 11.0434 -1.44715 28.5771 9.09824 -16.4581 24.1902 1.51405 -25.2455 13.3874 -9.47938 -25.8224 1.93446 -18.5951 -18.2481 -8.58466 -25.0964 -5.07603 -14.2585 -32.3816 6.72459 -7.0915 -29.6712 10.3419 7.97241 -17.7964 8.44804 18.2812 -2.43438 7.17791 22.1186 13.1449 7.29583 19.1352 26.2495 8.80222 10.513 34.4624 12.3292 -2.27029 29.3255 17.3233 -16.2396 13.7209 18.5355 -18.5143 -1.08571 15.7816 -13.4788 -15.3208 10.5643 -8.772 -26.6503 -0.450705 -9.63438 -24.2985 -11.6819 -20.3934 -0.405027 -0.502018 0.276645 -0.806062 -0.418477 -1.18517 -0.872178 -1.74702 -1.24151 -1.31131 -1.4698 -1.71525 -1.2094 -1.47278 -0.680477 4.5169 4.47745 4.66686 5.62011 2.95991 -0.576066 -1.71451 0.885316 -1.62586 -4.45028 -4.95025
-10.2036 -12.8042 -29.7865 5.52915 -11.4899 -30.0434 18.4114 -8.69304 -21.2062 21.0083 -1.30697 -7.38814 15.651 8.23592 4.04886 11.1308 10.5534 18.9384 10.3436 -1.38166 29.0157 8.6899 -16.5049 24.9034 1.56357 -25.6662 14.0995 -9.07769 -27.0293 2.38348 -18.1198 -19.5871 -8.29241 -23.9783 -6.0657 -13.8436 -30.8378 6.12612 -6.91522 -28.8461 8.87031 8.44233 -16.9937 6.69163 18.7205 -1.65534 5.8744 22.7697 13.9838 6.7116 20.2512 27.1053 9.01225 11.8327 35.0051 13.4062 -0.878997 29.2785 18.6 -14.5429 13.712 18.9659 -17.3178 -1.25379 15.3184 -13.457 -15.4909 9.69274 -9.25182 -27.0076 -1.1109 -10.2988 -23.718 -11.1733 -21.9331 -0.519688 -0.449574 0.395672 -0.672189 -0.328815 -1.13245 -0.834648 -1.72607 -1.25934 -1.29685 -1.46656 -1.73483 -1.24354 -1.47139 -0.628803 4.45488 4.41439 4.59727 5.49467 2.86212 -0.541472 -1.77779 0.874718 -1.58806 -4.42164 -4.93175
-10.3204 -11.1464 -31.1624 5.42695 -9.9935 -31.0872 18.0203 -7.78055 -21.6862 19.784 -1.07518 -7.39757 13.5953 8.07027 3.94406 8.94868 10.6708 18.7476 8.85075 -1.02433 29.1318 7.83342 -16.2397 25.1548 1.01261 -25.8428 14.539 -9.67204 -27.6677 2.92583 -18.474 -19.9941 -7.78674 -23.561 -6.12224 -13.2327 -30.4935 5.87482 -6.04206 -28.3678 8.03099 9.39112 -16.1078 6.12648 19.2365 -0.63069 5.79962 22.7979 15.0145 6.54357 20.2873 28.3608 8.99339 12.2738 36.343 13.6963 -0.27488 30.3878 18.4069 -14.016 14.8245 17.951 -16.7957 -0.066749 13.8875 -13.0644 -14.2046 8.1916 -8.62596 -26.2791 -1.94425 -10.0087 -23.7712 -10.3333 -23.0761 -0.441693 -0.373462 0.474932 -0.584571 -0.273152 -1.11778 -0.844298 -1.76534 -1.29125 -1.30843 -1.50375 -1.79488 -1.30887 -1.5084 -0.624452 4.37929 4.31341 4.49896 5.35661 2.75188 -0.600706 -1.87376 0.914988 -1.36377 -4.1115 -4.74905
-9.92499 -10.374 -31.8288 5.75274 -8.49906 -31.9281 18.3245 -6.20002 -22.5187 20.2089 -0.264204 -7.90861 14.2156 8.49409 3.83652 9.12084 10.9346 18.5194 8.93559 -0.981898 28.6475 8.69376 -16.1361 24.329 2.22332 -25.4438 13.2413 -8.5087 -26.2729 1.5582 -17.6287 -18.1517 -8.54093 -24.0579 -4.58997 -13.3064 -31.7624 6.31189 -5.21424 -28.9527 7.67942 10.1996 -16.3339 5.44603 19.5078 -0.722103 5.66496 22.4324 14.7154 7.45872 19.2554 27.8309 10.3589 11.0146 36.1753 14.2898 -1.564 30.7206 17.5247 -15.9255 15.1112 16.6707 -18.3258 0.44786 13.1374 -13.3575 -13.6596 7.87341 -8.32853 -25.6253 -2.31496 -10.1877 -23.2486 -10.3589 -23.4947 -0.361116 -0.367165 0.434645 -0.644683 -0.285812 -1.12448 -0.875334 -1.81974 -1.34331 -1.38913 -1.56964 -1.83797 -1.33979 -1.53411 -0.554641 4.42479 4.25599 4.44337 5.3275 2.8099 -0.615918 -1.77831 1.00152 -1.28217 -3.97439 -4.59559
-10.6698 -11.472 -30.0376 4.9191 -9.09559 -30.8473 18.0499 -6.85727 -22.2192 21.1799 -1.01558 -7.78616 16.1055 8.57174 3.74227 10.8004 11.4438 18.2717 9.52248 -0.615238 28.149 8.74439 -15.7378 23.7831 1.73209 -25.2785 13.2361 -9.58666 -26.2992 2.13642 -18.6927 -18.5919 -8.29426 -24.4662 -5.22537 -14.2919 -31.5968 6.2691 -6.49918 -28.8423 8.51618 8.82128 -17.0222 5.85801 19.0235 -1.53626 5.56209 22.549 13.7916 7.68484 19.0591 26.6734 10.3705 10.3881 35.1713 13.4913 -2.31418 30.283 16.6789 -16.8886 14.6092 16.8871 -18.9939 0.0414159 14.3418 -13.2078 -14.1954 9.48392 -8.13517 -25.7914 -1.22162 -9.30186 -23.6542 -11.3029 -21.1858 -0.369711 -0.495079 0.283358 -0.77158 -0.363511 -1.13729 -0.856351 -1.79828 -1.26213 -1.30962 -1.49818 -1.79559 -1.30999 -1.54196 -0.605749 4.49778 4.32198 4.51262 5.45629 2.92949 -0.618233 -1.6571 0.990479 -1.4383 -4.16334 -4.74436
-10.9526 -12.5284 -28.3489 4.63112 -10.3456 -29.6527 18.1671 -8.32787 -21.6168 21.5896 -2.42814 -7.27401 16.4017 7.53823 3.87629 11.0604 10.8459 18.2994 9.56694 -1.15085 28.2221 8.43299 -16.1584 23.5485 1.03604 -25.1671 12.7983 -10.4573 -25.9093 1.85724 -19.4989 -18.3676 -8.74878 -25.2614 -5.00414 -14.7628 -33.5068 5.96102 -7.31468 -30.5418 9.29294 7.76707 -18.4219 7.03736 17.7114 -2.99374 6.0643 21.3662 12.5186 7.80417 18.5431 25.733 10.544 10.406 34.471 13.6574 -2.13431 29.712 17.1983 -16.6699 14.0489 17.9114 -18.744 -0.56325 15.5111 -13.0078 -14.8349 10.3968 -8.29819 -26.3494 -0.415383 -9.2725 -24.209 -11.7734 -19.9422 -0.409264 -0.581708 0.218847 -0.798881 -0.402509 -1.16001 -0.850114 -1.76479 -1.23365 -1.30156 -1.4846 -1.73014 -1.20583 -1.4869 -0.639454 4.48449 4.36991 4.586 5.5433 2.98755 -0.582457 -1.62804 0.991971 -1.52057 -4.40159 -4.88577
-11.8407 -13.1684 -27.6231 3.7191 -11.0525 -29.2751 17.2898 -9.06952 -21.2894 20.5281 -3.22844 -6.88005 15.2278 6.85802 4.10822 10.5951 10.5024 18.6943 9.98389 -1.34163 28.8902 9.12933 -16.3524 24.1674 1.77863 -25.3855 13.406 -9.67965 -26.5047 2.46002 -18.9796 -19.5641 -8.33157 -24.988 -6.61203 -14.9729 -31.4216 5.97537 -8.35022 -28.5726 9.76888 6.64458 -17.3582 6.74549 17.4131 -2.23257 5.38395 22.0703 13.2389 7.85061 19.5853 26.1083 11.0365 11.0667 34.3686 14.118 -1.80086 29.1952 17.9638 -16.1157 13.5381 19.1105 -18.035 -1.14843 16.9708 -12.3867 -15.4991 11.8433 -7.93933 -26.628 0.626048 -8.80677 -24.6384 -11.4717 -18.6615 -0.347194 -0.540363 0.272996 -0.733405 -0.391815 -1.16976 -0.858363 -1.76651 -1.23871 -1.27977 -1.43003 -1.69749 -1.23633 -1.52787 -0.687094 4.47846 4.39399 4.60349 5.56046 2.97101 -0.594093 -1.62886 0.896482 -1.60895 -4.44028 -5.09301
-11.7305 -13.4491 -26.767 3.90539 -11.6961 -28.0934 17.2574 -10.2536 -19.6371 19.723 -4.51741 -5.03402 13.6581 5.83445 5.29193 8.8853 9.65865 19.7865 8.57057 -2.1047 30.0888 8.19555 -17.0638 25.1448 1.47276 -25.6492 13.6324 -9.34374 -26.4134 2.02295 -18.552 -19.5245 -8.88004 -25.1377 -6.67165 -15.1572 -31.7696 5.82334 -8.55493 -29.0307 9.97925 6.3642 -18.1332 6.99149 17.463 -3.20056 5.3196 22.6157 12.3849 7.28557 20.4122 25.4803 10.1689 12.1337 33.9175 13.6123 -0.525658 29.0085 18.2306 -14.7047 13.4401 19.8441 -16.9771 -1.41377 17.857 -11.7246 -15.8786 12.6533 -7.76204 -26.8225 1.27836 -8.89133 -24.7011 -11.2436 -18.172 -0.372116 -0.54008 0.303889 -0.672416 -0.369602 -1.15813 -0.849796 -1.75419 -1.29105 -1.34946 -1.47319 -1.70855 -1.21824 -1.50877 -0.706624 4.48397 4.44545 4.66384 5.63109 3.01762 -0.562644 -1.6114 0.850999 -1.66625 -4.58436 -5.25317
-11.2505 -14.9258 -25.7935 4.43619 -14.0173 -27.3471 17.9003 -12.8917 -19.0214 20.369 -6.74878 -4.58524 14.2718 4.13282 5.16078 9.75963 8.75585 19.5053 9.67441 -2.64023 30.2166 9.27681 -17.5808 25.2188 2.59479 -25.663 13.3247 -8.05256 -25.9534 1.53876 -17.4668 -19.0574 -9.18218 -24.9991 -6.56333 -15.1087 -31.6456 5.94357 -8.54372 -28.8665 10.0225 6.38918 -18.0773 6.54859 17.4523 -3.23987 4.25657 22.6414 12.4004 5.94495 20.6024 25.5452 9.17614 12.5331 33.9311 13.228 0.0206964 28.9878 18.4372 -13.94 13.4627 20.3059 -16.3105 -1.49717 18.4269 -11.3257 -16.0171 13.1126 -7.72872 -26.5602 1.37402 -8.94586 -24.1347 -11.6623 -17.4077 -0.45512 -0.576518 0.307674 -0.639491 -0.380147 -1.18247 -0.862009 -1.74339 -1.30377 -1.37461 -1.47067 -1.68208 -1.19168 -1.49063 -0.706801 4.54256 4.51247 4.73473 5.69153 3.04283 -0.527443 -1.59085 0.78874 -1.7474 -4.69544 -5.40849
-10.1219 -15.6726 -25.6172 5.63429 -15.7576 -26.6406 18.6623 -15.2171 -17.5938 20.6043 -8.5172 -3.32594 14.5158 3.12194 5.50763 9.84487 8.41603 19.5665 9.97688 -2.87562 30.3873 10.1516 -17.7059 25.0591 3.85994 -25.5789 12.8168 -6.64729 -25.7401 0.903265 -16.2614 -18.8958 -9.67254 -24.355 -6.67026 -15.4164 -31.0147 5.87509 -8.93871 -28.2368 9.81022 6.03291 -17.4663 5.93955 16.982 -2.64344 3.75097 22.2563 12.8474 6.55698 20.3108 25.5852 10.6518 11.9852 33.6568 14.5697 -0.774182 28.3494 19.3562 -14.7524 12.7557 21.0386 -16.7899 -2.09624 19.0893 -11.518 -16.5026 13.4302 -7.99128 -26.3707 1.15081 -9.49739 -23.1325 -11.9079 -17.6471 -0.609578 -0.615566 0.315749 -0.61333 -0.363189 -1.15138 -0.827043 -1.72417 -1.30756 -1.37368 -1.45119 -1.6469 -1.15997 -1.46446 -0.644803 4.58204 4.52001 4.73782 5.68684 3.04522 -0.510912 -1.57016 0.744015 -1.82347 -4.77434 -5.47387
-11.0989 -17.0237 -24.1876 4.66304 -17.476 -25.0037 17.6529 -16.5811 -15.9302 19.8496 -9.16452 -2.05935 13.9648 2.92602 6.29285 9.05695 8.74385 20.061 8.69812 -2.2618 31.1676 8.67626 -17.1555 26.0163 2.52441 -24.8869 13.6138 -7.63951 -25.0059 1.40542 -17.0842 -18.4445 -9.49737 -25.365 -6.45067 -15.4587 -31.3638 6.51063 -9.15683 -28.2726 10.318 5.7864 -17.578 6.28054 16.7496 -2.78844 4.42204 22.2397 12.6316 7.62502 20.3451 25.3816 11.7681 12.0619 33.6044 15.3511 -0.699292 28.3819 19.5535 -14.8956 12.7681 20.9281 -17.0078 -2.04304 19.0049 -11.613 -16.4609 13.5328 -7.84629 -26.5485 1.38116 -8.84801 -23.8291 -12.1727 -16.3534 -0.721823 -0.644424 0.300167 -0.606395 -0.344927 -1.12196 -0.779795 -1.66222 -1.27305 -1.35896 -1.42488 -1.63864 -1.19435 -1.49801 -0.644547 4.54158 4.47166 4.69569 5.64992 3.06335 -0.49704 -1.54195 0.791387 -1.76768 -4.7931 -5.50233
-10.1695 -16.452 -24.4188 5.6091 -16.9924 -24.6486 18.1384 -16.3254 -14.9307 19.6312 -9.07056 -0.881804 13.1967 2.76945 7.42389 7.28764 7.99749 21.0344 6.66918 -3.41297 31.7129 7.73325 -18.1443 26.2161 2.83796 -25.9436 13.3069 -6.59517 -26.0959 0.52589 -15.9607 -19.3916 -10.3581 -24.5886 -7.41339 -15.8393 -30.5575 5.4891 -9.38991 -27.57 9.52953 5.51313 -17.0304 5.64887 16.6811 -2.29392 4.25131 22.4437 12.8471 8.59635 20.575 25.1297 13.0302 11.7538 33.0195 16.0478 -1.35902 27.6177 19.8997 -15.5876 11.9813 21.3662 -17.457 -2.71841 19.5232 -11.7392 -17.0614 13.8844 -7.93301 -26.6635 1.37606 -9.2625 -23.1983 -11.9463 -16.8743 -0.751447 -0.639495 0.305346 -0.602822 -0.278266 -1.02901 -0.709009 -1.64794 -1.31356 -1.39135 -1.44194 -1.64185 -1.17401 -1.47251 -0.596524 4.53974 4.45651 4.66915 5.63936 3.06796 -0.511963 -1.53763 0.752903 -1.83694 -4.85472 -5.49483
-8.97012 -15.6396 -24.8187 6.78533 -16.3521 -24.0654 18.6606 -16.3324 -13.5373 19.2117 -9.17511 0.629532 12.0168 2.86458 7.96778 5.19954 8.44383 21.002 4.31345 -2.67362 31.9668 5.83995 -17.4963 26.837 1.40318 -25.528 13.9046 -7.63911 -25.9029 0.848636 -16.3477 -19.0816 -10.4983 -24.0795 -6.59915 -16.1876 -30.304 6.08298 -9.54566 -27.5478 9.78038 5.49045 -17.042 5.89107 16.6871 -2.31787 4.83945 22.554 12.725 9.53725 20.747 25.0036 14.1547 12.0148 32.9618 17.3582 -1.01233 27.643 20.9675 -15.3355 11.9898 21.9098 -17.3929 -2.70346 19.6756 -11.7992 -16.9918 13.7598 -8.21399 -26.4952 1.23087 -9.98562 -22.5455 -11.7693 -17.9121 -0.788781 -0.647333 0.312038 -0.555578 -0.22472 -0.984176 -0.673896 -1.62523 -1.30848 -1.40026 -1.47475 -1.68552 -1.19591 -1.4728 -0.571166 4.52215 4.42794 4.64418 5.60889 3.07578 -0.474378 -1.518 0.787054 -1.82989 -4.94716 -5.46149
-7.54449 -14.4852 -25.9768 8.21598 -14.9125 -25.1189 19.9271 -15.2428 -14.4135 20.1637 -8.6906 0.0517976 13.0391 3.16038 7.75677 6.26706 8.7302 20.8186 4.54992 -2.31074 31.7621 5.48987 -17.294 26.9688 1.1166 -25.5415 14.1511 -7.69278 -25.9473 0.937814 -15.963 -18.9118 -10.6046 -23.044 -6.10983 -16.4295 -29.8087 6.25485 -9.71748 -27.4954 9.65585 5.46254 -17.1021 5.67832 16.7331 -2.44079 4.544 22.74 12.6641 9.0532 20.9706 25.0453 13.055 12.0807 33.2514 15.3083 -0.991571 28.3568 18.8174 -15.4898 12.8056 20.6737 -17.6932 -1.98848 19.1652 -12.1223 -16.3814 13.4697 -8.59927 -25.8373 0.957505 -10.7114 -21.3964 -11.5451 -19.1611 -0.715982 -0.624042 0.313038 -0.599709 -0.265286 -1.00302 -0.678872 -1.61916 -1.30588 -1.41505 -1.51713 -1.73037 -1.21549 -1.48082 -0.591557 4.50428 4.43692 4.65397 5.65886 3.15563 -0.465298 -1.49565 0.784277 -1.85601 -4.92764 -5.42491
-6.88307 -13.9443 -26.622 8.9 -14.0788 -26.188 20.7487 -14.4343 -15.6359 20.4549 -8.46083 -0.923276 12.6443 2.76329 7.05068 5.74599 8.13618 20.129 4.42411 -2.83707 31.1947 5.75027 -17.7981 26.4232 1.53245 -26.0795 13.5752 -7.31461 -26.4676 0.386619 -15.5925 -19.1956 -11.0026 -22.5234 -6.18504 -16.5388 -29.4249 6.0185 -9.67287 -27.0802 9.32546 5.52309 -16.4289 5.27618 16.5239 -1.60638 4.01464 22.0941 13.3821 8.94168 20.4531 25.5701 14.1956 11.9571 33.4229 17.8966 -1.00195 27.9111 21.6256 -15.2211 12.2401 22.3548 -17.2283 -2.4861 19.8508 -11.8391 -16.6785 13.5083 -8.62091 -25.6819 0.728234 -11.0777 -20.7837 -11.4665 -19.7223 -0.615389 -0.576539 0.358381 -0.558605 -0.243687 -1.01221 -0.700953 -1.64939 -1.33034 -1.42739 -1.53164 -1.73636 -1.20085 -1.46217 -0.55394 4.54266 4.43224 4.65225 5.59709 3.05047 -0.454181 -1.53406 0.741257 -1.89475 -4.89191 -5.42365
-7.30167 -14.5392 -26.1042 8.43887 -15.2789 -25.1045 19.9199 -15.7837 -14.1593 19.8077 -9.17438 0.281481 12.3165 2.56844 7.80222 5.34128 7.79755 20.898 4.78237 -3.68725 31.4997 6.94591 -18.2867 25.9741 2.93915 -26.3223 12.9044 -6.05749 -26.6652 -0.183875 -14.8287 -19.5428 -11.2951 -22.4422 -6.85933 -16.6918 -29.4059 5.33558 -9.87345 -27.021 9.02076 5.22896 -16.4293 5.20341 16.3693 -1.67696 4.17065 22.1681 13.2142 9.40525 20.5955 25.4194 13.8097 11.653 33.4589 15.9459 -1.54175 28.3366 19.2843 -16.0016 12.739 21.0033 -17.976 -1.98162 19.4281 -12.2317 -16.337 13.6521 -8.68653 -25.6302 1.03199 -10.877 -21.1276 -11.4721 -19.2917 -0.754576 -0.629108 0.32386 -0.568996 -0.227406 -0.965855 -0.671882 -1.65844 -1.35036 -1.4319 -1.51654 -1.70821 -1.1765 -1.45389 -0.556988 4.50382 4.42384 4.63968 5.64111 3.12947 -0.480148 -1.49732 0.772272 -1.86041 -4.92551 -5.43832
-7.97989 -15.043 -25.464 7.68977 -16.2679 -23.957 19.0056 -16.9252 -12.8492 19.4927 -9.74135 1.30658 12.719 2.67356 8.41703 5.98979 8.03329 21.5884 5.43196 -3.50817 32.1285 7.49144 -18.0695 26.464 3.43093 -26.1642 13.4475 -5.63225 -26.663 0.410101 -14.6765 -19.7425 -10.6096 -22.7193 -7.3532 -16.0673 -29.3838 5.0984 -9.41595 -27.2377 8.88688 5.69679 -17.0019 5.15695 17.1938 -2.32845 4.06965 23.18 12.7572 8.52765 21.1371 24.8798 13.0196 12.1259 32.5407 16.402 -1.03354 27.0262 20.6028 -15.1195 11.3889 22.0235 -17.0167 -3.34884 19.8566 -11.5142 -17.6037 13.689 -8.23274 -26.6017 0.876545 -10.5363 -21.8154 -11.5805 -18.8638 -0.858136 -0.671332 0.288821 -0.590877 -0.238116 -0.962505 -0.663024 -1.65391 -1.34452 -1.41187 -1.48005 -1.66921 -1.14167 -1.40773 -0.527165 4.59619 4.50095 4.70409 5.6669 3.07273 -0.477163 -1.53396 0.722047 -1.9194 -5.00109 -5.47807
-8.13277 -14.9837 -25.5143 7.54213 -16.136 -24.0053 18.8908 -16.5748 -12.9202 19.8103 -9.20172 1.11641 13.8505 3.29125 8.79651 7.07818 8.77081 21.8965 5.67052 -3.14032 31.9348 7.15914 -17.8458 26.4668 3.28404 -25.9277 13.3859 -5.49821 -26.2786 0.152874 -14.4626 -19.4535 -10.9908 -22.8037 -7.28237 -16.4909 -29.4208 5.19246 -9.83584 -26.9275 9.02651 5.21194 -16.4423 5.44396 16.5298 -1.83342 4.71302 22.7245 12.8643 10.4973 21.2611 24.3992 16.1445 12.1292 31.8511 19.1072 -1.24967 26.1599 21.951 -15.6022 10.459 22.4199 -17.4466 -4.13062 20.0194 -11.6541 -18.2897 13.7168 -8.21847 -27.0396 0.745794 -10.588 -21.9943 -11.5999 -18.9282 -0.870854 -0.680025 0.264734 -0.676321 -0.263188 -0.918452 -0.610711 -1.58814 -1.29457 -1.38036 -1.44131 -1.62803 -1.11413 -1.38518 -0.491596 4.53047 4.41267 4.60787 5.55649 3.06642 -0.458606 -1.50649 0.741379 -1.9084 -4.96366 -5.41447
-8.16478 -15.2292 -25.2266 7.48273 -16.5655 -23.5902 18.7094 -17.2329 -12.3927 19.0011 -9.91132 1.69769 11.9182 2.45923 8.58067 4.95732 7.85856 21.6147 4.9317 -3.74075 32.1059 7.51702 -18.1589 26.2927 3.61727 -26.2065 13.198 -5.46984 -26.7292 0.178253 -14.6293 -19.837 -10.7637 -23.0486 -7.59411 -15.9781 -29.5123 5.00321 -9.40347 -27.2931 8.87624 5.6772 -17.0747 5.0098 17.1446 -2.40113 3.73939 23.0941 12.567 8.62166 21.1601 24.3335 13.5759 11.9221 31.5628 17.2063 -1.41421 25.7215 21.6453 -15.2938 10.0521 22.9417 -17.0058 -4.60482 20.3737 -11.4601 -18.6885 13.8244 -8.17921 -27.2461 0.743391 -10.6452 -22.0628 -11.6559 -18.8198 -0.888321 -0.683041 0.289537 -0.567224 -0.21462 -0.931969 -0.648838 -1.65529 -1.34871 -1.4071 -1.46039 -1.64217 -1.1176 -1.38663 -0.505553 4.62861 4.52889 4.72114 5.67359 3.04339 -0.485585 -1.57312 0.670338 -1.98099 -5.05833 -5.49305
-8.06362 -15.2997 -25.1051 7.58599 -16.6827 -23.5289 18.72 -17.42 -12.2437 18.2142 -10.2421 1.91436 9.93261 1.69659 8.19578 2.30372 7.01006 20.8868 3.41843 -4.28713 31.6449 7.25416 -18.3792 25.7237 3.70718 -26.3652 12.4917 -5.44836 -26.9435 -0.477619 -14.7001 -19.9499 -11.2765 -23.1508 -7.60629 -16.1942 -29.4696 4.96236 -9.42667 -27.0413 8.7503 5.64337 -16.5876 4.7312 16.843 -1.81125 3.46873 22.5343 12.9376 9.13977 21.1447 24.6694 15.0938 12.47 31.7688 19.4825 -0.70719 25.6529 23.4128 -14.6219 9.94374 23.5604 -16.4503 -4.67248 20.4736 -11.0642 -18.7366 13.7963 -7.96305 -27.2167 0.692955 -10.5736 -21.9657 -11.692 -18.7267 -0.882824 -0.675646 0.318474 -0.473724 -0.142457 -0.889053 -0.643782 -1.68369 -1.38036 -1.42194 -1.47044 -1.65118 -1.12405 -1.39642 -0.489667 4.58854 4.46839 4.67186 5.57944 3.00194 -0.452316 -1.54588 0.692357 -1.96094 -5.03662 -5.47564
-8.0666 -15.3224 -24.9592 7.58428 -16.6818 -23.3737 18.6695 -17.2729 -12.032 18.0209 -10.0183 2.08117 9.6047 1.75985 8.4859 1.71996 7.0171 21.0434 2.92775 -4.44103 31.6198 7.05383 -18.4043 25.5897 3.52455 -26.3737 12.3429 -5.73411 -26.9654 -0.5524 -15.0433 -20.0928 -11.3797 -23.4143 -7.74015 -16.4096 -29.6918 4.82916 -9.60507 -26.7677 8.784 5.33344 -15.8693 4.95763 16.1706 -1.00223 4.24822 21.7195 12.9487 11.7811 21.2237 24.3067 18.4435 12.5671 31.3506 22.0535 -0.873519 25.1298 24.5604 -15.0681 9.42937 23.8636 -16.844 -5.07869 20.6016 -11.2719 -19.0549 13.791 -8.06439 -27.3925 0.579921 -10.5899 -22.0262 -11.8172 -18.649 -0.901647 -0.685442 0.310856 -0.487515 -0.133737 -0.836139 -0.599843 -1.64966 -1.3425 -1.38217 -1.42837 -1.61177 -1.10158 -1.39122 -0.443573 4.48765 4.35457 4.55964 5.46879 3.0052 -0.423019 -1.51807 0.717063 -1.94473 -5.0228 -5.42425
-8.1596 -15.1912 -25.3281 7.50761 -16.5096 -23.876 18.5774 -17.1301 -12.5208 17.6955 -10.0293 1.65782 9.03973 1.51824 8.16237 0.931727 6.44973 20.71 2.2584 -5.26799 30.9834 6.83115 -18.9327 24.6015 3.92877 -26.3367 10.8829 -4.75041 -26.3205 -2.42248 -13.7867 -18.9906 -13.1808 -22.3845 -6.62806 -17.7861 -28.8312 5.75707 -10.8041 -26.236 9.54232 4.23869 -15.545 5.4049 15.1679 -0.776345 4.47345 20.942 12.9094 12.4922 21.0693 24.1957 19.4137 12.5228 31.2493 22.8226 -0.965103 25.0767 24.8932 -15.2508 9.39289 23.9501 -17.0592 -5.07669 20.6608 -11.4038 -19.037 13.8531 -8.12212 -27.3775 0.647061 -10.6639 -22.0394 -11.6801 -18.8479 -0.888283 -0.68273 0.314618 -0.487844 -0.1178 -0.778438 -0.548265 -1.61685 -1.35617 -1.42519 -1.47403 -1.64701 -1.11128 -1.39572 -0.455466 4.44549 4.32639 4.53316 5.44184 3.01371 -0.417103 -1.51016 0.729673 -1.9239 -4.96865 -5.4042
-7.87636 -15.4807 -24.8783 7.77542 -16.8671 -23.3265 19.0857 -17.2345 -12.1996 19.0927 -9.62514 1.74058 10.9704 2.21992 8.39638 2.01152 6.64978 20.5461 1.76182 -5.60417 30.2614 6.19012 -19.2251 23.6871 3.86245 -26.249 9.66249 -4.44601 -25.9675 -3.87456 -13.5833 -18.6262 -14.5394 -22.9675 -6.63958 -18.5666 -30.1697 4.59696 -10.4693 -27.3167 7.34867 4.75037 -15.9977 3.80638 15.2478 -1.10942 3.81729 20.7849 12.536 11.9055 20.7975 23.9622 18.9462 12.5391 31.1618 22.5805 -0.812188 25.0195 24.8496 -15.0808 9.33244 23.9512 -16.8838 -5.14806 20.6422 -11.2679 -19.105 13.7973 -8.05001 -27.3259 0.517476 -10.5966 -21.8198 -11.8528 -18.6025 -1.00315 -0.776571 0.215485 -0.581674 -0.0961371 -0.742546 -0.493989 -1.5791 -1.36881 -1.45799 -1.49451 -1.64393 -1.06444 -1.29625 -0.312501 4.49233 4.3498 4.56347 5.46626 3.01887 -0.410187 -1.50693 0.715187 -1.95938 -5.03331 -5.33518
-8.29924 -15.0929 -25.5353 7.38758 -16.3572 -24.2571 18.4703 -17.0051 -12.9161 17.1908 -10.2814 1.41516 8.05559 0.866594 7.96089 -0.105128 5.91458 20.4277 1.35242 -5.54187 30.9743 6.13476 -19.0411 24.397 3.57452 -25.78 10.2734 -4.69677 -25.4574 -3.28555 -13.8018 -18.4228 -14.1822 -23.4683 -6.74536 -18.4435 -31.0706 4.06314 -10.1322 -28.2123 6.37869 5.15899 -16.6624 3.20114 15.5208 -1.72916 3.7332 20.9095 11.8958 11.8558 20.8514 23.5085 18.7092 12.6961 30.9057 22.3944 -0.532619 24.9547 24.8048 -14.859 9.27749 23.9791 -16.7788 -5.21232 20.6736 -11.1849 -19.1719 13.8277 -7.9808 -27.4734 0.619048 -10.6343 -22.1339 -11.6301 -18.9338 -0.842444 -0.651052 0.34056 -0.464268 -0.122458 -0.831986 -0.600152 -1.67478 -1.46703 -1.56063 -1.57504 -1.69848 -1.09174 -1.28751 -0.276904 4.48034 4.33717 4.55889 5.47038 3.02326 -0.417393 -1.51453 0.722787 -1.92041 -4.93656 -5.42358
-8.95386 -14.6368 -26.4263 6.73577 -15.7851 -25.0756 17.0902 -16.8132 -13.0927 14.6002 -10.3252 1.18791 5.67354 1.28057 7.2043 -1.52498 6.97518 19.9813 0.728913 -4.01143 30.8818 5.60164 -17.6488 24.6656 3.13743 -24.9132 10.7875 -4.98177 -25.066 -2.86608 -13.9771 -18.274 -14.0051 -23.698 -6.67536 -18.3568 -31.3888 4.0355 -10.0006 -28.6046 6.31167 5.31014 -17.1442 3.43003 15.8562 -2.29175 4.31371 21.4194 11.4807 12.1745 21.0371 23.2069 18.6957 12.7724 30.7233 22.3365 -0.401402 24.9415 24.734 -14.7991 9.28362 23.8401 -16.8414 -5.19482 20.5136 -11.2306 -19.2178 13.7875 -8.04948 -27.7594 0.775196 -10.9033 -22.6842 -11.3711 -19.5139 -0.71766 -0.549409 0.447531 -0.406767 -0.163339 -0.89635 -0.68336 -1.75848 -1.53873 -1.61786 -1.61981 -1.73514 -1.11705 -1.29497 -0.285419 4.46602 4.32148 4.54234 5.4599 3.02304 -0.429275 -1.5074 0.755354 -1.86068 -4.83397 -5.48227
-9.13248 -12.645 -28.5537 6.4871 -13.9439 -26.6438 16.2611 -15.7633 -14.2736 13.6591 -9.82127 0.223023 5.0891 1.8024 6.70542 -1.66497 7.37475 19.7756 0.691819 -3.68303 30.582 5.41607 -17.3784 24.3787 2.81432 -24.8227 10.6216 -5.46259 -25.0873 -2.93523 -14.445 -18.2549 -14.0599 -23.7895 -6.4156 -18.5846 -31.3218 4.31986 -10.1164 -28.559 6.40511 5.22538 -17.1342 3.57734 15.8246 -2.29603 4.52623 21.415 11.5506 12.2597 21.1221 23.4557 18.6115 12.9824 31.0479 22.227 -0.154821 25.2587 25.0266 -14.4768 9.59479 24.7501 -16.6463 -5.08102 21.5447 -11.4967 -18.9489 14.4016 -8.55323 -27.4434 1.38673 -11.5335 -22.8022 -10.0947 -21.2324 -0.651166 -0.492239 0.477433 -0.425299 -0.180013 -0.927752 -0.712205 -1.78111 -1.54353 -1.61359 -1.62577 -1.75328 -1.13344 -1.29566 -0.284882 4.45445 4.32321 4.55022 5.47349 3.01366 -0.427838 -1.59371 0.691009 -1.81742 -4.72455 -5.52825
-8.38814 -13.0533 -29.2331 7.14198 -14.2427 -26.6429 16.7795 -15.9636 -14.1521 14.1419 -10.0286 0.340939 5.4226 1.50113 6.79191 -1.56748 7.03802 19.7526 0.744962 -3.99959 30.5892 5.66014 -17.6214 24.3723 3.3428 -24.8922 10.4722 -4.63642 -24.9479 -3.26436 -13.538 -18.0091 -14.3883 -23.1961 -6.38174 -18.8031 -31.0882 4.15323 -10.4109 -28.5232 6.16537 4.97501 -17.1402 3.34496 15.621 -2.31311 4.29886 21.2401 11.4184 12.2313 20.8636 23.0641 18.8377 12.5529 30.6018 22.4867 -0.606429 25.02 24.4121 -15.1531 9.47077 22.7012 -17.4846 -4.96079 19.0196 -11.9755 -19.2094 12.6226 -9.13612 -28.0686 0.0977716 -13.0184 -22.617 -10.8165 -22.9477 -0.653794 -0.472475 0.487431 -0.409614 -0.154859 -0.908883 -0.702611 -1.78298 -1.56841 -1.65413 -1.66378 -1.77745 -1.15068 -1.3163 -0.315446 4.42229 4.2674 4.47993 5.38936 3.0082 -0.423237 -1.43415 0.854149 -1.74854 -4.77143 -5.39509
-8.5882 -13.4175 -30.7804 6.83425 -14.3938 -27.5396 16.2871 -15.8969 -14.8806 13.9008 -9.94383 -0.351433 5.34481 1.49307 6.4727 -1.69426 6.75944 19.5194 0.588453 -4.35266 30.2859 5.81449 -17.8663 24.0867 4.09094 -24.9438 10.0018 -3.31008 -24.6241 -4.05124 -11.9058 -17.3712 -15.2152 -21.8384 -5.94701 -19.5507 -30.3757 4.06752 -11.1531 -28.2258 5.84129 4.3255 -16.9741 3.11688 15.1349 -2.21894 4.18947 20.9195 11.4366 12.2588 20.734 22.9719 19.2991 12.6281 30.3749 23.6731 -0.385871 24.7745 25.6506 -14.9184 9.4482 22.7687 -17.5526 -4.74831 17.9131 -12.3512 -18.9283 11.2584 -9.77279 -28.0945 -0.844239 -14.2371 -22.9522 -11.3575 -24.7471 -0.633823 -0.43079 0.509345 -0.401172 -0.116199 -0.886988 -0.693763 -1.79056 -1.60591 -1.71638 -1.72605 -1.81171 -1.14531 -1.29192 -0.299902 4.40973 4.24209 4.448 5.32605 2.96496 -0.416828 -1.44771 0.908091 -1.65684 -4.73642 -5.33103
-8.48417 -14.0143 -30.1725 6.98791 -14.8986 -27.1493 16.4101 -16.2459 -14.45 13.9343 -10.1422 0.00144847 5.36368 1.3803 6.66134 -1.69681 6.77007 19.6459 0.54621 -4.27716 30.4873 5.71759 -17.8306 24.329 3.88778 -24.9758 10.2918 -3.63662 -24.7952 -3.69803 -12.3134 -17.62 -14.8494 -22.2103 -6.12625 -19.0815 -30.5713 3.98181 -10.6188 -28.2752 5.88403 4.82352 -16.9231 3.15127 15.5253 -2.11027 4.15164 21.1737 11.6011 12.1263 21.0204 23.1774 19.4347 13.2159 30.4935 24.6688 0.473069 24.6209 27.8648 -13.7314 9.20547 25.5043 -16.3644 -4.98043 20.0712 -11.7369 -18.6428 12.2729 -9.60846 -27.2928 -0.343798 -13.661 -22.5776 -11.5105 -23.6862 -0.653622 -0.454237 0.491869 -0.41281 -0.132077 -0.895151 -0.692737 -1.78216 -1.5878 -1.68523 -1.68795 -1.77315 -1.10386 -1.25048 -0.24719 4.47487 4.30686 4.52157 5.38582 2.93595 -0.411834 -1.58209 0.772574 -1.7391 -4.79802 -5.44019
-8.87574 -15.5444 -31.0208 6.46012 -16.0162 -27.2932 15.6547 -16.9032 -14.3882 13.5371 -10.4448 -0.0342255 5.27703 1.23972 6.73485 -1.70153 6.76954 19.7048 0.507554 -4.16979 30.662 5.62677 -17.7672 24.5575 3.7057 -24.9354 10.5442 -3.91296 -24.8281 -3.39528 -12.6205 -17.7287 -14.5712 -22.4434 -6.18401 -18.8364 -30.6829 4.02813 -10.3796 -28.3816 5.94729 5.05978 -17.0647 3.07648 15.7627 -2.23163 3.96587 21.3764 11.4338 12.0171 21.1454 22.7306 19.6946 13.2858 29.6296 25.4207 0.521921 23.4887 28.3775 -13.6208 8.32171 24.838 -16.3733 -5.44283 18.2684 -11.9518 -18.8424 9.98881 -9.97573 -27.6598 -2.3839 -14.4024 -23.1065 -13.3421 -24.7279 -0.657215 -0.433339 0.497653 -0.409494 -0.116809 -0.892661 -0.688084 -1.7742 -1.57711 -1.67261 -1.67694 -1.77001 -1.10907 -1.26254 -0.259074 4.47743 4.28903 4.48762 5.31467 2.89828 -0.40375 -1.61057 0.810764 -1.68244 -4.77953 -5.35144
-9.64567 -16.4906 -31.0108 5.56743 -17.3764 -26.8776 14.4825 -18.4161 -13.7892 12.8719 -11.4086 0.371818 5.09011 0.745507 6.87554 -1.89308 6.63734 19.6827 0.280001 -4.15098 30.7956 5.50935 -17.7439 24.775 3.7682 -24.8539 10.7086 -3.66414 -24.682 -3.33046 -12.2648 -17.5638 -14.577 -22.1484 -6.08969 -18.8921 -30.6079 3.99309 -10.4974 -28.4701 5.85864 4.97201 -17.2142 2.91216 15.7186 -2.42765 3.76065 21.4599 11.1611 11.9414 21.2554 22.4278 19.2773 13.0348 29.3452 24.0066 -0.121329 23.2224 26.1545 -14.4171 7.91734 22.967 -16.8118 -5.9344 17.0177 -11.8212 -19.3647 8.86433 -9.55064 -28.2154 -3.4525 -14.0657 -23.8418 -14.2225 -24.6634 -0.718876 -0.455578 0.477968 -0.413624 -0.103159 -0.867287 -0.666177 -1.75827 -1.57515 -1.68196 -1.68887 -1.77816 -1.11305 -1.27078 -0.276889 4.45698 4.27848 4.46979 5.31588 2.92175 -0.420596 -1.60145 0.832843 -1.63445 -4.72936 -5.31753
-9.67872 -16.6045 -31.6219 5.22505 -18.4304 -26.7383 13.539 -19.8043 -13.29 12.3097 -12.3451 0.677193 5.02972 0.291415 6.83334 -1.83794 6.69124 19.4579 0.300996 -3.86094 30.8017 5.42943 -17.5552 24.9257 3.59061 -24.7106 10.8948 -3.86817 -24.581 -3.1307 -12.4536 -17.5599 -14.4497 -22.3091 -6.10585 -18.8807 -30.671 4.06425 -10.4936 -28.3749 5.97693 4.94732 -17.0239 3.10799 15.6146 -2.20023 3.99763 21.253 11.481 12.024 21.1034 23.0604 19.4037 13.3708 30.4638 24.7345 0.718818 24.5937 27.6411 -13.5487 9.33768 24.3228 -16.075 -4.28259 17.6706 -11.3412 -17.5193 9.125 -9.40048 -26.8764 -2.72586 -14.1363 -23.6652 -13.4466 -25.19 -0.819379 -0.47547 0.453556 -0.427502 -0.111022 -0.862099 -0.655456 -1.74058 -1.55544 -1.66516 -1.67234 -1.76734 -1.11425 -1.27545 -0.27871 4.44551 4.26457 4.47432 5.32154 2.88314 -0.44642 -1.65256 0.868193 -1.50664 -4.68502 -5.36115
-8.36441 -15.6928 -32.0339 6.79752 -16.3165 -27.6713 15.3557 -17.4411 -14.3536 13.2213 -10.7905 -0.0901851 5.16515 1.13973 6.49357 -1.78339 6.87327 19.391 0.411664 -3.94615 30.4694 5.55894 -17.5915 24.4967 3.73448 -24.8306 10.507 -3.76909 -24.7474 -3.49496 -12.4177 -17.6509 -14.7183 -22.2937 -6.15011 -18.9798 -30.6298 3.98268 -10.5221 -28.345 5.91824 4.91762 -16.9976 3.09303 15.6003 -2.17429 4.00027 21.237 11.5142 12.0147 21.1117 23.1168 19.3425 13.3646 30.585 24.5718 0.708343 24.7877 27.4454 -13.5956 9.51978 24.1673 -16.1029 -4.05888 17.5005 -11.2712 -17.1654 8.76989 -9.27068 -26.1412 -3.35069 -14.0616 -22.4247 -13.7097 -25.3004 -0.664773 -0.414426 0.506663 -0.403299 -0.109465 -0.889353 -0.689872 -1.77883 -1.58687 -1.6873 -1.69312 -1.78624 -1.12659 -1.2849 -0.288219 4.43374 4.25792 4.47014 5.32456 2.88823 -0.450993 -1.6727 0.821681 -1.56407 -4.61191 -5.2839
-7.03115 -13.3424 -32.936 8.0914 -14.2006 -28.4775 16.3517 -16.0588 -15.0544 13.5356 -10.0623 -0.620299 5.08318 1.54293 6.04693 -1.91566 7.05121 19.0152 0.233827 -3.80741 30.0641 5.39497 -17.4962 24.2039 3.66014 -24.9117 10.2954 -3.81594 -24.9268 -3.72141 -12.4703 -17.7796 -14.9081 -22.3248 -6.21822 -19.0538 -30.6023 3.91783 -10.5427 -28.2882 5.86169 4.89158 -16.9288 3.01913 15.5569 -2.10383 3.91474 21.1911 11.5278 12.0259 21.1059 23.0575 19.388 13.2827 30.4651 24.5581 0.566727 24.6983 27.4476 -13.7463 9.39477 24.3859 -16.309 -4.34236 18.0721 -11.4511 -17.6242 9.57643 -9.602 -26.1702 -2.54872 -15.1132 -21.3747 -12.1289 -26.6308 -0.607007 -0.377574 0.540502 -0.390063 -0.110555 -0.906745 -0.711082 -1.80131 -1.60313 -1.69543 -1.70043 -1.79368 -1.13105 -1.28803 -0.288491 4.43334 4.25966 4.47084 5.3312 2.89907 -0.450185 -1.63704 0.807706 -1.62654 -4.62399 -5.2935
-7.00087 -11.6941 -34.9766 7.8778 -12.7748 -29.8034 15.7009 -15.0373 -16.1818 13.27 -9.16821 -1.62584 5.39764 2.56088 5.51765 -1.32543 7.79019 18.7447 0.578494 -3.30697 29.6 5.47451 -17.0846 23.7206 3.69296 -24.5885 9.86548 -3.81237 -24.5996 -4.13576 -12.4792 -17.4414 -15.3059 -22.2791 -5.88329 -19.588 -30.4903 4.15961 -10.9039 -28.2163 5.90435 4.5603 -16.9987 3.16229 15.4006 -2.18746 4.03095 21.075 11.5279 12.0001 21.0235 23.1463 19.338 13.3095 30.6498 24.565 0.673247 25.0518 27.5688 -13.6833 9.80496 24.5347 -16.5933 -3.98162 18.0618 -12.0985 -17.1299 9.33737 -10.3625 -25.73 -2.64521 -16.0967 -21.3884 -11.0078 -28.6923 -0.592704 -0.344948 0.549499 -0.416883 -0.111822 -0.915688 -0.719667 -1.80769 -1.60585 -1.69974 -1.70918 -1.80778 -1.14281 -1.28528 -0.301003 4.41874 4.24704 4.45912 5.32036 2.90039 -0.44743 -1.68417 0.786573 -1.56121 -4.52786 -5.24352
-7.19017 -12.5942 -34.6595 7.72704 -13.565 -29.5761 15.4585 -15.7049 -15.8826 12.3954 -10.3274 -1.2562 3.85569 0.804979 6.07315 -2.88266 6.05927 19.2825 -0.418542 -4.90502 30.1601 4.79567 -18.4939 24.1173 3.03843 -25.7716 10.139 -4.39773 -25.5696 -3.89767 -12.9128 -18.2393 -15.0729 -22.5024 -6.53032 -19.4211 -30.5268 3.75922 -10.8518 -28.0822 5.61875 4.57286 -16.7638 2.76427 15.2785 -2.02329 3.81809 21.1037 11.5503 12.0263 21.1591 23.1119 19.3766 13.3721 30.5481 24.5739 0.683819 24.8873 27.5018 -13.6638 9.65162 24.3734 -16.5321 -4.11347 17.8384 -12.0612 -17.2437 9.07953 -10.3625 -25.8028 -3.03383 -15.8793 -21.5346 -11.6826 -28.3056 -0.566792 -0.317529 0.572944 -0.394577 -0.114716 -0.906334 -0.708621 -1.79652 -1.59515 -1.69401 -1.70777 -1.81119 -1.1572 -1.30725 -0.301092 4.39763 4.23003 4.44216 5.30469 2.89244 -0.443761 -1.68014 0.778187 -1.56891 -4.54652 -5.28722
-7.06915 -12.5309 -35.0585 7.73871 -13.5049 -29.6654 14.9238 -15.8739 -15.7144 10.8871 -11.5351 -0.979594 1.63028 -1.36852 6.86443 -4.43755 4.29847 20.2275 -0.231749 -5.83642 31.3721 5.49243 -19.092 25.0568 3.27938 -25.7609 10.8414 -4.36285 -25.0698 -3.06848 -12.799 -17.8422 -14.3698 -22.3702 -6.34231 -19.2803 -30.6041 3.98479 -10.9586 -28.2079 5.69021 4.49142 -16.8652 2.62814 15.1138 -2.22544 3.81892 21.1622 11.3493 12.0251 21.2481 22.9461 19.2501 13.3964 30.4197 24.3434 0.688047 24.8407 27.3139 -13.6828 9.61239 24.2628 -16.671 -4.15517 17.6684 -12.2959 -17.1937 8.7738 -10.596 -25.6997 -3.35 -16.1716 -21.4535 -11.7447 -28.7785 -0.447907 -0.189935 0.681115 -0.317893 -0.115401 -0.963854 -0.778467 -1.85414 -1.64412 -1.76041 -1.76484 -1.84926 -1.1893 -1.33442 -0.308695 4.38044 4.22272 4.43691 5.30935 2.9058 -0.433028 -1.68991 0.778576 -1.55009 -4.52324 -5.37466
-6.58986 -12.9335 -36.8713 7.80262 -13.5158 -30.4042 14.2901 -15.733 -16.0911 10.2804 -11.431 -1.33807 1.31084 -1.26449 6.83294 -4.38666 4.3879 20.3641 -0.0234454 -5.84953 31.3536 5.60101 -19.1115 24.9624 3.23542 -25.6873 10.7283 -4.45828 -24.869 -3.14634 -12.854 -17.6528 -14.4851 -22.38 -6.162 -19.5035 -30.5076 4.04752 -10.9358 -27.9909 5.7386 4.49674 -16.6317 2.87624 15.1571 -1.99623 4.10344 21.2091 11.5564 12.3468 21.1852 22.9682 20.0309 13.4998 30.0415 25.6531 0.785218 24.317 28.0463 -13.6361 9.43785 23.8904 -17.0245 -4.0743 16.48 -13.193 -16.6871 6.94178 -11.7973 -25.0742 -5.11009 -17.6994 -21.1058 -12.7703 -30.8526 -0.424971 -0.14117 0.706337 -0.317483 -0.118742 -0.965571 -0.784918 -1.85441 -1.64043 -1.7636 -1.76845 -1.8564 -1.19291 -1.33092 -0.317121 4.37399 4.18761 4.39095 5.22369 2.89812 -0.386795 -1.72198 0.777425 -1.49732 -4.47493 -5.27862
-6.38655 -13.2745 -37.3324 7.94341 -13.7562 -30.7198 14.3092 -16.0454 -16.3635 10.3485 -11.7336 -1.60003 1.52823 -1.50901 6.6606 -4.31162 4.16796 20.1207 -0.311452 -5.96162 31.3456 5.40016 -19.2318 25.0495 3.29549 -25.7532 10.7495 -4.26961 -24.9275 -3.19523 -12.6458 -17.6417 -14.5039 -22.2333 -6.17305 -19.4555 -30.6682 3.90325 -11.0283 -28.5177 5.37574 4.48171 -17.3015 2.0752 15.1667 -2.67728 3.14468 21.2751 10.8435 11.4396 21.3343 22.4699 18.1516 13.0814 30.1421 22.5572 0.235152 24.9408 25.8397 -14.2092 9.71636 23.2077 -17.5901 -3.88196 16.0479 -13.5907 -16.3782 6.35407 -12.2195 -24.7638 -5.71136 -18.0962 -20.8902 -13.3629 -31.2826 -0.416093 -0.136431 0.707705 -0.325379 -0.10732 -0.978094 -0.787711 -1.86321 -1.66358 -1.78896 -1.79666 -1.8768 -1.20165 -1.34404 -0.319625 4.37849 4.23522 4.44161 5.34961 2.94108 -0.42548 -1.76654 0.744643 -1.5179 -4.4829 -5.28502
-6.46612 -13.1608 -37.8939 7.65836 -13.5365 -30.8466 13.9297 -15.6324 -16.4193 10.1572 -11.2382 -1.63095 1.5008 -0.931297 6.70038 -4.0595 4.74387 20.2791 0.0139437 -5.46358 31.4066 5.31896 -18.8589 25.0206 2.95696 -25.419 10.7786 -4.6232 -24.5744 -3.15687 -12.8939 -17.3658 -14.592 -22.2889 -5.84118 -19.7771 -30.4705 4.23475 -11.1034 -28.4064 5.66059 4.42282 -17.5308 2.57371 15.516 -2.88412 3.21952 21.6302 10.6569 11.4751 21.9587 21.924 19.2145 14.1171 28.7895 24.6217 1.19714 23.1747 27.1126 -13.2507 8.34438 23.3001 -17.2092 -5.23265 15.7563 -13.9034 -17.4675 5.72958 -12.5687 -25.4558 -6.36577 -18.9182 -21.1497 -13.4233 -32.3004 -0.422428 -0.125125 0.710191 -0.3251 -0.119913 -0.990309 -0.788191 -1.84797 -1.63874 -1.76917 -1.77799 -1.86757 -1.18577 -1.30841 -0.333719 4.38583 4.21966 4.41265 5.25319 2.95439 -0.346914 -1.77318 0.733381 -1.53405 -4.51475 -5.24534
-6.82537 -13.8426 -37.4499 7.44142 -13.9766 -30.6863 13.9804 -16.0244 -16.3713 10.2961 -11.4992 -1.60023 1.66384 -1.13288 6.6823 -4.12469 4.38447 20.2306 -0.300731 -5.92926 31.3487 5.30244 -19.2332 25.0266 3.2157 -25.761 10.7269 -4.33444 -24.9013 -3.22386 -12.6563 -17.544 -14.5263 -22.1326 -5.93651 -19.3672 -30.3234 4.16984 -10.7376 -27.9692 5.50352 4.75544 -16.687 2.33218 15.4101 -2.03435 3.55092 21.4218 11.4266 11.9429 21.4576 22.1398 20.3349 13.5117 27.9047 26.4337 0.36379 21.3432 28.0361 -13.8084 6.79083 22.7789 -17.0845 -6.41464 14.7509 -13.4321 -18.6897 4.75606 -12.2346 -26.4873 -7.28867 -18.9092 -21.5473 -14.4932 -31.9906 -0.408274 -0.134853 0.709048 -0.320974 -0.0946707 -0.95701 -0.763025 -1.83528 -1.63331 -1.75807 -1.76707 -1.85472 -1.18155 -1.30912 -0.273609 4.41365 4.20748 4.37215 5.13359 2.86772 -0.359892 -1.73076 0.759277 -1.56178 -4.51893 -5.20601
-7.05446 -14.5515 -37.0479 7.44521 -14.6292 -30.7981 14.4599 -16.954 -16.7533 10.8759 -12.581 -1.91197 1.95742 -2.17286 6.00688 -4.00967 4.14116 19.123 -0.017068 -5.28673 30.9459 5.67534 -18.8262 25.2329 3.65572 -25.8873 11.179 -3.82911 -25.4731 -2.82718 -12.2317 -18.1337 -14.0815 -21.8186 -6.49312 -18.6155 -30.1589 3.68071 -10.2112 -28.0075 5.1474 5.29924 -16.7636 1.48895 15.8376 -1.96908 2.0915 21.5897 11.19 10.9481 21.7406 21.4588 20.0669 14.0118 26.9826 26.5675 0.95314 20.4068 27.7928 -13.25 6.0805 21.8805 -16.4032 -6.94541 13.6434 -12.5757 -19.2801 3.69921 -11.5873 -26.9402 -8.30824 -18.4845 -21.7028 -15.5284 -31.4411 -0.367846 -0.136474 0.718685 -0.276814 -0.0755457 -0.998038 -0.799799 -1.8678 -1.6534 -1.75589 -1.76125 -1.8442 -1.1703 -1.32337 -0.292233 4.43993 4.1961 4.3518 5.08884 2.8495 -0.362305 -1.69335 0.776078 -1.56738 -4.47495 -5.19665
-7.0669 -14.9264 -36.9521 7.57233 -14.6405 -31.0431 14.8494 -17.2292 -17.1792 11.3527 -12.9461 -2.29089 2.32414 -2.38375 5.29196 -3.78861 4.31202 18.1491 -0.00584332 -4.86679 30.2341 5.26148 -18.5065 24.354 3.00632 -25.3712 10.2388 -4.58702 -25.1347 -3.713 -13.2763 -17.7869 -14.7416 -22.8454 -5.86829 -18.5287 -30.7802 4.29321 -9.72644 -28.5725 5.52688 5.79635 -17.4661 1.44064 16.3232 -2.49884 1.17683 21.6372 10.6368 10.0688 21.7253 20.7356 19.5026 14.1522 26.3978 26.2464 1.27735 19.9845 27.4657 -13.0004 5.73976 21.2712 -15.9765 -6.94383 12.696 -11.7615 -18.9161 2.32537 -10.7038 -26.3486 -9.86405 -17.5305 -21.4164 -16.7198 -30.8009 -0.357867 -0.182291 0.677242 -0.296843 -0.109557 -1.04244 -0.786469 -1.83764 -1.63424 -1.72021 -1.73063 -1.84062 -1.17937 -1.34068 -0.338324 4.47696 4.21014 4.36425 5.09537 2.84429 -0.385564 -1.7311 0.744062 -1.54931 -4.34916 -5.08555
-7.49647 -15.0704 -36.7314 7.2612 -14.9616 -31.1185 14.9937 -17.8192 -17.5572 11.57 -13.9242 -2.54588 1.88691 -3.71993 4.71268 -4.63286 3.68994 16.9639 0.090595 -3.86872 29.8154 5.86696 -17.619 24.7237 3.55195 -25.3542 11.0761 -4.00255 -25.7012 -2.8945 -12.648 -18.4816 -14.0416 -22.2527 -6.59916 -17.8523 -30.3075 3.58958 -9.19165 -28.3915 5.07836 6.34752 -17.6177 0.893021 17.1768 -2.63899 -0.0863444 22.3735 10.2671 9.13581 22.4406 19.9812 18.8613 14.7345 25.6085 25.6755 1.88146 19.4358 26.9032 -12.5012 5.25423 20.6965 -15.7419 -7.58197 12.2984 -11.6338 -19.878 2.2967 -10.7518 -27.3413 -9.7612 -17.7755 -21.9687 -16.7038 -30.8279 -0.335243 -0.180267 0.686273 -0.235164 -0.066233 -1.12971 -0.850229 -1.90257 -1.66284 -1.72354 -1.72665 -1.8304 -1.16025 -1.33147 -0.383676 4.50527 4.21692 4.36216 5.09978 2.86603 -0.369261 -1.67556 0.775039 -1.56333 -4.38508 -5.12864
-6.76426 -15.2931 -36.9358 8.00594 -15.4029 -31.356 15.5933 -18.243 -17.7093 12.2134 -14.0579 -2.76625 3.02347 -3.45923 4.56791 -3.37939 3.91385 16.9027 0.255066 -4.3784 29.6556 5.62102 -18.229 24.3898 3.43718 -25.4012 10.417 -4.04878 -25.2356 -3.59377 -12.6127 -17.869 -14.7076 -22.2268 -6.04786 -18.6815 -30.3585 4.01544 -9.94647 -28.1393 5.0768 5.58739 -16.9809 0.793997 15.9804 -2.00548 0.56777 21.273 10.9938 9.65837 21.2539 20.9095 19.2365 13.6201 26.4327 26.0763 0.735617 19.9134 27.5263 -13.4724 5.57337 21.5611 -16.4593 -7.18816 13.0923 -12.2647 -19.2175 2.79275 -11.1604 -26.5144 -9.4999 -17.9481 -21.2165 -16.6554 -30.9158 -0.383664 -0.214242 0.653504 -0.295089 -0.1096 -1.09981 -0.800488 -1.83995 -1.62436 -1.71099 -1.72026 -1.82131 -1.15639 -1.31775 -0.296184 4.52375 4.24154 4.39111 5.11949 2.85217 -0.381801 -1.72504 0.73321 -1.59457 -4.42327 -5.16224
-6.77017 -14.9695 -37.2374 7.87558 -14.9315 -31.3378 15.0184 -17.4356 -17.3887 11.2185 -13.249 -2.54732 1.87043 -3.02144 5.10696 -4.6699 3.37393 17.9065 -0.683677 -6.02326 29.7559 5.13409 -19.2303 23.4244 2.87229 -25.472 9.02394 -4.9306 -24.6636 -4.79015 -13.6316 -17.0672 -15.6398 -23.1233 -5.0642 -19.3541 -30.8749 4.90223 -10.1738 -28.1385 5.2325 5.3102 -16.704 0.58147 15.2342 -1.88098 1.11116 20.9194 11.0231 10.3341 21.1296 21.1008 19.7331 13.4854 26.6984 26.3971 0.540993 20.1523 27.7423 -13.665 5.81142 21.7532 -16.5995 -6.95981 13.2845 -12.4342 -18.9939 2.98589 -11.3734 -26.3806 -9.23806 -18.1879 -21.2307 -16.3465 -31.2408 -0.400119 -0.20043 0.660118 -0.314851 -0.0969482 -0.986189 -0.736904 -1.8049 -1.60966 -1.71348 -1.73336 -1.85304 -1.20598 -1.35203 -0.251934 4.47699 4.21122 4.36548 5.09901 2.83652 -0.3902 -1.7325 0.734291 -1.58242 -4.41868 -5.1286
-6.80897 -14.6765 -37.3412 7.66269 -14.5271 -31.0281 14.3904 -16.8794 -16.8481 10.1195 -13.0413 -2.04052 0.232685 -3.5772 5.91301 -6.5217 2.07823 18.9476 -1.25737 -7.17752 30.403 5.69075 -19.8495 24.1177 3.63742 -26.3167 9.78573 -4.2418 -25.3892 -3.97741 -12.717 -17.7373 -14.9659 -22.1523 -5.85445 -19.1771 -30.2211 4.16036 -10.3289 -27.5653 4.48552 5.16924 -16.0809 -0.0256376 15.1001 -1.63136 1.56396 21.5038 11.0863 11.0443 21.5829 21.1855 20.0911 13.5521 26.7868 26.4975 0.479888 20.2241 27.7765 -13.7246 5.8801 21.7935 -16.6562 -6.92284 13.3398 -12.5584 -19.0065 3.09111 -11.5804 -26.4828 -9.04079 -18.4614 -21.3495 -16.0939 -31.5508 -0.358371 -0.130829 0.722908 -0.256753 -0.0176488 -0.903919 -0.755694 -1.86386 -1.64735 -1.75808 -1.77622 -1.8769 -1.22099 -1.35647 -0.212843 4.43388 4.17318 4.32511 5.07035 2.81658 -0.401375 -1.73564 0.738596 -1.57513 -4.43252 -5.15246
-6.88015 -13.8978 -38.1403 7.34232 -13.6188 -31.2884 13.5157 -15.9112 -16.8487 8.75108 -12.6192 -2.06025 -1.56665 -3.90566 6.19797 -8.60123 1.42737 19.2203 -2.26522 -8.22996 29.7656 5.48419 -20.2856 23.2105 3.47861 -26.5684 8.79003 -4.79169 -25.1698 -4.70115 -13.3755 -17.299 -15.448 -22.7317 -5.28056 -19.4456 -30.3425 4.61904 -10.0773 -27.1675 4.27351 5.32238 -15.8153 -0.483474 15.2906 -1.90702 2.21225 22.475 10.7224 11.8018 22.0739 21.0238 20.3069 13.7144 26.786 26.4943 0.606682 20.388 27.8017 -13.6701 6.07747 21.8587 -16.8375 -6.76473 13.3623 -12.9566 -18.856 3.10935 -12.1293 -26.4695 -8.80979 -19.2283 -21.4784 -15.5178 -32.552 -0.426541 -0.177976 0.653276 -0.347316 -0.0894623 -0.720416 -0.665287 -1.81561 -1.58771 -1.7139 -1.74643 -1.87417 -1.2455 -1.36247 -0.166786 4.41746 4.14426 4.29351 5.05164 2.80793 -0.4119 -1.75451 0.735209 -1.56402 -4.43328 -5.0556
-6.73771 -12.4936 -39.9939 7.17293 -12.4149 -32.5244 13.0668 -15.0265 -18.0223 8.62065 -11.9712 -3.08457 -1.36539 -3.36468 5.67825 -8.04372 1.62515 19.0203 -1.85303 -7.98757 29.6918 5.68222 -20.1637 23.1098 3.49606 -26.4448 8.7149 -4.78626 -25.0522 -4.76952 -13.309 -17.2164 -15.5903 -22.6543 -5.23799 -19.7311 -30.3151 4.63667 -10.3772 -27.1295 4.41234 5.02251 -15.6747 -0.199944 14.9412 -1.68225 2.23166 22.0562 11.0092 11.7462 21.9042 21.3404 20.3297 13.6625 27.0922 26.5686 0.57468 20.789 27.9637 -13.736 6.5572 22.0497 -17.2888 -6.31924 13.3971 -13.8971 -18.3394 3.04031 -13.3878 -26.1413 -8.4721 -20.939 -21.4142 -14.4151 -34.7146 -0.369297 -0.101089 0.717136 -0.299311 -0.029875 -0.810603 -0.728772 -1.8609 -1.62304 -1.74684 -1.77371 -1.8934 -1.25565 -1.37207 -0.197251 4.39284 4.13183 4.28131 5.03952 2.81188 -0.399385 -1.76864 0.752437 -1.5122 -4.38493 -5.0548
-6.32094 -12.8984 -39.8461 7.56453 -12.2794 -32.3551 13.2164 -15.062 -17.7886 8.59104 -12.0809 -2.89034 -1.44774 -3.4269 5.76479 -8.14504 1.61375 19.0782 -1.89846 -8.00193 29.7144 5.69828 -20.1523 23.1554 3.5782 -26.5194 8.78844 -4.70922 -25.2401 -4.70407 -13.3179 -17.395 -15.4498 -22.7018 -5.40852 -19.4783 -30.4039 4.56391 -10.2631 -27.2388 4.4523 5.14211 -15.7595 -0.239277 14.9951 -1.78208 2.24211 22.1224 10.7981 11.9036 21.9873 21.0862 20.5974 13.8075 26.9759 26.8942 0.809004 20.7684 28.1794 -13.5536 6.6032 21.9455 -16.8137 -5.70802 12.7041 -12.9146 -16.7471 1.31975 -12.1781 -24.0724 -10.7365 -19.3486 -20.4233 -16.0812 -33.6856 -0.325055 -0.0891436 0.728883 -0.289154 -0.0242834 -0.785993 -0.712682 -1.85175 -1.6164 -1.73396 -1.76302 -1.8846 -1.25623 -1.38565 -0.204254 4.37675 4.10588 4.25762 5.01677 2.78248 -0.446763 -1.88647 0.654103 -1.47718 -4.18989 -4.91925
-6.19727 -11.8279 -39.9027 7.57632 -10.9707 -32.2308 13.3152 -13.9594 -17.7393 8.62156 -11.5326 -2.76203 -1.58744 -3.23692 6.04352 -8.34106 1.53911 19.4258 -2.11698 -8.1325 30.0245 5.54136 -20.1897 23.3661 3.48878 -26.4394 8.93785 -4.7382 -25.1611 -4.59169 -13.3151 -17.3442 -15.3832 -22.6991 -5.3972 -19.5274 -30.5984 4.54881 -10.4516 -27.6964 4.38705 5.00484 -16.3436 -0.404614 14.9558 -2.49539 2.09577 22.3244 9.61058 12.3348 22.8038 19.645 21.8647 15.2654 25.6962 28.5382 2.53165 20.1198 29.0942 -12.1334 6.48685 22.0266 -15.9195 -5.90044 12.6943 -12.5083 -17.1503 1.49712 -12.2415 -24.4133 -10.3606 -19.796 -20.3745 -15.3988 -34.1395 -0.273058 -0.0567046 0.750209 -0.274406 -0.00553715 -0.79256 -0.717529 -1.86066 -1.63432 -1.75321 -1.7811 -1.89505 -1.25682 -1.38429 -0.210581 4.31934 4.02457 4.1847 4.94407 2.80864 -0.386334 -1.81181 0.698702 -1.46061 -4.17564 -4.88501
-5.79674 -9.82477 -39.906 7.67374 -8.06916 -31.8581 13.7019 -11.4869 -17.5805 8.95892 -10.2791 -2.47147 -1.53876 -2.54231 6.50166 -8.26108 1.7659 20.0572 -2.13946 -8.28405 30.3595 5.47374 -20.2847 23.5487 3.44451 -26.446 9.07932 -4.74499 -25.113 -4.46765 -13.2219 -17.2833 -15.3288 -22.5417 -5.28836 -19.4789 -30.4807 4.57491 -10.3475 -27.8209 4.44038 5.15276 -16.7094 -0.165334 15.4575 -2.7646 2.21226 22.6834 9.61478 12.1306 22.6976 19.6846 21.3703 14.8514 25.5959 27.928 1.99235 19.8414 28.7597 -12.5907 6.0056 22.1125 -16.4023 -6.48738 12.9186 -13.0007 -17.5714 1.55951 -12.6485 -24.3421 -10.507 -20.3287 -19.7692 -14.8332 -34.744 -0.190842 -0.0332262 0.750117 -0.282951 -0.0177721 -0.795165 -0.720243 -1.8662 -1.64468 -1.76947 -1.79831 -1.91147 -1.25759 -1.37118 -0.217721 4.35882 4.06311 4.21559 4.97444 2.81357 -0.395822 -1.84696 0.63698 -1.52199 -4.17103 -4.78946
-5.72173 -11.7337 -40.6881 7.53985 -9.82365 -32.3342 13.2809 -12.5744 -17.7965 8.67682 -10.6833 -2.71463 -1.65933 -2.82408 6.3393 -8.4329 1.50675 19.8622 -2.21823 -8.36783 30.2777 5.47783 -20.3254 23.4843 3.44979 -26.4789 9.01144 -4.71717 -25.1421 -4.54876 -13.0646 -17.2663 -15.4766 -22.2628 -5.19657 -19.6811 -30.283 4.56328 -10.5097 -27.7317 4.29519 5.00706 -16.615 -0.377855 15.2758 -2.75458 1.98282 22.6677 9.52795 12.0193 22.8448 19.3198 21.335 14.7409 24.6994 27.7101 1.56074 18.6889 28.3219 -12.9297 4.91243 21.7419 -17.0597 -7.70291 12.5093 -14.2695 -18.5904 0.958015 -14.0733 -24.8774 -11.4645 -21.5956 -19.8819 -16.3612 -35.6845 -0.240198 -0.0368582 0.750488 -0.278001 0.00165819 -0.794974 -0.719012 -1.86447 -1.64109 -1.76694 -1.79684 -1.90614 -1.2375 -1.3422 -0.189504 4.37993 4.09194 4.22795 4.97634 2.85018 -0.335283 -1.83973 0.594433 -1.593 -4.29117 -4.84021
-6.06702 -13.2434 -40.7327 7.16951 -10.8351 -32.4684 12.9345 -13.1673 -17.8671 8.57161 -10.936 -2.75997 -1.61109 -2.90744 6.31928 -8.29667 1.57721 19.8358 -2.0912 -8.22282 30.3269 5.51655 -20.2421 23.5431 3.40931 -26.3787 9.07424 -4.69429 -25.0421 -4.52394 -12.9514 -17.226 -15.5627 -22.2093 -5.20264 -19.7689 -30.2493 4.51083 -10.5656 -27.6942 4.28405 4.9512 -16.5711 -0.319886 15.2442 -2.68374 2.03762 22.5864 9.63287 12.031 22.8227 19.5495 21.417 14.9551 25.0887 28.0446 1.96694 19.1549 28.6729 -12.5543 5.66238 21.5103 -16.6523 -6.29498 11.4621 -13.784 -16.5827 -0.619564 -13.3305 -23.3032 -13.128 -20.3165 -19.7666 -18.1485 -34.7981 -0.225836 -0.0261925 0.760794 -0.261448 0.0154626 -0.795014 -0.717285 -1.85972 -1.64012 -1.77367 -1.80227 -1.91256 -1.2457 -1.35344 -0.206849 4.35457 4.06205 4.20204 4.94061 2.81547 -0.367906 -1.92005 0.582528 -1.50051 -4.12494 -4.71829
-6.24677 -12.5663 -40.1702 7.12327 -10.2628 -32.093 13.079 -12.8842 -17.6179 8.51975 -10.8316 -2.54348 -1.90263 -2.98547 6.42258 -8.90203 1.13621 19.8958 -2.64268 -8.82229 30.204 5.27069 -20.5938 23.3359 3.51333 -26.689 8.80297 -4.58062 -25.3383 -4.79956 -13.1169 -17.3256 -15.4792 -22.4676 -5.26468 -19.36 -30.4181 4.54948 -10.1858 -27.7078 4.27739 5.30389 -16.512 -0.613931 15.3833 -2.80537 1.65624 23.0838 9.4376 11.7231 23.7088 19.3006 21.2576 15.9531 24.993 27.9577 3.06878 19.5246 28.0979 -11.6468 6.5496 20.0171 -15.7079 -5.00034 9.62631 -12.4209 -15.5497 -2.22967 -12.0278 -22.9033 -14.1171 -19.447 -19.7487 -18.098 -34.3342 -0.19877 -0.0222386 0.76935 -0.252214 0.0395787 -0.740404 -0.682473 -1.84995 -1.64327 -1.7653 -1.80236 -1.92218 -1.27785 -1.40487 -0.264754 4.27084 3.98377 4.12186 4.86448 2.78156 -0.405572 -1.8965 0.667007 -1.40021 -3.96955 -4.57861
-6.58078 -12.3335 -39.5122 6.95142 -10.1511 -31.6749 13.0759 -12.9397 -17.3017 8.46705 -10.9731 -2.23094 -2.04509 -3.22602 6.71653 -9.1133 0.807022 20.1806 -2.83696 -8.99225 30.6301 5.07336 -20.7784 23.7836 3.1694 -27.0652 9.35116 -5.11743 -26.1414 -4.17066 -13.7933 -18.3974 -14.9356 -22.9199 -6.2127 -18.9605 -30.4701 4.09023 -9.98626 -27.6714 4.19125 5.48975 -16.5529 -0.755746 15.6273 -2.92024 1.22049 23.5373 9.43129 11.1335 24.4282 19.268 20.7686 16.7641 24.9252 27.618 3.94294 19.6726 27.4035 -10.8502 7.18949 18.551 -14.8435 -3.98628 7.85996 -11.2411 -14.8005 -3.75018 -10.7264 -22.7158 -15.0501 -18.4782 -19.9277 -18.1904 -33.6372 -0.152163 0.00731882 0.801684 -0.220348 0.0721066 -0.755922 -0.69539 -1.86188 -1.64767 -1.7499 -1.78495 -1.92215 -1.307 -1.45519 -0.34229 4.20074 3.92634 4.06185 4.79909 2.74979 -0.43527 -1.88111 0.742567 -1.31147 -3.83877 -4.50333
-6.32613 -12.4234 -39.9842 7.11206 -10.0677 -32.0362 13.1505 -12.7217 -17.6013 8.53431 -10.7237 -2.53685 -1.96874 -2.95415 6.40181 -9.02635 1.08999 19.8681 -2.67666 -8.86383 30.1256 5.38265 -20.496 23.19 3.82309 -26.3592 8.53956 -4.07422 -24.6688 -5.14036 -12.5004 -16.3966 -15.709 -22.0158 -4.42097 -19.451 -30.3497 4.96907 -10.1738 -27.7835 4.32595 5.32945 -16.5488 -0.653267 15.3222 -2.90207 1.6206 23.1273 9.24815 11.7853 23.9475 19.0619 21.4431 16.2825 24.8097 28.1366 3.41937 19.5561 27.9849 -11.3742 6.84263 19.4932 -15.4238 -4.4905 8.92132 -11.9641 -15.0546 -2.91877 -11.4937 -22.5952 -14.6178 -19.0237 -19.6801 -18.2117 -34.0576 -0.178939 -0.0140214 0.778171 -0.243484 0.0489477 -0.724557 -0.675983 -1.85369 -1.6617 -1.79992 -1.84293 -1.9509 -1.2864 -1.40234 -0.264399 4.25121 3.96086 4.09663 4.8395 2.77919 -0.410533 -1.89112 0.697121 -1.35615 -3.89456 -4.52132
-6.19287 -11.95 -40.0022 7.3122 -9.55323 -32.1807 13.3938 -12.239 -17.7699 8.63791 -10.3486 -2.73508 -2.0237 -2.75671 6.16847 -9.26462 0.988904 19.6238 -2.81652 -9.12022 29.6657 5.62246 -20.3324 22.4941 4.66131 -25.4832 7.52776 -2.688 -22.9238 -6.32152 -10.8898 -14.0056 -16.5353 -20.8681 -2.26045 -19.7677 -30.1179 5.89233 -10.1935 -27.9582 4.28965 5.30225 -16.6308 -0.760245 15.1539 -2.99319 1.57493 22.9569 9.16021 11.7264 23.8872 19.0191 21.4135 16.3175 24.8328 28.1477 3.5054 19.6605 27.9653 -11.3164 7.00176 19.3828 -15.3462 -4.28784 8.8019 -11.7736 -14.8895 -3.00374 -11.2853 -22.4214 -14.6016 -18.9789 -19.4685 -17.9109 -34.0705 -0.171937 -0.0178321 0.77362 -0.249953 0.0525701 -0.684636 -0.654483 -1.86078 -1.71404 -1.89001 -1.94516 -2.01932 -1.28769 -1.36195 -0.219425 4.27612 3.9838 4.11761 4.85645 2.79296 -0.404232 -1.87749 0.712531 -1.34279 -3.86393 -4.49127
-5.32344 -9.81837 -39.9995 8.28774 -7.2653 -32.4151 14.4288 -10.1923 -18.0766 9.09527 -8.94851 -3.16881 -2.14214 -2.10708 5.63433 -9.66454 0.958803 19.1073 -3.09412 -9.10222 29.1182 5.45105 -20.3976 22.2077 4.37353 -25.9934 7.41004 -3.11211 -23.4713 -6.37285 -11.1762 -14.3751 -16.5393 -20.9668 -2.48134 -19.8021 -30.0626 5.84373 -10.2286 -27.6644 4.32901 5.24086 -16.1733 -0.709161 14.9072 -2.73344 1.74408 23.0111 9.46609 11.8297 24.0465 19.3413 21.4024 16.3537 25.1062 28.1417 3.52219 19.8516 28.0789 -11.2716 7.09276 19.5775 -15.1549 -4.23673 9.13763 -11.3045 -14.9193 -2.59821 -10.9043 -22.0411 -13.9875 -19.2705 -18.4543 -16.3873 -34.3969 -0.113071 0.0108155 0.800506 -0.22969 0.0804797 -0.703363 -0.682745 -1.88368 -1.70314 -1.87245 -1.93377 -2.01428 -1.29353 -1.37284 -0.229227 4.255 3.97953 4.11363 4.85418 2.77663 -0.431218 -1.87448 0.695874 -1.37763 -3.85153 -4.48072
-5.01079 -9.39379 -40.2461 8.56203 -6.72965 -32.6311 14.7687 -9.44627 -18.2795 9.59287 -8.20838 -3.31571 -1.72926 -1.72243 5.64658 -9.42914 1.134 19.0653 -2.31447 -8.71284 28.9157 6.75841 -18.9912 21.144 5.87483 -23.765 6.0484 -1.89912 -22.0381 -7.69749 -11.0224 -13.8419 -17.733 -21.4372 -2.33358 -20.389 -30.4034 5.73304 -10.4777 -27.9462 4.21406 4.98202 -16.3878 -0.66832 14.6479 -2.90915 1.8932 22.6534 8.98902 12.3076 23.9155 18.8384 22.0224 16.3692 24.9021 28.5778 3.58019 19.9571 28.264 -11.3168 7.26268 19.6878 -15.2463 -4.06788 9.25292 -11.3855 -14.6766 -2.55191 -11.0564 -21.684 -13.9217 -19.5448 -18.0869 -16.1179 -34.6995 -0.109545 0.0183527 0.800142 -0.230446 0.0927382 -0.665046 -0.664427 -1.918 -1.80247 -1.91983 -1.93932 -2.00985 -1.27952 -1.3546 -0.209805 4.2438 3.95983 4.10096 4.85684 2.79781 -0.412613 -1.8606 0.703146 -1.36662 -3.83094 -4.44718
-3.56094 -7.69379 -39.7083 10.037 -5.44169 -32.0057 15.8061 -9.34421 -17.7454 9.57373 -9.00984 -3.14119 -2.02354 -2.43505 5.39439 -9.4408 0.946867 18.8501 -1.79089 -8.5654 28.6278 7.39022 -18.5313 20.5811 6.45325 -23.0398 5.40732 -1.42659 -21.4958 -8.30001 -10.8753 -13.6072 -18.2808 -21.5145 -2.23932 -20.6351 -30.1977 5.7456 -10.4108 -27.4616 4.30237 5.0094 -15.9778 -0.542301 14.7827 -2.35641 1.55405 22.6811 10.1597 11.2391 23.762 20.0211 20.9133 16.1792 25.5396 27.9339 3.39026 20.0199 28.1825 -11.3047 7.13046 19.8144 -15.0435 -4.18996 9.45206 -10.9638 -14.8498 -2.30933 -10.754 -21.2998 -13.4796 -19.9218 -16.7162 -14.8258 -34.9088 -0.0478346 0.0458121 0.826204 -0.235215 0.034142 -0.668593 -0.68173 -1.94529 -1.84263 -1.94288 -1.94235 -2.01034 -1.2779 -1.35046 -0.229986 4.28905 4.0295 4.16334 4.89009 2.78486 -0.432774 -1.85088 0.688323 -1.41815 -3.87432 -4.5233
-2.55803 -6.98968 -39.708 10.8804 -4.5609 -31.7823 16.7597 -7.8139 -17.4045 10.809 -7.29345 -2.68871 -1.10806 -1.36556 5.88013 -9.30001 1.24256 19.0558 -2.06469 -8.61811 28.8039 7.27072 -18.3705 20.6735 6.53318 -22.703 5.4376 -1.27761 -21.2831 -8.32255 -10.8328 -13.4854 -18.2734 -21.5473 -2.19405 -20.654 -30.514 5.71685 -10.6185 -28.0605 4.18123 4.84025 -16.4737 -0.638627 14.5035 -3.00582 1.9938 22.5041 8.70943 12.5996 23.8787 18.5348 22.3815 16.3879 24.845 28.8517 3.67506 20.1947 28.4944 -11.3155 7.47853 19.9509 -15.246 -3.93974 9.71773 -11.1135 -14.6473 -2.00167 -11.0182 -20.8575 -13.0742 -20.4659 -15.8365 -14.1662 -35.3328 -0.118261 0.00742941 0.780223 -0.262206 0.0616724 -0.625711 -0.634172 -1.91584 -1.83642 -1.93414 -1.93518 -1.99968 -1.26409 -1.33763 -0.192663 4.24457 3.95661 4.10486 4.87903 2.82768 -0.398749 -1.80758 0.713053 -1.41867 -3.89414 -4.42401
-1.62659 -6.097 -40.1726 11.4867 -4.11542 -31.604 16.2182 -8.95617 -17.2496 9.0692 -9.36322 -3.07346 -2.68746 -2.89253 5.32255 -10.0616 0.907 18.6903 -2.21051 -8.37534 28.5294 7.03118 -18.5206 20.7816 6.20384 -23.3448 5.69888 -1.61003 -21.742 -8.03942 -10.9078 -13.6751 -18.0194 -21.442 -2.23946 -20.5134 -30.2791 5.78347 -10.452 -27.6612 4.18036 4.9729 -16.1558 -0.871927 14.6147 -2.8662 1.90641 22.8603 8.90189 12.4829 23.9874 18.7192 22.1668 16.3601 24.9889 28.7557 3.68817 20.3306 28.6125 -11.3035 7.64238 20.0604 -15.3048 -3.49723 9.50185 -11.2307 -13.5668 -2.76915 -11.4133 -19.252 -13.8766 -21.1462 -14.5399 -14.0998 -36.1521 -0.0143862 0.0955963 0.862202 -0.237022 0.00918066 -0.652063 -0.686258 -1.94824 -1.83271 -1.93902 -1.94937 -2.01852 -1.28903 -1.36453 -0.203499 4.24431 3.9533 4.10121 4.87785 2.82361 -0.402638 -1.84992 0.662506 -1.41276 -3.82981 -4.46422
-1.7991 -6.83655 -40.731 11.0707 -5.18974 -31.7332 14.9041 -10.9544 -17.4523 7.13978 -11.5865 -3.61201 -4.08837 -4.36902 4.89799 -10.4306 0.544236 18.4312 -2.11222 -8.01327 28.5399 7.08086 -18.275 20.8882 6.23151 -23.124 5.81462 -1.46899 -21.5137 -7.9867 -10.7041 -13.4375 -18.0173 -21.2638 -2.01513 -20.4639 -30.1856 5.83918 -10.3443 -27.6787 3.95096 5.06668 -16.178 -1.27958 14.6187 -2.89148 1.71992 22.7914 8.60333 12.5945 23.9019 18.3302 22.4175 16.3367 24.7347 28.9524 3.70433 20.3005 28.6546 -11.3529 7.74986 19.9455 -15.4484 -3.13504 9.10004 -11.4399 -12.6691 -3.59042 -11.6833 -18.3011 -14.9052 -21.2062 -14.4413 -15.1335 -36.4535 0.0979712 0.211648 0.980986 -0.162139 0.0190156 -0.746142 -0.773158 -2.01871 -1.89675 -1.99968 -2.00317 -2.06312 -1.31724 -1.38093 -0.188111 4.23968 3.93187 4.08329 4.8699 2.83669 -0.387015 -1.87536 0.645467 -1.36336 -3.74164 -4.52804
-0.591902 -7.51326 -41.6691 11.7679 -5.39225 -32.0753 15.4404 -10.4364 -17.4828 8.07461 -10.7369 -3.41531 -3.27928 -3.81612 5.17392 -10.0311 0.620258 18.6737 -1.9201 -8.22763 28.7004 7.25074 -18.3945 20.8971 6.36293 -22.9722 5.74106 -1.20143 -21.0766 -8.09924 -10.1895 -12.7798 -18.1741 -20.7357 -1.32097 -20.506 -29.8141 6.23548 -10.2993 -27.4976 3.98723 5.09314 -16.0476 -1.32578 14.6605 -2.80939 1.81108 22.86 8.40422 12.9782 23.9423 17.9858 22.8927 16.3114 24.5148 29.2966 3.67568 20.3542 28.7927 -11.454 8.00277 19.8646 -15.6814 -2.43435 8.54562 -11.793 -10.9773 -4.82396 -12.3204 -16.0396 -16.3295 -21.9342 -12.8734 -16.3109 -37.3422 0.0298607 0.189613 0.952548 -0.169938 0.0439645 -0.695863 -0.722345 -1.97494 -1.86733 -1.99374 -2.00856 -2.07104 -1.31376 -1.36451 -0.164907 4.24455 3.91689 4.06435 4.85926 2.84763 -0.37545 -1.92743 0.574889 -1.37096 -3.70278 -4.36653
0.121374 -9.48281 -42.3138 12.0269 -7.15053 -32.2081 15.5032 -11.2002 -17.2619 8.4628 -11.0011 -3.02695 -2.76876 -3.93066 5.60109 -9.46662 0.676173 19.0706 -1.47411 -8.32503 29.056 7.59906 -18.4775 21.1208 6.65718 -22.5791 5.83233 -0.771525 -20.0604 -7.98208 -9.34004 -11.2995 -18.0296 -19.5233 0.46727 -20.4397 -28.8661 7.60253 -10.1688 -27.0746 4.29843 5.10288 -15.9412 -1.46739 14.7811 -2.72495 1.83284 22.9519 8.1004 13.3837 23.9571 17.5633 23.4903 16.4308 24.3621 29.7888 3.88464 20.6875 29.0455 -11.3606 8.55648 20.0129 -15.9854 -1.99874 8.65426 -12.5588 -10.7212 -4.58616 -13.3439 -16.1226 -16.1896 -22.6507 -12.8059 -17.3007 -37.9869 -0.0473602 0.177254 0.936688 -0.173376 0.0368894 -0.669825 -0.690721 -1.94069 -1.84626 -2.01026 -2.05451 -2.12735 -1.34777 -1.35739 -0.128804 4.26067 3.90174 4.0518 4.86339 2.88932 -0.321376 -1.87421 0.622444 -1.35924 -3.79105 -4.37712
-0.190875 -9.63408 -41.9805 11.9412 -7.53526 -32.0956 15.2506 -11.9093 -17.2031 7.79139 -11.6139 -3.18474 -3.37308 -4.14332 5.18953 -10.1712 0.884398 18.4568 -2.41396 -8.10585 28.6358 6.8701 -18.283 20.9811 6.49691 -22.0943 5.59337 -0.332385 -18.9722 -8.40595 -8.30076 -9.73126 -18.5172 -18.2149 2.22385 -21.1149 -27.9325 9.0663 -10.9935 -26.6777 5.07697 4.16766 -16.0065 -1.02703 14.1543 -3.14815 2.00174 22.9754 8.15075 13.0515 24.3391 18.0034 22.871 16.9338 24.6916 29.2654 4.37676 20.7817 28.6214 -10.8143 8.76761 19.3819 -15.3345 -1.54759 7.80774 -11.8982 -10.3526 -5.37407 -12.746 -16.0993 -16.7325 -22.1476 -13.0451 -17.5187 -37.5582 -0.0299217 0.181229 0.949658 -0.172209 0.0334498 -0.630658 -0.654543 -1.90998 -1.84073 -2.04485 -2.11224 -2.18236 -1.37616 -1.35525 -0.166943 4.22616 3.9105 4.0609 4.85677 2.87063 -0.333165 -1.8727 0.650893 -1.32177 -3.7367 -4.36916
-0.61873 -8.32216 -41.3988 11.3736 -6.19125 -31.3515 15.2057 -11.2022 -16.7886 8.30914 -11.4461 -2.48417 -2.74753 -4.04699 6.0939 -9.20096 0.58241 19.6744 -1.55064 -8.92586 29.4559 7.45386 -18.9588 21.2937 6.78686 -22.3005 5.80701 -0.188508 -18.9905 -8.07666 -8.20516 -9.72922 -18.1309 -18.098 2.27439 -20.582 -27.7798 8.96946 -10.3286 -26.7062 4.80175 4.79847 -16.2481 -1.39419 14.9525 -3.00165 1.34303 23.2809 8.25378 12.4666 24.3783 17.8257 22.6722 17.1284 24.5149 29.2967 4.69164 20.8622 28.3797 -10.5493 9.17888 18.6643 -14.9371 -0.62847 6.74371 -11.2105 -8.92471 -6.7633 -12.0708 -14.704 -17.9392 -21.6693 -12.6867 -17.4991 -37.2632 0.0197288 0.19547 0.952138 -0.162978 0.0336869 -0.634094 -0.643812 -1.89838 -1.84211 -2.05646 -2.13044 -2.21122 -1.40432 -1.3804 -0.191317 4.23412 3.87995 4.02396 4.81224 2.84294 -0.364841 -1.92015 0.634559 -1.24908 -3.5392 -4.16246
-1.40007 -7.80434 -40.2697 10.9474 -5.75559 -30.6443 15.0874 -11.2917 -16.3585 8.02172 -11.7889 -2.14352 -3.05199 -4.2385 6.27933 -9.76982 0.320136 19.7551 -2.46533 -9.64639 29.3429 6.73901 -19.6423 21.3601 6.75314 -22.9138 5.84416 0.118117 -19.5507 -8.19271 -7.91095 -10.2547 -18.205 -17.7906 1.75533 -20.6774 -27.5248 8.5322 -10.5279 -26.6038 4.4401 4.62989 -16.3478 -1.73155 15.0026 -3.41375 1.26122 23.7247 7.65868 12.5517 24.9695 17.3007 22.7486 17.8007 24.1959 29.2254 5.39873 20.9344 27.6963 -9.88179 9.75527 17.3044 -14.0259 0.358423 5.17545 -9.93189 -8.06963 -8.25338 -10.7328 -14.3382 -18.9801 -20.5344 -12.9753 -17.5998 -36.1443 0.0445064 0.169385 0.925396 -0.199792 0.0081824 -0.554706 -0.581278 -1.85613 -1.83008 -2.05215 -2.13201 -2.2168 -1.41535 -1.39644 -0.224439 4.16225 3.80355 3.94934 4.7456 2.81596 -0.387379 -1.91448 0.687429 -1.16264 -3.38794 -4.03607
-0.617646 -8.7911 -40.4677 11.1825 -6.03261 -30.3458 15.1858 -10.9852 -15.8091 8.33499 -11.4616 -1.48859 -2.71652 -4.03457 7.07187 -9.50277 0.198021 20.6195 -2.44769 -10.532 29.5474 6.62508 -20.5161 21.4007 6.87728 -23.8298 5.89573 0.402108 -20.7522 -8.28056 -7.80307 -11.8141 -18.4743 -18.0665 -0.10765 -20.8371 -27.6974 6.85183 -10.7126 -26.8294 3.6835 4.66798 -16.813 -2.01503 15.5338 -3.74015 1.00091 24.0385 7.3981 12.2641 24.8785 16.9731 22.4578 17.616 23.7818 28.9884 5.19446 20.5189 27.4556 -10.0854 9.44587 16.9659 -14.2679 0.365611 4.59232 -10.1915 -7.39709 -9.23249 -10.9804 -13.0845 -20.2841 -20.7757 -11.826 -19.0294 -36.4049 -0.0382135 0.109798 0.849989 -0.279377 -0.0636377 -0.469888 -0.507056 -1.79675 -1.7941 -2.01425 -2.0766 -2.15518 -1.35792 -1.36668 -0.221921 4.19042 3.81382 3.95468 4.74739 2.82144 -0.38304 -1.95666 0.61616 -1.21437 -3.40806 -3.89056
0.343729 -9.30541 -40.5634 11.9491 -5.96334 -30.3923 16.0492 -10.7346 -15.8219 8.99882 -11.3584 -1.60439 -2.30879 -4.02787 6.70098 -9.43447 -0.106614 20.1677 -2.63745 -11.0742 29.0068 6.66708 -21.0174 21.0743 7.55109 -24.3405 5.59452 1.59655 -21.2995 -8.81598 -6.35618 -12.3426 -19.1916 -16.5248 -0.578687 -21.6758 -26.2858 6.45446 -11.7284 -25.8326 3.39561 3.69212 -16.2716 -2.30221 14.9611 -3.56482 0.798764 23.9747 7.43293 12.1896 24.936 16.8116 22.4854 17.5622 23.4209 29.0048 5.02753 20.1906 27.2195 -10.2319 9.3738 16.4288 -14.3178 0.634234 3.84492 -10.1418 -6.61803 -10.2476 -11.0425 -11.7253 -21.4614 -20.9722 -10.3916 -20.0696 -36.5836 -0.0277085 0.109647 0.8487 -0.275558 -0.0472194 -0.425668 -0.46477 -1.76763 -1.78893 -2.01716 -2.07951 -2.15225 -1.33978 -1.34313 -0.226428 4.17156 3.79529 3.9294 4.72107 2.81767 -0.3791 -1.97118 0.569057 -1.25158 -3.4048 -3.82724
1.28837 -7.51102 -40.6223 12.9207 -4.61084 -30.347 16.8012 -10.1315 -15.9827 9.2417 -11.1246 -2.0506 -2.33703 -3.88694 5.95734 -9.58632 0.0882202 19.342 -2.5211 -10.4871 28.4449 7.07768 -20.4162 20.8526 8.21627 -24.2656 5.51208 2.37906 -21.7943 -9.05451 -5.52155 -13.1064 -19.6953 -15.576 -1.32415 -22.5321 -25.42 6.03564 -12.908 -25.214 3.33767 2.58495 -15.8428 -2.16494 14.1076 -3.57479 1.19631 23.6218 7.13127 12.821 24.9892 16.4124 23.2497 17.6788 23.0542 29.7532 5.15312 20.1375 27.7818 -10.1465 9.62049 16.755 -14.3822 0.889552 4.14077 -10.2806 -6.39076 -9.91999 -11.4199 -11.163 -20.8194 -21.8535 -9.35515 -18.5908 -37.3194 0.0265596 0.152128 0.893909 -0.23594 -0.0164259 -0.439778 -0.495833 -1.80652 -1.81864 -2.02528 -2.07603 -2.13919 -1.32316 -1.32839 -0.234422 4.11542 3.74781 3.88605 4.69256 2.82407 -0.363419 -1.94337 0.580351 -1.26207 -3.41039 -3.87233
2.66355 -6.3074 -40.6897 13.8863 -4.37819 -29.7519 17.15 -10.2792 -15.3854 9.37153 -11.4146 -1.5853 -2.20827 -4.19036 6.43318 -9.38942 -0.119252 19.8258 -2.5203 -10.7055 29.065 6.9044 -20.6817 21.318 7.88285 -24.3963 5.93321 2.03523 -22.017 -8.64455 -5.96317 -13.5248 -19.3699 -16.1925 -1.89835 -22.2243 -26.0545 5.47743 -12.6308 -25.8019 3.00365 2.8988 -16.3048 -2.41332 14.3588 -3.79045 0.77612 23.6076 6.76427 12.5278 25.0641 15.7668 23.4481 18.1331 22.3807 30.5505 5.92186 20.0374 28.8046 -9.5032 10.1341 17.5064 -14.444 1.20191 4.83784 -10.9946 -6.76667 -8.81452 -12.4512 -11.8452 -19.208 -23.2501 -8.93975 -16.677 -38.5007 -0.00934349 0.171041 0.907502 -0.233581 -0.0205214 -0.481438 -0.518808 -1.8202 -1.83639 -2.03913 -2.07821 -2.13424 -1.31902 -1.33366 -0.238893 4.11632 3.72597 3.86719 4.68152 2.85562 -0.311088 -1.86188 0.669042 -1.25241 -3.50542 -3.94983
2.9018 -6.45454 -39.7921 13.8183 -3.9994 -28.6518 17.3299 -9.64943 -14.2428 9.80766 -10.9866 -0.319371 -1.79905 -3.90893 7.79026 -9.16621 -0.148179 21.1724 -2.6544 -11.5893 29.6172 6.59841 -21.4861 21.567 7.65775 -24.5487 6.04453 1.88997 -21.3399 -8.40548 -5.91242 -12.378 -18.8904 -16.018 -0.620682 -21.648 -26.0724 6.39557 -11.9849 -26.1704 3.20211 3.41465 -17.0755 -2.6253 14.9988 -4.50972 0.470297 24.2098 5.82878 12.4587 25.2204 14.471 23.6276 18.227 21.0246 30.9637 6.12185 19.2392 28.9345 -9.34313 9.95092 17.1218 -14.2755 1.31152 4.3314 -10.542 -6.40055 -9.48053 -11.8691 -11.1714 -20.039 -22.6482 -8.25892 -17.3496 -37.8704 -0.0841073 0.0901119 0.811623 -0.33345 -0.109596 -0.366279 -0.404697 -1.7168 -1.7611 -2.00917 -2.07995 -2.14993 -1.32771 -1.32688 -0.228684 4.14694 3.70981 3.8389 4.65893 2.87074 -0.296491 -1.85682 0.65821 -1.25701 -3.47661 -3.77316
3.55749 -7.51453 -39.4474 14.6459 -5.2799 -28.4311 17.8035 -10.6993 -13.8526 10.1322 -11.4699 0.0324131 -1.48419 -4.25623 8.00742 -8.74074 -0.0645588 21.3219 -2.12883 -10.8967 30.4632 6.93758 -20.9027 22.3364 7.46089 -24.0766 6.80897 1.48899 -21.2105 -7.6302 -6.34883 -12.5621 -18.3493 -16.4716 -0.903979 -21.4445 -26.6164 6.2717 -11.9953 -26.6645 3.25861 3.44075 -17.2918 -2.51583 14.8283 -4.60598 0.338985 23.9521 5.49928 12.4781 25.4188 13.7722 24.1953 18.8914 20.2128 31.952 6.98952 19.0718 29.4816 -8.47223 10.853 16.8941 -13.3861 2.74679 3.74892 -9.68884 -4.87308 -10.1176 -10.9786 -10.0561 -20.6195 -21.6218 -7.76651 -18.1283 -36.9835 -0.0477797 0.146588 0.88076 -0.254713 -0.0492499 -0.455087 -0.479385 -1.77274 -1.80047 -2.03543 -2.09397 -2.15566 -1.34035 -1.35004 -0.259612 4.09933 3.64871 3.77718 4.60274 2.87848 -0.261808 -1.8276 0.717174 -1.17291 -3.39416 -3.78763
3.24713 -8.01806 -38.5809 14.3137 -6.16624 -27.472 17.6757 -11.5254 -12.917 10.5518 -12.1339 1.26449 -0.713843 -4.55087 9.39821 -7.86552 -0.229149 22.7277 -2.04768 -11.9498 31.2949 6.68913 -22.0957 22.9825 7.65256 -24.7895 7.38556 2.25917 -21.6444 -7.22222 -5.30118 -13.0887 -18.2116 -15.4883 -1.5427 -21.5092 -25.7772 5.62245 -12.2089 -26.3309 2.85905 3.26403 -17.6708 -2.73267 15.2891 -4.96664 -0.172366 24.4747 5.4671 11.736 25.4536 14.0235 23.2764 18.9769 20.7725 31.0498 7.25814 19.7876 28.7883 -8.24625 11.3876 16.3556 -13.247 3.1475 3.34263 -9.38211 -4.84509 -10.3336 -10.4252 -10.6423 -20.6841 -20.8986 -8.4744 -18.23 -36.2839 -0.145853 0.0601611 0.785577 -0.349643 -0.144313 -0.373927 -0.380451 -1.67632 -1.7518 -2.0226 -2.08466 -2.14637 -1.3242 -1.33695 -0.297225 4.11476 3.65371 3.78928 4.6208 2.87968 -0.280438 -1.82833 0.759907 -1.13306 -3.38773 -3.71549
4.42738 -6.53715 -38.4541 15.1816 -5.15128 -26.9766 18.1013 -11.1914 -12.5938 10.4526 -12.1621 1.29112 -0.972602 -4.65206 9.26866 -8.04853 -0.182509 22.5899 -1.9414 -11.5844 31.3828 6.77102 -21.699 23.0071 7.43092 -24.4179 7.39869 1.85615 -21.2492 -7.13574 -5.74537 -12.6241 -18.0422 -15.9591 -1.07245 -21.236 -26.1866 6.036 -11.8251 -26.4876 3.17372 3.6368 -17.5604 -2.50231 15.4248 -4.80197 -0.097785 24.5771 5.86247 11.5853 25.7622 14.6969 22.8515 19.1768 21.5755 30.2356 7.28304 20.591 27.7817 -8.19212 12.2874 15.2958 -13.221 4.31823 2.07854 -9.48324 -3.49256 -11.6643 -10.9432 -9.09528 -21.3184 -22.1611 -6.90724 -17.3525 -37.2247 -0.0956322 0.117351 0.840209 -0.312061 -0.126247 -0.405677 -0.416196 -1.70691 -1.76914 -2.03631 -2.09971 -2.16453 -1.34998 -1.36693 -0.326121 4.08567 3.64906 3.78283 4.61665 2.8779 -0.281747 -1.8279 0.764885 -1.11938 -3.33009 -3.65311
4.68265 -4.34323 -38.423 15.4414 -3.72728 -26.8828 17.9694 -10.7545 -12.8792 9.80632 -12.2769 0.659001 -1.70268 -4.86233 8.60527 -8.76454 -0.386438 21.9319 -2.26128 -11.5653 30.7272 6.7477 -21.5454 22.5052 7.66813 -24.4539 6.94429 2.28221 -21.368 -7.67886 -5.2906 -12.6569 -18.5368 -15.6545 -1.18804 -21.5396 -25.9528 5.82171 -12.132 -26.3059 2.97031 3.33081 -17.3686 -2.76163 15.084 -4.86269 -0.0899226 24.5068 5.37412 11.9127 26.1716 13.9328 23.52 19.8186 20.7768 31.0049 7.96792 20.6218 28.0802 -7.45588 13.5116 14.9762 -12.7351 5.85128 1.47321 -9.39408 -2.21336 -12.0602 -11.3472 -8.1477 -20.77 -23.1521 -6.40952 -15.4607 -37.8565 -0.0327478 0.167636 0.883642 -0.295291 -0.114295 -0.393311 -0.428523 -1.73417 -1.79772 -2.06091 -2.12179 -2.18087 -1.36104 -1.38206 -0.339456 4.00607 3.55786 3.68623 4.53721 2.86882 -0.26211 -1.78738 0.830041 -1.03595 -3.20988 -3.60309
6.36586 -4.38853 -38.8094 16.3637 -3.70773 -26.6075 18.5755 -10.5172 -12.4437 10.4421 -11.9513 1.12188 -1.11413 -4.60545 9.0635 -8.2572 -0.277393 22.3956 -2.05648 -11.6786 31.1237 6.78475 -21.7039 22.7755 7.68395 -24.4199 7.17858 2.45629 -21.1957 -7.47215 -5.03168 -12.4823 -18.3869 -15.5175 -1.13482 -21.4275 -25.9489 5.78348 -12.0992 -26.4621 3.0168 3.37457 -17.6054 -2.6267 15.2311 -4.92447 -0.154678 24.4728 5.5722 11.6682 25.7644 14.2573 23.0069 19.1054 21.021 30.3423 7.11594 20.2197 27.8842 -8.36914 12.2469 15.3619 -13.825 4.17692 2.06328 -10.6319 -3.74498 -11.5342 -12.7196 -8.42765 -20.505 -24.8862 -4.88229 -15.351 -39.3187 -0.100909 0.144365 0.859155 -0.314734 -0.126485 -0.401618 -0.417415 -1.71527 -1.78669 -2.05874 -2.11485 -2.16234 -1.32858 -1.34526 -0.307492 4.08912 3.64989 3.77805 4.61915 2.90617 -0.238122 -1.77268 0.763505 -1.1884 -3.42982 -3.66805
5.88378 -5.29581 -39.8515 15.4495 -3.91292 -27.3658 17.815 -10.3466 -13.052 10.0034 -11.7343 0.706189 -1.47209 -4.52001 8.88189 -8.49234 -0.44314 22.3577 -2.07517 -11.8078 30.9762 6.90061 -21.6769 22.5856 8.01613 -24.3603 6.99701 3.05506 -21.0882 -7.73558 -4.4296 -12.3148 -18.6045 -15.156 -1.15495 -21.4965 -25.7382 5.59928 -12.2178 -26.3963 2.89096 3.26072 -17.6124 -2.75546 15.1699 -5.04431 -0.29088 24.5664 5.35653 11.5912 26.0718 14.0013 22.9265 19.3549 20.6998 29.941 7.13888 20.1646 26.9589 -8.26547 12.8821 14.1163 -13.9376 5.20139 0.443446 -11.4408 -2.44493 -13.2783 -13.7332 -7.14308 -22.4147 -25.77 -4.45769 -17.1184 -40.336 -0.070024 0.181195 0.89398 -0.273611 -0.0774164 -0.391796 -0.417221 -1.72524 -1.80661 -2.0817 -2.13321 -2.1701 -1.3266 -1.34762 -0.323053 4.05106 3.61219 3.72867 4.57095 2.89933 -0.217215 -1.79538 0.724783 -1.17906 -3.32631 -3.51104
5.77086 -4.20998 -39.6956 14.8069 -1.26539 -27.0866 17.9273 -7.43515 -12.8013 10.2337 -10.236 0.807374 -1.74127 -3.88436 8.98236 -8.38042 -0.353705 22.8009 -1.76306 -11.9606 30.9317 7.23839 -21.7304 22.4528 8.53897 -24.5138 6.89612 3.64453 -21.3243 -7.8768 -3.92845 -12.6047 -18.7277 -14.8278 -1.59123 -21.5329 -25.447 5.09046 -12.2439 -26.2155 2.60171 3.26641 -17.6624 -2.77766 15.4638 -5.11122 -0.197441 24.8518 5.42193 11.6083 25.9952 14.1668 22.9486 19.4176 20.9962 30.3387 7.49916 20.3854 27.8319 -7.98682 12.724 15.2314 -13.7025 4.96279 1.62045 -11.1178 -2.14707 -12.3829 -13.4339 -5.98874 -22.0602 -25.3512 -3.31668 -17.0268 -40.0125 0.0250833 0.238834 0.926806 -0.241243 -0.0793187 -0.417379 -0.444857 -1.75709 -1.83868 -2.10635 -2.14767 -2.17356 -1.31751 -1.33372 -0.318792 4.07785 3.63058 3.75975 4.60283 2.90572 -0.221066 -1.82719 0.633273 -1.258 -3.31832 -3.45698
5.63962 -4.48791 -39.3101 15.1255 -2.02416 -26.9305 18.1802 -8.39046 -12.7175 10.3608 -10.8763 0.880725 -1.60385 -4.35376 8.93533 -8.49319 -0.899467 22.6504 -1.92107 -12.3047 31.097 7.38786 -22.1173 23.0085 9.04802 -25.3178 7.56663 4.2691 -22.7001 -7.35571 -3.33709 -14.3863 -18.4981 -14.2164 -3.43419 -21.605 -24.8092 3.545 -12.5066 -25.5645 1.59691 3.08149 -17.0685 -3.46282 15.4543 -4.8278 -0.547658 25.1492 5.39141 11.4998 26.5828 14.0295 22.8262 19.8421 20.8075 29.8495 7.6752 20.1257 26.8768 -7.72513 12.5678 14.0395 -13.0378 5.21488 0.264731 -10.146 -1.59003 -13.8339 -12.7783 -5.67773 -22.9029 -25.0858 -3.5988 -17.1972 -39.5963 0.0462632 0.254647 0.953462 -0.207721 -0.0250556 -0.428396 -0.461443 -1.78134 -1.86104 -2.10663 -2.12888 -2.14688 -1.29569 -1.32238 -0.320967 4.02698 3.5871 3.71209 4.55681 2.87177 -0.250626 -1.84247 0.652659 -1.21305 -3.26922 -3.47665
5.29628 -4.56382 -38.6747 15.077 -1.96644 -26.5546 18.2563 -8.3321 -12.3687 10.3142 -10.9389 1.13543 -1.79512 -4.6597 9.16726 -8.7114 -1.43385 22.9244 -1.86137 -12.6973 31.3403 7.52242 -22.2067 22.9807 8.90644 -25.0456 7.44121 3.79951 -22.1882 -7.32773 -4.01148 -13.7389 -18.2237 -14.7405 -2.63829 -21.3265 -25.4543 4.32547 -12.359 -26.4554 1.87377 3.14396 -17.9383 -3.78185 15.2411 -5.61453 -1.32543 24.9578 4.40547 10.8468 26.7078 12.9528 22.3173 20.0963 19.9879 29.0714 7.92295 19.5488 25.4065 -7.33636 12.0138 12.3022 -11.9881 4.79779 -1.43644 -8.61888 -1.70252 -15.582 -11.7261 -5.46479 -23.9136 -24.6435 -3.6981 -17.4486 -38.8743 0.0907652 0.277954 0.975032 -0.188959 -0.00527907 -0.441247 -0.480276 -1.80462 -1.88228 -2.12671 -2.16044 -2.18223 -1.32686 -1.34865 -0.338826 4.01508 3.57319 3.70262 4.55504 2.88126 -0.238115 -1.80792 0.678934 -1.18818 -3.22929 -3.48295
5.45304 -4.5927 -39.1664 15.0287 -2.07119 -26.8678 18.2003 -8.46712 -12.6938 10.3494 -11.2527 0.827982 -1.86785 -5.32125 8.96009 -8.6468 -2.39558 22.852 -1.6048 -13.2887 31.5908 8.07526 -22.5689 23.3119 9.43791 -25.3239 7.75543 4.18445 -22.5155 -6.97146 -3.71282 -14.0251 -17.7729 -14.4733 -2.9795 -20.9618 -25.7074 3.84223 -12.5383 -27.5687 1.08968 2.83416 -19.1033 -4.98116 14.7652 -6.47855 -2.45852 24.0696 2.72406 10.3866 25.4636 10.6127 22.4518 19.0965 18.1589 29.6424 7.49252 19.0221 25.8279 -7.71192 12.1056 12.4628 -12.5777 4.67615 -1.19628 -9.35199 -1.94495 -15.2816 -12.4774 -5.59193 -23.7751 -25.3223 -3.57148 -17.4512 -39.5827 0.158397 0.359619 1.05781 -0.0979748 0.0893432 -0.522012 -0.566156 -1.89723 -1.97151 -2.20649 -2.24007 -2.24285 -1.35587 -1.37079 -0.319825 4.02995 3.51634 3.65718 4.55307 2.93192 -0.176165 -1.74771 0.7215 -1.15617 -3.20433 -3.51098
5.36793 -4.56437 -39.0726 15.0074 -2.09416 -26.8135 18.1758 -8.50208 -12.6441 10.3728 -11.1189 0.938961 -1.61471 -4.80648 9.12602 -8.38962 -1.13924 22.8429 -1.19187 -12.1081 31.3574 8.43781 -21.6441 23.3137 9.95781 -24.7853 7.84531 4.64313 -22.1128 -6.88487 -3.32518 -13.7767 -17.7541 -14.084 -2.7959 -21.1651 -25.2663 4.0825 -12.7188 -26.7976 1.43724 2.70878 -18.1476 -4.35704 14.6449 -6.00442 -1.02127 24.3266 1.94475 12.5912 26.0983 9.32171 24.8871 19.5613 16.8493 31.2422 7.46794 17.9528 26.3472 -7.40799 11.6348 12.6045 -12.0298 4.62277 -1.33409 -9.07677 -1.6596 -15.5329 -12.3829 -5.32281 -23.9562 -25.2693 -3.57444 -17.4799 -39.4972 0.0937471 0.289175 0.983722 -0.183652 -0.0132098 -0.415985 -0.485872 -1.82181 -1.89115 -2.12578 -2.15871 -2.16338 -1.29104 -1.31017 -0.251879 3.98163 3.4368 3.56368 4.47249 2.90662 -0.173219 -1.76859 0.69983 -1.16657 -3.20667 -3.45416
5.32999 -4.45812 -39.1632 15.0125 -2.07022 -26.9218 18.2578 -8.52083 -12.7892 10.578 -11.2869 0.834459 -1.37273 -5.27819 9.29917 -7.74306 -1.62654 23.2127 0.218735 -11.8616 31.9575 10.4676 -20.8746 24.0776 12.2319 -24.064 8.6451 6.67556 -21.6785 -6.04513 -1.68211 -13.6154 -16.8276 -12.6567 -2.92058 -20.4529 -24.3372 3.71094 -12.4978 -26.469 1.04105 2.85406 -17.9721 -4.7607 14.8959 -5.6498 -1.62477 24.4169 2.44827 11.9141 26.0745 9.83002 24.1831 19.4925 17.3303 30.7992 7.52284 18.3532 26.3089 -7.48587 11.8549 12.6875 -12.2157 4.90604 -1.26529 -9.18173 -1.17532 -15.5318 -12.5711 -4.99772 -23.9583 -25.4092 -3.5543 -17.4118 -39.6391 0.175899 0.374535 1.07275 -0.0910479 0.0718032 -0.474488 -0.580681 -1.94117 -2.00685 -2.21404 -2.22952 -2.20206 -1.2944 -1.30479 -0.251335 4.00818 3.46339 3.58982 4.49365 2.90806 -0.182754 -1.78036 0.700475 -1.14235 -3.1627 -3.48971
5.34013 -4.48457 -39.2293 14.9854 -2.09905 -26.958 18.2534 -8.52714 -12.8204 10.5479 -11.4256 0.761154 -1.72519 -5.89912 9.09206 -8.48621 -2.77662 22.9499 -0.0715735 -12.361 32.0026 10.5745 -20.901 24.1225 12.191 -23.881 8.63207 6.50218 -21.5182 -6.01106 -1.8852 -13.6864 -16.94 -13.3654 -3.55335 -20.6125 -25.449 1.43221 -12.0786 -26.5516 -2.50464 3.10814 -17.3023 -7.13931 15.1014 -5.74347 -2.1602 24.7928 1.70709 11.785 26.0769 9.18878 23.8789 19.2872 16.9729 30.4985 7.50209 18.371 26.1108 -7.5067 11.9397 12.4845 -12.3132 4.86319 -1.39545 -9.24025 -1.28568 -15.621 -12.6799 -5.0614 -24.0069 -25.5582 -3.54544 -17.4349 -39.7689 0.214583 0.417828 1.11701 -0.0332984 0.156295 -0.515144 -0.649814 -2.0281 -2.09572 -2.3038 -2.2959 -2.22492 -1.27214 -1.20976 -0.133581 3.99768 3.42878 3.56201 4.48688 2.91163 -0.179768 -1.76869 0.709236 -1.13595 -3.15535 -3.51494
5.36083 -4.36666 -39.3981 15.0217 -1.97586 -27.1401 18.2326 -8.42273 -12.998 10.4762 -11.4055 0.536279 -1.86541 -6.12843 8.92761 -8.97288 -3.32378 22.6797 -0.0217192 -13.1713 30.8969 10.8249 -21.0419 22.6038 13.3791 -23.6716 7.17626 8.6866 -21.6782 -7.86945 -0.111345 -14.1255 -18.6712 -12.2457 -4.40049 -21.1495 -24.1536 0.240749 -12.1853 -25.6306 -3.34487 3.05667 -16.7498 -7.70145 15.4268 -5.48416 -2.21386 25.1886 1.691 11.8915 26.2764 9.10574 23.9025 19.2696 16.9217 30.4557 7.46846 18.3757 26.0642 -7.53391 11.9543 12.4351 -12.3457 4.86997 -1.44199 -9.27827 -1.2488 -15.6596 -12.8033 -4.97625 -23.9729 -25.7426 -3.49082 -17.3406 -39.9284 0.144298 0.339718 1.0263 -0.140961 0.0632418 -0.362304 -0.542898 -1.96836 -2.10502 -2.29936 -2.26308 -2.19582 -1.22637 -1.16801 -0.097481 4.00308 3.42294 3.55298 4.48193 2.90804 -0.183802 -1.77195 0.700815 -1.14772 -3.17019 -3.46407
5.36209 -4.9301 -39.3407 15.1833 -2.35424 -27.2488 18.2753 -8.59358 -12.9876 10.2744 -11.3161 0.458954 -2.19483 -5.86352 8.54375 -9.94967 -3.43245 22.0143 -1.65904 -14.2058 29.7485 8.73285 -22.3522 21.1453 11.6157 -24.669 5.72543 7.84409 -22.2164 -9.51026 -0.520059 -14.0751 -20.2286 -12.597 -4.10309 -21.8619 -24.1339 0.336976 -12.3286 -25.4617 -3.30437 2.91386 -16.7 -7.56257 15.4026 -5.70048 -1.80708 25.3124 1.61884 12.2267 26.3639 9.18337 24.1164 19.3104 17.0272 30.6383 7.5103 18.4512 26.211 -7.48442 11.9376 12.589 -12.1912 4.70835 -1.17481 -8.95579 -1.59025 -15.3702 -12.2456 -5.41242 -23.9069 -25.0107 -3.77019 -17.719 -39.3789 0.0473373 0.233864 0.916876 -0.256739 -0.0269914 -0.26379 -0.41603 -1.83422 -2.00668 -2.23965 -2.22641 -2.18863 -1.22435 -1.16128 -0.0945611 3.9918 3.42097 3.5537 4.48416 2.90798 -0.187035 -1.76993 0.704948 -1.15731 -3.20803 -3.43743
5.34507 -3.47078 -39.9648 14.539 -1.2225 -27.3266 17.5779 -7.83055 -13.2209 9.66907 -10.8255 0.222136 -2.7898 -5.48847 8.39949 -10.4838 -3.47054 21.9727 -2.35494 -14.5245 29.4794 7.88939 -22.6813 20.7107 10.8652 -24.8873 5.29227 7.38396 -22.3287 -9.99499 -0.815336 -14.0209 -20.7129 -12.8468 -3.95847 -22.1104 -24.2809 0.411625 -12.4221 -25.639 -3.27689 2.80634 -17.0196 -7.52804 15.3961 -6.14455 -1.75797 25.434 1.24702 12.2385 26.4771 8.94809 23.9352 19.2508 16.8283 30.1746 7.32298 18.2333 25.7378 -7.67074 11.9097 12.1302 -12.669 5.09151 -1.96631 -10.0284 -0.623669 -16.2034 -14.1083 -4.05677 -24.1111 -27.3791 -2.86744 -16.8063 -41.2591 0.0504017 0.259426 0.936805 -0.240672 -0.00112765 -0.259295 -0.394934 -1.80798 -1.98937 -2.23216 -2.22522 -2.19559 -1.23088 -1.16558 -0.109834 3.97337 3.40856 3.53564 4.46582 2.89442 -0.190393 -1.79481 0.656192 -1.18088 -3.16192 -3.3026
6.29126 -1.8238 -39.1178 16.0101 0.273194 -26.8519 19.0567 -6.75269 -12.9513 10.7946 -10.1385 0.183009 -1.93394 -5.12538 8.14724 -10.088 -3.44089 21.4955 -2.29295 -14.7093 29.0373 7.96052 -22.9185 20.3283 10.9617 -25.0985 4.9111 7.40912 -22.4508 -10.3446 -0.866167 -14.0562 -20.9357 -12.8643 -3.94042 -22.2304 -24.2224 0.487277 -12.4791 -25.3639 -3.15682 2.77778 -16.4497 -7.39594 15.1646 -5.52172 -1.60226 25.1312 1.77461 12.4343 26.2991 9.3316 24.2823 19.1679 17.1382 30.7888 7.33479 18.615 26.3917 -7.66368 12.3126 12.6276 -12.2425 5.65687 -1.36804 -8.77913 0.199234 -15.6783 -12.9545 -3.03429 -22.9616 -26.6266 -1.99758 -15.1286 -40.2281 0.0632788 0.236851 0.909012 -0.277276 -0.0149856 -0.261461 -0.384546 -1.7963 -1.97634 -2.21837 -2.21608 -2.19191 -1.23445 -1.17228 -0.104094 3.97206 3.40599 3.53514 4.46605 2.89234 -0.208079 -1.78591 0.676831 -1.16537 -3.1501 -3.34129
6.53616 0.526497 -38.7769 16.0198 2.70283 -26.3419 19.1542 -4.50529 -12.5546 10.755 -8.51188 0.315276 -2.34816 -4.18689 8.0727 -10.635 -3.37238 21.4206 -2.87829 -14.645 28.9956 7.57249 -22.6512 20.3325 10.7218 -24.8144 4.94242 7.30682 -22.2903 -10.3655 -0.923082 -13.954 -21.0378 -12.9658 -3.89014 -22.3224 -24.3477 0.506812 -12.585 -25.5543 -3.08245 2.67988 -16.7128 -7.22757 15.1504 -5.95725 -1.40601 25.2869 1.36406 12.6046 26.6001 9.05233 24.3828 19.4936 16.9965 30.8115 7.7096 18.5634 26.4197 -7.28126 12.2292 12.6752 -11.8752 5.58274 -1.33695 -8.46162 0.421564 -15.5364 -13.3339 -2.21494 -21.8461 -27.605 -1.16408 -13.0502 -40.6035 0.126997 0.299918 0.965145 -0.217098 0.0651486 -0.312802 -0.42516 -1.83978 -2.02008 -2.25372 -2.24109 -2.20852 -1.24273 -1.17633 -0.11933 3.94842 3.394 3.52969 4.46841 2.89638 -0.203437 -1.76742 0.669032 -1.19042 -3.14522 -3.33518
6.3761 1.52605 -39.995 15.8015 2.98115 -27.4113 18.8366 -4.32883 -13.6554 10.7319 -7.86092 -0.461742 -2.14218 -3.71233 7.76164 -10.502 -3.39915 21.0853 -2.95853 -14.7116 28.8145 7.57942 -22.649 20.1937 10.777 -24.7424 4.80391 7.41198 -22.1936 -10.511 -0.808808 -13.8266 -21.1662 -12.9126 -3.83441 -22.4369 -24.3646 0.51687 -12.7613 -25.5742 -3.06037 2.50612 -16.5482 -7.20303 14.8445 -5.79068 -1.41523 24.9982 1.4214 12.6399 26.4345 9.13991 24.2516 19.0909 17.0319 30.364 7.10532 18.3741 26.0764 -7.93746 12.0113 12.4899 -12.9433 5.56577 -1.76683 -10.2284 0.655369 -15.83 -15.7163 -1.888 -21.546 -30.252 -1.10945 -12.0156 -42.7419 0.113718 0.316455 0.994837 -0.176597 0.150471 -0.347813 -0.442486 -1.85445 -2.03355 -2.26431 -2.24748 -2.20804 -1.2373 -1.17118 -0.111765 3.94889 3.40061 3.52734 4.46033 2.88243 -0.208732 -1.78612 0.641642 -1.20635 -3.14054 -3.29989
8.86686 1.3399 -40.1222 17.9575 2.54175 -27.2684 20.4176 -4.84117 -13.4368 11.9046 -8.11207 -0.434283 -1.03735 -3.89507 7.64677 -9.82093 -3.51291 20.6932 -2.57811 -14.9295 28.5556 7.9504 -22.9687 20.0181 11.1461 -25.0187 4.62213 7.72685 -22.246 -10.6418 -0.589339 -13.7339 -21.1064 -12.798 -3.86526 -22.3392 -24.3569 0.461675 -12.7805 -25.4558 -3.06304 2.50745 -15.999 -7.27279 14.4955 -5.0822 -1.59744 24.542 1.87798 12.5545 26.2451 9.50121 24.1724 18.8125 17.3201 30.0398 6.65764 18.3239 25.7288 -8.40484 11.6573 12.2908 -13.416 5.3147 -2.02632 -10.7774 1.02154 -16.2348 -16.4067 -0.380008 -21.8093 -31.1507 1.32062 -12.0555 -43.3739 0.0450986 0.275578 0.958916 -0.217906 0.128045 -0.328793 -0.415341 -1.82546 -2.00274 -2.23795 -2.22478 -2.17929 -1.20704 -1.14617 -0.0691183 3.98526 3.44302 3.56774 4.49658 2.91002 -0.180936 -1.78363 0.590337 -1.30855 -3.27289 -3.34446
10.0391 1.99785 -39.4295 18.2454 4.54121 -26.1822 20.9377 -2.5499 -12.2417 12.2118 -7.17762 0.195232 -1.31374 -3.73777 7.66538 -10.0774 -3.67838 20.7305 -2.55939 -15.0249 28.4346 8.04765 -22.9433 19.8813 11.2963 -24.975 4.49403 8.02554 -22.1722 -10.7969 -0.0332083 -13.6128 -21.4231 -12.1462 -3.65001 -22.8298 -23.7775 0.500049 -13.2806 -25.0364 -3.34998 1.91637 -16.0203 -7.57857 14.2328 -5.57863 -1.70832 24.6651 1.11434 12.5831 26.2717 8.59408 24.2811 18.8188 16.4554 30.3043 6.768 17.6735 25.9878 -8.27708 11.1387 12.4315 -13.1413 5.00931 -1.91828 -10.1947 1.48713 -16.3297 -15.8429 1.34 -21.7883 -30.6958 3.54848 -11.9241 -42.7479 0.110901 0.336264 0.993696 -0.190837 0.125044 -0.328186 -0.424526 -1.83762 -2.01536 -2.25708 -2.2434 -2.18952 -1.19872 -1.11526 -0.0545714 3.98547 3.43417 3.56478 4.50647 2.93532 -0.155911 -1.7813 0.534287 -1.40201 -3.3321 -3.34367
9.84654 2.41023 -39.2625 17.5184 5.55494 -25.8253 20.2698 -1.28378 -11.7707 11.6581 -6.47174 0.523834 -1.9109 -3.4053 8.07727 -10.3721 -3.40598 21.3404 -2.7041 -14.8676 28.7194 7.86273 -22.7801 20.111 11.2997 -24.8707 4.77261 7.92746 -21.9669 -10.4773 -0.787381 -13.4642 -20.6202 -13.3517 -4.01725 -21.5446 -24.9817 0.275474 -12.0569 -26.2056 -2.8356 3.31115 -16.748 -6.98318 15.3202 -5.4485 -1.57526 25.0873 2.03876 12.3023 26.8132 10.0417 23.8301 19.6441 18.096 29.5628 7.57906 18.9246 25.3252 -7.51484 11.6809 12.2173 -12.5991 4.98931 -1.94592 -9.99245 1.20793 -16.2306 -15.7931 1.34252 -21.6097 -30.6751 3.81814 -11.7038 -42.6409 0.120312 0.350998 0.993446 -0.203793 0.0917826 -0.340753 -0.443548 -1.86116 -2.04088 -2.26829 -2.24385 -2.18587 -1.2079 -1.16172 -0.0829691 4.00702 3.48971 3.63267 4.56502 2.95846 -0.143211 -1.76617 0.526066 -1.43242 -3.35296 -3.31739
10.3766 2.42278 -39.0247 17.9437 5.72579 -25.5661 20.6276 -1.08124 -11.4831 11.8897 -6.41721 0.658093 -1.83572 -3.60086 8.02409 -10.529 -3.8801 21.1333 -2.80092 -15.1988 28.6685 7.88609 -22.9374 20.0505 11.276 -24.9161 4.68677 8.06656 -22.0653 -10.6083 -0.204801 -13.5157 -21.0778 -12.5165 -3.78559 -22.3851 -24.3378 0.295327 -13.0415 -25.8219 -3.47012 2.15624 -16.69 -7.74754 14.37 -6.21717 -2.09962 24.8934 0.0836088 12.2676 27.2394 7.61834 24.2734 20.3529 15.915 30.2256 8.5615 17.6028 25.848 -6.42044 11.2156 12.3794 -11.706 4.90472 -2.00852 -9.39748 1.51329 -16.2963 -15.427 1.9211 -21.6175 -30.3248 4.448 -11.7541 -42.315 0.139887 0.372372 1.01455 -0.180479 0.129597 -0.335438 -0.439337 -1.85923 -2.04112 -2.27749 -2.25704 -2.19148 -1.19006 -1.11061 -0.0579399 3.95 3.4086 3.5626 4.52594 2.97415 -0.106971 -1.74913 0.522255 -1.44366 -3.35999 -3.33422
10.4412 2.5184 -39.1032 18.0467 5.78964 -25.6585 20.8975 -1.08128 -11.6395 12.1605 -6.55552 0.440745 -1.73767 -3.83863 7.51422 -10.5662 -4.29752 20.5276 -2.74178 -15.369 28.3261 8.03188 -22.9764 19.6993 11.191 -24.8283 4.27069 8.20552 -22.1158 -11.0947 0.912915 -13.6052 -22.2979 -10.8436 -3.3185 -24.2796 -22.5728 0.478793 -14.7035 -23.9073 -4.1371 0.27207 -15.6689 -8.35331 13.1258 -6.75279 -2.31307 24.8022 -1.03813 12.2595 27.3721 6.658 24.1885 20.5308 15.3246 30.1617 9.01947 17.5079 25.9013 -5.9322 11.308 12.4229 -11.4124 5.04806 -2.00578 -9.22306 1.90341 -16.2622 -15.4572 2.3162 -21.5562 -30.3645 4.62032 -11.7003 -42.4055 0.180415 0.410249 1.05392 -0.12947 0.186289 -0.331498 -0.432712 -1.84835 -2.02882 -2.28609 -2.27145 -2.20489 -1.18543 -1.05996 -0.0711224 3.86675 3.32967 3.50243 4.49494 2.96496 -0.112021 -1.75743 0.511181 -1.43984 -3.34171 -3.3524
10.4175 2.57418 -39.132 18.0483 5.81621 -25.6946 20.9488 -1.0524 -11.6846 12.2204 -6.57208 0.381037 -1.73869 -4.08603 7.41946 -10.5923 -4.86432 20.4006 -2.67269 -15.7133 28.4128 8.21512 -23.2317 19.8515 11.3628 -25.2733 4.4445 8.62991 -22.9072 -11.0248 2.15546 -13.9248 -22.3615 -8.34464 -2.2882 -23.8761 -19.6098 2.1194 -14.0087 -21.7789 -3.38865 0.562208 -14.5029 -8.51703 13.6628 -6.44517 -2.29357 25.8553 -1.10543 12.4954 27.9511 6.43939 24.2347 20.63 15.1269 30.2333 9.14767 17.4536 26.0675 -5.80903 11.3377 12.564 -11.3215 5.15811 -1.90325 -9.15856 2.14519 -16.1584 -15.4603 2.47532 -21.4887 -30.3568 4.62581 -11.6542 -42.4437 0.234072 0.467397 1.11596 -0.0589542 0.271916 -0.319651 -0.412364 -1.82199 -1.99288 -2.24679 -2.27716 -2.27195 -1.25368 -1.09377 -0.097672 3.83275 3.27809 3.44682 4.45269 2.93553 -0.134862 -1.77911 0.496068 -1.43969 -3.33076 -3.39224
10.4696 2.51183 -39.1853 18.0611 5.75379 -25.7256 20.9422 -1.10122 -11.705 12.2385 -6.61087 0.383111 -1.70359 -4.40821 7.54856 -10.53 -5.87517 20.4887 -2.64411 -16.4541 28.8855 8.33766 -23.6411 20.1614 11.5184 -25.548 4.74394 8.86573 -23.3643 -10.7661 1.98679 -14.5597 -22.0035 -9.14973 -3.4623 -22.8878 -20.2571 -0.0549058 -12.4614 -21.5311 -5.86378 2.0984 -13.4163 -9.83775 15.1067 -5.74502 -2.53413 26.944 -0.931584 12.5125 28.3728 6.52817 23.9072 20.4455 15.3553 29.5938 8.91108 17.6405 25.4256 -6.0513 11.2932 12.0363 -11.5806 4.89022 -2.3181 -9.31785 1.82859 -16.5348 -15.6826 2.37668 -21.6687 -30.6415 4.69233 -11.701 -42.5879 0.261423 0.500367 1.15402 -0.0161126 0.345135 -0.40637 -0.47521 -1.88648 -2.06006 -2.29124 -2.28804 -2.26299 -1.22879 -1.03148 -0.017552 3.8648 3.27797 3.43658 4.44956 2.92776 -0.148699 -1.7819 0.48765 -1.45899 -3.35135 -3.43281
10.4185 2.60675 -39.0127 18.1003 5.90847 -25.6189 21.0079 -0.95075 -11.6058 12.2966 -6.51771 0.450662 -1.67597 -4.38902 7.57886 -10.5828 -5.95524 20.4521 -2.90816 -16.6137 28.9435 8.14213 -23.7347 20.2518 11.4931 -25.4859 4.85194 9.10897 -23.1986 -10.6867 2.23282 -14.4082 -21.937 -9.27634 -3.69592 -22.7991 -20.5784 -0.797687 -12.4281 -21.7842 -6.78394 2.06548 -13.5338 -10.5071 15.0627 -5.83008 -2.86933 26.6658 -1.61831 12.3473 28.1914 5.02031 24.6186 20.865 13.4541 31.6002 9.7553 16.5241 27.5952 -5.11086 11.4677 13.6727 -10.6546 5.70315 -1.01295 -8.84618 2.40636 -15.2843 -14.9667 2.30171 -21.0768 -29.6929 4.4719 -11.6147 -42.07 0.277077 0.509401 1.16116 -0.0101877 0.355445 -0.428783 -0.490572 -1.90719 -2.0932 -2.33249 -2.31818 -2.27165 -1.21896 -1.01063 0.0135569 3.85825 3.2267 3.38631 4.40279 2.93071 -0.110123 -1.76226 0.527252 -1.39892 -3.29551 -3.41222
10.1568 2.41542 -39.1944 17.6297 5.72865 -25.6857 20.6251 -1.10123 -11.6768 12.033 -6.77822 0.413713 -1.93046 -4.53955 7.52615 -10.6698 -5.53854 20.5695 -2.37611 -16.0302 28.6785 8.57339 -23.4553 20.1144 11.7439 -25.6375 4.73137 9.04285 -23.4949 -10.7761 2.07563 -14.8114 -22.0533 -9.32956 -4.00035 -23.0534 -20.5311 -0.858875 -12.6441 -21.5105 -6.43781 2.02801 -13.2768 -9.64124 15.1737 -6.51879 -1.14521 26.7696 -3.41913 14.3536 28.1104 3.29552 26.4228 20.5222 12.1933 31.8666 8.92509 15.3813 26.837 -5.60111 10.5785 12.8153 -11.1205 4.95638 -1.93705 -9.40952 2.06402 -16.2333 -15.6746 2.42381 -21.7005 -30.5207 4.5591 -11.8659 -42.6101 0.254706 0.490781 1.13506 -0.0403808 0.29161 -0.350927 -0.461134 -1.87388 -2.04211 -2.27352 -2.25895 -2.21626 -1.1742 -0.970284 0.0521703 3.81537 3.15827 3.31904 4.36178 2.92957 -0.10482 -1.77417 0.494678 -1.43901 -3.32338 -3.38823
9.04203 2.06263 -39.1709 16.2147 5.67012 -25.5752 19.6852 -1.05603 -11.6258 11.4874 -7.33816 0.439182 -2.55818 -5.28163 7.44381 -10.8814 -5.83966 20.7822 -2.20835 -15.9695 28.9543 8.75639 -23.5119 20.5131 12.1509 -26.0196 5.22775 9.8888 -24.2641 -10.3981 3.24072 -15.8519 -22.0668 -8.15065 -5.05047 -23.3002 -19.3605 -1.96193 -12.8842 -20.5575 -7.44224 1.80906 -13.0653 -10.2013 15.4882 -7.14418 -0.992026 26.9968 -4.69778 14.6512 27.9594 1.6492 27.1087 20.689 10.6709 32.9327 9.37585 14.5636 27.639 -4.88233 10.5568 13.3722 -10.409 5.39328 -1.60538 -9.32282 2.56758 -15.9383 -15.5346 2.4441 -21.9747 -30.1624 4.0147 -12.4334 -42.5693 0.324015 0.556041 1.18527 0.0119968 0.301213 -0.354 -0.481452 -1.89216 -2.06308 -2.2936 -2.26509 -2.21239 -1.16142 -0.952187 0.0484905 3.757 3.06153 3.23416 4.29999 2.91387 -0.0899736 -1.78689 0.49255 -1.39621 -3.23767 -3.33294
8.79991 1.97791 -39.3422 15.8008 5.66256 -25.6778 19.3656 -0.998819 -11.7212 11.1892 -7.44447 0.271793 -2.95677 -5.68633 7.15468 -10.9948 -6.64462 20.6443 -2.33564 -16.1812 29.5144 8.90007 -23.4553 21.1953 12.694 -26.1326 6.03315 11.0826 -25.1118 -9.73795 4.68058 -17.2747 -21.9327 -6.78779 -6.58746 -23.4205 -17.9525 -3.40399 -12.9845 -19.3605 -8.46915 1.8383 -12.5992 -10.4807 16.0192 -7.1386 -1.25751 27.7422 -3.96013 14.273 28.3015 2.86881 26.0819 20.4118 11.9204 31.805 9.07108 15.4701 26.9452 -5.42899 10.8623 12.914 -11.0886 5.32873 -1.90519 -9.69564 2.47458 -16.2424 -15.8843 2.48692 -22.207 -30.5421 4.01382 -12.5669 -42.8778 0.415406 0.658317 1.29378 0.133305 0.426042 -0.446376 -0.558022 -1.9703 -2.14915 -2.35651 -2.28829 -2.21331 -1.15259 -0.939318 0.00811406 3.74217 3.07283 3.2406 4.30351 2.88984 -0.130496 -1.81118 0.470633 -1.40882 -3.2302 -3.39067
9.65588 2.32444 -39.3674 16.8958 5.91359 -25.8025 20.0012 -0.787871 -11.7556 11.1926 -6.74637 0.0400397 -3.20916 -4.67594 6.27501 -12.0065 -5.54447 19.2885 -4.05513 -14.9941 28.8847 7.8965 -22.186 21.5498 13.0958 -25.0744 6.85033 12.5895 -24.6831 -9.02281 6.136 -17.5824 -21.6343 -5.7792 -7.45072 -23.4596 -17.1823 -4.25509 -13.2884 -18.9184 -8.85289 1.65146 -12.454 -10.3579 16.0322 -7.41899 -0.851127 27.7191 -4.59888 14.7488 28.2686 2.10523 26.6976 20.4832 11.2488 32.4052 9.20869 15.0822 27.3001 -5.134 10.74 13.1219 -10.6351 5.27549 -1.72242 -9.23698 2.43144 -15.9948 -15.5783 2.56263 -21.7241 -30.329 4.38568 -12.1126 -42.6469 0.410869 0.656879 1.30944 0.161705 0.471149 -0.438279 -0.567142 -2.01081 -2.22637 -2.4168 -2.29825 -2.18639 -1.11262 -0.905784 0.022195 3.72597 3.04608 3.22013 4.29622 2.90402 -0.106505 -1.7806 0.49541 -1.40928 -3.26125 -3.45297
8.87582 2.02047 -39.4544 15.7325 5.78352 -25.7383 18.9711 -0.776082 -11.6545 10.3745 -6.94737 0.187897 -4.0582 -4.80316 6.32575 -13.256 -5.95376 19.0369 -5.83135 -16.4699 27.919 6.3536 -23.3321 20.6524 13.483 -25.0015 6.58694 14.5262 -23.5713 -9.20012 7.19371 -16.6214 -21.4087 -5.57461 -7.50409 -22.751 -17.3861 -4.25178 -13.0758 -20.1034 -8.33533 1.8673 -13.813 -10.2345 16.2785 -7.95467 -1.11642 27.8913 -4.13615 14.27 28.4318 2.78209 26.1311 20.6999 11.6721 31.9926 9.30219 15.1825 27.1745 -5.22135 10.7689 13.0987 -10.9249 5.43193 -1.80077 -9.62419 2.65593 -16.1442 -15.834 2.64587 -22.1274 -30.4842 4.12782 -12.5622 -42.8836 0.34333 0.595454 1.23635 0.0866663 0.421137 -0.350964 -0.471792 -1.94921 -2.25173 -2.46673 -2.31446 -2.17958 -1.09636 -0.922484 0.00904115 3.76998 3.11159 3.2748 4.32639 2.90939 -0.111852 -1.80243 0.474652 -1.4089 -3.23229 -3.31925
9.43887 2.22565 -39.3882 16.5766 5.79553 -25.7642 19.8962 -0.890072 -11.7587 11.4636 -6.9143 0.275853 -2.75892 -4.88203 6.92143 -11.9267 -6.73871 19.5707 -5.02668 -17.8679 28.1228 6.68256 -25.2559 20.5944 13.095 -27.1574 6.21682 13.8446 -25.5803 -9.5729 7.30392 -17.8951 -21.7907 -4.93461 -8.0725 -23.0908 -16.5408 -4.90173 -13.144 -18.916 -9.06863 1.83435 -12.6964 -10.4629 16.3337 -7.56714 -0.962344 27.9846 -4.40848 14.5763 28.4178 2.36842 26.4545 20.5876 11.4058 32.2169 9.25537 15.1376 27.2364 -5.15777 10.8318 13.091 -10.7709 5.48443 -1.80487 -9.47162 2.70423 -16.1012 -15.7872 2.76159 -21.9087 -30.5078 4.40044 -12.2584 -42.8212 0.340193 0.583078 1.22505 0.068212 0.441408 -0.367534 -0.442161 -1.88813 -2.1647 -2.40456 -2.29691 -2.18192 -1.0985 -0.907214 0.0115875 3.72938 3.05486 3.22431 4.29308 2.89491 -0.117596 -1.80033 0.476962 -1.41685 -3.25664 -3.36476
9.40525 2.19018 -39.7769 16.193 5.80419 -25.9867 19.2938 -0.749326 -11.8691 10.8686 -6.61513 0.248731 -3.36737 -4.82318 6.93444 -13.1561 -7.39399 18.9791 -7.34631 -19.1581 27.4916 4.67841 -26.8386 20.7999 11.8171 -28.5844 6.7485 12.9211 -26.317 -8.936 6.883 -17.7726 -20.8377 -5.05488 -7.58125 -22.0942 -16.9647 -4.45676 -12.4977 -19.8065 -8.84561 2.33522 -13.5946 -10.4439 16.8168 -8.16856 -0.953625 28.341 -4.36823 14.445 28.5753 2.56657 26.2411 20.7591 11.4711 32.1066 9.37476 15.1642 27.265 -5.09555 11.0884 13.1209 -10.881 6.06479 -1.90709 -9.83609 3.49865 -16.2056 -16.2367 3.48963 -22.0539 -30.9413 4.78404 -12.4106 -43.3011 0.332932 0.593924 1.2367 0.0806382 0.510323 -0.316159 -0.385671 -1.84839 -2.14326 -2.42512 -2.36386 -2.25471 -1.15271 -0.954686 -0.0205208 3.72773 3.06485 3.23111 4.29351 2.89588 -0.114028 -1.81245 0.463078 -1.4131 -3.22603 -3.2995
9.80054 2.26246 -40.5574 16.4452 5.93056 -26.7118 19.3758 -0.687199 -12.5878 10.8454 -6.55348 -0.544068 -3.37115 -5.13293 6.27114 -12.9143 -8.72446 18.2516 -6.15876 -20.3042 26.3066 6.44996 -26.9014 19.5345 13.6957 -28.1161 5.48205 14.3184 -25.822 -10.225 7.43278 -17.561 -21.8638 -4.90259 -7.80845 -22.6902 -16.6655 -4.77183 -12.8867 -19.3589 -8.91662 2.04385 -13.1434 -10.2932 16.5467 -8.12471 -0.809535 28.2593 -4.4601 14.6203 28.5852 2.46072 26.4305 20.778 11.3915 32.2278 9.37932 15.24 27.3139 -5.02602 11.5425 13.1161 -10.9328 6.9427 -2.06851 -10.2697 4.67135 -16.3192 -16.8848 4.63349 -22.0929 -31.6188 5.54401 -12.4627 -44.0229 0.3407 0.605707 1.25009 0.089328 0.546866 -0.270791 -0.384554 -1.88447 -2.1883 -2.43981 -2.34957 -2.23409 -1.13608 -0.942537 -0.0265239 3.70474 3.04139 3.20756 4.27494 2.8926 -0.107189 -1.82306 0.447209 -1.41349 -3.20065 -3.26636
10.2227 2.11318 -41.152 16.1446 5.55598 -26.9258 18.9871 -1.0358 -12.7717 10.6922 -6.72451 -0.480736 -3.39952 -4.98032 6.51599 -12.8205 -7.70748 18.8168 -6.23274 -19.1373 27.2174 5.93718 -26.306 20.227 12.8847 -27.8476 6.05641 13.8613 -25.5834 -9.63702 7.53231 -17.2343 -21.5262 -4.86077 -7.58544 -22.6518 -16.7396 -4.74028 -12.9308 -19.4251 -8.82136 2.01864 -13.2664 -9.96709 16.5657 -8.25381 -0.343745 28.1665 -4.8015 15.1278 28.7391 2.05992 27.0824 21.101 10.9568 32.5634 9.52083 14.9923 27.3069 -4.71141 12.2536 13.0246 -10.9291 8.73646 -2.45657 -11.2946 7.02622 -16.6699 -18.1546 6.86461 -22.5014 -32.865 7.01758 -12.7314 -45.1921 0.331363 0.628994 1.27344 0.116202 0.540531 -0.296062 -0.393274 -1.86766 -2.16444 -2.43834 -2.3524 -2.2269 -1.12512 -0.934665 -0.0258575 3.67961 3.01139 3.17239 4.23993 2.89216 -0.0846419 -1.85023 0.412778 -1.40842 -3.13079 -3.12036
9.78622 2.12571 -40.8767 15.9168 5.60891 -26.7491 18.8928 -1.10953 -12.6823 10.5065 -7.0148 -0.556695 -3.73827 -5.12191 6.08212 -13.2676 -7.59795 18.3523 -6.4387 -18.9337 26.6881 5.85029 -26.1452 19.9543 12.9485 -27.792 5.87049 13.9412 -25.6191 -9.83484 7.525 -17.4255 -21.7854 -4.96588 -7.90305 -22.9061 -16.7257 -5.04691 -13.0446 -19.2165 -8.59501 2.0738 -13.3601 -9.16288 16.7792 -9.18881 1.18561 28.0853 -6.28561 16.7354 29.2662 0.599987 29.0323 22.2157 9.48254 33.7924 10.3103 13.2956 27.839 -3.70727 11.0273 13.5059 -9.99713 8.01173 -2.06481 -10.7915 6.47675 -16.3006 -17.6466 6.26279 -22.3344 -32.2746 6.41609 -12.7314 -44.7321 0.342369 0.625412 1.26652 0.111443 0.522888 -0.273458 -0.388025 -1.86648 -2.16188 -2.42721 -2.32616 -2.19293 -1.09371 -0.908799 -0.00276497 3.62091 2.96413 3.14045 4.20887 2.89281 -0.0692968 -1.85322 0.408923 -1.40708 -3.13372 -3.15032
8.21486 1.89397 -40.9479 14.029 5.04501 -26.6102 17.347 -2.34458 -12.9627 8.93735 -9.16944 -1.34686 -5.47808 -7.1174 4.86228 -14.2594 -8.31459 17.8603 -6.7632 -18.6659 26.8756 5.60521 -25.782 20.186 12.6137 -27.5374 6.07032 13.7252 -25.4697 -9.64128 7.45843 -17.3115 -21.6948 -5.01775 -7.7747 -22.8566 -16.7792 -4.97483 -12.9809 -19.4944 -8.60911 2.07829 -14.1251 -9.25916 16.965 -9.57212 1.0315 28.1764 -6.17027 16.4924 29.1806 0.824361 28.6684 22.0284 9.69662 33.4997 10.144 13.4956 27.6831 -3.93473 11.1604 13.4213 -10.3605 8.12038 -2.13562 -11.3164 6.64045 -16.3798 -18.1661 6.32577 -22.5999 -32.7141 5.77642 -13.0389 -45.1928 0.465644 0.746496 1.37595 0.214375 0.530928 -0.322641 -0.462461 -1.93606 -2.22239 -2.48314 -2.37469 -2.23547 -1.1292 -0.942675 -0.0412521 3.61124 2.96181 3.13522 4.20096 2.87917 -0.0835653 -1.87428 0.390468 -1.3771 -3.02733 -3.11743
8.3484 2.68956 -39.7737 12.982 7.08803 -25.3345 16.2335 0.513447 -11.2607 8.13869 -8.16335 -0.705471 -6.74111 -7.68556 4.67312 -14.9926 -8.83709 18.0177 -6.81687 -18.6426 27.0525 5.59899 -25.6213 20.3064 12.5422 -27.4993 6.17424 13.6273 -25.5167 -9.55017 7.3666 -17.387 -21.6262 -5.06649 -7.79228 -22.7726 -16.7747 -4.95064 -12.8456 -19.5486 -8.60648 2.19768 -14.4012 -9.30065 17.1607 -9.7124 1.07922 28.2329 -6.16693 16.5081 29.2328 0.848396 28.7773 22.2625 9.81898 33.7768 10.5224 13.8313 27.9663 -3.49957 11.5839 13.6428 -9.8187 8.35183 -1.8875 -10.5512 6.52159 -16.1866 -17.1988 6.3356 -22.2345 -31.8214 6.38542 -12.3112 -44.0261 0.560696 0.866866 1.45695 0.271964 0.52536 -0.36448 -0.524855 -1.99525 -2.27148 -2.52323 -2.40907 -2.26776 -1.15883 -0.969447 -0.0608611 3.59703 2.95201 3.13569 4.21093 2.89551 -0.0682484 -1.84668 0.420621 -1.38328 -3.05016 -3.15068
8.26272 2.76061 -39.3577 12.6622 7.46143 -24.9406 15.971 1.11997 -10.7736 7.95562 -7.94764 -0.489779 -7.01898 -7.79783 4.63895 -15.2101 -9.00779 18.0155 -6.9415 -18.716 27.0708 5.52708 -25.6502 20.3761 12.5212 -27.5681 6.2745 13.5207 -25.7405 -9.47433 7.1197 -17.8035 -21.6049 -5.22526 -8.10695 -22.8434 -16.9142 -5.07314 -12.9507 -19.6653 -8.65837 2.11372 -14.4602 -9.35874 17.0564 -9.74851 0.99885 28.1398 -6.32133 16.4668 28.9246 0.482576 28.4669 21.3063 8.98407 32.7996 8.96739 12.2373 26.3858 -4.98803 9.77283 11.7923 -10.5649 7.20953 -3.87933 -10.5733 6.35322 -18.0931 -17.5903 6.78041 -22.9689 -32.6392 6.71974 -12.1542 -44.0616 0.577664 0.887411 1.46948 0.28001 0.525698 -0.370741 -0.533654 -2.0037 -2.27595 -2.51312 -2.3905 -2.24829 -1.13989 -0.947949 -0.0323786 3.63755 2.98756 3.14161 4.19304 2.87186 -0.090779 -1.86838 0.386082 -1.43944 -3.10319 -3.18007
7.95801 4.49402 -39.376 11.919 8.75959 -24.6988 15.6247 1.88491 -10.8831 7.93809 -7.55533 -0.68395 -6.94329 -7.53022 4.71125 -14.9303 -8.75156 18.2096 -6.52386 -18.4383 27.1603 5.88025 -25.359 20.3333 12.8327 -27.207 6.20176 13.9526 -25.1177 -9.50637 7.64786 -16.8674 -21.4772 -4.75971 -7.22776 -22.5188 -16.5045 -4.4635 -12.6132 -19.4374 -8.36556 2.33777 -14.4245 -9.28383 17.3343 -9.74163 0.99105 28.5065 -6.28374 16.4599 29.1199 0.485602 28.2795 21.1948 8.842 32.3842 8.68009 11.9649 25.9001 -5.27261 9.668 11.2756 -10.8397 7.72268 -4.48336 -11.0384 7.94783 -18.3085 -18.8369 9.12302 -21.7915 -34.2289 8.03347 -10.2375 -44.8474 0.606417 0.919989 1.48761 0.288216 0.53389 -0.36764 -0.529793 -1.99669 -2.26971 -2.51918 -2.40552 -2.26027 -1.13956 -0.940357 -0.0279135 3.65159 2.998 3.139 4.18494 2.86717 -0.090739 -1.88702 0.326344 -1.49004 -3.07872 -3.10944
8.10219 4.79172 -39.4999 11.9106 9.09422 -24.7931 15.3634 2.19857 -10.9225 7.47274 -7.08208 -0.732675 -7.44464 -7.09007 4.56225 -15.8683 -9.1495 17.6882 -8.14434 -19.4361 26.5845 4.54566 -26.3201 20.2646 12.246 -27.9283 6.49615 14.088 -25.6331 -9.11485 8.03403 -17.6728 -21.4071 -5.10846 -9.21827 -23.3441 -17.422 -6.76317 -14.0679 -20.2094 -9.49423 1.16798 -14.7604 -9.44322 16.0399 -10.0282 0.869372 27.1565 -6.69121 16.3294 28.3695 0.200118 28.4149 20.968 8.81121 32.575 8.64571 12.0995 26.0015 -5.22694 9.84588 11.3486 -10.7368 7.89407 -4.40982 -10.9125 8.06626 -18.2044 -18.7662 9.35039 -21.516 -34.1874 8.28833 -9.98805 -44.8369 0.579028 0.8982 1.46941 0.267128 0.556755 -0.353547 -0.514161 -2.00482 -2.31154 -2.58676 -2.43181 -2.22057 -1.08694 -0.915669 -0.0248661 3.62876 2.98924 3.14917 4.20159 2.88617 -0.0733139 -1.86796 0.338152 -1.49127 -3.08038 -3.0804
8.18247 5.1693 -39.8465 11.7237 9.43098 -25.0613 14.5275 2.73057 -10.9507 6.39101 -5.22631 0.126848 -8.00732 -4.67491 6.68051 -16.0206 -8.44132 19.6841 -8.27699 -19.705 27.2856 4.26655 -26.2509 20.3447 11.9568 -27.557 6.53877 13.8498 -25.2445 -9.06356 7.9426 -17.0505 -21.2734 -4.8154 -7.9552 -22.8429 -16.9021 -5.38399 -13.3036 -19.9223 -8.72208 1.76613 -14.9646 -9.06344 16.8051 -10.3204 1.02103 28.1654 -6.98994 16.5031 29.0788 -0.154903 28.3869 21.3077 8.40011 32.4571 8.91653 11.7877 25.9665 -4.97129 9.72823 11.3311 -10.6019 7.8994 -4.44001 -10.9137 8.22757 -18.091 -19.0096 9.58733 -21.1732 -34.4717 8.47474 -9.63633 -45.1065 0.475804 0.818295 1.41769 0.216264 0.588081 -0.285579 -0.422053 -1.91753 -2.23795 -2.52319 -2.39968 -2.22427 -1.09666 -0.912977 -0.0378173 3.63342 2.98407 3.13193 4.18673 2.87678 -0.0814038 -1.8779 0.317588 -1.52064 -3.109 -3.00081
8.37774 5.13063 -40.1047 11.7018 9.44316 -25.2839 13.6856 3.07021 -10.8854 5.36856 -3.50344 0.94014 -8.38001 -2.36515 8.70222 -16.1101 -7.47069 21.4172 -8.5784 -19.6686 27.6707 3.77599 -26.1878 20.3744 11.6578 -27.4115 6.66937 13.7359 -25.1782 -8.92092 7.86139 -17.2412 -21.3149 -5.0746 -8.4493 -23.1361 -17.1939 -5.92521 -13.6255 -20.1065 -8.96638 1.52799 -15.3535 -9.15058 16.6357 -11.5066 0.945003 28.2805 -8.7502 16.5258 29.4029 -1.85506 28.4597 21.7627 6.9921 32.4182 9.54163 10.8999 25.934 -4.2119 9.3975 11.323 -10.0774 7.76151 -4.46058 -10.6857 8.03331 -18.0564 -18.876 9.32309 -21.1768 -34.3365 8.40608 -9.76222 -45.1208 0.364024 0.730292 1.35292 0.142358 0.58309 -0.244976 -0.353911 -1.85294 -2.19049 -2.48353 -2.34849 -2.16374 -1.04257 -0.871539 -0.0284671 3.59704 2.93947 3.0975 4.17294 2.88668 -0.0678109 -1.87004 0.321492 -1.53123 -3.13807 -2.93034
8.27487 5.09989 -39.9357 11.748 9.39012 -25.1427 14.2089 2.81699 -10.9087 5.92875 -4.53553 0.475751 -8.30182 -3.58687 7.34291 -16.4527 -7.80096 20.1216 -8.6456 -19.3715 27.1781 3.86661 -25.9924 20.2516 11.7675 -27.4544 6.5809 13.8444 -25.2404 -9.01232 7.95597 -17.2127 -21.3412 -5.00806 -8.41814 -22.936 -16.9892 -5.9101 -13.2477 -19.9551 -8.921 1.90152 -15.767 -9.23618 17.1734 -13.2522 1.03249 29.0288 -11.1343 16.7126 30.1545 -4.19622 28.5982 22.4781 4.90479 32.3252 10.3711 9.47137 25.8588 -3.18656 8.91278 11.3363 -9.42592 7.75424 -4.46114 -10.5517 8.12541 -18.0062 -18.8218 9.42269 -21.1823 -34.2703 8.41238 -9.76221 -45.0404 0.416674 0.768063 1.37918 0.179853 0.585712 -0.242153 -0.372585 -1.86892 -2.19326 -2.47782 -2.33685 -2.15116 -1.02704 -0.855473 -0.0366987 3.5315 2.86452 3.03271 4.13839 2.89423 -0.0485401 -1.86452 0.323729 -1.52076 -3.11878 -2.9602
8.18698 4.92519 -39.6008 11.784 9.43203 -24.902 14.231 2.9499 -10.6241 5.7918 -4.32772 0.691519 -8.56426 -3.2451 7.2717 -16.9366 -7.5756 19.867 -8.97318 -19.0638 26.8832 3.6172 -25.6609 20.0765 11.7082 -27.2685 6.53393 14.0401 -25.0433 -9.02163 8.2666 -17.0062 -21.3985 -4.8794 -8.48406 -22.9829 -16.8206 -6.08987 -13.2168 -19.7157 -8.78464 2.00549 -15.8062 -8.44004 17.3504 -14.4641 2.47171 28.8157 -13.1579 18.2439 29.8897 -6.41226 30.3436 22.3781 2.67577 33.5323 10.1088 7.61998 26.3648 -2.95487 8.41808 11.7542 -8.95832 8.21094 -4.07414 -10.2199 8.51426 -17.7956 -18.197 9.46803 -21.288 -33.6022 8.26733 -10.0068 -44.4985 0.403076 0.746876 1.36116 0.167788 0.584908 -0.214214 -0.349458 -1.84856 -2.17473 -2.46412 -2.31234 -2.11565 -0.99098 -0.818541 -0.0127592 3.47699 2.78535 2.95552 4.07566 2.88566 -0.0409079 -1.87083 0.338233 -1.48687 -3.08126 -2.91533
8.05259 4.31982 -39.0334 11.9245 9.27622 -24.5509 14.4837 3.0193 -10.1923 5.91083 -4.34814 0.963525 -8.53807 -3.26275 7.33678 -16.9621 -7.56734 19.9064 -8.95982 -19.0661 26.8608 3.64165 -25.6184 20.0315 11.8156 -27.1295 6.52759 14.2598 -24.8106 -8.99703 8.34885 -16.9055 -21.3941 -4.92334 -8.57821 -22.963 -16.9175 -6.22463 -13.2521 -19.9001 -8.95836 1.94635 -16.047 -8.78116 17.3084 -14.5245 1.93797 28.9318 -12.7906 17.6543 30.2004 -5.50052 29.4716 22.7481 3.85575 32.0206 10.5309 8.8727 24.4859 -2.29635 9.95448 9.87084 -8.24408 9.92575 -5.95272 -9.58032 9.68462 -19.5154 -17.8264 10.0194 -22.2487 -33.4098 8.18339 -10.6352 -43.8594 0.426995 0.749849 1.36024 0.162554 0.573021 -0.217968 -0.357061 -1.8606 -2.19525 -2.48871 -2.33111 -2.13413 -1.01294 -0.848636 -0.0546323 3.44459 2.77549 2.95359 4.0766 2.89326 -0.0362761 -1.84682 0.396136 -1.41957 -3.00862 -2.86786
8.12257 4.33109 -39.0799 11.993 9.16918 -24.557 14.5533 2.91484 -10.1975 6.07465 -4.41823 1.05264 -8.30402 -3.45501 7.60191 -16.6846 -7.8336 20.175 -8.7741 -19.4089 27.1075 3.78297 -25.9536 20.1897 11.8849 -27.4691 6.64301 14.4637 -25.2978 -8.88117 9.00195 -17.1775 -21.345 -3.81915 -8.14254 -22.7396 -15.5219 -5.37868 -12.7843 -18.737 -8.27329 2.3368 -15.8763 -8.95644 17.9002 -15.3207 0.755437 30.4578 -13.7957 16.464 32.0497 -6.42684 27.9371 24.1506 3.01492 30.4807 11.9982 8.49891 23.5819 -0.994622 10.0265 9.26982 -7.5502 10.2184 -6.50144 -9.39457 10.1037 -19.7928 -18.0738 10.3499 -22.2567 -33.7038 8.31748 -10.5781 -44.0437 0.439913 0.767968 1.38007 0.184334 0.601834 -0.189787 -0.316955 -1.81275 -2.14201 -2.43716 -2.29936 -2.12917 -1.01561 -0.854761 -0.118964 3.38165 2.72942 2.90284 4.04531 2.87561 -0.0519818 -1.86395 0.374913 -1.43529 -3.01611 -2.88414
8.42321 4.41094 -38.9538 12.2344 8.94879 -24.3187 14.7132 2.8081 -9.89601 6.24543 -4.17377 1.58343 -8.18403 -3.32738 8.03652 -16.5787 -8.07939 20.4638 -8.72419 -19.721 27.3485 3.81057 -26.2648 20.3896 11.8649 -27.8345 6.82071 14.6737 -25.7593 -8.67666 10.0101 -17.3965 -21.3032 -2.2167 -7.64039 -23.1136 -14.0195 -4.57671 -13.3664 -17.5142 -7.75568 1.63504 -14.8556 -8.47638 17.2325 -14.7005 1.38159 29.6871 -13.9344 17.1114 31.5858 -7.31293 29.2169 23.9739 1.50747 31.8895 11.39 6.46143 24.5814 -1.59196 8.49654 10.2278 -7.91499 9.77369 -5.49578 -9.73446 10.4897 -18.9349 -18.1535 10.7027 -21.9605 -33.685 8.60848 -10.415 -44.1612 0.416874 0.762693 1.38412 0.205405 0.638804 -0.156071 -0.274519 -1.765 -2.09093 -2.40249 -2.29358 -2.13166 -1.00858 -0.831416 -0.0893904 3.37979 2.70975 2.87259 3.99435 2.84282 -0.0720216 -1.91806 0.321937 -1.46177 -3.03364 -2.87565
9.69301 4.24336 -38.5237 13.0913 8.05527 -23.5829 15.2028 2.28823 -8.94902 6.88262 -3.71136 3.17567 -7.64091 -3.21518 9.45185 -16.6332 -8.67254 21.15 -8.9142 -20.4539 27.9499 3.69615 -26.8667 21.0056 11.6703 -28.2113 7.36542 14.4423 -25.751 -8.08216 9.6285 -17.2632 -20.5682 -3.0389 -8.08428 -22.3676 -14.9176 -5.34916 -12.6149 -18.0019 -8.3624 2.51027 -14.7238 -8.88918 17.9973 -14.5995 1.19647 30.2686 -14.2896 16.9367 32.2095 -8.29983 29.313 24.5102 -0.0683128 32.1063 11.5589 4.6841 24.7838 -1.4902 7.16693 10.6191 -8.07397 8.9088 -5.00165 -10.3392 9.93416 -18.5839 -18.4927 11.0379 -21.9909 -33.907 9.75044 -10.335 -44.3911 0.284267 0.680367 1.31854 0.178688 0.663231 -0.110867 -0.231103 -1.73018 -2.06212 -2.38609 -2.26585 -2.08215 -0.954954 -0.778937 -0.0154272 3.43509 2.74144 2.87774 3.98371 2.8468 -0.0588732 -1.92979 0.270325 -1.54093 -3.13293 -2.834
11.5224 3.83088 -38.5467 14.0047 7.02533 -23.2843 15.5471 1.5862 -8.45507 7.28512 -3.52503 4.10863 -7.23234 -3.16277 10.4081 -16.5012 -9.08332 21.6565 -8.90852 -20.9976 28.3663 3.70249 -27.3628 21.3796 11.6052 -28.6032 7.68806 14.5845 -26.0345 -7.70319 10.3363 -17.351 -20.2597 -2.09783 -7.88167 -22.178 -14.0049 -5.04107 -12.4902 -17.2267 -8.3144 2.55195 -14.2311 -9.19262 18.0801 -14.4489 0.944626 30.3075 -13.8722 16.7223 31.841 -7.26797 28.7471 24.0874 1.46224 31.4464 11.4464 6.28337 24.3294 -1.69089 8.06247 10.1805 -8.53139 9.17455 -5.46231 -11.0292 10.4412 -18.948 -19.308 12.7705 -22.2766 -34.6026 12.1125 -10.4876 -44.9958 0.183762 0.639837 1.29362 0.181006 0.700651 -0.0621387 -0.177085 -1.67763 -2.01424 -2.36109 -2.26092 -2.08702 -0.960149 -0.783281 -0.0235593 3.42731 2.74324 2.90367 4.02523 2.87266 -0.0349838 -1.91159 0.223843 -1.62815 -3.21301 -2.7683
12.1426 3.84975 -40.0345 13.7251 7.11021 -24.6666 14.8962 1.4413 -9.88953 6.58753 -3.93206 2.53319 -7.65919 -3.22347 9.39607 -16.3484 -8.68674 21.3184 -8.61126 -20.5213 28.0042 3.88053 -26.8997 20.8182 11.7427 -28.1784 7.10684 14.7826 -25.7965 -8.30257 10.6699 -17.0984 -20.894 -1.57855 -7.35262 -22.6112 -13.2739 -4.41337 -12.6976 -16.6414 -7.6768 2.31479 -14.2194 -8.63017 17.9383 -14.7518 1.10781 30.4766 -14.2713 16.8623 32.2612 -7.86467 28.8316 24.26 0.431705 31.3421 11.2922 4.74002 24.126 -1.96866 6.47162 10.0748 -9.01948 8.28047 -5.40866 -12.0468 10.7315 -18.6404 -20.4683 14.0454 -22.0638 -35.559 13.5925 -10.5182 -46.2326 0.218906 0.698409 1.35113 0.21306 0.701946 -0.0787262 -0.186008 -1.67528 -2.00545 -2.34274 -2.24129 -2.07414 -0.944433 -0.761039 -0.0242289 3.43438 2.76323 2.91043 4.01785 2.86892 -0.026635 -1.94331 0.132712 -1.73161 -3.27609 -2.8122
11.3573 3.84111 -39.4848 13.5564 7.34939 -24.248 14.9596 1.82427 -9.4367 6.66946 -3.46891 3.03273 -7.55023 -2.89113 9.96359 -16.0973 -8.77571 21.7878 -8.3336 -20.8072 28.0795 4.03032 -26.9637 20.4903 11.7156 -28.0647 6.66366 14.8202 -25.9878 -8.77696 11.1309 -17.3753 -21.557 -0.115693 -6.44845 -22.9958 -11.1063 -2.92962 -12.4828 -14.6195 -6.50559 2.42468 -13.5818 -8.17792 18.1408 -15.295 0.78884 31.1401 -14.91 16.5466 32.9184 -8.31546 28.0879 24.4544 -0.112148 30.3386 11.3801 3.84824 23.0757 -1.96331 5.43068 8.82071 -8.62962 8.11029 -6.61987 -11.1948 11.4868 -19.4429 -19.9226 13.9212 -22.2824 -35.2992 12.5521 -10.549 -45.686 0.239499 0.697303 1.35249 0.217857 0.72278 -0.0340706 -0.117039 -1.59508 -1.92024 -2.24956 -2.17678 -2.06408 -0.954387 -0.766558 -0.0834745 3.36926 2.71417 2.85779 3.96298 2.80866 -0.0845221 -2.01254 0.10101 -1.72391 -3.26157 -2.83964
11.4444 4.05929 -39.8339 13.3711 7.449 -24.5334 14.6105 1.90039 -9.71632 6.41748 -3.33237 2.84251 -7.68048 -2.74915 10.0173 -16.3208 -8.75617 21.7114 -8.60204 -20.909 27.8226 3.93134 -26.7838 20.2882 12.0528 -27.3063 6.67866 15.4613 -24.8242 -8.63756 11.5752 -16.2759 -21.4023 0.051924 -5.61588 -22.6393 -10.8026 -2.37227 -11.8988 -14.4253 -6.16006 2.92996 -14.2139 -8.52609 18.5897 -16.6056 -0.364177 32.0055 -15.8795 15.3388 34.128 -8.95413 26.7154 25.7053 -0.442884 29.6938 12.9778 4.70916 23.742 -0.605834 7.10992 10.0877 -8.21786 9.25479 -5.34292 -11.2952 11.9132 -18.3714 -19.9669 14.0776 -21.799 -35.2639 12.7596 -10.3488 -45.9685 0.230865 0.700111 1.35451 0.215546 0.735992 -0.00286465 -0.0855974 -1.57656 -1.92643 -2.26644 -2.18075 -2.06455 -0.955968 -0.779795 -0.145759 3.30424 2.67319 2.82546 3.96346 2.8245 -0.078092 -1.99686 0.127583 -1.68434 -3.21145 -2.77338
11.2046 3.96959 -39.5482 13.0773 7.38201 -24.2462 14.3054 1.89091 -9.40669 6.15177 -3.36863 3.16661 -7.97868 -2.85341 10.2825 -17.0303 -8.87923 21.6513 -9.61305 -21.1694 27.8608 3.32624 -26.8293 20.8674 12.2965 -26.5085 7.79516 15.8647 -23.1834 -7.32359 10.9377 -15.1184 -20.0435 -1.57074 -5.72291 -21.8373 -13.0757 -2.95325 -11.6557 -16.4947 -6.79808 3.20668 -15.2919 -9.1308 18.8266 -16.9213 -0.664676 32.1679 -16.0733 15.0675 34.0102 -9.39295 26.4986 25.4643 -1.15937 29.57 12.5773 3.57721 23.3293 -1.02786 5.81634 9.42935 -8.2337 8.5441 -5.9482 -11.1082 11.8766 -18.7832 -19.8354 14.2111 -21.9356 -35.1664 12.6987 -10.3939 -45.7462 0.209563 0.67918 1.33006 0.190213 0.726371 -0.00869071 -0.105949 -1.62784 -2.02029 -2.36507 -2.22286 -2.04084 -0.910077 -0.736029 -0.0675987 3.39905 2.74546 2.87757 3.99151 2.84024 -0.0614705 -2.00024 0.108968 -1.70522 -3.22602 -2.75855
10.9102 4.08462 -39.2009 12.6526 7.37312 -23.8563 13.8198 1.85867 -9.02057 5.72284 -3.28044 3.63886 -8.26336 -2.59672 11.0206 -17.2436 -8.49898 22.5102 -10.4053 -21.1476 28.6638 2.43404 -27.1037 21.7326 11.7742 -26.6894 8.92481 16.0152 -23.3755 -6.02163 11.9217 -15.308 -19.0322 -0.109709 -5.44932 -21.4826 -11.8608 -2.26306 -11.7124 -15.7194 -6.15018 3.03093 -14.7462 -8.27995 18.6958 -16.2511 0.497115 31.8494 -16.0402 16.2788 33.4339 -10.0534 28.0674 24.8596 -1.95674 31.2338 11.909 2.97005 24.5571 -1.41881 5.64597 10.508 -8.17239 8.8142 -4.81382 -10.8885 12.2571 -17.8093 -19.3307 14.3982 -21.5218 -34.5644 12.6254 -10.2549 -45.397 0.227638 0.704317 1.35616 0.211003 0.744598 -0.000892894 -0.0733794 -1.58853 -1.99592 -2.36415 -2.23861 -2.0561 -0.917665 -0.734879 -0.0580528 3.39553 2.70112 2.82273 3.94073 2.8101 -0.0831473 -2.02968 0.092265 -1.68673 -3.17846 -2.7185
11.1006 4.13355 -39.021 13.034 7.37483 -23.6893 14.4004 1.73194 -8.91902 6.20611 -3.66864 3.56773 -8.05322 -3.11986 10.419 -17.1584 -8.6381 22.0008 -9.93141 -20.7611 28.7404 2.70943 -27.1561 21.8353 11.2637 -28.0635 8.51423 15.1484 -25.5806 -6.68808 11.6247 -17.0177 -19.548 -0.187078 -6.79443 -21.5276 -11.7516 -3.47087 -11.5819 -15.829 -6.93141 3.20877 -15.2946 -9.06409 18.8943 -17.3378 -0.596439 32.1775 -17.2945 15.1816 33.811 -11.5966 26.9591 25.0272 -3.74111 30.5299 12.0333 1.57296 24.2117 -1.32039 4.85398 10.2829 -8.05616 8.27735 -4.97606 -10.8163 11.5274 -18.0214 -19.258 14.0716 -21.5819 -34.4659 12.6456 -10.2138 -45.2439 0.241467 0.711463 1.36409 0.231571 0.744604 -0.0142313 -0.102217 -1.59466 -1.94883 -2.30203 -2.20124 -2.03951 -0.905222 -0.728987 -0.0742165 3.37124 2.67362 2.78602 3.91537 2.80498 -0.0808618 -2.01928 0.0901454 -1.70917 -3.21411 -2.77685
10.6591 4.60278 -39.0748 12.6975 7.93164 -23.7755 14.1571 2.21181 -9.04377 6.01365 -3.28059 3.43614 -8.1292 -2.77504 10.528 -17.0297 -8.77717 22.0279 -9.69714 -21.1348 28.2037 3.10799 -26.9348 21.0794 12.0275 -26.777 7.96955 15.9582 -23.5526 -7.08099 11.7259 -15.2485 -19.8969 -0.542314 -5.57604 -21.8684 -12.1048 -2.66405 -11.7922 -15.7429 -6.44945 3.03343 -14.8032 -8.66282 18.6887 -16.9587 -0.118939 31.9052 -17.774 15.6657 33.246 -13.075 27.6042 24.096 -5.77824 31.1503 10.7738 -0.411861 24.4385 -2.36528 3.64357 10.4508 -8.5337 8.15323 -4.58532 -10.9319 12.1897 -17.4955 -19.2409 14.4791 -21.0323 -34.4947 12.4503 -9.73592 -45.2514 0.242531 0.703652 1.35336 0.211292 0.740801 0.00440867 -0.076787 -1.58443 -1.96904 -2.32431 -2.1901 -2.00146 -0.858258 -0.67342 -0.00547088 3.41673 2.66345 2.73858 3.85964 2.77413 -0.105114 -2.0674 0.0528599 -1.7132 -3.19245 -2.74956
9.98513 5.48422 -38.8723 12.0744 8.3425 -23.485 13.7392 2.31899 -8.89681 5.71117 -3.40956 3.55164 -8.40943 -3.03089 10.6955 -17.1312 -8.9219 22.3882 -9.78306 -21.2033 28.6963 2.93142 -27.1773 21.5535 11.6825 -27.2933 8.33024 15.5797 -24.2645 -6.76952 11.6551 -15.8727 -19.6261 -0.404922 -5.95969 -21.6852 -11.9812 -2.75933 -11.713 -15.7372 -6.31122 3.14102 -14.7241 -8.54483 18.7889 -16.6051 -0.175779 32.1583 -17.1335 15.6259 33.4399 -12.4272 26.9313 23.5218 -5.7234 29.4487 9.66456 -0.984119 22.6025 -3.64527 3.19262 8.75826 -10.0516 7.917 -6.25892 -12.1342 12.2612 -18.7925 -20.8544 14.6115 -20.6453 -36.3938 12.1124 -8.39189 -45.9354 0.263166 0.726164 1.37217 0.227274 0.744183 -0.00839475 -0.0872987 -1.58549 -1.95742 -2.31138 -2.18577 -2.00309 -0.861799 -0.678805 -0.00572017 3.44616 2.7042 2.74259 3.84165 2.75778 -0.124315 -2.08018 0.041437 -1.74722 -3.2299 -2.78594
8.47895 7.43485 -38.432 10.545 9.44156 -22.9076 12.5355 2.72552 -8.66668 4.80584 -3.52197 3.72089 -9.18316 -3.47395 11.1287 -17.3856 -9.63803 23.0541 -9.54218 -21.7519 29.0835 3.12495 -27.4273 21.6202 11.7138 -27.2661 8.29143 15.7018 -23.8801 -6.70856 12.2111 -15.2479 -19.5313 -0.112886 -5.66401 -21.5859 -11.8207 -2.86365 -11.6467 -15.5983 -6.60914 3.15412 -14.6136 -8.82219 18.8067 -16.7749 -0.313892 32.0452 -17.3 15.4817 33.4014 -12.2749 27.1162 24.0355 -5.08813 30.1881 10.5369 -0.144616 23.5762 -2.81705 3.68993 9.73715 -9.44475 8.06478 -5.29862 -12.0831 12.1579 -17.5124 -21.3609 14.3156 -18.4628 -37.0093 11.2097 -6.00742 -46.1005 0.29611 0.76199 1.39748 0.239991 0.748063 -0.0136527 -0.100754 -1.59883 -1.97437 -2.35317 -2.22562 -2.02598 -0.873086 -0.687275 -0.0182095 3.41403 2.67876 2.74865 3.85795 2.76286 -0.119056 -2.06512 0.0587094 -1.73001 -3.17946 -2.74371
8.05703 6.09998 -37.8047 9.3991 8.0057 -22.1882 11.0015 1.58448 -7.76359 3.26867 -4.43181 4.73594 -10.5282 -4.51072 12.4955 -17.8077 -11.047 24.8153 -9.33185 -22.9325 30.4288 3.25216 -28.2133 22.5471 11.6477 -27.7964 9.10119 15.6637 -24.2265 -5.84851 12.4754 -15.4378 -18.6436 0.565628 -5.40944 -20.9973 -11.3227 -2.45287 -11.3214 -15.2636 -6.57484 3.33604 -14.2736 -9.03046 18.9519 -16.5938 -0.451988 32.1179 -17.2354 15.3491 33.3544 -12.3426 27.0009 23.9402 -5.31039 30.0283 10.3504 -0.42678 23.3517 -2.99334 3.50104 9.49832 -9.53586 8.00205 -5.5382 -11.9479 12.3273 -17.9468 -20.8544 14.6245 -19.4586 -36.4386 11.3813 -7.11452 -45.6331 0.304053 0.805257 1.44672 0.286948 0.780237 -0.00129443 -0.0955795 -1.59047 -1.96502 -2.35493 -2.24993 -2.0537 -0.890105 -0.694195 -0.0182868 3.40704 2.66387 2.72805 3.83452 2.74338 -0.13837 -2.09472 0.0268068 -1.73288 -3.14742 -2.67606
8.84534 6.15909 -38.0914 10.0159 7.95045 -22.4477 11.5051 1.55119 -8.00122 3.7254 -4.32139 4.53749 -10.0882 -4.21768 12.267 -17.6635 -10.599 24.4893 -9.48409 -22.6068 30.2796 3.20037 -28.0612 22.6823 11.9453 -27.6395 9.46117 16.3838 -23.7798 -5.29579 13.772 -14.1967 -17.6433 2.84337 -3.0658 -19.793 -9.38479 -0.147617 -10.538 -14.2954 -5.3406 3.47209 -14.1452 -8.72592 18.9442 -16.7691 -0.453485 32.2483 -17.2731 15.3465 33.5601 -12.3046 27.0084 24.1981 -5.33713 30.162 10.6036 -0.58983 23.6029 -2.84713 3.32473 9.81279 -9.52984 8.37691 -4.99805 -12.2294 13.5444 -17.0656 -21.1555 15.9192 -19.098 -36.6686 12.4295 -6.93304 -46.0101 0.307878 0.820045 1.46642 0.312168 0.815053 0.0465792 -0.0380184 -1.53214 -1.91322 -2.32994 -2.29791 -2.12822 -0.927971 -0.709635 -0.0463945 3.38524 2.65493 2.72403 3.82815 2.73675 -0.140605 -2.1271 -0.0253053 -1.74892 -3.13188 -2.64754
11.497 5.43371 -38.362 11.0522 6.98387 -22.655 11.7246 0.741292 -8.07937 3.73441 -4.68382 4.52846 -10.088 -4.42279 12.2385 -17.7987 -10.792 24.3823 -9.5376 -22.7206 30.2201 3.17872 -28.1065 22.6271 11.868 -27.6968 9.36893 16.3107 -23.8487 -5.38982 13.6819 -14.3609 -17.8071 2.27172 -3.7064 -19.8667 -9.8578 -1.06175 -10.402 -14.5678 -5.9896 3.77169 -14.4814 -9.15776 19.2902 -17.3303 -0.833486 32.5154 -17.6993 14.9662 33.8753 -12.6205 26.6805 24.6388 -5.71277 30.0878 11.0751 -0.99882 23.7771 -2.50562 2.80526 10.0725 -9.4238 7.72932 -4.76512 -12.212 13.6912 -16.9153 -20.5088 18.3656 -19.3793 -35.4257 16.2872 -7.62666 -45.6721 0.22904 0.802496 1.45958 0.311684 0.821257 0.0587459 -0.0319163 -1.52918 -1.90986 -2.32633 -2.27048 -2.08523 -0.888523 -0.675874 -0.0183214 3.40984 2.6917 2.76936 3.87591 2.7844 -0.0904839 -2.10814 -0.112812 -1.91393 -3.25293 -2.61084
10.7786 5.80687 -38.1628 10.7308 7.45559 -22.4597 11.7101 1.1066 -7.94762 3.82668 -4.74461 4.53618 -10.1908 -4.75225 11.8902 -18.3594 -10.9959 23.7974 -9.90005 -22.6348 29.9288 3.00831 -27.8988 22.5781 11.8434 -27.6443 9.41267 16.4111 -23.8898 -5.33204 13.6934 -14.3308 -17.6754 2.01641 -3.87022 -19.1501 -9.85459 -1.73685 -9.23903 -14.7463 -6.77981 4.83237 -15.833 -10.1758 20.2647 -19.618 -2.21224 33.4773 -19.4637 13.5725 35.0369 -13.9957 25.187 25.8972 -7.24609 28.9607 12.3509 -2.14531 23.35 -1.3962 2.5158 10.151 -8.75895 7.7397 -4.52562 -11.838 13.3911 -16.7108 -20.2992 17.5648 -19.1419 -35.3691 15.2706 -7.33825 -45.5101 0.234082 0.790819 1.44246 0.301553 0.820413 0.0849523 -0.0214929 -1.52655 -1.90614 -2.31836 -2.25398 -2.07209 -0.875507 -0.670504 -0.0637042 3.34913 2.66025 2.742 3.85806 2.78665 -0.0883321 -2.10046 -0.0811966 -1.8698 -3.22225 -2.60517
11.1136 6.57298 -37.5467 10.711 8.30163 -21.8574 11.676 1.80339 -7.41061 3.73906 -4.4898 4.82173 -10.3368 -4.7377 12.059 -18.3316 -11.074 24.035 -9.79964 -22.7204 30.0502 3.04512 -27.9206 22.5444 11.7821 -27.5492 9.31641 16.347 -23.7062 -5.40634 13.7197 -14.1071 -17.7381 2.04159 -3.65584 -19.2688 -9.8616 -1.52753 -9.39534 -14.6757 -6.5825 4.69849 -15.5882 -10.0463 20.127 -19.7775 -2.367 33.3859 -21.2042 13.3615 34.8682 -17.184 25.35 25.4635 -10.7213 29.3255 11.8352 -4.4356 23.8602 -1.47305 1.86617 11.1726 -8.50628 7.64119 -3.33224 -11.4107 13.2242 -15.7775 -19.5319 17.7667 -18.399 -34.4625 15.8694 -6.5948 -44.6845 0.250066 0.812194 1.45881 0.309526 0.821354 0.0852729 -0.0148514 -1.51413 -1.89043 -2.303 -2.23351 -2.0416 -0.837126 -0.625842 -0.0214176 3.34664 2.58275 2.63577 3.79107 2.78078 -0.0835777 -2.09671 -0.0850396 -1.88804 -3.23896 -2.61945
12.8568 8.55605 -36.0575 11.1088 9.93665 -20.4259 11.4282 3.12901 -6.09329 3.15268 -3.90978 5.49128 -11.0694 -4.55826 12.411 -18.7305 -11.1261 24.48 -9.90441 -22.7151 30.1732 2.87613 -27.7977 22.4795 11.5864 -27.3754 9.23554 16.3073 -23.423 -5.40889 13.8843 -13.7183 -17.6998 2.03663 -3.45187 -19.1772 -9.8416 -1.50053 -9.23742 -14.6617 -6.42247 4.90131 -15.8472 -9.68443 20.3552 -20.5209 -1.8481 33.3576 -21.9202 13.8934 34.7208 -17.2604 25.6276 25.2907 -10.2313 28.9399 11.766 -3.95133 23.1381 -1.40153 2.13335 10.4373 -8.59987 7.82326 -4.05626 -11.7203 13.8065 -16.1054 -20.1482 19.47 -16.9929 -34.8984 18.3803 -4.00881 -43.711 0.227711 0.834888 1.47624 0.307115 0.806515 0.077796 -0.021964 -1.51695 -1.89266 -2.31289 -2.23614 -2.03233 -0.822954 -0.610993 -0.0143505 3.33832 2.59496 2.67433 3.84375 2.83553 -0.0251127 -2.04265 -0.0871647 -1.99955 -3.40147 -2.69696
12.2135 8.12426 -36.2096 10.6205 9.42499 -20.5548 10.8638 2.69871 -6.18239 2.57702 -3.74795 5.73388 -11.503 -3.86612 12.9662 -19.0703 -10.5441 25.0339 -10.2404 -22.3462 30.2655 2.47577 -27.5782 22.5652 11.2951 -27.3275 9.38919 16.0741 -23.3934 -5.2413 13.5556 -13.6526 -17.4843 1.62213 -3.45057 -18.693 -9.97157 -1.4608 -8.42993 -14.5805 -6.00207 5.90546 -16.3471 -8.70397 21.4121 -22.7351 -0.412883 33.3615 -25.2989 15.2108 34.3364 -20.0312 26.9186 25.1976 -11.697 29.393 12.2468 -4.61505 23.0464 -0.245533 1.77496 10.5172 -7.48042 7.59699 -3.80166 -11.1209 13.4409 -15.8478 -19.6503 18.8353 -17.2424 -34.462 17.5944 -4.58706 -43.7213 0.195758 0.803183 1.45361 0.291918 0.803977 0.109355 0.0207345 -1.46885 -1.84247 -2.25895 -2.17674 -1.97914 -0.782147 -0.575317 -0.0115011 3.22983 2.46262 2.59384 3.81092 2.82319 -0.0332331 -2.05234 -0.086879 -1.97291 -3.35846 -2.63234
11.5248 7.96388 -35.3119 9.15196 8.77456 -19.7228 8.41527 2.40196 -5.20652 0.0702203 -3.12142 7.12593 -13.3529 -3.9734 15.4728 -19.3386 -12.1126 27.5319 -9.85169 -23.7713 31.855 2.55348 -28.1869 23.1957 10.7616 -27.2879 9.65795 15.4413 -23.1724 -4.95477 13.2919 -13.5077 -17.3278 1.53538 -3.16685 -19.0018 -10.138 -1.04399 -8.85659 -14.3948 -5.6899 5.55373 -15.7093 -8.32181 21.1168 -21.8799 -0.697916 33.6116 -24.5201 14.9062 34.6848 -19.4865 26.7433 25.5812 -11.3933 29.5533 12.5465 -4.45245 23.3687 -0.104941 1.87593 10.7867 -7.30204 7.62194 -3.59788 -10.8009 13.3914 -15.7197 -19.2735 18.7967 -17.1079 -34.0818 17.3882 -4.33121 -43.1484 0.196625 0.848308 1.51179 0.33784 0.867352 0.0995223 0.00922167 -1.47732 -1.85187 -2.28105 -2.20358 -1.99913 -0.801527 -0.58956 -0.0276412 3.23529 2.46408 2.58781 3.79688 2.80512 -0.0520088 -2.06778 -0.0998308 -1.97426 -3.33427 -2.57263
11.223 9.08377 -34.8157 8.96166 10.4178 -19.2463 8.22255 3.97147 -4.76317 -0.109201 -2.31939 7.20467 -13.5585 -3.82603 15.4146 -19.1589 -12.1744 27.5151 -9.46073 -23.7321 31.636 2.92222 -28.1973 22.9707 11.0857 -27.3221 9.40452 15.6055 -23.1256 -5.23535 13.1704 -13.3665 -17.4806 1.39961 -3.02694 -19.0607 -10.2685 -0.790354 -8.93389 -14.5207 -5.35518 5.50374 -15.7119 -8.14013 21.0502 -22.0133 -0.988755 33.7573 -25.0008 14.4405 35.9092 -20.0122 26.9712 27.7589 -11.5188 30.3474 15.1191 -4.17772 24.4723 2.54608 2.29621 12.1412 -4.94972 7.91283 -2.12781 -9.07614 13.1129 -14.2934 -17.8494 18.0921 -16.1137 -32.76 16.751 -3.62335 -42.2269 0.239632 0.874781 1.52685 0.337549 0.856583 0.082838 -0.0125198 -1.49782 -1.86977 -2.29411 -2.22131 -2.0225 -0.828782 -0.620913 -0.0711743 3.17719 2.43308 2.59309 3.81861 2.82849 -0.0306197 -2.03675 -0.0524557 -1.91868 -3.29126 -2.59231
10.1531 9.4844 -35.5067 6.75534 12.0782 -20.3066 5.28758 7.21093 -5.27186 -2.04876 0.288648 6.9966 -14.2672 -4.02765 16.089 -18.2277 -13.6629 27.878 -8.02709 -25.0282 31.2541 4.23062 -29.1169 22.2323 12.1186 -27.8527 8.53456 16.2732 -23.2905 -6.10401 13.3966 -13.3213 -18.0812 1.62682 -2.95068 -19.449 -10.0121 -0.753375 -9.28008 -14.186 -5.34405 5.17211 -15.3685 -8.00648 20.7407 -21.819 -1.01951 33.4644 -24.9821 14.3562 35.7439 -20.0925 27.0088 27.7232 -11.616 30.5628 15.1208 -4.28522 24.7728 2.50253 2.1338 12.4286 -5.01869 7.78168 -1.81796 -9.17969 13.1638 -13.8548 -18.0203 18.0928 -15.647 -32.9508 16.3345 -3.2058 -42.4142 0.293214 0.953098 1.58629 0.372688 0.896308 0.0724124 -0.0345664 -1.52099 -1.89102 -2.31107 -2.24385 -2.04526 -0.846958 -0.633293 -0.0857404 3.15944 2.41772 2.58305 3.81014 2.81898 -0.0398246 -2.05049 -0.0700577 -1.91885 -3.27109 -2.57779
10.3575 9.18054 -34.7923 7.13219 10.9479 -19.437 5.36354 5.63098 -4.58848 -2.26608 -0.707304 7.8154 -13.8463 -5.23223 17.6132 -16.4967 -16.2485 28.5271 -6.09814 -27.8147 30.1742 6.09728 -31.1761 20.7754 13.9263 -29.1498 7.13547 17.5383 -23.9037 -7.41769 14.0087 -13.608 -18.9353 2.23925 -3.18696 -19.8473 -9.19193 -0.889205 -9.46732 -12.9794 -5.53795 5.07235 -14.1486 -8.2257 20.6374 -21.0127 -1.23917 33.1429 -24.7119 14.0336 35.3042 -20.0437 26.8137 27.3539 -11.5892 30.3904 14.7433 -4.29575 24.5108 2.14477 2.13301 12.1229 -5.29592 7.98462 -2.05597 -9.40615 13.5453 -14.0195 -18.2358 18.3818 -15.8107 -33.1966 16.4625 -3.16763 -42.3562 0.25078 0.921859 1.56593 0.340094 0.90046 0.116811 0.0367081 -1.45832 -1.83988 -2.26131 -2.20938 -2.02766 -0.837823 -0.622433 -0.0775887 3.13842 2.37876 2.54621 3.77524 2.7881 -0.0664483 -2.07897 -0.0916617 -1.9198 -3.26615 -2.53513
10.2731 9.59447 -34.6932 6.92722 11.5564 -19.3874 4.76734 6.51992 -4.49301 -2.65123 0.0485462 7.97005 -13.2524 -5.76601 18.1866 -15.1397 -17.9249 27.9894 -5.16418 -29.9703 28.1078 6.83078 -33.3148 18.449 15.0441 -30.8682 5.10766 18.9921 -25.0193 -9.12463 15.6124 -14.2064 -20.2048 4.2855 -3.27416 -20.5713 -6.80134 -0.513179 -9.93397 -10.9091 -4.62215 4.68101 -13.1818 -7.23754 20.1359 -20.702 -0.933462 32.6268 -24.8922 14.168 35.0765 -20.2456 26.9726 27.1532 -11.6956 30.5284 14.6011 -4.40885 24.6352 2.00509 1.93867 12.1629 -5.36392 8.07518 -1.94118 -9.31289 14.005 -13.7232 -18.1464 18.5254 -15.4087 -33.218 16.3014 -2.76252 -42.304 0.225811 0.902855 1.54417 0.303001 0.898496 0.165236 0.141617 -1.33671 -1.73408 -2.17901 -2.16201 -2.01535 -0.840068 -0.632118 -0.125093 3.07147 2.32076 2.4996 3.73653 2.75257 -0.0979083 -2.11658 -0.115391 -1.92402 -3.26778 -2.51196
9.83936 10.2889 -33.7439 5.8611 12.3941 -18.6093 2.95952 7.84067 -3.68513 -4.13458 1.51085 9.03744 -13.8207 -5.33886 19.5184 -16.4284 -18.531 27.6845 -8.16482 -31.7682 26.6229 4.18955 -35.1262 17.4324 13.7359 -32.0017 5.16198 19.0516 -25.9144 -8.51499 16.842 -14.9177 -19.7093 6.5014 -3.04849 -20.097 -4.37806 0.640461 -9.52656 -9.75875 -2.93766 4.81279 -13.4534 -6.09193 19.8885 -21.3704 -0.63131 32.5307 -25.4453 14.4941 35.0263 -20.561 27.0183 26.8034 -11.9667 30.3908 14.231 -4.6874 24.4624 1.64725 1.60004 11.8324 -5.50143 7.88856 -2.3361 -8.94855 14.015 -13.9745 -17.8379 18.3033 -14.9591 -33.0389 15.9421 -1.92583 -41.5235 0.156583 0.857534 1.49827 0.249573 0.907227 0.263213 0.332227 -1.1558 -1.61177 -2.1043 -2.13045 -2.02715 -0.863244 -0.664354 -0.194467 3.01488 2.28357 2.465 3.70847 2.72841 -0.119956 -2.1355 -0.122021 -1.94388 -3.30756 -2.46674
9.93592 11.8198 -34.1736 5.78905 14.9346 -19.2601 2.71346 10.7328 -4.268 -3.48627 3.90836 8.66405 -12.3445 -3.58954 19.4292 -14.6951 -16.7155 27.7769 -6.60046 -30.017 26.3061 5.34792 -33.8876 16.787 14.8893 -31.4751 4.35384 20.3838 -25.9163 -9.47614 18.458 -14.8158 -20.6199 8.63851 -2.50747 -20.4462 -1.77578 1.59582 -9.56477 -7.50853 -1.81002 4.67946 -11.5367 -5.41067 19.5683 -20.4502 -1.00644 31.9568 -25.5851 13.792 34.4571 -21.1134 26.5267 26.3231 -12.5252 30.269 13.8516 -5.13739 24.519 1.24825 1.46828 11.8983 -5.62449 7.9922 -2.24371 -8.72533 14.0703 -13.6359 -17.96 18.0546 -14.0009 -33.2707 15.6541 -0.833087 -41.5337 0.17258 0.867832 1.49764 0.240699 0.889362 0.260098 0.356035 -1.09705 -1.52779 -2.00487 -2.04698 -1.97856 -0.824929 -0.622764 -0.181651 2.98124 2.22866 2.41792 3.67243 2.70561 -0.138292 -2.14145 -0.115172 -1.95385 -3.34653 -2.53015
10.1504 13.4653 -34.5671 5.79719 17.5298 -19.9439 2.63415 13.1971 -5.00763 -3.78784 5.29147 7.17837 -12.4949 -3.00448 17.4706 -13.6774 -15.8946 26.4116 -4.28091 -28.3971 26.2787 8.12329 -32.5809 17.5042 17.8412 -31.1601 5.05493 23.3147 -26.186 -9.004 20.9292 -15.3906 -20.3563 10.3225 -3.75305 -20.4661 -0.671337 -0.205625 -9.96607 -6.89295 -3.31715 4.13971 -11.7838 -6.34531 18.897 -20.6651 -1.7841 31.2518 -25.9158 12.9359 33.9655 -21.6992 25.8601 25.9959 -13.1659 29.8429 13.5613 -5.6371 24.1905 0.997405 1.46132 11.6774 -5.57398 8.34266 -2.37874 -8.26548 14.2378 -13.5449 -17.8866 17.822 -13.031 -33.2916 15.5694 0.330482 -41.281 0.308906 0.993064 1.6202 0.354411 0.965891 0.251027 0.256242 -1.22215 -1.63589 -2.08236 -2.0743 -1.95066 -0.765563 -0.561871 -0.129627 3.02893 2.27435 2.4642 3.7223 2.76814 -0.0761438 -2.0681 -0.0278998 -1.90713 -3.33199 -2.65728
10.2062 15.2552 -34.615 5.1503 20.2244 -20.5063 1.43502 16.6962 -5.48565 -5.3705 8.1803 6.06495 -12.5125 -2.19216 15.6562 -12.6503 -16.0219 23.1554 -3.71504 -28.8581 22.9968 8.85828 -34.0818 15.0602 19.4294 -32.3552 3.36768 25.3794 -26.0354 -9.93727 22.3998 -14.6029 -20.4983 10.611 -4.16373 -20.4289 -1.0048 -1.762 -10.2795 -7.11255 -4.78501 3.89514 -12.2929 -6.99079 18.6994 -21.01 -2.13103 31.0572 -26.5125 12.4698 33.9119 -22.5353 25.5735 26.1143 -13.9036 29.5295 13.7392 -6.32158 23.7377 1.27126 1.06514 11.3362 -5.193 8.64072 -2.38864 -7.72455 14.4793 -13.0724 -17.9112 17.857 -11.6699 -33.3076 15.7558 1.95528 -40.8822 0.416705 1.11156 1.7391 0.459968 1.0832 0.361565 0.365739 -1.11874 -1.57301 -2.06652 -2.04218 -1.85518 -0.634811 -0.428836 0.00465754 3.15635 2.39385 2.58857 3.84969 2.90306 0.0584531 -1.93054 0.10588 -1.8107 -3.25022 -2.66205
10.0934 16.516 -33.9413 3.87147 21.8088 -20.4282 -0.810803 20.152 -5.3538 -7.30925 12.6763 7.06231 -13.0899 1.59601 16.7788 -13.178 -12.6687 23.4144 -5.16908 -26.0746 22.535 7.19405 -32.12 14.8559 18.4908 -31.4716 3.7472 25.5309 -25.8263 -9.32666 23.3833 -14.224 -19.9042 11.724 -3.64073 -19.8729 -0.167283 -1.01081 -10.1067 -7.06089 -3.25019 3.85098 -11.7874 -5.49175 18.8006 -21.1326 -1.63006 31.0509 -27.4339 12.5998 34.1187 -23.5757 25.7418 26.326 -14.657 29.3111 14.0373 -7.03153 23.1497 1.77474 0.691785 10.8999 -4.58405 9.09494 -2.3048 -7.26507 15.1902 -12.3866 -17.9047 18.5167 -10.301 -33.2346 16.2644 3.55378 -40.3346 0.5475 1.28593 1.91876 0.637611 1.27465 0.591417 0.640425 -0.833193 -1.29776 -1.81182 -1.80629 -1.62389 -0.39884 -0.196615 0.221312 3.33586 2.56649 2.77299 4.04395 3.10935 0.268097 -1.73427 0.288001 -1.64153 -3.06844 -2.56229
11.1683 18.1251 -34.2114 4.21644 23.4722 -21.0816 -0.734698 22.3083 -6.04818 -7.6997 15.0847 6.2626 -13.657 3.64586 15.4409 -13.0635 -10.8232 21.5892 -4.95109 -24.1935 21.3489 7.20006 -31.7488 14.7434 18.8964 -32.5497 4.06653 26.6914 -27.1527 -8.67963 25.8375 -15.0596 -18.8844 15.1829 -3.46699 -19.0921 3.13567 -0.18108 -9.72331 -4.76355 -2.45674 3.68543 -11.7207 -4.97524 17.6903 -21.7766 -1.88331 29.5921 -29.0558 11.6684 33.4624 -25.6849 25.2944 26.3005 -16.3102 28.4491 14.2399 -8.04617 21.7187 2.71221 1.18786 10.2744 -3.11057 10.6739 -1.99145 -6.53598 16.9973 -11.0583 -17.9291 20.3958 -8.45042 -33.1631 18.0696 5.38011 -40.2862 1.13838 1.89414 2.53704 1.2674 1.90966 1.20709 1.23053 -0.235299 -0.689603 -1.23549 -1.28868 -1.1258 0.112085 0.321323 0.699324 3.77143 3.01257 3.25803 4.56568 3.68028 0.849352 -1.17231 0.822346 -1.11858 -2.51678 -2.56212
12.3498 19.8969 -33.3291 4.82579 24.4868 -20.2281 -1.69371 22.5231 -5.89216 -8.38496 15.482 6.67377 -13.9005 4.2964 16.4226 -13.8226 -10.5108 21.738 -6.38751 -24.2398 20.8039 5.60573 -32.5768 14.8855 17.9662 -34.8861 5.22436 27.0282 -30.3682 -7.01636 27.6553 -18.0503 -16.9659 17.869 -5.72485 -17.4836 5.41841 -1.77469 -8.93454 -3.63577 -3.21949 3.84448 -11.3955 -5.31762 17.4921 -21.7212 -2.53199 29.2372 -30.3383 10.2911 32.8329 -28.166 23.9535 25.2869 -18.6556 26.8563 13.2693 -8.74373 20.0291 3.18792 2.02993 9.48266 -1.59289 11.7205 -2.31042 -5.97342 18.6328 -10.2039 -17.8861 22.2334 -6.49976 -32.844 19.6146 7.45744 -39.6097 2.016 2.81678 3.47146 2.19522 2.86016 2.20218 2.25816 0.796419 0.335343 -0.242396 -0.339461 -0.181137 1.07475 1.29199 1.66435 4.69064 3.86226 4.09529 5.46451 4.63003 1.79997 -0.24738 1.70749 -0.258283 -1.64735 -2.5495
13.0776 21.8064 -32.5772 4.5109 25.7009 -19.8983 -3.28152 22.7184 -6.39768 -9.62264 15.423 6.20464 -14.2582 4.25835 16.424 -13.4081 -10.5972 21.5325 -5.97514 -24.3313 20.6637 5.91529 -33.3549 15.6088 18.6268 -36.5734 6.6926 28.0539 -32.3615 -5.37991 28.7071 -20.0025 -15.2761 19.1783 -7.49806 -16.1639 6.60486 -2.73303 -8.23293 -2.91494 -3.16811 4.27881 -11.5207 -4.41423 17.5173 -22.4874 -1.61531 28.663 -32.0767 10.5821 31.9623 -30.6116 23.9634 23.7696 -20.8336 25.6336 11.732 -9.92742 18.0559 3.35736 1.87429 8.24283 -0.461928 12.0565 -2.79732 -5.62123 20.0429 -9.29706 -17.7034 24.2438 -4.26011 -32.1052 21.1689 9.74374 -38.5762 3.72972 4.5768 5.24151 3.94805 4.60147 3.9345 3.98498 2.51939 2.05727 1.48515 1.39256 1.56165 2.82242 3.04574 3.41164 6.39146 5.51639 5.74451 7.1612 6.36066 3.52887 1.44228 3.33298 1.33437 -0.02446 -2.59245
12.4783 21.6036 -33.3282 2.68611 25.5936 -21.6016 -4.91106 23.0244 -7.90606 -10.5408 15.4083 4.84368 -13.6863 3.61514 14.924 -11.9986 -10.9858 20.5346 -4.87342 -24.9042 20.9236 6.64515 -34.8854 16.9151 19.3368 -38.8005 8.25266 28.6484 -34.4241 -3.85097 29.6376 -21.675 -13.2104 21.5889 -8.18622 -14.3223 8.86928 -2.04251 -7.67516 -1.94192 -1.9347 3.7478 -11.3543 -2.9853 16.4436 -22.4549 -0.430451 27.5155 -32.2362 11.4422 31.3865 -31.0198 24.8761 23.2398 -21.1339 25.9495 11.2225 -10.9052 17.3334 2.99855 0.0747679 6.7624 -1.22716 11.0072 -3.5736 -6.30944 20.2286 -9.21589 -17.9344 25.3877 -3.72293 -31.85 21.9066 10.1229 -38.4541 5.83833 6.70973 7.36932 6.06488 6.6948 5.9999 6.03747 4.58002 4.13357 3.55216 3.39995 3.54799 4.83147 5.0672 5.43233 8.41861 7.56853 7.81737 9.22197 8.40067 5.5716 3.44027 5.26545 3.25846 1.96454 -2.63702
12.5681 22.3037 -34.5558 2.28375 26.548 -23.3521 -5.27063 23.5738 -9.71554 -10.0513 15.227 2.9227 -12.3075 3.4223 13.225 -10.9323 -10.726 19.9667 -4.50243 -24.9059 21.4607 6.53138 -35.5034 17.677 19.0763 -39.8447 9.00388 28.7799 -35.7091 -2.87446 30.181 -23.0485 -12.3013 21.9094 -9.70735 -13.5503 8.93569 -3.71407 -7.2661 -1.61497 -2.69017 4.35395 -11.3955 -2.95756 16.8103 -22.4287 -0.348989 27.9371 -32.677 11.1531 31.7181 -32.3245 24.3793 23.1588 -22.3783 25.431 11.1896 -12.0794 16.4595 3.44775 -1.75523 5.4395 -1.25682 9.49351 -4.34422 -6.72782 18.8401 -9.23043 -18.5931 24.5964 -3.47052 -32.1623 21.9215 10.4648 -38.9511 8.43903 9.32275 9.97824 8.65866 9.26942 8.56046 8.60087 7.1607 6.72043 6.13436 5.99828 6.17138 7.45396 7.69328 8.06619 11.0465 10.1537 10.3905 11.809 10.9775 8.15024 6.00236 7.78753 5.73135 4.42257 -2.76389
13.7272 24.6928 -34.2252 3.94513 28.5469 -22.4449 -3.94291 23.8155 -9.51113 -9.19132 14.9173 2.55284 -12.6703 3.45205 12.8986 -11.6117 -10.567 19.96 -5.20824 -24.7347 21.6659 5.83577 -35.3215 17.8823 18.4129 -39.4226 9.13954 28.1996 -34.9859 -2.56055 29.8999 -22.1511 -11.6977 21.4 -8.93958 -12.7752 8.33438 -2.74937 -6.8867 -2.52313 -1.5514 4.42896 -12.2287 -1.99144 16.9382 -23.4462 0.404914 27.9272 -34.2798 11.291 31.8952 -34.7396 24.4822 23.2871 -24.4511 25.0607 11.5777 -13.4277 15.675 5.50356 -2.6228 4.92984 1.265 8.5009 -4.06277 -5.63298 17.4318 -7.98015 -18.1592 23.0174 -2.26622 -31.819 21.5837 11.8254 -38.6612 11.1233 12.0131 12.6908 11.3856 12.0022 11.2914 11.3301 9.88986 9.44203 8.83508 8.69365 8.87361 10.165 10.4072 10.7798 13.7379 12.8083 13.0688 14.5312 13.7133 10.8787 8.73405 10.5168 8.41652 7.02772 -2.89278
13.4046 25.2605 -33.5181 3.32702 29.6486 -22.183 -4.52457 25.4377 -9.04952 -9.66809 16.3193 2.89372 -12.5558 4.34089 12.831 -11.5843 -10.0138 19.1956 -5.46976 -24.3369 20.6418 5.64512 -34.9029 17.0115 18.4733 -38.8848 8.58425 28.4328 -34.4966 -2.98753 29.5727 -21.747 -12.3287 20.2707 -9.06924 -13.1658 7.4144 -3.41923 -6.34669 -3.14514 -2.3449 5.25961 -12.65 -2.4089 17.9294 -23.8838 0.133255 28.8687 -35.1302 10.6758 32.6087 -36.1725 23.7688 23.9026 -25.6323 24.6383 12.438 -14.1386 15.4256 7.00549 -3.57283 4.48274 2.67267 7.1876 -4.46108 -4.83688 16.1729 -7.91617 -17.4595 22.0693 -1.93388 -30.8711 21.1874 12.2423 -37.6309 14.2437 15.1384 15.8165 14.5133 15.1399 14.4432 14.4884 13.0393 12.579 11.9859 11.8819 12.0651 13.346 13.5845 13.9594 16.8977 15.9177 16.1803 17.6713 16.8533 14.0208 11.8828 13.6516 11.5264 10.1306 -2.89883
12.8982 25.8892 -32.7689 1.81835 30.8903 -22.6919 -7.4981 27.3726 -10.334 -12.3618 18.1887 1.67688 -13.8151 6.05 11.7332 -12.1165 -8.23448 18.1043 -6.07011 -22.5518 19.8642 4.62883 -33.6293 16.5188 17.1159 -38.1924 7.8761 26.3315 -34.0136 -4.37004 26.4281 -21.275 -13.7951 16.99 -8.67041 -13.8619 4.51098 -2.86179 -6.49684 -5.59281 -2.08053 5.53122 -14.3226 -2.43873 18.7426 -25.1378 0.855605 29.9014 -35.986 12.1662 32.3527 -37.019 24.1943 22.2243 -27.1952 24.4678 10.1117 -15.6495 15.2876 4.73461 -4.75354 4.40578 1.12597 6.05268 -4.80535 -5.98428 15.6562 -8.26613 -18.1417 22.1842 -1.49775 -30.8699 21.1241 13.0822 -36.679 17.0161 17.9571 18.6502 17.3298 17.9354 17.2236 17.2631 15.8264 15.4002 14.8556 14.7597 14.9163 16.1872 16.4289 16.8274 19.7944 18.7703 18.929 20.4069 19.6086 16.7829 14.6436 16.3839 14.2263 12.8322 -2.92906
13.9783 27.4066 -33.0793 2.97773 32.0696 -22.757 -6.40919 27.7764 -10.7018 -11.9229 18.238 0.738022 -13.5969 6.05692 10.7077 -11.2844 -8.11611 17.1334 -4.83689 -22.2818 18.6813 5.92807 -33.2189 15.0963 18.399 -37.5827 6.32901 27.5467 -33.0921 -5.85722 27.1664 -20.1891 -15.0483 17.0478 -8.12843 -14.7166 4.43902 -3.00344 -7.07076 -5.48457 -2.24579 5.10769 -14.1367 -2.37383 18.374 -24.7209 1.35216 29.6178 -35.2198 13.0271 31.8729 -35.959 24.9689 21.6178 -26.3288 25.3533 9.35379 -15.284 16.0469 3.19798 -4.719 4.77609 -0.193984 6.14604 -4.69241 -6.86263 16.0715 -7.44964 -18.941 22.9148 -0.119311 -31.1829 22.0675 14.4969 -36.9351 20.6309 21.5777 22.2859 20.9746 21.5738 20.851 20.8854 19.4479 19.0174 18.4717 18.3913 18.5607 19.8334 20.0737 20.4791 23.4652 22.451 22.5906 24.041 23.2357 20.4126 18.2626 19.9716 17.7841 16.3796 -3.00137
14.1182 26.8764 -33.4943 3.63397 30.4372 -22.2374 -5.01386 25.5331 -9.86611 -10.8256 15.7711 1.23258 -12.9619 3.50917 11.0134 -10.4401 -10.5571 17.5934 -3.39264 -24.4605 18.8856 7.98612 -34.4437 14.5001 20.5609 -37.39 5.29995 29.7759 -31.9671 -6.44883 29.4347 -18.848 -15.3304 18.6745 -7.35393 -15.0879 5.6872 -2.98166 -7.60979 -4.35451 -2.18564 4.46897 -13.231 -2.14063 17.5868 -24.2775 1.21067 28.499 -35.2532 12.4411 30.7421 -36.2751 24.367 20.4929 -26.4247 24.5484 8.40034 -14.969 15.3155 2.92192 -4.12217 4.34145 -0.552866 7.13284 -4.46327 -7.47933 17.3613 -6.83678 -19.3852 24.0837 0.0789551 -31.9316 22.675 14.5048 -38.0432 24.3851 25.3105 26.0176 24.7195 25.3241 24.5981 24.631 23.1863 22.7303 22.1514 22.0842 22.2866 23.5735 23.8144 24.2101 27.1637 26.1273 26.2801 27.7523 26.9531 24.1242 21.9561 23.6622 21.5104 20.1345 -3.00907
14.3612 27.5437 -32.9762 4.28391 31.201 -21.384 -3.99634 25.9738 -8.89428 -10.1539 15.6976 1.53337 -12.9171 3.28065 10.9549 -10.8508 -10.7517 17.762 -4.00401 -24.726 19.3353 7.24523 -34.8821 15.0144 19.5774 -38.0793 5.57325 28.2191 -32.8394 -6.68319 27.6643 -19.782 -15.6447 17.9107 -7.42824 -15.1848 5.62656 -1.98364 -7.23678 -4.70048 -1.62745 4.62057 -13.4958 -2.19243 17.7811 -24.3617 1.14828 28.8764 -34.892 12.8484 30.8355 -35.2749 24.5987 20.3425 -25.4057 24.6884 8.26425 -13.9241 15.6374 2.54233 -3.13393 4.55809 -0.770962 7.92957 -4.7093 -7.39568 18.8335 -6.61294 -18.7749 25.349 1.005 -31.0201 23.1203 15.2425 -37.3264 28.7187 29.6284 30.3376 29.0509 29.661 28.9335 28.9638 27.5245 27.0914 26.5372 26.4354 26.5826 27.8544 28.0973 28.4926 31.4636 30.4478 30.5915 32.0579 31.2606 28.4351 26.2583 27.942 25.8062 24.4587 -3.02296
15.2161 27.3794 -34.4766 5.39903 31.8999 -22.9657 -2.82906 26.9385 -10.334 -8.61867 16.5312 0.174182 -11.4507 4.01797 9.44687 -10.0975 -10.1649 16.1201 -3.93246 -24.3828 18.2375 7.19099 -34.9936 14.7667 19.8851 -38.4607 5.91924 28.7564 -33.3174 -6.21331 28.0655 -20.4142 -15.3859 18.3487 -8.02539 -15.152 6.06364 -2.29306 -7.41101 -4.08779 -2.06863 4.5999 -12.93 -2.95639 17.7109 -23.8677 0.378502 28.7369 -34.2433 12.1963 30.8106 -34.6238 24.3223 20.754 -24.976 25.2176 8.53045 -13.5156 16.6344 2.09044 -2.85106 5.48789 -1.39926 7.9705 -4.33617 -7.60829 18.6984 -6.81644 -19.0434 25.187 0.408155 -31.5387 23.3649 14.496 -38.2954 33.3376 34.2363 34.9399 33.65 34.2669 33.5471 33.5746 32.1212 31.6731 31.1211 31.0285 31.1759 32.4442 32.6857 33.0752 36.0457 35.0383 35.184 36.6421 35.8387 33.0122 30.8407 32.5353 30.4012 29.0381 -3.08262
14.823 27.9696 -34.3095 5.36865 32.5507 -22.5223 -2.75788 27.5518 -9.83988 -8.79787 17.1635 0.545137 -11.8481 4.59278 9.66916 -10.6712 -9.67714 16.1878 -4.78534 -24.048 18.0503 6.10837 -34.8965 14.5862 19.0091 -38.7251 6.19832 28.9544 -33.8761 -5.20069 29.6261 -20.874 -14.2345 19.9817 -8.42908 -14.5033 7.11129 -2.95938 -7.56418 -3.20076 -2.43448 4.30012 -12.4159 -3.18204 17.1609 -23.33 -0.0702104 28.2756 -33.4193 11.8587 31.0185 -33.6404 24.5684 21.7052 -24.2538 26.2147 9.35692 -13.2883 17.749 1.96876 -2.90989 6.32274 -1.47959 7.86025 -3.8932 -7.12061 17.565 -6.71031 -19.3637 23.511 0.462566 -32.1554 22.2094 14.768 -38.5666 38.3018 39.1881 39.8917 38.6065 39.2286 38.5169 38.5534 37.0992 36.6231 36.0149 35.9015 36.0737 37.3543 37.5923 37.9726 40.9537 39.9879 40.151 41.5852 40.7691 37.9394 35.7867 37.5201 35.3742 33.9631 -3.15659
12.7127 27.0593 -32.3782 3.31495 32.2092 -20.7821 -4.93161 27.7913 -7.96195 -10.5802 17.2288 2.46784 -12.5597 4.11671 11.1131 -10.4031 -10.3324 16.9518 -4.15218 -24.5654 18.6803 6.65993 -35.5678 15.4536 19.4452 -39.7771 7.07161 29.1861 -35.0563 -4.55529 29.6988 -22.0445 -13.5851 20.096 -9.56708 -13.8243 7.44245 -3.85508 -6.68515 -3.05418 -3.05635 5.00028 -12.3093 -3.53685 17.8449 -23.27 0.0838398 28.7574 -32.9919 12.3852 31.1615 -32.7872 24.9573 21.663 -23.5571 26.1535 9.14625 -12.8329 17.3547 1.7937 -2.5449 5.65682 -0.940125 8.09253 -5.00447 -5.97544 17.7359 -8.17315 -18.1806 22.8086 -0.360598 -30.9737 20.4113 14.0742 -36.7474 43.4797 44.3604 45.0601 43.7705 44.3868 43.6659 43.6918 42.2353 41.768 41.1674 41.0486 41.2076 42.4789 42.7139 43.0949 46.0818 45.1233 45.2717 46.6874 45.8708 43.042 40.897 42.6545 40.5336 39.1378 -3.1578
13.0787 26.9452 -33.0992 3.82857 32.1928 -21.4285 -4.35749 27.4233 -8.69606 -10.3987 16.6987 1.34071 -12.5025 3.66261 10.0707 -9.86708 -10.4333 16.5418 -3.35851 -24.4551 18.9217 7.28687 -35.6875 15.9425 19.766 -40.1721 7.24765 28.812 -35.2856 -4.86216 28.5655 -22.1356 -13.7012 19.0971 -9.55728 -13.3997 6.64423 -3.81574 -5.93863 -3.71787 -3.39279 5.88565 -13.015 -3.93233 18.6975 -23.9333 -0.170225 29.6047 -33.535 12.2357 31.9528 -33.0204 24.6945 22.3177 -23.7524 25.35 9.78893 -13.3655 16.2786 2.28501 -2.87709 4.84334 -0.777349 8.13229 -5.48612 -5.70306 17.9342 -8.39002 -17.8475 22.7728 -0.600487 -30.7448 20.4541 13.6348 -37.0237 49.1771 50.0536 50.7562 49.4687 50.0718 49.3269 49.3358 47.8844 47.4414 46.8653 46.735 46.8717 48.1386 48.374 48.7549 51.7466 50.7985 50.9463 52.3435 51.5207 48.6873 46.5252 48.2805 46.1681 44.7736 -3.22802
13.5094 27.0484 -33.9925 3.98626 31.894 -22.3676 -3.94722 27.1797 -9.45595 -9.38094 16.7347 1.20371 -11.8614 3.89945 10.1303 -10.1274 -10.2874 16.7062 -3.99405 -24.4705 19.1266 6.75408 -35.5443 15.9307 19.2711 -39.5923 7.07754 28.4595 -34.4153 -4.80212 28.5629 -21.1603 -13.4857 19.0136 -8.64104 -13.2969 6.24124 -3.51277 -5.92978 -3.77917 -3.45162 6.19271 -12.9006 -4.07206 19.1267 -24.0104 -0.771813 29.99 -34.1119 11.1597 32.6765 -33.8771 23.8712 23.3662 -24.2929 24.7365 11.0906 -13.6272 15.9045 3.69251 -3.06471 4.88422 -0.4483 8.02893 -4.79062 -6.40687 17.8854 -7.52981 -18.5457 23.3131 -0.203354 -31.4799 21.2429 13.9654 -37.9916 55.216 56.0935 56.7813 55.4837 56.0932 55.3603 55.3775 53.9268 53.473 52.8744 52.7372 52.8899 54.1643 54.3973 54.7725 57.7393 56.7801 56.9481 58.3588 57.5297 54.6921 52.5206 54.2551 52.1333 50.7461 -3.27906
13.7853 26.605 -33.9812 3.70479 32.1188 -23.1511 -4.5538 27.9863 -10.2439 -9.63837 17.9195 0.939236 -12.0302 5.24975 10.1228 -10.8298 -9.0701 16.5273 -5.1691 -23.4727 18.799 5.44861 -34.6965 15.6915 18.1063 -38.9051 7.11768 27.7411 -34.0532 -4.5436 28.4578 -20.9926 -13.489 18.9109 -8.47128 -13.6548 6.37171 -3.36677 -5.88175 -3.95754 -3.33856 5.97882 -12.9361 -4.20119 18.9986 -23.6637 -0.750951 30.1943 -33.4604 11.4044 33.003 -33.2032 23.9597 23.4836 -23.7467 24.3873 11.0866 -13.3055 15.0999 3.93017 -2.88977 3.89449 -0.0831188 8.51911 -5.31706 -6.17864 18.9838 -8.05132 -17.7982 24.444 -0.528339 -30.6052 21.9192 13.542 -37.1698 61.6078 62.5003 63.1813 61.8718 62.4809 61.757 61.7807 60.3254 59.8575 59.2438 59.1106 59.263 60.5334 60.7662 61.1465 64.1357 63.1813 63.3312 64.728 63.8928 61.0516 58.8555 60.5684 58.4514 57.0893 -3.29668
12.9732 27.529 -33.751 2.91287 32.7559 -22.761 -5.30539 28.7649 -9.78385 -10.215 18.703 1.48135 -12.2504 5.79261 10.4121 -10.8275 -8.63111 16.5314 -5.1733 -23.053 18.6939 5.39053 -34.3291 15.5925 18.0253 -38.6475 7.03964 27.5398 -33.9995 -4.80198 27.9738 -21.117 -14.0195 18.5933 -8.46958 -14.087 6.32517 -2.92778 -6.18201 -3.94822 -3.06967 5.72617 -12.7722 -4.1214 18.8374 -23.1725 -0.671678 30.338 -32.7862 11.6016 33.2635 -32.597 23.849 23.3496 -23.2643 23.673 10.853 -12.6171 14.2947 4.13171 -1.80535 3.47985 0.0940969 9.23336 -5.54405 -6.8981 19.1788 -7.55182 -19.1072 24.1148 0.451499 -31.8356 21.2657 14.7728 -37.6859 68.4046 69.292 69.9676 68.6543 69.2617 68.5362 68.558 67.1003 66.6354 66.0375 65.9065 66.0382 67.2979 67.528 67.9108 70.9139 69.9532 70.0735 71.4648 70.6332 67.788 65.6108 67.3361 65.2175 63.8451 -3.34331
12.499 27.1545 -33.7094 2.63439 32.7242 -22.7105 -5.66568 28.5926 -9.82978 -10.404 18.054 1.06675 -11.9551 4.94378 9.80143 -9.88361 -9.33362 16.0766 -3.79844 -23.5597 18.3625 6.91 -34.6388 15.054 19.455 -38.6333 6.21613 28.7305 -33.6584 -5.68224 28.8154 -20.6651 -14.7528 19.1207 -8.25732 -14.6219 6.84858 -2.9488 -6.56441 -3.39152 -2.98223 5.3732 -12.3131 -4.06207 18.4159 -22.881 -0.996128 29.8724 -33.0142 10.837 32.8578 -33.4469 23.0369 22.8932 -24.1377 23.1564 10.3784 -13.0304 14.194 3.83672 -1.77255 3.73532 0.0903418 9.41408 -5.37702 -6.54276 18.9078 -7.99114 -18.9942 23.1455 -0.259585 -32.1355 20.2678 14.125 -37.8138 75.5912 76.4754 77.155 75.8398 76.4374 75.6973 75.7097 74.2516 73.7879 73.191 73.0655 73.2006 74.4585 74.6883 75.0653 78.0451 77.0478 77.1541 78.5606 77.7384 74.8865 72.7145 74.479 72.3803 70.9872 -3.40825
13.0662 26.3798 -32.806 2.82966 31.2427 -21.8116 -6.05364 27.2106 -9.29325 -11.6781 17.2606 1.7348 -13.2612 4.4624 10.9153 -10.5424 -9.79877 16.9769 -3.86896 -23.8513 18.5988 7.01792 -34.6923 15.0896 19.5456 -38.8432 6.29941 28.6469 -34.061 -5.81062 28.4251 -21.1217 -14.9559 18.8172 -8.64804 -14.7287 6.54362 -3.12857 -6.81647 -3.58239 -2.96267 5.21695 -12.4479 -3.80196 18.3155 -23.2372 -0.485921 29.4925 -33.665 11.2233 31.8946 -34.3354 23.2306 21.7115 -24.8818 23.5348 9.30866 -13.5747 14.6559 2.99956 -2.32761 4.02963 -0.277793 8.95342 -5.33154 -6.38354 18.5481 -8.25832 -18.6872 23.4574 -0.853836 -31.7831 21.082 13.657 -37.3718 83.1341 84.0369 84.7293 83.4161 84.0064 83.2622 83.2708 81.808 81.3504 80.7694 80.6447 80.7732 82.0268 82.2546 82.6315 85.5898 84.5526 84.6527 86.0738 85.2563 82.4037 80.2281 81.9797 79.8597 78.4586 -3.46747
13.7949 26.1144 -33.7861 3.8652 31.5819 -22.7944 -4.72761 27.7688 -10.0076 -10.2187 17.7933 1.06436 -12.3427 5.00913 10.1548 -10.4524 -9.32934 16.3476 -4.23719 -23.5416 18.3533 6.54268 -34.5927 15.1859 19.1398 -38.921 6.58243 28.4703 -34.2525 -5.3968 28.5591 -21.3027 -14.5295 18.9773 -8.80863 -14.3257 6.71935 -3.25914 -6.41041 -3.528 -2.93078 5.51648 -12.5244 -3.63661 18.5333 -23.3365 0.21811 29.5139 -33.4526 12.3136 31.2409 -33.7188 23.8411 20.5 -24.0054 23.6227 8.29769 -12.4755 14.6017 2.62547 -1.3256 3.75134 -0.221259 9.74473 -5.76142 -6.47641 19.1076 -8.70819 -18.9526 23.8062 -1.36625 -32.1605 21.4889 13.0663 -37.9718 91.1339 92.0197 92.7019 91.388 91.9848 91.2454 91.2524 89.785 89.3202 88.7271 88.5959 88.7223 89.9737 90.1996 90.5759 93.5361 92.4851 92.5703 93.9982 93.1807 90.3248 88.156 89.9153 87.7982 86.3912 -3.54883
13.4914 26.2336 -34.0717 3.71824 31.4857 -22.8374 -4.64508 27.4232 -9.97554 -9.94661 17.3579 1.10752 -12.2748 4.73174 10.3671 -10.7779 -9.45008 17.0116 -4.77959 -23.7028 19.3604 5.97582 -34.7577 16.1236 18.5117 -38.852 7.31851 27.7418 -33.9171 -4.63165 28.0065 -20.907 -13.6749 18.6782 -8.22096 -13.6916 6.33779 -2.80446 -5.81227 -3.86349 -2.98543 6.1572 -12.8258 -3.91492 19.1836 -23.6406 -0.0171564 30.1461 -33.6628 12.2019 31.5121 -33.8868 23.1718 20.2013 -24.3263 22.4924 7.89561 -12.4791 13.8571 2.27723 -0.77299 3.6747 -0.795992 10.4875 -5.54382 -7.15157 19.7726 -8.6073 -19.6578 23.9846 -1.12463 -32.9505 21.2377 13.3153 -38.5527 99.5653 100.443 101.12 99.8023 100.396 99.6521 99.6582 98.1926 97.7263 97.1221 96.9783 97.1063 98.3647 98.5924 98.9684 101.929 100.859 100.908 102.331 101.521 98.6587 96.4863 98.2609 96.1606 94.7567 -3.62177
13.9421 25.8358 -33.1835 4.0437 30.6367 -21.8573 -4.48429 26.836 -9.02356 -10.4227 17.2271 2.14136 -13.0382 4.68631 11.4401 -11.3626 -9.58999 17.835 -5.16474 -23.8097 19.8411 5.61159 -34.8279 16.5497 18.1613 -39.0422 7.82126 27.5582 -34.1331 -4.00894 28.0925 -21.0407 -12.9204 18.7652 -8.35408 -12.9947 6.30564 -3.00748 -5.25641 -4.00918 -3.15815 6.61575 -13.0821 -3.88323 19.5784 -23.8808 0.310938 30.447 -33.8868 12.5532 31.7211 -34.4794 23.5745 20.4738 -25.0877 23.362 8.02197 -13.1297 14.8872 2.39415 -1.57769 4.40455 -0.217645 9.56001 -5.16741 -6.2593 19.0777 -8.35617 -18.5576 24.2217 -1.23979 -31.7229 22.0279 13.1419 -37.7058 108.373 109.253 109.932 108.618 109.212 108.47 108.475 107.006 106.534 105.916 105.763 105.895 107.158 107.384 107.76 110.72 109.633 109.669 111.097 110.289 107.427 105.252 106.997 104.871 103.471 -3.70586
14.0231 26.0202 -33.5249 4.63646 30.6967 -21.721 -3.81589 26.2694 -9.039 -10.2054 16.3667 1.60816 -13.1445 4.00336 11.0469 -11.3497 -10.0723 17.8416 -4.90893 -24.1575 20.0235 5.94087 -35.117 16.7777 18.4327 -39.3559 7.97844 27.6596 -34.3467 -3.94319 28.0795 -21.1787 -12.7488 18.8593 -8.4145 -12.8856 6.26383 -2.97119 -5.44042 -4.11135 -3.01217 6.3799 -13.2929 -3.65097 19.2703 -24.0353 0.506293 30.2087 -33.9563 12.8054 31.5941 -34.4002 23.7839 20.2983 -25.1389 23.4754 7.75118 -13.305 15.1415 1.66887 -1.66084 4.82966 -1.20069 9.58716 -4.8737 -6.81314 18.7355 -8.53011 -19.2607 23.3539 -1.46963 -32.649 21.3468 13.0155 -38.4451 117.648 118.517 119.204 117.894 118.481 117.726 117.721 116.248 115.777 115.157 114.994 115.125 116.388 116.611 116.984 119.946 118.865 118.891 120.302 119.489 116.625 114.454 116.226 114.103 112.669 -3.81792
13.2968 25.614 -33.5858 4.02182 30.6986 -21.8626 -4.10121 26.8877 -8.77174 -9.99806 17.34 2.46763 -13.0373 4.89312 11.7638 -11.7204 -9.49225 17.9962 -5.42094 -23.6951 19.7943 5.48552 -34.5846 16.5028 18.018 -38.9144 7.80619 27.2587 -34.2118 -4.22917 27.5154 -21.2765 -13.3792 18.197 -8.58383 -13.5099 5.93735 -2.87865 -5.70861 -4.35635 -2.6394 6.18044 -13.3921 -3.15777 19.1788 -24.3904 0.72264 29.9637 -34.8912 12.509 31.5232 -35.5863 23.9297 20.6879 -25.8712 23.9615 8.48496 -13.9174 15.4202 2.94949 -2.55289 4.8002 0.0822565 8.40158 -4.88271 -6.11564 17.8183 -8.39003 -18.405 22.7027 -1.73592 -31.9066 20.7116 12.546 -38.1918 127.325 128.178 128.843 127.524 128.119 127.375 127.372 125.892 125.419 124.811 124.661 124.778 126.022 126.24 126.606 129.535 128.435 128.494 129.927 129.107 126.242 124.067 125.822 123.704 122.281 -3.88426
13.0733 26.1408 -33.3171 3.66186 31.5228 -21.8381 -4.40068 27.3832 -8.80983 -9.81699 17.3318 2.23027 -12.581 4.71101 11.3767 -11.2563 -9.52192 17.9482 -5.03864 -23.7045 20.1468 5.83065 -34.6011 16.7575 18.2608 -38.7673 7.83716 27.3088 -34.0889 -4.35307 27.2461 -21.372 -13.8076 17.6803 -8.86779 -14.1157 5.45934 -3.12703 -6.2799 -4.50193 -2.67512 5.88298 -13.2634 -3.21488 19.067 -24.1448 0.45037 30.0438 -34.6904 12.1307 32.0381 -35.5363 24.0229 21.7336 -25.972 24.6573 9.42843 -14.4037 15.9667 3.33425 -3.53534 4.91141 0.201056 7.2938 -4.98692 -5.87563 16.8118 -8.45273 -18.0985 21.9252 -1.55547 -31.3918 20.2337 12.8128 -37.567 137.43 138.284 138.946 137.62 138.205 137.449 137.437 135.955 135.483 134.886 134.752 134.869 136.099 136.31 136.674 139.602 138.512 138.581 139.999 139.165 136.301 134.121 135.86 133.716 132.278 -3.99289
13.3038 25.7279 -32.8928 3.69164 30.8606 -21.466 -4.77689 26.9885 -8.61416 -10.6095 17.3788 2.60578 -13.2745 4.95599 12.0478 -11.7062 -9.32724 18.4545 -5.46665 -23.5543 20.2698 5.3143 -34.533 16.8632 17.8315 -38.966 8.1967 27.205 -34.5096 -3.82964 27.4151 -21.7962 -13.2867 17.8738 -9.27611 -13.6963 5.55824 -3.50037 -6.03642 -4.44195 -3.00519 6.09277 -13.2196 -3.67594 19.2599 -23.8714 0.00917307 30.4533 -34.0018 12.0219 32.6176 -34.6355 23.7973 22.1649 -25.4256 24.0254 9.57835 -14.14 15.1613 3.21024 -3.21919 4.19645 -0.0552867 7.71473 -5.50718 -6.25704 17.2361 -8.88368 -18.5023 22.4492 -1.85618 -31.6882 20.6893 12.6489 -37.5146 147.948 148.811 149.477 148.147 148.726 147.97 147.959 146.474 145.99 145.38 145.239 145.356 146.586 146.794 147.158 150.106 149.033 149.076 150.464 149.624 146.756 144.571 146.302 144.148 142.706 -4.07685
12.7141 26.3893 -33.0654 3.09961 31.2622 -21.5273 -5.15086 27.2855 -8.56613 -10.9239 17.5694 2.59281 -13.3496 4.99768 11.9013 -11.3306 -9.34877 18.0346 -4.76853 -23.4489 19.6967 6.02515 -34.4435 16.3829 18.4527 -39.0465 7.67603 27.6067 -34.3749 -4.43745 27.5035 -21.2957 -13.3839 17.8936 -8.82319 -13.1666 5.44705 -3.33992 -5.50286 -4.51688 -3.18785 6.66582 -13.411 -4.02196 19.7456 -24.2775 -0.308386 30.7212 -34.4206 11.7451 32.5786 -34.8731 23.5695 22.1717 -25.58 24.1014 9.65567 -14.2392 15.5007 3.02932 -3.23114 4.65488 -0.340144 7.84908 -4.97218 -6.40079 17.4916 -8.02463 -18.6367 22.7725 -0.822715 -31.7011 20.581 13.5773 -37.6408 158.915 159.772 160.432 159.1 159.675 158.913 158.895 157.407 156.928 156.311 156.148 156.256 157.49 157.698 158.055 160.989 159.91 159.959 161.349 160.506 157.633 155.436 157.153 155.003 153.583 -4.15693
13.2814 26.5126 -32.8797 3.54197 31.6024 -21.5418 -4.72478 27.7577 -8.55121 -10.1276 17.8954 2.66472 -12.6611 5.15162 11.7067 -11.1762 -9.20641 17.9643 -4.95973 -23.4064 20.0511 5.75885 -34.5005 16.8267 18.1618 -39.0189 8.04085 27.3872 -34.3153 -4.00582 27.4663 -21.257 -12.9827 17.8003 -8.82675 -12.8689 5.39744 -3.41051 -5.08805 -4.56778 -3.35501 7.07989 -13.4247 -4.24058 20.1812 -24.5048 -0.386768 30.8915 -34.5488 11.8038 32.3489 -34.4589 23.5909 21.8905 -24.7128 23.9304 9.717 -13.2684 15.1936 3.45729 -2.36755 4.25579 0.0377322 8.47285 -5.32456 -6.51027 17.8054 -8.31887 -18.998 22.9396 -0.957545 -32.0318 20.9727 13.6347 -37.567 170.28 171.137 171.79 170.454 171.031 170.266 170.244 168.753 168.266 167.637 167.468 167.574 168.803 169.006 169.356 172.275 171.195 171.261 172.659 171.81 168.933 166.743 168.464 166.297 164.854 -4.25431
13.0391 25.9595 -33.1027 3.3132 30.706 -21.6054 -5.00111 26.866 -8.64375 -10.8589 17.4365 2.71512 -13.6431 5.12055 12.2622 -12.1533 -9.15748 18.6991 -5.95615 -23.402 20.5233 4.7636 -34.4618 17.1867 17.2981 -39.0177 8.6094 26.8833 -34.5634 -3.24972 27.3696 -21.7233 -12.5236 17.7802 -9.23881 -12.8939 5.24834 -3.8128 -5.32962 -4.58734 -3.76273 6.94333 -13.4449 -4.65498 20.0438 -24.3371 -0.63564 30.885 -34.1069 11.7727 32.3684 -33.9201 23.4684 21.8092 -24.3973 23.6686 9.45714 -13.2132 14.8117 2.90279 -2.46661 3.72419 -0.522952 8.55793 -5.82238 -6.80754 18.1397 -8.57739 -19.1608 23.299 -1.19354 -32.172 21.0279 13.2927 -37.867 182.042 182.897 183.549 182.209 182.777 182.01 181.988 180.49 179.988 179.347 179.181 179.295 180.522 180.721 181.07 184 182.924 182.971 184.346 183.489 180.609 178.404 180.11 177.949 176.52 -4.34727
13.6276 25.6907 -32.951 3.47826 30.0996 -21.6876 -5.05237 26.3053 -8.85369 -10.9532 17.0305 2.60979 -13.5341 4.74208 12.2489 -11.7463 -9.48906 18.7136 -5.34484 -23.6334 20.6101 5.3678 -34.7115 17.3116 17.7441 -39.4038 8.57939 27.0188 -35.001 -3.54284 27.2842 -22.1926 -12.8695 17.8282 -9.60542 -13.1903 5.4258 -3.95974 -5.57352 -4.41234 -3.85459 6.69708 -13.1593 -4.90691 19.8598 -23.8149 -0.883564 30.9322 -33.2197 11.7842 32.5739 -32.9302 23.2977 21.8186 -23.7339 23.0957 9.22162 -12.7614 14.0784 2.52965 -2.02728 2.97817 -0.893842 9.0962 -6.39514 -7.26429 19.0745 -8.82671 -19.3691 24.5707 -1.15331 -32.0711 22.1613 13.3575 -37.6453 194.186 195.053 195.704 194.357 194.916 194.139 194.107 192.607 192.114 191.483 191.311 191.411 192.629 192.825 193.175 196.123 195.056 195.076 196.427 195.564 192.68 190.46 192.137 189.96 188.544 -4.44297
13.9448 25.5941 -33.8572 3.77524 29.8287 -22.5452 -4.38207 25.9132 -9.50658 -9.89572 16.7846 2.26289 -12.7285 4.6742 12.0555 -11.4944 -9.56464 18.6318 -5.35356 -23.8149 20.5958 5.34532 -34.8987 17.2715 17.7291 -39.5059 8.50479 26.9724 -35.0416 -3.61899 27.2466 -22.2771 -13.0053 17.8335 -9.66269 -13.4823 5.42559 -4.02218 -5.87085 -4.31376 -4.0205 6.47875 -12.9268 -4.89483 19.7424 -23.5328 -0.792772 30.8336 -33.0666 11.7639 32.5814 -32.9378 23.3873 21.9418 -23.635 23.3546 9.42163 -12.5727 14.4089 2.78168 -2.02168 3.21664 -0.90158 8.85347 -6.29652 -7.48977 18.9663 -8.63876 -19.5002 24.8715 -1.09272 -32.0945 22.6706 13.2529 -38.1607 206.743 207.601 208.237 206.881 207.439 206.663 206.63 205.126 204.627 203.991 203.817 203.914 205.128 205.319 205.669 208.61 207.532 207.551 208.904 208.034 205.148 202.926 204.584 202.395 200.99 -4.54656
13.7893 25.6219 -33.8466 3.49795 29.4509 -22.5004 -4.69842 25.5099 -9.49396 -10.4069 16.5371 2.30238 -13.188 4.50541 12.2061 -11.7448 -9.71083 18.7887 -5.51836 -23.9413 20.622 5.18651 -34.9786 17.1652 17.5808 -39.4416 8.33892 26.7825 -34.7503 -3.73067 27.0839 -21.8651 -12.9498 17.9042 -9.0793 -13.4112 5.45299 -3.31334 -5.96615 -4.34643 -3.52977 6.334 -13.1172 -4.47101 19.4893 -23.8649 -0.35717 30.4389 -33.489 12.1369 32.1388 -33.2415 23.869 21.6213 -23.8103 23.9157 9.19766 -12.7458 15.0483 2.45707 -2.0987 3.94885 -1.23068 8.89913 -5.63536 -7.50487 19.1677 -8.07898 -19.3619 25.2305 -0.686989 -31.9728 22.8949 13.5724 -38.19 219.66 220.52 221.154 219.794 220.346 219.564 219.529 218.022 217.517 216.868 216.676 216.765 217.98 218.17 218.511 221.44 220.358 220.385 221.737 220.864 217.973 215.739 217.387 215.2 213.81 -4.6322
13.2291 25.4613 -33.9385 2.89241 29.6913 -22.7774 -5.23177 25.8682 -9.69077 -10.5128 16.7413 2.18624 -12.8223 4.47845 11.9264 -11.1292 -9.82707 18.251 -4.87756 -24.0467 20.0832 5.76754 -35.2069 16.8433 18.1688 -39.8045 8.09629 27.2552 -34.8916 -3.97249 27.2265 -21.7386 -12.8105 17.9158 -9.03948 -12.8524 5.34728 -3.38423 -5.52037 -4.36639 -3.73219 6.84465 -13.1576 -4.80428 19.9763 -23.6844 -0.553302 31.0869 -32.8394 12.25 33.0563 -32.6594 24.1468 22.724 -23.6903 24.5905 9.97032 -12.9072 15.8356 2.65142 -2.4487 4.54078 -0.982572 8.45885 -5.43344 -6.78916 18.5387 -8.15532 -18.7472 24.4648 -0.996846 -31.5562 22.1855 13.1897 -37.9584 232.925 233.781 234.406 233.038 233.585 232.798 232.756 231.243 230.733 230.075 229.867 229.949 231.163 231.348 231.687 234.634 233.567 233.575 234.901 234.018 231.124 228.89 230.547 228.364 226.971 -4.73892
12.9592 25.4461 -33.8116 2.45406 29.8349 -22.8712 -5.75986 26.1863 -9.79079 -10.9955 17.1007 2.13784 -13.2703 4.84911 11.9002 -11.6644 -9.38732 18.4009 -5.61024 -23.6654 20.4308 4.91554 -34.9311 17.1662 17.3392 -39.4708 8.4207 26.6499 -34.5971 -3.492 27.0489 -21.5697 -12.5053 17.9202 -8.74395 -12.8574 5.42278 -3.06558 -5.42244 -4.50327 -3.56574 6.7674 -13.3539 -4.74232 19.85 -24.0551 -0.419783 30.7647 -33.4123 12.2791 32.4369 -33.2858 24.1997 22.1312 -24.0546 24.896 9.57748 -12.9927 16.2521 2.54862 -2.51389 4.90927 -0.871034 8.39083 -5.11256 -6.60035 18.8193 -8.00267 -18.215 24.762 -0.80728 -30.9955 22.1619 13.2626 -37.5315 246.522 247.379 248 246.627 247.168 246.376 246.332 244.816 244.295 243.623 243.409 243.487 244.701 244.884 245.216 248.144 247.055 247.07 248.41 247.527 244.628 242.381 244.024 241.847 240.469 -4.82693
12.6543 25.4815 -33.6239 2.30368 30.2071 -22.6766 -5.92222 26.7164 -9.56065 -11.103 17.46 2.26013 -13.1 4.88391 11.6641 -11.1475 -9.43658 17.8792 -4.98654 -23.6484 20.0482 5.37656 -35.1658 17.1635 17.7024 -40.1744 8.53626 26.8775 -35.4089 -3.52444 27.1445 -22.3417 -12.4849 18.1995 -9.38491 -12.742 5.85499 -3.44656 -5.25483 -4.2466 -3.69676 6.79775 -13.3337 -4.65938 19.7349 -24.1738 -0.388312 30.5322 -33.5229 12.3195 32.1821 -32.8254 24.2715 21.9359 -23.1651 24.6925 9.69661 -12.0853 15.9974 2.75957 -1.61986 4.67694 -0.773252 8.98058 -5.61742 -6.58982 19.0142 -8.65984 -18.5093 24.3918 -1.06536 -31.3092 21.5967 13.1407 -37.4589 260.432 261.28 261.898 260.521 261.059 260.259 260.204 258.684 258.167 257.495 257.268 257.328 258.53 258.707 259.028 261.942 260.86 260.892 262.233 261.341 258.438 256.202 257.859 255.678 254.282 -4.93997
12.7392 25.68 -33.4955 2.51667 30.4292 -22.4386 -5.75448 26.8942 -9.3631 -11.0263 17.5446 2.34348 -13.1036 4.90258 11.6411 -11.2868 -9.4398 17.8468 -5.29045 -23.7181 20.0405 5.01411 -35.2887 17.1589 17.3767 -40.2687 8.56789 26.5779 -35.5044 -3.47343 26.8898 -22.4832 -12.4991 18.1393 -9.39386 -12.7341 5.94503 -3.31581 -5.11399 -4.30759 -3.77119 6.80429 -13.39 -5.02487 19.7198 -24.11 -0.918559 30.6994 -33.4279 11.7864 32.5367 -32.9631 23.7567 22.2986 -23.407 24.4356 9.98938 -12.0428 16.0836 3.09076 -1.41675 4.9029 -0.407194 8.95105 -5.49468 -6.45486 18.87 -8.54507 -18.468 24.1735 -0.986498 -31.3198 21.4832 13.2407 -37.4673 274.631 275.473 276.09 274.713 275.249 274.446 274.389 272.865 272.34 271.662 271.427 271.471 272.669 272.843 273.16 276.074 274.983 275 276.343 275.452 272.544 270.312 271.969 269.784 268.375 -5.05727
13.1958 25.3248 -33.5999 2.92907 30.2264 -22.6509 -5.53523 26.6603 -9.70811 -10.8253 17.3115 1.99088 -12.8777 4.66782 11.2917 -11.0097 -9.66036 17.515 -4.93725 -23.8966 19.7717 5.41589 -35.4365 16.9419 17.7876 -40.3477 8.32435 26.8737 -35.3986 -3.72982 26.8397 -22.2515 -12.5766 17.7391 -9.40091 -12.5836 5.47122 -3.48319 -4.95551 -4.64713 -3.81336 7.08103 -13.7458 -5.06523 19.9853 -24.6657 -0.989293 30.7776 -33.9142 11.7789 32.5253 -32.8415 23.9483 22.5716 -22.9845 24.5448 10.4977 -12.0245 15.8468 3.37615 -1.70935 4.46719 -0.399915 8.81476 -5.74272 -6.49714 18.7348 -8.85778 -18.4927 24.1258 -1.56485 -31.4612 21.6767 12.7119 -37.5945 289.092 289.936 290.553 289.171 289.701 288.891 288.826 287.293 286.761 286.077 285.839 285.883 287.073 287.242 287.548 290.448 289.371 289.414 290.744 289.836 286.923 284.68 286.333 284.139 282.712 -5.18886
13.7999 26.0367 -33.7454 3.54328 30.6161 -22.6485 -4.93727 26.7932 -9.7899 -10.4001 17.4195 1.80936 -12.7439 4.81189 11.0903 -11.0672 -9.466 17.4814 -5.13481 -23.7315 19.9187 5.12576 -35.3686 17.1504 17.5072 -40.2558 8.53332 26.7226 -35.1094 -3.33867 27.0187 -21.8828 -12.0612 18.0667 -8.93689 -12.5335 5.56828 -2.98577 -5.31675 -4.46456 -3.65088 6.77743 -13.5329 -5.10272 19.6822 -24.4052 -1.18897 30.5819 -33.6474 11.5203 32.7435 -32.7914 24.0086 23.171 -23.1204 25.1313 10.9847 -12.2395 16.7125 3.42024 -1.94618 5.37779 -0.545849 8.50154 -4.96808 -6.54451 18.2653 -8.11316 -18.6599 23.9857 -0.964287 -31.5674 22.1374 13.3527 -37.8163 303.787 304.631 305.248 303.867 304.394 303.578 303.507 301.97 301.425 300.717 300.467 300.518 301.713 301.877 302.178 305.078 304.006 304.047 305.367 304.452 301.534 299.291 300.936 298.718 297.274 -5.32861
13.9484 26.0739 -33.4993 3.60812 30.8614 -22.5691 -5.03157 27.1519 -9.78339 -10.4927 17.7646 1.80572 -12.7463 5.05112 10.9637 -10.9981 -9.2587 17.2636 -5.08066 -23.5124 19.8042 5.05557 -35.3102 17.2676 17.3447 -40.6357 8.77902 26.4646 -35.9951 -3.37196 26.6061 -23.0807 -12.5541 17.7765 -10.0574 -13.1787 5.50267 -3.71229 -5.9123 -4.41219 -4.02902 6.29281 -13.3868 -5.22072 19.2894 -24.1241 -1.12031 30.2542 -33.1734 11.6913 32.6182 -32.2323 24.3506 23.2811 -22.6382 25.5575 11.0421 -12.0635 16.9277 3.28372 -2.25598 5.18894 -0.737678 7.77019 -5.52553 -6.80823 17.5839 -8.66579 -18.8845 23.5614 -1.238 -31.515 22.0681 13.2295 -37.5069 318.687 319.531 320.145 318.758 319.28 318.457 318.377 316.833 316.294 315.604 315.36 315.395 316.569 316.724 317.025 319.93 318.868 318.907 320.209 319.279 316.362 314.122 315.749 313.502 312.036 -5.4707
13.6302 26.3191 -33.3112 3.40231 31.1962 -22.3151 -5.21667 27.6682 -9.46423 -10.6521 18.2345 2.09925 -12.8025 5.38967 11.0974 -11.0257 -8.98292 17.2446 -5.11524 -23.2487 19.7334 5.02289 -35.0375 17.1631 17.3512 -40.2985 8.69118 26.6549 -35.5609 -3.28174 26.9929 -22.5284 -12.2902 18.0374 -9.59002 -12.8865 5.64794 -3.4194 -5.66626 -4.36157 -3.8543 6.45769 -13.4089 -5.16882 19.3918 -24.1119 -0.939156 30.3411 -32.8924 12.0793 32.5856 -31.7937 24.5856 23.0615 -22.2617 25.5908 10.7559 -11.6001 16.9432 3.13755 -1.67788 5.23875 -0.698275 8.40194 -5.38366 -6.84129 17.9349 -8.44886 -19.1593 23.5228 -0.973566 -31.9392 21.7462 13.5781 -37.6431 333.804 334.641 335.25 333.86 334.379 333.553 333.469 331.92 331.367 330.656 330.4 330.437 331.612 331.764 332.059 334.965 333.899 333.921 335.215 334.282 331.358 329.117 330.755 328.512 327.038 -5.59497
13.0553 26.13 -33.3485 2.878 31.1357 -22.3632 -5.64056 27.6399 -9.43682 -10.9791 18.1513 2.12689 -13.0556 5.32788 11.1728 -11.2638 -9.00225 17.414 -5.31102 -23.2399 19.9619 4.83527 -35.0355 17.4557 17.1225 -40.4738 9.03617 26.4332 -36.0519 -3.05154 26.8583 -23.2362 -12.3622 18.0337 -10.2213 -13.1983 5.7298 -3.81343 -6.0387 -4.22811 -4.114 6.13171 -13.2554 -5.33373 19.0891 -23.9325 -0.899557 29.9825 -32.6229 12.1946 32.1359 -31.6385 24.7541 22.6693 -22.2369 26.0192 10.2877 -11.6262 17.366 2.6049 -1.94362 5.38667 -0.98668 7.92655 -5.57321 -6.87188 17.5184 -8.76464 -19.1118 23.1038 -1.16296 -31.818 21.2146 13.3687 -37.5369 349.076 349.905 350.508 349.111 349.623 348.789 348.698 347.142 346.589 345.882 345.627 345.656 346.821 346.967 347.259 350.161 349.087 349.099 350.384 349.443 346.517 344.274 345.903 343.656 342.184 -5.72265
12.8116 25.9087 -33.7202 2.59871 30.7075 -22.6758 -5.72976 27.2221 -9.62336 -10.9569 17.9759 2.185 -13.1475 5.29639 11.4052 -11.4709 -9.04382 17.6553 -5.45976 -23.2661 20.1513 4.76032 -34.9917 17.6162 17.0503 -40.4009 9.18208 26.3451 -35.987 -2.92075 26.7894 -23.1916 -12.2584 17.973 -10.1761 -13.1674 5.64834 -3.71386 -6.09276 -4.33645 -3.92529 6.05748 -13.3833 -5.19312 18.9966 -24.1055 -1.01903 29.9484 -32.9572 11.9158 32.3883 -31.9644 24.6089 23.1027 -22.4446 25.7603 10.8005 -11.9262 16.9686 3.14813 -2.29553 5.05603 -0.788656 7.83743 -5.51376 -6.93502 17.7121 -8.51511 -18.9969 23.3984 -1.06653 -31.749 21.2846 13.3094 -37.7743 364.485 365.308 365.9 364.495 365.002 364.164 364.066 362.503 361.944 361.232 360.973 360.998 362.158 362.3 362.585 365.478 364.401 364.415 365.693 364.743 361.81 359.548 361.161 358.92 357.464 -5.84547
13.2047 26.474 -33.3879 2.74896 31.0584 -22.4805 -5.6084 27.5637 -9.44897 -10.8135 18.358 2.40071 -13.1084 5.62475 11.5209 -11.5694 -8.75855 17.707 -5.57059 -22.9748 20.2667 4.60246 -34.7553 17.798 16.8423 -40.2829 9.36757 26.1053 -35.9459 -2.78728 26.7021 -23.2026 -12.1876 18.1769 -10.0028 -13.2092 5.89498 -3.44619 -6.14717 -4.20545 -3.88119 5.90111 -13.3404 -5.29012 18.7635 -24.1814 -1.14947 29.6106 -32.946 11.8434 32.0564 -31.7206 24.6505 22.9569 -22.0732 25.9829 10.7729 -11.4947 17.3345 3.0405 -1.86831 5.41263 -0.878542 8.1013 -5.31821 -7.01297 18.1532 -8.16696 -18.9649 24.0747 -0.386271 -31.4079 21.9844 14.0441 -37.3101 379.968 380.794 381.381 379.972 380.476 379.634 379.529 377.961 377.399 376.681 376.409 376.422 377.579 377.717 377.992 380.876 379.804 379.827 381.105 380.149 377.211 374.941 376.531 374.269 372.815 -5.96343
13.2418 26.549 -33.0548 2.92254 31.3083 -22.0925 -5.54256 27.7663 -9.14358 -10.9506 18.4109 2.49602 -13.2546 5.62204 11.5358 -11.6435 -8.7531 17.7226 -5.59482 -22.9457 20.2959 4.57421 -34.7324 17.8403 16.7896 -40.3234 9.41627 26.0835 -36.1055 -2.75696 26.8542 -23.4435 -12.2539 18.5264 -10.1211 -13.3126 6.32518 -3.48303 -6.18715 -3.9664 -3.88967 5.69925 -13.2334 -5.27592 18.4693 -24.0148 -0.989255 29.319 -32.7128 12.0533 31.7385 -31.6441 24.7538 22.4716 -22.0482 25.9514 10.233 -11.2745 17.2839 2.79727 -1.56077 5.37337 -0.936591 8.44542 -5.36587 -6.99628 18.6173 -8.32013 -18.8204 24.2794 -0.386911 -31.2878 21.8831 14.0486 -37.0597 395.521 396.343 396.932 395.523 396.023 395.174 395.063 393.491 392.925 392.202 391.92 391.921 393.075 393.21 393.481 396.364 395.278 395.281 396.558 395.602 392.659 390.379 391.965 389.706 388.248 -6.09426
13.1923 26.085 -33.4284 2.74849 30.7591 -22.5477 -5.77381 27.374 -9.59431 -11.1066 18.2056 2.22746 -13.2378 5.45593 11.3644 -11.5441 -8.91456 17.5399 -5.48615 -23.0941 20.163 4.62664 -34.9383 17.7524 16.846 -40.5832 9.37017 26.1818 -36.3692 -2.77231 26.9537 -23.7334 -12.304 18.5984 -10.4393 -13.4941 6.33042 -3.74708 -6.53595 -3.9173 -3.94015 5.39362 -13.1639 -5.21448 18.19 -23.9832 -0.92049 28.9991 -32.702 12.0953 31.4869 -31.7444 24.8043 22.2194 -22.2317 25.9166 9.90811 -11.477 17.1448 2.56765 -1.74867 5.22482 -1.0973 8.24909 -5.47906 -7.23303 18.3418 -8.53721 -19.0985 24.1361 -0.799175 -31.6277 21.9118 13.6442 -37.4487 411.114 411.936 412.518 411.1 411.593 410.738 410.622 409.044 408.471 407.742 407.458 407.46 408.608 408.738 409.004 411.881 410.786 410.775 412.043 411.083 408.134 405.852 407.435 405.168 403.706 -6.22724
